origin_id,destination_id,distance_km,time_min,gc_min
E02001682,E02001682,1.53,2.28,3.47
E02001682,E02001683,3.07,4.57,6.94
E02001682,E02001684,14.91,16.44,27.8
E02001682,E02001685,4.54,7.11,10.52
E02001682,E02001686,4.13,6.36,9.48
E02001682,E02001688,8.74,10.04,16.6
E02001682,E02001689,10.56,12.57,20.72
E02001682,E02001690,6.01,8.06,12.64
E02001682,E02001691,11.18,13.81,22.42
E02001682,E02001692,12.81,15.8,25.94
E02001682,E02001693,14.1,17.23,28.54
E02001682,E02001694,8.43,10.95,17.59
E02001682,E02001695,16.22,17.52,29.87
E02001682,E02001696,15.73,18.27,30.6
E02001682,E02001697,13.17,16.75,27.75
E02001682,E02001698,8.12,11.23,17.61
E02001682,E02001699,15.26,19.36,31.84
E02001682,E02001700,10.57,13.03,21.05
E02001682,E02001701,12.69,17.11,26.92
E02001682,E02001702,15.17,18.63,30.62
E02001682,E02001703,8.15,11.87,19.48
E02001682,E02001704,14.3,18.88,30.75
E02001682,E02001705,9.05,16.16,23.12
E02001682,E02001706,15.6,17.55,29.47
E02001682,E02001707,17.78,20.85,34.54
E02001682,E02001708,11.64,14.39,23.13
E02001682,E02001709,14.48,16.84,28.3
E02001682,E02001710,12.92,15.21,24.9
E02001682,E02001711,9.21,12.55,20.32
E02001682,E02001712,13.15,15.0,25.53
E02001682,E02001713,12.52,13.6,23.06
E02001682,E02001714,14.88,16.13,27.49
E02001682,E02001715,11.62,13.24,21.96
E02001682,E02001718,9.29,11.56,18.82
E02001682,E02001719,13.95,15.04,25.7
E02001682,E02001720,13.01,14.5,24.55
E02001682,E02001721,4.81,7.83,11.44
E02001682,E02001722,7.21,10.56,16.88
E02001682,E02001723,8.74,10.43,17.37
E02001682,E02001724,12.49,13.5,23.03
E02001682,E02001725,13.55,15.2,25.67
E02001682,E02001726,8.12,9.94,16.18
E02001682,E02001727,14.8,16.18,27.5
E02001682,E02001728,6.06,8.82,14.09
E02001682,E02001729,9.4,11.53,18.77
E02001682,E02001730,11.52,12.78,21.6
E02001682,E02001731,9.92,11.31,18.88
E02001682,E02001732,6.6,7.87,12.82
E02001682,E02001733,13.24,15.03,25.39
E02001682,E02001734,7.42,8.99,14.83
E02001682,E02001735,13.76,16.33,27.41
E02001682,E02001736,8.23,10.0,16.21
E02001682,E02001737,14.56,16.19,27.37
E02001682,E02001738,25.15,28.63,48.64
E02001682,E02001739,19.32,21.04,35.53
E02001682,E02001740,25.28,28.64,48.93
E02001682,E02001741,15.93,17.58,29.53
E02001682,E02001742,23.98,26.92,46.26
E02001682,E02001743,25.79,27.6,47.27
E02001682,E02001744,21.69,25.23,42.3
E02001682,E02001745,19.0,21.45,35.7
E02001682,E02001746,24.67,26.4,45.24
E02001682,E02001747,24.46,25.67,44.41
E02001682,E02001748,20.43,22.24,38.19
E02001682,E02001749,18.78,20.58,35.13
E02001682,E02001750,23.62,24.97,42.88
E02001682,E02001751,17.78,19.75,33.56
E02001682,E02001752,22.28,23.61,40.52
E02001682,E02001753,24.08,26.0,44.79
E02001682,E02001754,22.91,24.8,42.56
E02001682,E02001755,17.62,20.21,33.9
E02001682,E02001756,15.77,17.78,30.34
E02001682,E02001757,21.45,22.31,38.59
E02001682,E02001758,19.42,21.29,36.05
E02001682,E02001759,22.08,23.94,40.74
E02001682,E02001760,20.96,22.9,38.82
E02001682,E02001761,17.6,19.49,33.16
E02001682,E02001762,16.83,17.86,30.68
E02001682,E02001763,19.31,21.55,36.31
E02001682,E02001764,21.82,23.66,40.26
E02001682,E02001765,18.27,19.89,33.79
E02001682,E02001766,16.82,18.66,31.52
E02001682,E02001767,16.03,17.95,30.18
E02001682,E02001768,26.04,28.24,48.03
E02001682,E02001769,24.68,26.56,45.34
E02001682,E02001770,25.31,28.03,47.2
E02001682,E02001771,26.74,30.02,50.45
E02001682,E02001772,24.78,27.56,46.38
E02001682,E02001773,25.51,27.99,47.53
E02001682,E02001774,20.56,22.06,37.66
E02001682,E02001775,26.39,28.87,48.98
E02001682,E02001776,19.17,20.47,35.02
E02001682,E02001777,18.29,20.03,34.03
E02001682,E02001778,24.25,26.4,44.79
E02001682,E02001779,22.47,24.3,41.33
E02001682,E02001780,25.59,27.7,47.07
E02001682,E02001781,21.59,23.55,39.94
E02001682,E02001782,18.1,20.21,33.96
E02001682,E02001783,23.21,25.16,42.75
E02001682,E02001784,20.13,21.7,36.98
E02001682,E02001785,28.45,31.9,53.58
E02001682,E02001786,24.45,26.66,45.18
E02001682,E02001787,20.01,22.49,37.68
E02001682,E02001788,21.64,23.37,39.78
E02001682,E02001789,24.43,26.14,44.64
E02001682,E02001790,22.52,24.02,41.09
E02001682,E02001791,26.66,28.8,48.97
E02001682,E02001792,27.24,29.61,50.32
E02001682,E02001793,23.38,26.8,44.52
E02001682,E02001794,24.91,29.86,48.72
E02001682,E02001795,26.63,29.47,50.29
E02001682,E02001796,28.16,31.0,52.84
E02001682,E02001797,19.03,21.84,36.69
E02001682,E02001798,23.04,26.27,43.72
E02001682,E02001799,19.83,21.98,37.76
E02001682,E02001800,18.7,20.51,35.32
E02001682,E02001801,28.07,31.87,54.21
E02001682,E02001802,26.96,30.13,51.62
E02001682,E02001803,28.33,31.28,53.78
E02001682,E02001804,27.16,30.48,51.12
E02001682,E02001805,27.87,30.33,51.78
E02001682,E02001806,29.68,32.82,55.73
E02001682,E02001807,20.77,23.03,38.84
E02001682,E02001808,28.78,31.34,53.47
E02001682,E02001809,19.79,23.06,38.13
E02001682,E02001810,18.34,21.48,35.46
E02001682,E02001811,26.07,27.88,47.69
E02001682,E02001812,29.86,33.22,56.2
E02001682,E02001813,27.83,30.99,52.15
E02001682,E02001814,30.98,34.52,58.89
E02001682,E02001815,20.9,23.18,39.21
E02001682,E02001816,28.33,31.36,53.45
E02001682,E02001817,29.4,34.21,56.95
E02001682,E02001818,31.76,36.91,61.75
E02001682,E02001819,27.26,29.93,51.07
E02001682,E02001820,23.19,24.7,42.78
E02001682,E02001821,29.63,32.9,55.96
E02001682,E02001822,24.45,26.06,45.09
E02001682,E02001823,26.67,27.65,47.96
E02001682,E02001824,27.82,29.25,51.01
E02001682,E02001825,29.5,30.42,53.3
E02001682,E02001826,31.12,31.91,55.48
E02001682,E02006841,12.39,14.51,23.98
E02001682,E02006842,11.91,14.47,24.04
E02001682,E02006893,7.65,12.28,19.55
E02001683,E02001682,3.07,4.57,6.94
E02001683,E02001683,1.53,2.28,3.47
E02001683,E02001684,17.37,19.34,32.55
E02001683,E02001685,7.0,10.02,15.26
E02001683,E02001686,6.6,9.27,14.23
E02001683,E02001688,11.2,12.95,21.35
E02001683,E02001689,13.02,15.47,25.47
E02001683,E02001690,8.47,10.97,17.39
E02001683,E02001691,13.64,16.71,27.17
E02001683,E02001692,15.27,18.71,30.68
E02001683,E02001693,16.56,20.14,33.29
E02001683,E02001694,10.89,13.85,22.33
E02001683,E02001695,18.68,20.43,34.62
E02001683,E02001696,18.19,21.18,35.35
E02001683,E02001697,15.63,19.65,32.5
E02001683,E02001698,10.58,14.14,22.36
E02001683,E02001699,17.71,22.27,36.59
E02001683,E02001700,13.03,15.93,25.8
E02001683,E02001701,15.14,20.01,31.67
E02001683,E02001702,17.62,21.53,35.37
E02001683,E02001703,10.09,13.98,21.62
E02001683,E02001704,16.76,21.78,35.5
E02001683,E02001705,7.74,14.34,20.15
E02001683,E02001706,18.06,20.45,34.22
E02001683,E02001707,20.24,23.75,39.29
E02001683,E02001708,14.1,17.3,27.88
E02001683,E02001709,16.94,19.74,33.05
E02001683,E02001710,15.38,18.11,29.65
E02001683,E02001711,11.66,15.46,25.07
E02001683,E02001712,15.61,17.9,30.27
E02001683,E02001713,14.98,16.51,27.81
E02001683,E02001714,17.34,19.04,32.24
E02001683,E02001715,14.07,16.15,26.7
E02001683,E02001718,11.75,14.47,23.56
E02001683,E02001719,16.41,17.94,30.45
E02001683,E02001720,15.47,17.4,29.3
E02001683,E02001721,7.27,10.73,16.19
E02001683,E02001722,9.67,13.47,21.63
E02001683,E02001723,11.2,13.34,22.11
E02001683,E02001724,14.95,16.41,27.77
E02001683,E02001725,16.01,18.1,30.42
E02001683,E02001726,10.58,12.84,20.93
E02001683,E02001727,17.25,19.08,32.25
E02001683,E02001728,8.52,11.72,18.84
E02001683,E02001729,11.86,14.44,23.52
E02001683,E02001730,13.97,15.69,26.35
E02001683,E02001731,12.38,14.22,23.63
E02001683,E02001732,9.06,10.77,17.56
E02001683,E02001733,15.7,17.93,30.14
E02001683,E02001734,9.88,11.9,19.58
E02001683,E02001735,16.22,19.23,32.16
E02001683,E02001736,10.69,12.9,20.96
E02001683,E02001737,17.01,19.09,32.12
E02001683,E02001738,27.61,31.54,53.38
E02001683,E02001739,21.78,23.94,40.28
E02001683,E02001740,27.74,31.54,53.68
E02001683,E02001741,18.39,20.48,34.28
E02001683,E02001742,26.43,29.83,51.01
E02001683,E02001743,28.25,30.5,52.02
E02001683,E02001744,24.15,28.13,47.05
E02001683,E02001745,21.46,24.36,40.45
E02001683,E02001746,27.13,29.31,49.99
E02001683,E02001747,26.92,28.58,49.16
E02001683,E02001748,22.89,25.14,42.93
E02001683,E02001749,21.24,23.48,39.88
E02001683,E02001750,26.08,27.88,47.63
E02001683,E02001751,20.24,22.66,38.3
E02001683,E02001752,24.74,26.52,45.27
E02001683,E02001753,26.54,28.9,49.54
E02001683,E02001754,25.37,27.7,47.31
E02001683,E02001755,20.08,23.12,38.65
E02001683,E02001756,18.23,20.68,35.09
E02001683,E02001757,23.9,25.22,43.34
E02001683,E02001758,21.87,24.2,40.8
E02001683,E02001759,24.54,26.84,45.49
E02001683,E02001760,23.42,25.8,43.56
E02001683,E02001761,20.06,22.39,37.91
E02001683,E02001762,19.29,20.77,35.43
E02001683,E02001763,21.77,24.46,41.06
E02001683,E02001764,24.28,26.57,45.01
E02001683,E02001765,20.73,22.79,38.54
E02001683,E02001766,19.28,21.56,36.27
E02001683,E02001767,18.48,20.85,34.93
E02001683,E02001768,28.5,31.14,52.78
E02001683,E02001769,27.14,29.46,50.08
E02001683,E02001770,27.77,30.94,51.95
E02001683,E02001771,29.19,32.92,55.2
E02001683,E02001772,27.23,30.46,51.13
E02001683,E02001773,27.97,30.89,52.27
E02001683,E02001774,23.01,24.96,42.41
E02001683,E02001775,28.85,31.78,53.73
E02001683,E02001776,21.62,23.37,39.77
E02001683,E02001777,20.74,22.93,38.78
E02001683,E02001778,26.7,29.31,49.54
E02001683,E02001779,24.93,27.2,46.08
E02001683,E02001780,28.05,30.6,51.82
E02001683,E02001781,24.05,26.45,44.69
E02001683,E02001782,20.56,23.11,38.71
E02001683,E02001783,25.66,28.07,47.5
E02001683,E02001784,22.59,24.61,41.73
E02001683,E02001785,30.91,34.8,58.33
E02001683,E02001786,26.91,29.56,49.92
E02001683,E02001787,22.47,25.4,42.43
E02001683,E02001788,24.1,26.27,44.52
E02001683,E02001789,26.89,29.04,49.39
E02001683,E02001790,24.98,26.93,45.84
E02001683,E02001791,29.12,31.7,53.72
E02001683,E02001792,29.7,32.51,55.07
E02001683,E02001793,25.84,29.71,49.27
E02001683,E02001794,27.37,32.76,53.46
E02001683,E02001795,29.09,32.37,55.04
E02001683,E02001796,30.62,33.9,57.59
E02001683,E02001797,21.48,24.75,41.44
E02001683,E02001798,25.49,29.17,48.47
E02001683,E02001799,22.29,24.88,42.5
E02001683,E02001800,21.16,23.41,40.07
E02001683,E02001801,30.53,34.77,58.96
E02001683,E02001802,29.42,33.04,56.36
E02001683,E02001803,30.79,34.18,58.53
E02001683,E02001804,29.62,33.39,55.87
E02001683,E02001805,30.33,33.24,56.53
E02001683,E02001806,32.14,35.72,60.48
E02001683,E02001807,23.23,25.94,43.58
E02001683,E02001808,31.24,34.24,58.22
E02001683,E02001809,22.25,25.96,42.88
E02001683,E02001810,20.8,24.39,40.21
E02001683,E02001811,28.53,30.78,52.44
E02001683,E02001812,32.32,36.12,60.95
E02001683,E02001813,30.29,33.89,56.9
E02001683,E02001814,33.44,37.43,63.64
E02001683,E02001815,23.35,26.09,43.95
E02001683,E02001816,30.79,34.26,58.19
E02001683,E02001817,31.86,37.11,61.7
E02001683,E02001818,34.22,39.81,66.49
E02001683,E02001819,29.72,32.83,55.81
E02001683,E02001820,25.65,27.61,47.53
E02001683,E02001821,32.08,35.8,60.71
E02001683,E02001822,26.9,28.97,49.84
E02001683,E02001823,29.13,30.56,52.71
E02001683,E02001824,30.28,32.16,55.75
E02001683,E02001825,31.96,33.32,58.05
E02001683,E02001826,33.58,34.82,60.23
E02001683,E02006841,14.85,17.42,28.73
E02001683,E02006842,14.37,17.38,28.79
E02001683,E02006893,10.11,15.18,24.3
E02001684,E02001682,14.91,16.44,27.8
E02001684,E02001683,17.37,19.34,32.55
E02001684,E02001684,0.88,1.24,2.02
E02001684,E02001685,12.93,15.08,25.08
E02001684,E02001686,13.1,14.81,24.81
E02001684,E02001688,6.41,8.23,13.21
E02001684,E02001689,4.79,6.03,9.94
E02001684,E02001690,10.35,12.28,20.46
E02001684,E02001691,4.38,7.05,10.87
E02001684,E02001692,3.11,5.46,7.9
E02001684,E02001693,1.75,3.15,4.48
E02001684,E02001694,7.83,9.69,15.77
E02001684,E02001695,2.08,2.48,4.05
E02001684,E02001696,2.06,3.23,4.78
E02001684,E02001697,4.16,7.64,10.91
E02001684,E02001698,11.35,14.35,23.3
E02001684,E02001699,2.29,4.35,6.07
E02001684,E02001700,9.18,10.76,17.98
E02001684,E02001701,4.88,8.51,12.97
E02001684,E02001702,4.66,7.53,12.08
E02001684,E02001703,15.76,17.28,29.63
E02001684,E02001704,4.95,8.97,13.25
E02001684,E02001705,22.19,27.36,44.59
E02001684,E02001706,7.44,9.15,16.89
E02001684,E02001707,9.1,10.14,17.73
E02001684,E02001708,13.22,14.94,24.98
E02001684,E02001709,11.08,11.62,19.93
E02001684,E02001710,11.44,13.81,22.55
E02001684,E02001711,12.75,14.37,24.3
E02001684,E02001712,9.17,9.71,16.79
E02001684,E02001713,9.59,9.93,17.36
E02001684,E02001714,9.35,9.54,16.57
E02001684,E02001715,11.14,12.54,20.93
E02001684,E02001718,10.88,11.35,19.64
E02001684,E02001719,8.43,8.45,14.78
E02001684,E02001720,7.55,7.9,13.63
E02001684,E02001721,14.92,16.37,27.78
E02001684,E02001722,12.21,14.09,23.25
E02001684,E02001723,9.36,9.42,16.74
E02001684,E02001724,6.93,6.91,12.11
E02001684,E02001725,7.87,8.6,14.75
E02001684,E02001726,9.29,10.44,17.59
E02001684,E02001727,9.11,9.58,16.58
E02001684,E02001728,12.34,13.88,23.35
E02001684,E02001729,7.31,8.32,13.81
E02001684,E02001730,5.89,6.19,10.68
E02001684,E02001731,6.03,6.72,11.24
E02001684,E02001732,10.3,11.49,19.4
E02001684,E02001733,7.5,8.43,14.47
E02001684,E02001734,8.71,9.69,16.22
E02001684,E02001735,8.02,9.74,16.49
E02001684,E02001736,7.61,8.48,14.19
E02001684,E02001737,8.81,9.6,16.42
E02001684,E02001738,17.48,19.8,33.73
E02001684,E02001739,16.26,16.84,29.09
E02001684,E02001740,16.86,18.94,32.19
E02001684,E02001741,14.09,15.3,25.86
E02001684,E02001742,15.46,17.23,29.41
E02001684,E02001743,16.33,17.9,30.42
E02001684,E02001744,14.86,17.03,28.6
E02001684,E02001745,14.61,15.98,26.98
E02001684,E02001746,15.26,16.7,28.4
E02001684,E02001747,14.87,15.91,27.35
E02001684,E02001748,13.63,14.02,24.46
E02001684,E02001749,13.62,13.99,24.21
E02001684,E02001750,14.03,15.27,26.03
E02001684,E02001751,12.62,13.16,22.64
E02001684,E02001752,13.01,13.93,23.82
E02001684,E02001753,13.87,14.79,25.58
E02001684,E02001754,12.84,13.52,23.28
E02001684,E02001755,12.46,13.62,22.98
E02001684,E02001756,10.97,11.18,19.42
E02001684,E02001757,11.69,12.07,20.97
E02001684,E02001758,11.93,13.09,22.09
E02001684,E02001759,11.86,12.27,21.25
E02001684,E02001760,10.74,11.2,19.32
E02001684,E02001761,12.08,12.9,22.24
E02001684,E02001762,11.31,11.27,19.76
E02001684,E02001763,10.38,11.22,19.08
E02001684,E02001764,10.68,11.43,19.64
E02001684,E02001765,10.31,10.55,18.34
E02001684,E02001766,11.14,12.06,20.6
E02001684,E02001767,10.34,11.35,19.26
E02001684,E02001768,11.9,13.08,22.09
E02001684,E02001769,10.54,11.41,19.39
E02001684,E02001770,11.17,12.88,21.26
E02001684,E02001771,12.59,14.91,24.51
E02001684,E02001772,10.63,12.41,20.44
E02001684,E02001773,11.37,12.95,21.71
E02001684,E02001774,6.26,6.86,11.56
E02001684,E02001775,12.25,13.83,23.16
E02001684,E02001776,4.87,5.27,8.92
E02001684,E02001777,3.99,4.83,7.93
E02001684,E02001778,10.1,11.25,18.85
E02001684,E02001779,8.33,9.26,15.51
E02001684,E02001780,11.45,12.66,21.25
E02001684,E02001781,7.45,8.51,14.12
E02001684,E02001782,3.81,5.01,7.86
E02001684,E02001783,9.06,10.12,16.93
E02001684,E02001784,5.99,6.66,11.16
E02001684,E02001785,14.31,16.86,27.76
E02001684,E02001786,10.31,11.62,19.36
E02001684,E02001787,5.87,7.45,11.86
E02001684,E02001788,7.5,8.33,13.96
E02001684,E02001789,10.29,11.1,18.82
E02001684,E02001790,8.37,8.98,15.27
E02001684,E02001791,12.52,13.75,23.15
E02001684,E02001792,13.1,14.57,24.5
E02001684,E02001793,9.24,11.76,18.7
E02001684,E02001794,10.76,14.81,22.9
E02001684,E02001795,12.49,14.42,24.47
E02001684,E02001796,14.02,15.96,27.02
E02001684,E02001797,5.41,6.8,10.87
E02001684,E02001798,8.89,11.23,17.9
E02001684,E02001799,6.3,7.81,12.55
E02001684,E02001800,6.92,6.67,11.87
E02001684,E02001801,13.93,16.83,28.79
E02001684,E02001802,12.82,15.09,25.8
E02001684,E02001803,14.19,16.24,27.96
E02001684,E02001804,13.7,15.44,25.73
E02001684,E02001805,13.73,15.29,26.39
E02001684,E02001806,15.54,17.78,29.91
E02001684,E02001807,8.03,9.15,15.18
E02001684,E02001808,14.64,16.3,28.08
E02001684,E02001809,8.78,9.71,16.42
E02001684,E02001810,8.46,9.28,15.85
E02001684,E02001811,12.6,12.84,22.3
E02001684,E02001812,15.72,18.18,30.81
E02001684,E02001813,14.37,15.95,26.76
E02001684,E02001814,16.84,19.48,33.07
E02001684,E02001815,10.3,10.57,18.31
E02001684,E02001816,15.48,17.6,29.78
E02001684,E02001817,17.12,20.62,34.12
E02001684,E02001818,18.8,21.87,36.36
E02001684,E02001819,15.31,17.03,29.04
E02001684,E02001820,12.52,12.09,21.5
E02001684,E02001821,17.68,18.77,32.09
E02001684,E02001822,13.78,13.45,23.8
E02001684,E02001823,16.34,15.79,29.03
E02001684,E02001824,17.16,17.39,30.58
E02001684,E02001825,18.84,18.56,32.99
E02001684,E02001826,20.5,20.05,36.05
E02001684,E02006841,3.56,4.79,7.46
E02001684,E02006842,3.62,5.88,8.87
E02001684,E02006893,13.22,14.14,24.27
E02001685,E02001682,4.54,7.11,10.52
E02001685,E02001683,7.0,10.02,15.26
E02001685,E02001684,12.93,15.08,25.08
E02001685,E02001685,0.5,1.0,1.38
E02001685,E02001686,1.0,2.0,2.75
E02001685,E02001688,6.67,8.4,13.4
E02001685,E02001689,8.34,10.57,16.92
E02001685,E02001690,3.28,5.28,7.74
E02001685,E02001691,8.86,11.81,18.63
E02001685,E02001692,10.48,14.41,22.8
E02001685,E02001693,11.77,15.88,25.82
E02001685,E02001694,5.69,8.17,12.68
E02001685,E02001695,13.96,16.17,27.14
E02001685,E02001696,13.41,16.92,27.88
E02001685,E02001697,10.43,15.3,23.3
E02001685,E02001698,5.39,8.45,12.71
E02001685,E02001699,12.93,18.01,29.12
E02001685,E02001700,7.83,10.25,16.15
E02001685,E02001701,9.95,14.44,22.02
E02001685,E02001702,12.43,17.09,27.49
E02001685,E02001703,4.91,8.63,12.31
E02001685,E02001704,11.56,16.74,25.85
E02001685,E02001705,9.57,18.58,25.76
E02001685,E02001706,12.87,14.76,24.57
E02001685,E02001707,15.05,18.07,29.64
E02001685,E02001708,10.01,13.32,20.88
E02001685,E02001709,12.86,15.77,26.05
E02001685,E02001710,11.29,14.14,22.65
E02001685,E02001711,8.73,11.48,18.07
E02001685,E02001712,11.52,13.93,23.27
E02001685,E02001713,10.89,12.53,20.81
E02001685,E02001714,13.25,15.06,25.24
E02001685,E02001715,9.99,12.17,19.7
E02001685,E02001718,7.67,10.49,16.56
E02001685,E02001719,12.33,13.97,23.45
E02001685,E02001720,11.38,13.42,22.3
E02001685,E02001721,6.21,10.23,15.08
E02001685,E02001722,6.79,9.49,14.63
E02001685,E02001723,7.11,9.36,15.11
E02001685,E02001724,10.86,12.43,20.77
E02001685,E02001725,11.92,14.12,23.42
E02001685,E02001726,6.49,8.87,13.93
E02001685,E02001727,13.17,15.11,25.25
E02001685,E02001728,5.4,7.75,11.84
E02001685,E02001729,7.77,10.46,16.52
E02001685,E02001730,9.89,11.71,19.35
E02001685,E02001731,8.29,10.24,16.63
E02001685,E02001732,4.97,6.8,10.56
E02001685,E02001733,11.61,13.96,23.14
E02001685,E02001734,5.79,7.92,12.58
E02001685,E02001735,12.13,15.26,25.15
E02001685,E02001736,6.6,8.93,13.95
E02001685,E02001737,12.93,15.12,25.12
E02001685,E02001738,23.52,27.56,46.38
E02001685,E02001739,17.69,19.97,33.28
E02001685,E02001740,23.65,27.57,46.68
E02001685,E02001741,14.3,16.51,27.28
E02001685,E02001742,22.35,25.85,44.01
E02001685,E02001743,24.16,26.53,45.02
E02001685,E02001744,20.06,24.16,40.05
E02001685,E02001745,17.37,20.38,33.45
E02001685,E02001746,23.04,25.33,42.99
E02001685,E02001747,22.83,24.6,42.16
E02001685,E02001748,18.8,21.17,35.93
E02001685,E02001749,17.15,19.51,32.88
E02001685,E02001750,21.99,23.9,40.63
E02001685,E02001751,16.15,18.68,31.3
E02001685,E02001752,20.65,22.54,38.27
E02001685,E02001753,22.46,24.93,42.54
E02001685,E02001754,21.29,23.73,40.3
E02001685,E02001755,15.99,19.14,31.64
E02001685,E02001756,14.14,16.71,28.09
E02001685,E02001757,19.82,21.24,36.34
E02001685,E02001758,17.79,20.22,33.8
E02001685,E02001759,20.45,22.87,38.49
E02001685,E02001760,19.33,21.83,36.56
E02001685,E02001761,15.97,18.42,30.91
E02001685,E02001762,15.2,16.79,28.43
E02001685,E02001763,17.68,20.48,34.06
E02001685,E02001764,20.2,22.59,38.01
E02001685,E02001765,16.64,18.82,31.54
E02001685,E02001766,15.19,17.59,29.27
E02001685,E02001767,14.4,16.88,27.93
E02001685,E02001768,23.78,26.88,45.31
E02001685,E02001769,22.42,25.2,42.61
E02001685,E02001770,23.05,26.68,44.48
E02001685,E02001771,24.48,28.66,47.72
E02001685,E02001772,22.52,26.2,43.66
E02001685,E02001773,23.25,26.63,44.8
E02001685,E02001774,18.57,20.7,34.93
E02001685,E02001775,24.13,27.52,46.26
E02001685,E02001776,17.18,19.11,32.3
E02001685,E02001777,16.3,18.67,31.31
E02001685,E02001778,21.98,25.05,42.06
E02001685,E02001779,20.21,22.94,38.61
E02001685,E02001780,23.33,26.34,44.35
E02001685,E02001781,19.33,22.19,37.22
E02001685,E02001782,16.12,18.85,31.24
E02001685,E02001783,20.94,23.81,40.02
E02001685,E02001784,17.87,20.35,34.26
E02001685,E02001785,26.19,30.54,50.85
E02001685,E02001786,22.19,25.3,42.45
E02001685,E02001787,17.75,21.14,34.96
E02001685,E02001788,19.38,22.01,37.05
E02001685,E02001789,22.17,24.78,41.91
E02001685,E02001790,20.26,22.67,38.37
E02001685,E02001791,24.4,27.44,46.25
E02001685,E02001792,24.98,28.25,47.6
E02001685,E02001793,21.12,25.45,41.8
E02001685,E02001794,22.65,28.0,45.99
E02001685,E02001795,24.37,28.11,47.56
E02001685,E02001796,25.9,29.64,50.01
E02001685,E02001797,16.29,20.49,33.87
E02001685,E02001798,20.78,24.91,41.0
E02001685,E02001799,17.09,19.2,32.86
E02001685,E02001800,15.96,17.73,30.42
E02001685,E02001801,25.81,29.12,49.31
E02001685,E02001802,24.7,27.74,46.82
E02001685,E02001803,26.07,28.89,48.99
E02001685,E02001804,24.43,27.74,46.22
E02001685,E02001805,25.51,27.59,46.88
E02001685,E02001806,27.42,30.7,51.82
E02001685,E02001807,18.03,20.25,33.93
E02001685,E02001808,26.28,28.59,48.57
E02001685,E02001809,17.06,20.27,33.23
E02001685,E02001810,15.61,18.7,30.56
E02001685,E02001811,23.33,25.13,42.79
E02001685,E02001812,27.39,30.47,51.3
E02001685,E02001813,25.1,28.24,47.25
E02001685,E02001814,28.72,32.13,54.23
E02001685,E02001815,18.16,20.4,34.3
E02001685,E02001816,25.6,28.58,48.55
E02001685,E02001817,26.66,31.43,52.05
E02001685,E02001818,29.03,34.16,56.85
E02001685,E02001819,24.53,27.15,46.16
E02001685,E02001820,20.45,21.92,37.88
E02001685,E02001821,26.89,30.11,51.06
E02001685,E02001822,21.71,23.28,40.19
E02001685,E02001823,23.94,24.87,43.06
E02001685,E02001824,25.09,26.47,46.1
E02001685,E02001825,26.77,27.64,48.4
E02001685,E02001826,28.39,29.13,50.58
E02001685,E02006841,10.17,13.12,20.85
E02001685,E02006842,9.59,13.09,20.6
E02001685,E02006893,8.06,11.21,17.3
E02001686,E02001682,4.13,6.36,9.48
E02001686,E02001683,6.6,9.27,14.23
E02001686,E02001684,13.1,14.81,24.81
E02001686,E02001685,1.0,2.0,2.75
E02001686,E02001686,0.5,1.0,1.38
E02001686,E02001688,6.93,8.41,13.61
E02001686,E02001689,8.75,10.94,17.73
E02001686,E02001690,3.91,6.27,9.2
E02001686,E02001691,9.37,12.18,19.44
E02001686,E02001692,11.0,14.17,22.95
E02001686,E02001693,12.29,15.6,25.56
E02001686,E02001694,6.32,9.15,14.14
E02001686,E02001695,14.41,15.89,26.88
E02001686,E02001696,13.92,16.64,27.61
E02001686,E02001697,11.06,15.12,24.76
E02001686,E02001698,6.01,9.44,14.17
E02001686,E02001699,13.45,17.73,28.86
E02001686,E02001700,8.46,11.24,17.61
E02001686,E02001701,10.58,15.42,23.48
E02001686,E02001702,13.06,17.0,27.63
E02001686,E02001703,4.86,8.52,12.17
E02001686,E02001704,12.19,17.25,27.31
E02001686,E02001705,9.3,17.69,24.73
E02001686,E02001706,13.5,15.75,26.03
E02001686,E02001707,15.68,19.05,31.1
E02001686,E02001708,9.83,12.76,20.14
E02001686,E02001709,12.68,15.21,25.31
E02001686,E02001710,11.11,13.58,21.91
E02001686,E02001711,8.55,10.92,17.33
E02001686,E02001712,11.34,13.37,22.54
E02001686,E02001713,10.71,11.97,20.08
E02001686,E02001714,13.07,14.5,24.5
E02001686,E02001715,9.81,11.61,18.97
E02001686,E02001718,7.48,9.93,15.83
E02001686,E02001719,12.15,13.41,22.71
E02001686,E02001720,11.2,12.87,21.56
E02001686,E02001721,5.83,9.67,14.05
E02001686,E02001722,6.61,8.93,13.89
E02001686,E02001723,6.93,8.8,14.38
E02001686,E02001724,10.68,11.87,20.04
E02001686,E02001725,11.74,13.57,22.68
E02001686,E02001726,6.31,8.31,13.19
E02001686,E02001727,12.99,14.55,24.51
E02001686,E02001728,5.22,7.19,11.11
E02001686,E02001729,7.59,9.9,15.78
E02001686,E02001730,9.71,11.15,18.61
E02001686,E02001731,8.11,9.68,15.9
E02001686,E02001732,4.79,6.24,9.83
E02001686,E02001733,11.43,13.4,22.4
E02001686,E02001734,5.61,7.36,11.84
E02001686,E02001735,11.95,14.7,24.42
E02001686,E02001736,6.42,8.37,13.22
E02001686,E02001737,12.75,14.56,24.39
E02001686,E02001738,23.34,27.0,45.65
E02001686,E02001739,17.51,19.41,32.54
E02001686,E02001740,23.47,27.01,45.94
E02001686,E02001741,14.12,15.95,26.54
E02001686,E02001742,22.17,25.29,43.28
E02001686,E02001743,23.98,25.97,44.28
E02001686,E02001744,19.88,23.6,39.32
E02001686,E02001745,17.19,19.82,32.72
E02001686,E02001746,22.86,24.77,42.26
E02001686,E02001747,22.65,24.04,41.43
E02001686,E02001748,18.62,20.61,35.2
E02001686,E02001749,16.97,18.95,32.14
E02001686,E02001750,21.81,23.34,39.89
E02001686,E02001751,15.97,18.12,30.57
E02001686,E02001752,20.47,21.98,37.53
E02001686,E02001753,22.27,24.37,41.81
E02001686,E02001754,21.1,23.17,39.57
E02001686,E02001755,15.81,18.58,30.91
E02001686,E02001756,13.96,16.15,27.35
E02001686,E02001757,19.64,20.68,35.6
E02001686,E02001758,17.61,19.66,33.06
E02001686,E02001759,20.27,22.31,37.75
E02001686,E02001760,19.15,21.27,35.83
E02001686,E02001761,15.79,17.86,30.18
E02001686,E02001762,15.02,16.23,27.69
E02001686,E02001763,17.5,19.92,33.32
E02001686,E02001764,20.01,22.03,37.28
E02001686,E02001765,16.46,18.26,30.8
E02001686,E02001766,15.01,17.03,28.53
E02001686,E02001767,14.22,16.32,27.2
E02001686,E02001768,24.23,26.61,45.04
E02001686,E02001769,22.87,24.93,42.35
E02001686,E02001770,23.5,26.4,44.22
E02001686,E02001771,24.92,28.39,47.46
E02001686,E02001772,22.97,25.93,43.39
E02001686,E02001773,23.7,26.36,44.54
E02001686,E02001774,18.75,20.43,34.67
E02001686,E02001775,24.58,27.24,45.99
E02001686,E02001776,17.36,18.84,32.04
E02001686,E02001777,16.48,18.4,31.05
E02001686,E02001778,22.44,24.77,41.8
E02001686,E02001779,20.66,22.67,38.34
E02001686,E02001780,23.78,26.07,44.08
E02001686,E02001781,19.78,21.92,36.95
E02001686,E02001782,16.29,18.58,30.97
E02001686,E02001783,21.4,23.53,39.76
E02001686,E02001784,18.32,20.07,33.99
E02001686,E02001785,26.64,30.27,50.59
E02001686,E02001786,22.64,25.03,42.19
E02001686,E02001787,18.2,20.86,34.7
E02001686,E02001788,19.83,21.74,36.79
E02001686,E02001789,22.62,24.51,41.65
E02001686,E02001790,20.71,22.39,38.1
E02001686,E02001791,24.85,27.17,45.98
E02001686,E02001792,25.43,27.98,47.34
E02001686,E02001793,21.57,25.17,41.53
E02001686,E02001794,23.1,28.23,45.73
E02001686,E02001795,24.82,27.84,47.3
E02001686,E02001796,26.35,29.37,49.85
E02001686,E02001797,16.92,20.21,33.7
E02001686,E02001798,21.22,24.64,40.74
E02001686,E02001799,17.72,20.19,34.31
E02001686,E02001800,16.59,18.72,31.88
E02001686,E02001801,26.26,30.11,50.77
E02001686,E02001802,25.15,28.5,48.28
E02001686,E02001803,26.52,29.65,50.45
E02001686,E02001804,25.06,28.72,47.68
E02001686,E02001805,26.06,28.58,48.34
E02001686,E02001806,27.87,31.19,52.74
E02001686,E02001807,18.66,21.24,35.39
E02001686,E02001808,26.91,29.58,50.03
E02001686,E02001809,17.69,21.26,34.69
E02001686,E02001810,16.24,19.69,32.02
E02001686,E02001811,23.96,26.12,44.25
E02001686,E02001812,28.01,31.46,52.76
E02001686,E02001813,25.72,29.23,48.71
E02001686,E02001814,29.17,32.89,55.68
E02001686,E02001815,18.79,21.39,35.76
E02001686,E02001816,26.22,29.57,50.0
E02001686,E02001817,27.29,32.42,53.51
E02001686,E02001818,29.66,35.15,58.3
E02001686,E02001819,25.15,28.14,47.62
E02001686,E02001820,21.08,22.91,39.34
E02001686,E02001821,27.52,31.1,52.52
E02001686,E02001822,22.34,24.27,41.65
E02001686,E02001823,24.57,25.86,44.52
E02001686,E02001824,25.72,27.46,47.56
E02001686,E02001825,27.39,28.63,49.86
E02001686,E02001826,29.01,30.12,52.04
E02001686,E02006841,10.58,12.88,20.99
E02001686,E02006842,10.1,12.84,21.06
E02001686,E02006893,7.88,10.65,16.56
E02001688,E02001682,8.74,10.04,16.6
E02001688,E02001683,11.2,12.95,21.35
E02001688,E02001684,6.41,8.23,13.21
E02001688,E02001685,6.67,8.4,13.4
E02001688,E02001686,6.93,8.41,13.61
E02001688,E02001688,0.91,1.56,2.25
E02001688,E02001689,1.82,3.54,4.91
E02001688,E02001690,4.33,6.72,10.55
E02001688,E02001691,2.44,4.78,6.62
E02001688,E02001692,4.07,7.38,10.79
E02001688,E02001693,5.36,9.03,13.81
E02001688,E02001694,1.82,3.13,4.49
E02001688,E02001695,7.55,9.32,15.28
E02001688,E02001696,6.99,10.07,16.01
E02001688,E02001697,4.67,8.33,12.0
E02001688,E02001698,5.34,8.51,12.56
E02001688,E02001699,6.52,11.16,17.25
E02001688,E02001700,4.74,5.2,8.76
E02001688,E02001701,5.11,8.52,12.53
E02001688,E02001702,6.5,10.21,15.47
E02001688,E02001703,9.67,10.6,17.96
E02001688,E02001704,6.29,10.46,15.42
E02001688,E02001705,15.93,20.68,32.92
E02001688,E02001706,8.23,8.85,15.08
E02001688,E02001707,10.41,12.15,20.15
E02001688,E02001708,10.48,13.4,21.85
E02001688,E02001709,9.27,11.08,18.27
E02001688,E02001710,9.62,13.26,20.89
E02001688,E02001711,10.01,11.56,19.08
E02001688,E02001712,7.36,9.16,15.13
E02001688,E02001713,7.68,9.38,15.7
E02001688,E02001714,7.54,8.99,14.91
E02001688,E02001715,8.92,11.93,18.9
E02001688,E02001718,8.13,10.33,16.52
E02001688,E02001719,6.62,7.9,13.12
E02001688,E02001720,5.74,7.36,11.97
E02001688,E02001721,9.53,10.32,17.52
E02001688,E02001722,8.08,9.58,15.63
E02001688,E02001723,6.56,8.39,13.61
E02001688,E02001724,5.12,6.36,10.45
E02001688,E02001725,5.82,8.06,13.09
E02001688,E02001726,6.43,8.56,13.6
E02001688,E02001727,7.04,9.04,14.92
E02001688,E02001728,6.69,7.83,12.85
E02001688,E02001729,4.45,6.44,9.82
E02001688,E02001730,3.9,5.64,9.02
E02001688,E02001731,3.23,4.83,7.25
E02001688,E02001732,6.25,6.88,11.57
E02001688,E02001733,5.39,7.89,12.81
E02001688,E02001734,5.7,7.8,12.23
E02001688,E02001735,5.9,9.19,14.83
E02001688,E02001736,4.75,6.59,10.2
E02001688,E02001737,6.7,9.06,14.75
E02001688,E02001738,18.18,21.49,36.05
E02001688,E02001739,14.45,16.3,27.43
E02001688,E02001740,18.28,21.5,36.35
E02001688,E02001741,12.27,14.75,24.2
E02001688,E02001742,16.89,19.79,33.68
E02001688,E02001743,18.39,20.46,34.69
E02001688,E02001744,14.71,18.09,29.72
E02001688,E02001745,12.8,15.43,25.32
E02001688,E02001746,17.28,19.26,32.66
E02001688,E02001747,17.07,18.53,31.83
E02001688,E02001748,13.46,15.1,25.61
E02001688,E02001749,11.8,13.44,22.55
E02001688,E02001750,16.22,17.83,30.3
E02001688,E02001751,10.81,12.61,20.98
E02001688,E02001752,14.89,16.47,27.94
E02001688,E02001753,16.35,18.86,32.21
E02001688,E02001754,15.32,17.66,29.98
E02001688,E02001755,10.65,13.07,21.32
E02001688,E02001756,9.15,10.64,17.76
E02001688,E02001757,14.05,15.17,26.01
E02001688,E02001758,12.02,14.15,23.47
E02001688,E02001759,14.34,16.8,28.16
E02001688,E02001760,13.22,15.76,26.24
E02001688,E02001761,10.23,12.35,20.58
E02001688,E02001762,9.49,10.72,18.1
E02001688,E02001763,11.58,14.41,23.73
E02001688,E02001764,14.06,16.52,27.68
E02001688,E02001765,10.53,12.75,21.21
E02001688,E02001766,9.09,11.52,18.94
E02001688,E02001767,8.29,10.81,17.6
E02001688,E02001768,17.37,20.03,33.44
E02001688,E02001769,16.01,18.35,30.74
E02001688,E02001770,16.64,19.83,32.61
E02001688,E02001771,18.06,21.81,35.86
E02001688,E02001772,16.1,19.35,31.79
E02001688,E02001773,16.84,19.78,32.94
E02001688,E02001774,12.06,13.85,23.07
E02001688,E02001775,17.72,20.67,34.39
E02001688,E02001776,10.67,12.26,20.43
E02001688,E02001777,9.79,11.82,19.44
E02001688,E02001778,15.57,18.2,30.2
E02001688,E02001779,13.79,16.09,26.74
E02001688,E02001780,16.92,19.49,32.48
E02001688,E02001781,12.91,15.34,25.35
E02001688,E02001782,9.6,12.0,19.37
E02001688,E02001783,14.53,16.96,28.16
E02001688,E02001784,11.46,13.5,22.39
E02001688,E02001785,19.78,23.69,38.99
E02001688,E02001786,15.78,18.45,30.58
E02001688,E02001787,11.34,14.29,23.09
E02001688,E02001788,12.97,15.16,25.19
E02001688,E02001789,15.75,17.93,30.05
E02001688,E02001790,13.84,15.82,26.5
E02001688,E02001791,17.99,20.59,34.38
E02001688,E02001792,18.57,21.4,35.73
E02001688,E02001793,14.71,18.6,29.93
E02001688,E02001794,16.23,21.65,34.13
E02001688,E02001795,17.96,21.26,35.7
E02001688,E02001796,19.49,22.79,38.25
E02001688,E02001797,10.36,13.64,22.1
E02001688,E02001798,14.36,18.06,29.13
E02001688,E02001799,11.16,13.28,23.36
E02001688,E02001800,10.77,11.81,20.93
E02001688,E02001801,19.4,23.2,39.82
E02001688,E02001802,18.29,21.82,37.02
E02001688,E02001803,19.65,22.97,39.19
E02001688,E02001804,19.17,21.82,36.73
E02001688,E02001805,19.2,21.67,37.39
E02001688,E02001806,21.01,24.61,41.14
E02001688,E02001807,13.34,14.33,24.44
E02001688,E02001808,20.11,22.68,39.08
E02001688,E02001809,12.36,14.36,23.74
E02001688,E02001810,10.91,12.78,21.07
E02001688,E02001811,18.07,19.21,33.3
E02001688,E02001812,21.19,24.55,41.81
E02001688,E02001813,19.84,22.33,37.76
E02001688,E02001814,22.31,26.22,44.3
E02001688,E02001815,13.46,14.48,24.81
E02001688,E02001816,20.9,22.66,39.06
E02001688,E02001817,21.97,25.51,42.56
E02001688,E02001818,24.27,28.24,47.36
E02001688,E02001819,19.83,21.23,36.67
E02001688,E02001820,15.76,16.0,28.39
E02001688,E02001821,22.2,24.2,41.57
E02001688,E02001822,17.02,17.37,30.7
E02001688,E02001823,19.3,18.95,33.57
E02001688,E02001824,20.39,20.55,36.61
E02001688,E02001825,22.07,21.72,38.91
E02001688,E02001826,23.73,23.21,41.09
E02001688,E02006841,3.65,6.09,8.83
E02001688,E02006842,3.18,6.05,8.59
E02001688,E02006893,9.35,11.29,18.3
E02001689,E02001682,10.56,12.57,20.72
E02001689,E02001683,13.02,15.47,25.47
E02001689,E02001684,4.79,6.03,9.94
E02001689,E02001685,8.34,10.57,16.92
E02001689,E02001686,8.75,10.94,17.73
E02001689,E02001688,1.82,3.54,4.91
E02001689,E02001689,0.31,0.62,0.85
E02001689,E02001690,5.76,7.77,12.31
E02001689,E02001691,0.62,1.24,1.7
E02001689,E02001692,2.25,4.23,5.94
E02001689,E02001693,3.54,6.56,9.73
E02001689,E02001694,3.24,5.18,7.62
E02001689,E02001695,5.72,7.12,12.01
E02001689,E02001696,5.17,7.87,12.74
E02001689,E02001697,2.85,4.83,7.09
E02001689,E02001698,6.77,9.14,14.32
E02001689,E02001699,4.69,8.96,12.66
E02001689,E02001700,4.63,5.46,8.93
E02001689,E02001701,3.28,5.19,7.78
E02001689,E02001702,4.67,7.06,10.62
E02001689,E02001703,11.18,12.77,21.48
E02001689,E02001704,4.46,6.96,10.51
E02001689,E02001705,17.61,22.86,36.44
E02001689,E02001706,6.77,8.65,13.77
E02001689,E02001707,8.96,11.95,18.84
E02001689,E02001708,9.95,12.63,20.26
E02001689,E02001709,8.74,9.31,15.87
E02001689,E02001710,9.1,11.49,18.49
E02001689,E02001711,9.47,12.06,19.58
E02001689,E02001712,6.84,7.39,12.73
E02001689,E02001713,7.14,7.61,13.31
E02001689,E02001714,7.03,7.22,12.51
E02001689,E02001715,8.39,10.23,16.87
E02001689,E02001718,7.6,9.04,14.92
E02001689,E02001719,6.11,6.13,10.72
E02001689,E02001720,5.23,5.59,9.57
E02001689,E02001721,11.18,12.49,20.94
E02001689,E02001722,8.81,11.0,17.66
E02001689,E02001723,6.03,7.1,12.01
E02001689,E02001724,4.61,4.59,8.05
E02001689,E02001725,5.55,6.29,10.69
E02001689,E02001726,5.89,7.36,12.0
E02001689,E02001727,6.79,7.27,12.52
E02001689,E02001728,8.34,10.01,16.27
E02001689,E02001729,3.92,5.24,8.22
E02001689,E02001730,3.57,3.87,6.62
E02001689,E02001731,2.69,3.64,5.66
E02001689,E02001732,6.76,8.41,13.81
E02001689,E02001733,5.17,6.12,10.41
E02001689,E02001734,5.16,6.61,10.63
E02001689,E02001735,5.69,7.42,12.43
E02001689,E02001736,4.21,5.4,8.6
E02001689,E02001737,6.49,7.29,12.36
E02001689,E02001738,17.67,19.72,33.66
E02001689,E02001739,13.94,14.53,25.03
E02001689,E02001740,17.8,19.73,33.95
E02001689,E02001741,11.75,12.98,21.8
E02001689,E02001742,16.43,18.02,31.28
E02001689,E02001743,17.94,18.69,32.29
E02001689,E02001744,14.2,16.32,27.33
E02001689,E02001745,12.29,13.67,22.92
E02001689,E02001746,16.82,17.49,30.27
E02001689,E02001747,16.61,16.76,29.44
E02001689,E02001748,12.95,13.33,23.21
E02001689,E02001749,11.29,11.67,20.15
E02001689,E02001750,15.77,16.06,27.9
E02001689,E02001751,10.29,10.85,18.58
E02001689,E02001752,14.43,14.71,25.54
E02001689,E02001753,16.08,17.09,29.82
E02001689,E02001754,15.05,15.89,27.58
E02001689,E02001755,10.14,11.3,18.92
E02001689,E02001756,8.64,8.87,15.36
E02001689,E02001757,13.6,13.4,23.61
E02001689,E02001758,11.57,12.38,21.07
E02001689,E02001759,14.07,15.03,25.76
E02001689,E02001760,12.95,13.99,23.84
E02001689,E02001761,9.75,10.58,18.19
E02001689,E02001762,8.98,8.95,15.7
E02001689,E02001763,11.3,12.64,21.33
E02001689,E02001764,13.82,14.75,25.28
E02001689,E02001765,10.26,10.98,18.81
E02001689,E02001766,8.82,9.75,16.54
E02001689,E02001767,8.02,9.04,15.21
E02001689,E02001768,15.55,17.83,30.17
E02001689,E02001769,14.18,16.15,27.47
E02001689,E02001770,14.82,17.63,29.34
E02001689,E02001771,16.24,19.61,32.59
E02001689,E02001772,14.28,17.15,28.52
E02001689,E02001773,15.02,17.58,29.66
E02001689,E02001774,10.44,11.66,19.8
E02001689,E02001775,15.9,18.47,31.12
E02001689,E02001776,9.05,10.06,17.16
E02001689,E02001777,8.17,9.62,16.17
E02001689,E02001778,13.75,16.0,26.93
E02001689,E02001779,11.97,13.89,23.47
E02001689,E02001780,15.09,17.29,29.21
E02001689,E02001781,11.09,13.14,22.08
E02001689,E02001782,7.98,9.8,16.1
E02001689,E02001783,12.71,14.76,24.88
E02001689,E02001784,9.64,11.3,19.12
E02001689,E02001785,17.95,21.49,35.72
E02001689,E02001786,13.95,16.25,27.31
E02001689,E02001787,9.52,12.09,19.82
E02001689,E02001788,11.14,12.96,21.91
E02001689,E02001789,13.93,15.73,26.78
E02001689,E02001790,12.02,13.62,23.23
E02001689,E02001791,16.16,18.39,31.11
E02001689,E02001792,16.75,19.21,32.46
E02001689,E02001793,12.88,16.4,26.66
E02001689,E02001794,14.41,19.45,30.85
E02001689,E02001795,16.13,19.06,32.43
E02001689,E02001796,17.66,20.59,34.98
E02001689,E02001797,8.53,11.44,18.83
E02001689,E02001798,12.54,15.86,25.86
E02001689,E02001799,9.33,12.44,20.51
E02001689,E02001800,8.95,11.3,19.09
E02001689,E02001801,17.57,21.46,36.75
E02001689,E02001802,16.47,19.73,33.75
E02001689,E02001803,17.83,20.87,35.92
E02001689,E02001804,17.35,20.08,33.68
E02001689,E02001805,17.37,19.93,34.35
E02001689,E02001806,19.19,22.42,37.87
E02001689,E02001807,11.51,13.78,23.06
E02001689,E02001808,18.29,20.94,36.04
E02001689,E02001809,10.54,14.12,22.35
E02001689,E02001810,9.09,12.54,19.68
E02001689,E02001811,16.25,17.47,30.25
E02001689,E02001812,19.37,22.81,38.77
E02001689,E02001813,18.01,20.59,34.71
E02001689,E02001814,20.48,24.12,41.03
E02001689,E02001815,11.64,14.24,23.43
E02001689,E02001816,19.08,22.23,37.67
E02001689,E02001817,20.15,25.25,41.17
E02001689,E02001818,22.45,26.5,44.31
E02001689,E02001819,18.01,20.99,35.29
E02001689,E02001820,13.93,15.76,27.01
E02001689,E02001821,20.37,23.41,40.05
E02001689,E02001822,15.19,17.12,29.31
E02001689,E02001823,17.75,18.71,32.18
E02001689,E02001824,18.57,20.31,35.23
E02001689,E02001825,20.25,21.48,37.52
E02001689,E02001826,21.91,22.97,39.7
E02001689,E02006841,1.9,3.34,4.77
E02001689,E02006842,1.35,2.65,3.68
E02001689,E02006893,9.82,11.82,19.55
E02001690,E02001682,6.01,8.06,12.64
E02001690,E02001683,8.47,10.97,17.39
E02001690,E02001684,10.35,12.28,20.46
E02001690,E02001685,3.28,5.28,7.74
E02001690,E02001686,3.91,6.27,9.2
E02001690,E02001688,4.33,6.72,10.55
E02001690,E02001689,5.76,7.77,12.31
E02001690,E02001690,1.18,2.08,2.96
E02001690,E02001691,6.38,9.01,14.01
E02001690,E02001692,8.01,11.61,18.19
E02001690,E02001693,9.3,13.07,21.21
E02001690,E02001694,2.98,4.77,7.01
E02001690,E02001695,11.48,13.36,22.53
E02001690,E02001696,10.93,14.11,23.26
E02001690,E02001697,7.62,12.33,18.13
E02001690,E02001698,2.36,4.15,5.92
E02001690,E02001699,10.33,15.2,24.51
E02001690,E02001700,4.55,5.95,9.37
E02001690,E02001701,7.14,11.47,16.85
E02001690,E02001702,9.61,13.77,22.33
E02001690,E02001703,6.11,7.48,12.29
E02001690,E02001704,8.75,13.42,20.47
E02001690,E02001705,12.54,17.56,27.26
E02001690,E02001706,9.9,11.44,18.87
E02001690,E02001707,12.08,14.74,23.94
E02001690,E02001708,9.42,11.83,18.9
E02001690,E02001709,12.27,14.27,24.07
E02001690,E02001710,10.7,12.64,20.67
E02001690,E02001711,8.14,9.99,16.09
E02001690,E02001712,11.38,12.43,21.3
E02001690,E02001713,10.39,11.04,18.83
E02001690,E02001714,11.85,13.04,22.16
E02001690,E02001715,9.4,10.68,17.73
E02001690,E02001718,7.3,9.0,14.59
E02001690,E02001719,10.93,11.94,20.37
E02001690,E02001720,10.05,11.4,19.22
E02001690,E02001721,7.69,9.29,15.45
E02001690,E02001722,6.2,8.0,12.65
E02001690,E02001723,6.97,8.42,14.05
E02001690,E02001724,9.43,10.41,17.7
E02001690,E02001725,10.15,12.1,20.34
E02001690,E02001726,6.35,7.93,12.86
E02001690,E02001727,11.37,13.08,22.17
E02001690,E02001728,5.26,6.8,10.78
E02001690,E02001729,7.63,9.52,15.46
E02001690,E02001730,8.24,9.69,16.27
E02001690,E02001731,7.36,8.93,14.69
E02001690,E02001732,4.83,5.85,9.5
E02001690,E02001733,9.72,11.93,20.07
E02001690,E02001734,5.65,6.98,11.51
E02001690,E02001735,10.24,13.24,22.08
E02001690,E02001736,6.46,7.99,12.89
E02001690,E02001737,11.03,13.1,22.01
E02001690,E02001738,22.49,25.54,43.31
E02001690,E02001739,17.1,18.47,31.3
E02001690,E02001740,22.62,25.54,43.6
E02001690,E02001741,13.71,15.01,25.3
E02001690,E02001742,21.22,23.83,40.94
E02001690,E02001743,22.73,24.5,41.94
E02001690,E02001744,19.02,22.13,36.98
E02001690,E02001745,16.78,18.89,31.48
E02001690,E02001746,21.61,23.31,39.92
E02001690,E02001747,21.4,22.58,39.09
E02001690,E02001748,17.77,19.15,32.86
E02001690,E02001749,16.11,17.49,29.8
E02001690,E02001750,20.56,21.88,37.55
E02001690,E02001751,15.12,16.66,28.23
E02001690,E02001752,19.23,20.52,35.19
E02001690,E02001753,20.68,22.9,39.47
E02001690,E02001754,19.66,21.7,37.23
E02001690,E02001755,14.96,17.12,28.57
E02001690,E02001756,13.46,14.68,25.01
E02001690,E02001757,18.39,19.22,33.26
E02001690,E02001758,16.36,18.2,30.72
E02001690,E02001759,18.68,20.84,35.41
E02001690,E02001760,17.56,19.8,33.49
E02001690,E02001761,14.56,16.4,27.84
E02001690,E02001762,13.8,14.77,25.35
E02001690,E02001763,15.91,18.46,30.98
E02001690,E02001764,18.4,20.57,34.94
E02001690,E02001765,14.87,16.79,28.46
E02001690,E02001766,13.42,15.56,26.19
E02001690,E02001767,12.63,14.85,24.86
E02001690,E02001768,21.31,24.07,40.69
E02001690,E02001769,19.94,22.4,38.0
E02001690,E02001770,20.58,23.87,39.87
E02001690,E02001771,22.0,25.86,43.11
E02001690,E02001772,20.04,23.4,39.04
E02001690,E02001773,20.78,23.82,40.19
E02001690,E02001774,15.99,17.9,30.32
E02001690,E02001775,21.66,24.71,41.64
E02001690,E02001776,14.6,16.31,27.69
E02001690,E02001777,13.72,15.87,26.7
E02001690,E02001778,19.51,22.24,37.45
E02001690,E02001779,17.73,20.14,33.99
E02001690,E02001780,20.85,23.54,39.73
E02001690,E02001781,16.85,19.39,32.6
E02001690,E02001782,13.53,16.05,26.62
E02001690,E02001783,18.47,21.0,35.41
E02001690,E02001784,15.4,17.54,29.64
E02001690,E02001785,23.71,27.74,46.24
E02001690,E02001786,19.71,22.5,37.84
E02001690,E02001787,15.28,18.33,30.35
E02001690,E02001788,16.9,19.2,32.44
E02001690,E02001789,19.69,21.98,37.3
E02001690,E02001790,17.78,19.86,33.75
E02001690,E02001791,21.92,24.63,41.63
E02001690,E02001792,22.51,25.45,42.98
E02001690,E02001793,18.64,22.64,37.18
E02001690,E02001794,20.17,24.68,40.77
E02001690,E02001795,21.89,25.1,42.09
E02001690,E02001796,23.42,26.35,44.31
E02001690,E02001797,13.47,17.49,28.17
E02001690,E02001798,18.3,22.11,36.39
E02001690,E02001799,14.28,15.88,27.16
E02001690,E02001800,13.0,14.41,24.72
E02001690,E02001801,23.34,25.8,43.61
E02001690,E02001802,22.23,24.42,41.12
E02001690,E02001803,23.59,25.56,43.29
E02001690,E02001804,21.46,24.42,40.52
E02001690,E02001805,22.54,24.27,41.18
E02001690,E02001806,24.95,27.38,46.12
E02001690,E02001807,15.06,16.93,28.23
E02001690,E02001808,23.31,25.27,42.87
E02001690,E02001809,14.09,16.95,27.53
E02001690,E02001810,12.64,15.38,24.86
E02001690,E02001811,20.36,21.81,37.09
E02001690,E02001812,24.42,27.15,45.6
E02001690,E02001813,22.13,24.92,41.55
E02001690,E02001814,25.99,28.81,48.53
E02001690,E02001815,15.19,17.08,28.6
E02001690,E02001816,22.63,25.26,42.85
E02001690,E02001817,23.7,28.11,46.35
E02001690,E02001818,26.06,30.84,51.15
E02001690,E02001819,21.56,23.83,40.46
E02001690,E02001820,17.48,18.6,32.18
E02001690,E02001821,23.92,26.79,45.36
E02001690,E02001822,18.74,19.96,34.49
E02001690,E02001823,20.91,21.55,37.36
E02001690,E02001824,22.12,23.15,40.4
E02001690,E02001825,23.8,24.32,42.7
E02001690,E02001826,25.35,25.81,44.88
E02001690,E02006841,7.59,10.32,16.23
E02001690,E02006842,7.11,10.28,15.98
E02001690,E02006893,7.48,9.72,15.32
E02001691,E02001682,11.18,13.81,22.42
E02001691,E02001683,13.64,16.71,27.17
E02001691,E02001684,4.38,7.05,10.87
E02001691,E02001685,8.86,11.81,18.63
E02001691,E02001686,9.37,12.18,19.44
E02001691,E02001688,2.44,4.78,6.62
E02001691,E02001689,0.62,1.24,1.7
E02001691,E02001690,6.38,9.01,14.01
E02001691,E02001691,0.31,0.62,0.85
E02001691,E02001692,1.79,3.42,4.77
E02001691,E02001693,3.12,6.25,8.59
E02001691,E02001694,3.86,6.42,9.33
E02001691,E02001695,5.31,8.11,12.91
E02001691,E02001696,4.76,8.86,13.08
E02001691,E02001697,2.23,3.6,5.39
E02001691,E02001698,7.22,10.17,15.63
E02001691,E02001699,4.23,8.12,11.49
E02001691,E02001700,5.01,6.49,10.25
E02001691,E02001701,2.73,3.96,6.08
E02001691,E02001702,4.2,6.19,9.33
E02001691,E02001703,11.69,14.01,23.18
E02001691,E02001704,3.9,5.73,8.81
E02001691,E02001705,18.12,24.1,38.15
E02001691,E02001706,6.21,7.41,12.07
E02001691,E02001707,8.39,10.71,17.14
E02001691,E02001708,10.57,13.87,21.96
E02001691,E02001709,9.25,10.55,17.58
E02001691,E02001710,9.61,12.73,20.19
E02001691,E02001711,10.09,13.3,21.29
E02001691,E02001712,7.35,8.63,14.44
E02001691,E02001713,7.76,8.85,15.01
E02001691,E02001714,7.52,8.46,14.22
E02001691,E02001715,9.01,11.47,18.58
E02001691,E02001718,8.22,10.28,16.62
E02001691,E02001719,6.6,7.37,12.43
E02001691,E02001720,5.72,6.83,11.28
E02001691,E02001721,11.8,13.73,22.65
E02001691,E02001722,9.43,12.24,19.37
E02001691,E02001723,6.65,8.34,13.72
E02001691,E02001724,5.1,5.83,9.75
E02001691,E02001725,6.04,7.53,12.4
E02001691,E02001726,6.51,8.6,13.71
E02001691,E02001727,7.29,8.51,14.23
E02001691,E02001728,8.96,11.25,17.97
E02001691,E02001729,4.54,6.48,9.92
E02001691,E02001730,4.07,5.11,8.33
E02001691,E02001731,3.31,4.88,7.36
E02001691,E02001732,7.38,9.65,15.51
E02001691,E02001733,5.67,7.36,12.12
E02001691,E02001734,5.78,7.85,12.34
E02001691,E02001735,6.19,8.66,14.13
E02001691,E02001736,4.83,6.64,10.31
E02001691,E02001737,6.98,8.53,14.06
E02001691,E02001738,18.16,20.96,35.36
E02001691,E02001739,14.43,15.77,26.74
E02001691,E02001740,18.29,20.97,35.66
E02001691,E02001741,12.26,14.22,23.51
E02001691,E02001742,16.93,19.26,32.99
E02001691,E02001743,18.44,19.93,34.0
E02001691,E02001744,14.7,17.56,29.03
E02001691,E02001745,12.78,14.91,24.63
E02001691,E02001746,17.32,18.73,31.97
E02001691,E02001747,17.11,18.0,31.14
E02001691,E02001748,13.44,14.57,24.91
E02001691,E02001749,11.79,12.91,21.86
E02001691,E02001750,16.27,17.3,29.61
E02001691,E02001751,10.79,12.09,20.28
E02001691,E02001752,14.93,15.95,27.25
E02001691,E02001753,16.57,18.33,31.52
E02001691,E02001754,15.55,17.13,29.28
E02001691,E02001755,10.63,12.54,20.62
E02001691,E02001756,9.14,10.11,17.07
E02001691,E02001757,14.09,14.64,25.32
E02001691,E02001758,12.06,13.62,22.78
E02001691,E02001759,14.57,16.27,27.47
E02001691,E02001760,13.45,15.23,25.54
E02001691,E02001761,10.25,11.82,19.89
E02001691,E02001762,9.48,10.19,17.41
E02001691,E02001763,11.8,13.88,23.04
E02001691,E02001764,14.31,15.99,26.99
E02001691,E02001765,10.76,12.22,20.52
E02001691,E02001766,9.31,10.99,18.25
E02001691,E02001767,8.52,10.28,16.91
E02001691,E02001768,15.13,18.83,31.07
E02001691,E02001769,13.77,17.15,28.38
E02001691,E02001770,14.4,18.62,30.25
E02001691,E02001771,15.82,20.61,33.49
E02001691,E02001772,13.86,18.15,29.42
E02001691,E02001773,14.6,18.58,30.57
E02001691,E02001774,10.02,12.67,20.73
E02001691,E02001775,15.48,19.46,32.02
E02001691,E02001776,8.64,11.08,18.1
E02001691,E02001777,7.76,10.64,17.11
E02001691,E02001778,13.33,16.99,27.83
E02001691,E02001779,11.56,14.89,24.37
E02001691,E02001780,14.68,18.29,30.11
E02001691,E02001781,10.68,14.14,22.98
E02001691,E02001782,7.57,10.82,17.04
E02001691,E02001783,12.29,15.75,25.79
E02001691,E02001784,9.22,12.29,20.02
E02001691,E02001785,17.54,22.49,36.62
E02001691,E02001786,13.54,17.25,28.22
E02001691,E02001787,9.1,13.08,20.72
E02001691,E02001788,10.73,13.95,22.82
E02001691,E02001789,13.52,16.73,27.68
E02001691,E02001790,11.61,14.61,24.13
E02001691,E02001791,15.75,19.38,32.01
E02001691,E02001792,16.33,20.2,33.36
E02001691,E02001793,12.47,17.39,27.56
E02001691,E02001794,14.0,20.44,31.76
E02001691,E02001795,15.72,20.05,33.33
E02001691,E02001796,17.25,21.59,35.88
E02001691,E02001797,8.06,12.08,18.12
E02001691,E02001798,12.12,16.86,26.77
E02001691,E02001799,8.86,11.81,20.24
E02001691,E02001800,8.47,10.33,17.8
E02001691,E02001801,17.16,21.73,36.73
E02001691,E02001802,16.05,20.35,34.24
E02001691,E02001803,17.42,21.49,36.41
E02001691,E02001804,16.93,20.34,33.64
E02001691,E02001805,16.96,20.19,34.3
E02001691,E02001806,18.77,23.31,38.77
E02001691,E02001807,11.03,12.86,21.36
E02001691,E02001808,17.87,21.2,36.0
E02001691,E02001809,10.06,12.88,20.65
E02001691,E02001810,8.61,11.31,17.98
E02001691,E02001811,15.84,17.74,30.21
E02001691,E02001812,18.95,23.08,38.72
E02001691,E02001813,17.6,20.85,34.67
E02001691,E02001814,20.07,24.74,41.65
E02001691,E02001815,11.16,13.01,21.73
E02001691,E02001816,18.6,21.18,35.97
E02001691,E02001817,19.67,24.03,39.47
E02001691,E02001818,22.03,26.77,44.27
E02001691,E02001819,17.53,19.76,33.59
E02001691,E02001820,13.46,14.53,25.31
E02001691,E02001821,19.89,22.72,38.48
E02001691,E02001822,14.71,15.89,27.61
E02001691,E02001823,17.23,17.48,30.48
E02001691,E02001824,18.09,19.08,33.53
E02001691,E02001825,19.77,20.24,35.82
E02001691,E02001826,21.43,21.74,38.0
E02001691,E02006841,2.03,3.2,4.72
E02001691,E02006842,0.94,1.83,2.54
E02001691,E02006893,10.44,13.06,21.25
E02001692,E02001682,12.81,15.8,25.94
E02001692,E02001683,15.27,18.71,30.68
E02001692,E02001684,3.12,5.46,7.9
E02001692,E02001685,10.48,14.41,22.8
E02001692,E02001686,11.0,14.17,22.95
E02001692,E02001688,4.07,7.38,10.79
E02001692,E02001689,2.25,4.23,5.94
E02001692,E02001690,8.01,11.61,18.19
E02001692,E02001691,1.79,3.42,4.77
E02001692,E02001692,0.54,0.95,1.35
E02001692,E02001693,1.86,3.72,5.11
E02001692,E02001694,5.49,9.02,13.5
E02001692,E02001695,4.05,6.5,9.88
E02001692,E02001696,3.14,6.29,8.65
E02001692,E02001697,1.5,3.0,4.13
E02001692,E02001698,8.85,13.18,19.86
E02001692,E02001699,2.46,4.93,6.77
E02001692,E02001700,6.63,9.5,14.48
E02001692,E02001701,2.54,4.49,6.62
E02001692,E02001702,2.85,4.35,6.49
E02001692,E02001703,13.32,16.61,27.35
E02001692,E02001704,2.91,5.41,7.59
E02001692,E02001705,19.75,26.7,42.32
E02001692,E02001706,5.64,7.66,11.89
E02001692,E02001707,7.81,10.96,16.96
E02001692,E02001708,11.69,14.58,23.72
E02001692,E02001709,9.72,11.26,18.68
E02001692,E02001710,10.08,13.45,21.29
E02001692,E02001711,11.22,14.01,23.05
E02001692,E02001712,7.82,9.35,15.54
E02001692,E02001713,8.23,9.56,16.11
E02001692,E02001714,7.99,9.18,15.32
E02001692,E02001715,9.78,12.18,19.67
E02001692,E02001718,9.34,10.99,18.39
E02001692,E02001719,7.07,8.08,13.53
E02001692,E02001720,6.19,7.54,12.38
E02001692,E02001721,13.33,15.73,26.13
E02001692,E02001722,10.62,13.56,21.6
E02001692,E02001723,7.78,9.06,15.48
E02001692,E02001724,5.57,6.55,10.85
E02001692,E02001725,6.51,8.24,13.5
E02001692,E02001726,7.7,9.91,15.93
E02001692,E02001727,7.75,9.22,15.32
E02001692,E02001728,10.59,13.24,21.49
E02001692,E02001729,5.73,7.79,12.15
E02001692,E02001730,4.53,5.83,9.43
E02001692,E02001731,4.44,6.19,9.59
E02001692,E02001732,8.72,10.96,17.74
E02001692,E02001733,6.14,8.07,13.22
E02001692,E02001734,7.12,9.16,14.57
E02001692,E02001735,6.66,9.37,15.23
E02001692,E02001736,6.02,7.95,12.54
E02001692,E02001737,7.45,9.24,15.16
E02001692,E02001738,18.63,21.68,36.46
E02001692,E02001739,14.9,16.48,27.84
E02001692,E02001740,18.76,21.68,36.76
E02001692,E02001741,12.73,14.94,24.61
E02001692,E02001742,17.4,19.97,34.09
E02001692,E02001743,18.83,20.64,35.1
E02001692,E02001744,15.17,18.27,30.13
E02001692,E02001745,13.25,15.62,25.72
E02001692,E02001746,17.76,19.45,33.07
E02001692,E02001747,17.37,18.72,32.24
E02001692,E02001748,13.91,15.29,26.01
E02001692,E02001749,12.26,13.62,22.96
E02001692,E02001750,16.52,18.02,30.71
E02001692,E02001751,11.26,12.8,21.38
E02001692,E02001752,15.4,16.66,28.35
E02001692,E02001753,16.36,19.02,31.78
E02001692,E02001754,15.33,17.75,29.48
E02001692,E02001755,11.1,13.26,21.72
E02001692,E02001756,9.61,10.82,18.17
E02001692,E02001757,14.19,15.36,26.42
E02001692,E02001758,12.53,14.34,23.87
E02001692,E02001759,14.36,16.5,27.44
E02001692,E02001760,13.24,15.43,25.52
E02001692,E02001761,10.72,12.54,20.99
E02001692,E02001762,9.95,10.91,18.5
E02001692,E02001763,12.27,14.6,24.14
E02001692,E02001764,13.18,15.66,25.83
E02001692,E02001765,11.23,12.93,21.62
E02001692,E02001766,9.78,11.7,19.35
E02001692,E02001767,8.98,10.99,18.01
E02001692,E02001768,13.87,17.22,28.04
E02001692,E02001769,12.5,15.54,25.35
E02001692,E02001770,13.14,17.01,27.21
E02001692,E02001771,14.56,19.0,30.46
E02001692,E02001772,12.6,16.54,26.39
E02001692,E02001773,13.34,16.97,27.54
E02001692,E02001774,8.76,11.09,17.75
E02001692,E02001775,14.22,17.85,28.99
E02001692,E02001776,7.37,9.5,15.12
E02001692,E02001777,6.49,9.05,14.13
E02001692,E02001778,12.07,15.38,24.8
E02001692,E02001779,10.29,13.28,21.34
E02001692,E02001780,13.42,16.68,27.08
E02001692,E02001781,9.41,12.53,19.95
E02001692,E02001782,6.3,9.24,14.06
E02001692,E02001783,11.03,14.14,22.76
E02001692,E02001784,7.96,10.68,16.99
E02001692,E02001785,16.28,20.88,33.59
E02001692,E02001786,12.27,15.64,25.19
E02001692,E02001787,7.84,11.47,17.69
E02001692,E02001788,9.46,12.35,19.79
E02001692,E02001789,12.25,15.12,24.65
E02001692,E02001790,10.34,13.0,21.1
E02001692,E02001791,14.48,17.77,28.98
E02001692,E02001792,15.07,18.59,30.33
E02001692,E02001793,11.21,15.78,24.53
E02001692,E02001794,12.73,18.83,28.73
E02001692,E02001795,14.45,18.44,30.3
E02001692,E02001796,15.98,19.98,32.85
E02001692,E02001797,6.71,10.24,15.27
E02001692,E02001798,10.86,15.25,23.73
E02001692,E02001799,7.51,11.03,17.39
E02001692,E02001800,7.12,9.56,14.95
E02001692,E02001801,15.9,20.85,34.62
E02001692,E02001802,14.79,19.11,31.63
E02001692,E02001803,16.15,20.25,33.79
E02001692,E02001804,15.67,19.46,31.56
E02001692,E02001805,15.7,19.31,32.22
E02001692,E02001806,17.51,21.8,35.74
E02001692,E02001807,9.69,12.57,20.21
E02001692,E02001808,16.61,20.32,33.91
E02001692,E02001809,8.72,12.6,19.5
E02001692,E02001810,7.27,11.31,17.47
E02001692,E02001811,14.57,16.86,28.13
E02001692,E02001812,17.69,22.2,36.64
E02001692,E02001813,16.33,19.97,32.59
E02001692,E02001814,18.81,23.5,38.9
E02001692,E02001815,9.82,13.01,21.22
E02001692,E02001816,17.25,21.19,35.24
E02001692,E02001817,18.32,24.04,38.75
E02001692,E02001818,20.68,25.89,42.19
E02001692,E02001819,16.18,19.76,32.86
E02001692,E02001820,12.11,14.53,24.58
E02001692,E02001821,18.55,22.72,37.76
E02001692,E02001822,13.37,15.89,26.89
E02001692,E02001823,15.93,17.48,29.97
E02001692,E02001824,16.74,19.08,33.02
E02001692,E02001825,18.42,20.25,35.31
E02001692,E02001826,20.08,21.74,37.49
E02001692,E02006841,2.1,3.21,4.78
E02001692,E02006842,1.08,1.9,2.71
E02001692,E02006893,11.64,13.77,23.01
E02001693,E02001682,14.1,17.23,28.54
E02001693,E02001683,16.56,20.14,33.29
E02001693,E02001684,1.75,3.15,4.48
E02001693,E02001685,11.77,15.88,25.82
E02001693,E02001686,12.29,15.6,25.56
E02001693,E02001688,5.36,9.03,13.81
E02001693,E02001689,3.54,6.56,9.73
E02001693,E02001690,9.3,13.07,21.21
E02001693,E02001691,3.12,6.25,8.59
E02001693,E02001692,1.86,3.72,5.12
E02001693,E02001693,0.88,1.57,2.24
E02001693,E02001694,6.78,10.48,16.52
E02001693,E02001695,2.68,4.19,6.47
E02001693,E02001696,2.13,4.26,5.85
E02001693,E02001697,2.98,5.89,8.13
E02001693,E02001698,10.14,15.15,23.65
E02001693,E02001699,2.15,4.3,5.91
E02001693,E02001700,7.92,11.56,18.27
E02001693,E02001701,3.76,7.39,10.2
E02001693,E02001702,3.76,6.56,9.38
E02001693,E02001703,14.61,18.07,30.37
E02001693,E02001704,3.82,7.62,10.49
E02001693,E02001705,21.04,28.16,45.34
E02001693,E02001706,6.55,9.86,14.78
E02001693,E02001707,8.72,11.84,19.85
E02001693,E02001708,12.97,15.74,25.72
E02001693,E02001709,10.83,12.42,20.68
E02001693,E02001710,11.19,14.6,23.29
E02001693,E02001711,12.5,15.17,25.05
E02001693,E02001712,8.92,10.5,17.53
E02001693,E02001713,9.34,10.72,18.11
E02001693,E02001714,9.1,10.33,17.32
E02001693,E02001715,10.89,13.34,21.67
E02001693,E02001718,10.63,12.15,20.38
E02001693,E02001719,8.18,9.24,15.52
E02001693,E02001720,7.3,8.7,14.37
E02001693,E02001721,14.62,17.16,28.52
E02001693,E02001722,11.91,14.88,23.99
E02001693,E02001723,9.07,10.22,17.48
E02001693,E02001724,6.68,7.7,12.85
E02001693,E02001725,7.62,9.4,15.5
E02001693,E02001726,8.99,11.24,18.33
E02001693,E02001727,8.86,10.38,17.32
E02001693,E02001728,11.88,14.68,24.09
E02001693,E02001729,7.02,9.12,14.55
E02001693,E02001730,5.64,6.98,11.43
E02001693,E02001731,5.73,7.51,11.98
E02001693,E02001732,10.0,12.29,20.14
E02001693,E02001733,7.25,9.23,15.22
E02001693,E02001734,8.41,10.48,16.96
E02001693,E02001735,7.77,10.53,17.23
E02001693,E02001736,7.31,9.28,14.93
E02001693,E02001737,8.56,10.4,17.16
E02001693,E02001738,18.62,21.71,36.52
E02001693,E02001739,16.01,17.64,29.83
E02001693,E02001740,17.99,20.85,34.97
E02001693,E02001741,13.84,16.09,26.61
E02001693,E02001742,16.59,19.14,32.2
E02001693,E02001743,17.46,19.81,33.21
E02001693,E02001744,15.99,18.94,31.39
E02001693,E02001745,14.36,16.78,27.72
E02001693,E02001746,16.4,18.62,31.18
E02001693,E02001747,16.0,17.82,30.13
E02001693,E02001748,14.77,15.93,27.24
E02001693,E02001749,13.37,14.78,24.95
E02001693,E02001750,15.16,17.19,28.82
E02001693,E02001751,12.37,13.96,23.38
E02001693,E02001752,14.14,15.84,26.61
E02001693,E02001753,15.0,16.71,28.37
E02001693,E02001754,13.97,15.43,26.07
E02001693,E02001755,12.21,14.42,23.72
E02001693,E02001756,10.72,11.98,20.16
E02001693,E02001757,12.82,13.99,23.76
E02001693,E02001758,13.06,15.01,24.87
E02001693,E02001759,12.99,14.18,24.03
E02001693,E02001760,11.87,13.12,22.11
E02001693,E02001761,11.83,13.69,22.99
E02001693,E02001762,11.06,12.06,20.5
E02001693,E02001763,11.52,13.14,21.86
E02001693,E02001764,11.82,13.34,22.42
E02001693,E02001765,11.44,12.47,21.12
E02001693,E02001766,10.89,12.86,21.34
E02001693,E02001767,10.1,12.15,20.01
E02001693,E02001768,12.5,14.9,24.63
E02001693,E02001769,11.14,13.22,21.94
E02001693,E02001770,11.78,14.7,23.8
E02001693,E02001771,13.2,16.68,27.05
E02001693,E02001772,11.24,14.22,22.98
E02001693,E02001773,11.97,14.65,24.13
E02001693,E02001774,7.4,8.77,14.34
E02001693,E02001775,12.85,15.54,25.58
E02001693,E02001776,6.01,7.18,11.71
E02001693,E02001777,5.13,6.74,10.72
E02001693,E02001778,10.71,13.07,21.39
E02001693,E02001779,8.93,10.96,17.93
E02001693,E02001780,12.05,14.36,23.67
E02001693,E02001781,8.05,10.21,16.54
E02001693,E02001782,4.94,6.92,10.65
E02001693,E02001783,9.67,11.83,19.35
E02001693,E02001784,6.59,8.37,13.58
E02001693,E02001785,14.91,18.56,30.18
E02001693,E02001786,10.91,13.32,21.78
E02001693,E02001787,6.47,9.16,14.28
E02001693,E02001788,8.1,10.03,16.38
E02001693,E02001789,10.89,12.8,21.24
E02001693,E02001790,8.98,10.69,17.69
E02001693,E02001791,13.12,15.46,25.57
E02001693,E02001792,13.71,16.28,26.92
E02001693,E02001793,9.84,13.47,21.12
E02001693,E02001794,11.37,16.52,25.32
E02001693,E02001795,13.09,16.13,26.89
E02001693,E02001796,14.62,17.66,29.44
E02001693,E02001797,5.94,8.51,13.29
E02001693,E02001798,9.5,12.93,20.32
E02001693,E02001799,6.83,9.51,14.97
E02001693,E02001800,7.18,8.37,14.29
E02001693,E02001801,14.53,18.53,31.21
E02001693,E02001802,13.42,16.8,28.22
E02001693,E02001803,14.79,17.94,30.38
E02001693,E02001804,14.3,17.15,28.15
E02001693,E02001805,14.33,17.0,28.81
E02001693,E02001806,16.15,19.49,32.33
E02001693,E02001807,8.56,10.85,17.6
E02001693,E02001808,15.24,18.01,30.5
E02001693,E02001809,9.2,11.41,18.84
E02001693,E02001810,8.18,10.98,18.27
E02001693,E02001811,13.21,14.54,24.72
E02001693,E02001812,16.32,19.88,33.23
E02001693,E02001813,14.97,17.66,29.18
E02001693,E02001814,17.44,21.19,35.49
E02001693,E02001815,10.56,12.28,20.72
E02001693,E02001816,16.08,19.3,32.2
E02001693,E02001817,17.72,22.32,36.53
E02001693,E02001818,19.41,23.57,38.77
E02001693,E02001819,15.92,18.73,31.46
E02001693,E02001820,12.78,13.8,23.92
E02001693,E02001821,18.28,20.48,34.51
E02001693,E02001822,14.04,15.16,26.22
E02001693,E02001823,16.6,17.49,31.45
E02001693,E02001824,17.42,19.09,33.0
E02001693,E02001825,19.1,20.26,35.41
E02001693,E02001826,20.76,21.76,38.47
E02001693,E02006841,2.7,4.17,6.27
E02001693,E02006842,2.37,4.73,6.5
E02001693,E02006893,12.93,14.93,25.01
E02001694,E02001682,8.43,10.95,17.59
E02001694,E02001683,10.89,13.85,22.33
E02001694,E02001684,7.83,9.69,15.77
E02001694,E02001685,5.69,8.17,12.69
E02001694,E02001686,6.32,9.15,14.14
E02001694,E02001688,1.82,3.13,4.49
E02001694,E02001689,3.24,5.18,7.62
E02001694,E02001690,2.98,4.77,7.01
E02001694,E02001691,3.86,6.42,9.33
E02001694,E02001692,5.49,9.02,13.5
E02001694,E02001693,6.78,10.48,16.52
E02001694,E02001694,0.91,1.57,2.25
E02001694,E02001695,8.97,10.77,17.84
E02001694,E02001696,8.41,11.52,18.57
E02001694,E02001697,5.73,9.91,14.44
E02001694,E02001698,3.73,5.79,8.63
E02001694,E02001699,7.94,12.61,19.82
E02001694,E02001700,3.42,4.72,7.32
E02001694,E02001701,5.25,9.04,13.16
E02001694,E02001702,7.73,11.7,18.18
E02001694,E02001703,8.53,10.36,17.24
E02001694,E02001704,6.86,11.34,16.99
E02001694,E02001705,14.96,20.45,32.2
E02001694,E02001706,8.01,9.37,15.48
E02001694,E02001707,10.19,12.67,20.55
E02001694,E02001708,11.36,13.8,22.34
E02001694,E02001709,10.89,12.53,20.84
E02001694,E02001710,11.25,14.62,23.45
E02001694,E02001711,10.09,11.96,19.53
E02001694,E02001712,8.99,10.62,17.69
E02001694,E02001713,9.29,10.84,18.27
E02001694,E02001714,9.33,10.45,17.48
E02001694,E02001715,10.54,12.66,21.16
E02001694,E02001718,9.24,10.97,18.02
E02001694,E02001719,8.41,9.36,15.68
E02001694,E02001720,7.53,8.81,14.53
E02001694,E02001721,9.82,11.22,18.78
E02001694,E02001722,8.15,9.98,16.09
E02001694,E02001723,8.18,9.9,16.35
E02001694,E02001724,6.91,7.82,13.01
E02001694,E02001725,7.64,9.51,15.66
E02001694,E02001726,8.04,9.86,16.2
E02001694,E02001727,8.86,10.49,17.48
E02001694,E02001728,6.98,8.73,14.11
E02001694,E02001729,6.06,7.95,12.56
E02001694,E02001730,5.72,7.1,11.58
E02001694,E02001731,4.84,6.35,10.0
E02001694,E02001732,6.55,7.78,12.83
E02001694,E02001733,7.2,9.35,15.38
E02001694,E02001734,7.31,8.91,14.85
E02001694,E02001735,7.72,10.65,17.39
E02001694,E02001736,6.36,8.11,12.94
E02001694,E02001737,8.52,10.51,17.32
E02001694,E02001738,19.97,22.95,38.62
E02001694,E02001739,16.24,17.75,29.99
E02001694,E02001740,20.1,22.96,38.91
E02001694,E02001741,13.9,16.21,26.77
E02001694,E02001742,18.71,21.24,36.25
E02001694,E02001743,20.21,21.92,37.25
E02001694,E02001744,16.51,19.55,32.29
E02001694,E02001745,14.59,16.89,27.88
E02001694,E02001746,19.1,20.72,35.23
E02001694,E02001747,18.88,19.99,34.4
E02001694,E02001748,15.25,16.56,28.17
E02001694,E02001749,13.6,14.9,25.11
E02001694,E02001750,18.04,19.29,32.86
E02001694,E02001751,12.6,14.07,23.54
E02001694,E02001752,16.71,17.93,30.51
E02001694,E02001753,18.17,20.32,34.78
E02001694,E02001754,17.14,19.11,32.54
E02001694,E02001755,12.44,14.53,23.88
E02001694,E02001756,10.95,12.09,20.32
E02001694,E02001757,15.87,16.63,28.57
E02001694,E02001758,13.84,15.61,26.03
E02001694,E02001759,16.16,18.25,30.72
E02001694,E02001760,15.04,17.21,28.8
E02001694,E02001761,12.04,13.81,23.15
E02001694,E02001762,11.28,12.18,20.66
E02001694,E02001763,13.39,15.87,26.29
E02001694,E02001764,15.88,17.98,30.25
E02001694,E02001765,12.35,14.21,23.77
E02001694,E02001766,10.91,12.97,21.5
E02001694,E02001767,10.11,12.26,20.17
E02001694,E02001768,18.79,21.49,36.0
E02001694,E02001769,17.43,19.81,33.31
E02001694,E02001770,18.06,21.28,35.18
E02001694,E02001771,19.48,23.27,38.42
E02001694,E02001772,17.52,20.81,34.35
E02001694,E02001773,18.26,21.24,35.5
E02001694,E02001774,13.48,15.31,25.63
E02001694,E02001775,19.14,22.12,36.95
E02001694,E02001776,12.08,13.72,23.0
E02001694,E02001777,11.21,13.28,22.01
E02001694,E02001778,16.99,19.65,32.76
E02001694,E02001779,15.21,17.55,29.3
E02001694,E02001780,18.34,20.95,35.04
E02001694,E02001781,14.33,16.8,27.91
E02001694,E02001782,11.02,13.46,21.94
E02001694,E02001783,15.95,18.41,30.72
E02001694,E02001784,12.88,14.95,24.95
E02001694,E02001785,21.2,25.15,41.55
E02001694,E02001786,17.2,19.91,33.15
E02001694,E02001787,12.76,15.74,25.66
E02001694,E02001788,14.39,16.62,27.75
E02001694,E02001789,17.17,19.39,32.61
E02001694,E02001790,15.26,17.27,29.06
E02001694,E02001791,19.41,22.05,36.94
E02001694,E02001792,19.99,22.86,38.3
E02001694,E02001793,16.13,20.05,32.49
E02001694,E02001794,17.65,22.6,36.69
E02001694,E02001795,19.38,22.72,38.26
E02001694,E02001796,20.91,24.25,40.81
E02001694,E02001797,11.59,15.09,24.66
E02001694,E02001798,15.78,19.52,31.7
E02001694,E02001799,12.39,13.81,23.76
E02001694,E02001800,11.11,12.33,21.33
E02001694,E02001801,20.82,23.73,40.22
E02001694,E02001802,19.71,22.35,37.73
E02001694,E02001803,21.07,23.49,39.9
E02001694,E02001804,19.57,22.34,37.13
E02001694,E02001805,20.62,22.19,37.79
E02001694,E02001806,22.43,25.31,42.73
E02001694,E02001807,13.18,14.86,24.84
E02001694,E02001808,21.43,23.2,39.48
E02001694,E02001809,12.2,14.88,24.14
E02001694,E02001810,10.76,13.31,21.47
E02001694,E02001811,18.48,19.74,33.7
E02001694,E02001812,22.53,25.08,42.21
E02001694,E02001813,20.24,22.85,38.16
E02001694,E02001814,23.73,26.74,45.13
E02001694,E02001815,13.31,15.01,25.21
E02001694,E02001816,20.74,23.19,39.46
E02001694,E02001817,21.81,26.03,42.96
E02001694,E02001818,24.18,28.77,47.75
E02001694,E02001819,19.67,21.76,37.07
E02001694,E02001820,15.6,16.53,28.79
E02001694,E02001821,22.04,24.72,41.97
E02001694,E02001822,16.86,17.89,31.1
E02001694,E02001823,19.08,19.48,33.97
E02001694,E02001824,20.23,21.08,37.01
E02001694,E02001825,21.91,22.25,39.31
E02001694,E02001826,23.53,23.74,41.49
E02001694,E02006841,5.07,7.73,11.54
E02001694,E02006842,4.6,7.69,11.3
E02001694,E02006893,9.42,11.69,18.76
E02001695,E02001682,16.22,17.52,29.87
E02001695,E02001683,18.68,20.43,34.62
E02001695,E02001684,2.08,2.48,4.05
E02001695,E02001685,13.96,16.17,27.14
E02001695,E02001686,14.41,15.89,26.88
E02001695,E02001688,7.55,9.32,15.28
E02001695,E02001689,5.72,7.12,12.01
E02001695,E02001690,11.48,13.36,22.53
E02001695,E02001691,5.31,8.11,12.91
E02001695,E02001692,4.05,6.5,9.88
E02001695,E02001693,2.68,4.19,6.47
E02001695,E02001694,8.97,10.77,17.84
E02001695,E02001695,0.64,1.1,1.59
E02001695,E02001696,1.29,2.2,3.17
E02001695,E02001697,5.09,8.68,12.89
E02001695,E02001698,12.32,15.44,25.36
E02001695,E02001699,2.97,5.26,7.5
E02001695,E02001700,10.11,11.85,20.05
E02001695,E02001701,5.81,9.55,14.85
E02001695,E02001702,4.57,5.8,9.23
E02001695,E02001703,16.8,18.36,31.7
E02001695,E02001704,5.45,7.24,11.35
E02001695,E02001705,23.22,28.45,46.66
E02001695,E02001706,7.11,7.42,14.04
E02001695,E02001707,8.1,8.41,14.88
E02001695,E02001708,14.53,16.02,27.05
E02001695,E02001709,12.39,12.71,22.0
E02001695,E02001710,12.75,14.89,24.62
E02001695,E02001711,14.06,15.46,26.37
E02001695,E02001712,10.49,10.79,18.86
E02001695,E02001713,10.9,11.01,19.43
E02001695,E02001714,10.67,10.62,18.64
E02001695,E02001715,12.45,13.63,23.0
E02001695,E02001718,12.19,12.44,21.71
E02001695,E02001719,9.74,9.53,16.85
E02001695,E02001720,8.87,8.99,15.7
E02001695,E02001721,16.23,17.45,29.85
E02001695,E02001722,13.52,15.17,25.32
E02001695,E02001723,10.67,10.5,18.8
E02001695,E02001724,8.24,7.99,14.18
E02001695,E02001725,9.18,9.68,16.82
E02001695,E02001726,10.6,11.53,19.66
E02001695,E02001727,10.43,10.67,18.65
E02001695,E02001728,13.65,14.96,25.42
E02001695,E02001729,8.63,9.41,15.87
E02001695,E02001730,7.21,7.27,12.75
E02001695,E02001731,7.34,7.8,13.31
E02001695,E02001732,11.62,12.58,21.46
E02001695,E02001733,8.81,9.52,16.54
E02001695,E02001734,10.02,10.77,18.29
E02001695,E02001735,9.33,10.82,18.56
E02001695,E02001736,8.93,9.56,16.26
E02001695,E02001737,10.12,10.69,18.48
E02001695,E02001738,16.94,18.96,32.45
E02001695,E02001739,17.58,17.92,31.16
E02001695,E02001740,16.31,18.1,30.9
E02001695,E02001741,15.4,16.38,27.93
E02001695,E02001742,14.92,16.39,28.13
E02001695,E02001743,15.78,17.06,29.14
E02001695,E02001744,14.32,16.19,27.32
E02001695,E02001745,15.93,17.06,29.05
E02001695,E02001746,14.72,15.87,27.12
E02001695,E02001747,14.32,15.07,26.06
E02001695,E02001748,13.09,13.18,23.17
E02001695,E02001749,14.93,15.07,26.28
E02001695,E02001750,13.48,14.44,24.75
E02001695,E02001751,13.93,14.24,24.71
E02001695,E02001752,12.46,13.09,22.54
E02001695,E02001753,13.32,13.96,24.3
E02001695,E02001754,12.29,12.68,22.0
E02001695,E02001755,13.77,14.7,25.05
E02001695,E02001756,12.28,12.27,21.49
E02001695,E02001757,11.14,11.24,19.69
E02001695,E02001758,11.38,12.26,20.81
E02001695,E02001759,11.31,11.43,19.97
E02001695,E02001760,10.2,10.36,18.04
E02001695,E02001761,12.51,13.01,22.41
E02001695,E02001762,12.62,12.35,21.83
E02001695,E02001763,9.84,10.39,17.8
E02001695,E02001764,10.14,10.59,18.36
E02001695,E02001765,9.77,9.72,17.06
E02001695,E02001766,11.42,11.58,20.15
E02001695,E02001767,11.66,12.38,21.33
E02001695,E02001768,10.02,11.08,18.68
E02001695,E02001769,8.66,9.4,15.98
E02001695,E02001770,9.29,10.87,17.85
E02001695,E02001771,10.71,12.86,21.1
E02001695,E02001772,8.75,10.4,17.03
E02001695,E02001773,9.49,10.83,18.17
E02001695,E02001774,6.0,7.4,12.53
E02001695,E02001775,10.37,11.71,19.63
E02001695,E02001776,4.77,6.51,10.15
E02001695,E02001777,3.88,6.07,9.16
E02001695,E02001778,8.22,9.25,15.43
E02001695,E02001779,6.45,7.14,11.98
E02001695,E02001780,9.57,10.54,17.72
E02001695,E02001781,5.57,6.39,10.59
E02001695,E02001782,3.7,4.89,7.74
E02001695,E02001783,7.18,8.01,13.39
E02001695,E02001784,4.11,4.54,7.63
E02001695,E02001785,12.43,14.74,24.22
E02001695,E02001786,8.43,9.5,15.82
E02001695,E02001787,3.99,5.33,8.33
E02001695,E02001788,5.62,6.21,10.42
E02001695,E02001789,8.41,8.98,15.29
E02001695,E02001790,6.5,6.87,11.74
E02001695,E02001791,10.64,11.64,19.62
E02001695,E02001792,11.22,12.45,20.97
E02001695,E02001793,7.36,9.65,15.17
E02001695,E02001794,8.89,12.7,19.36
E02001695,E02001795,10.61,12.31,20.94
E02001695,E02001796,12.14,13.84,23.49
E02001695,E02001797,3.92,5.07,8.02
E02001695,E02001798,7.01,9.11,14.37
E02001695,E02001799,4.81,6.08,9.7
E02001695,E02001800,5.44,4.94,9.02
E02001695,E02001801,12.05,14.71,25.26
E02001695,E02001802,10.94,12.97,22.26
E02001695,E02001803,12.31,14.12,24.43
E02001695,E02001804,11.82,13.32,22.19
E02001695,E02001805,11.85,13.18,22.86
E02001695,E02001806,13.67,15.66,26.38
E02001695,E02001807,6.54,7.42,12.33
E02001695,E02001808,12.76,14.18,24.55
E02001695,E02001809,7.29,7.98,13.57
E02001695,E02001810,7.18,7.55,13.0
E02001695,E02001811,10.73,10.72,18.76
E02001695,E02001812,13.84,16.06,27.28
E02001695,E02001813,12.49,13.83,23.22
E02001695,E02001814,14.96,17.37,29.54
E02001695,E02001815,8.81,8.85,15.45
E02001695,E02001816,13.6,15.48,26.25
E02001695,E02001817,15.24,18.5,30.58
E02001695,E02001818,16.92,19.75,32.82
E02001695,E02001819,13.44,14.91,25.51
E02001695,E02001820,11.04,10.37,18.65
E02001695,E02001821,15.8,16.66,28.56
E02001695,E02001822,12.3,11.73,20.95
E02001695,E02001823,14.86,14.06,26.18
E02001695,E02001824,15.67,15.66,27.73
E02001695,E02001825,17.35,16.83,30.14
E02001695,E02001826,19.01,18.32,33.2
E02001695,E02006841,4.84,5.85,9.5
E02001695,E02006842,4.55,6.94,10.91
E02001695,E02006893,14.54,15.22,26.34
E02001696,E02001682,15.73,18.27,30.6
E02001696,E02001683,18.19,21.18,35.35
E02001696,E02001684,2.06,3.23,4.78
E02001696,E02001685,13.41,16.92,27.88
E02001696,E02001686,13.92,16.64,27.61
E02001696,E02001688,6.99,10.07,16.01
E02001696,E02001689,5.17,7.87,12.74
E02001696,E02001690,10.93,14.11,23.26
E02001696,E02001691,4.76,8.86,13.08
E02001696,E02001692,3.14,6.29,8.65
E02001696,E02001693,2.13,4.26,5.85
E02001696,E02001694,8.41,11.52,18.57
E02001696,E02001695,1.29,2.2,3.17
E02001696,E02001696,0.64,1.1,1.59
E02001696,E02001697,4.07,8.0,11.08
E02001696,E02001698,11.77,16.19,26.1
E02001696,E02001699,1.8,3.6,4.94
E02001696,E02001700,9.56,12.6,20.79
E02001696,E02001701,4.77,9.41,12.99
E02001696,E02001702,3.57,5.85,8.66
E02001696,E02001703,16.24,19.11,32.43
E02001696,E02001704,4.46,7.29,10.78
E02001696,E02001705,22.67,29.2,47.39
E02001696,E02001706,6.11,8.55,13.47
E02001696,E02001707,7.76,9.54,16.3
E02001696,E02001708,14.51,16.77,27.78
E02001696,E02001709,12.37,13.46,22.73
E02001696,E02001710,12.73,15.64,25.35
E02001696,E02001711,14.04,16.21,27.11
E02001696,E02001712,10.46,11.54,19.59
E02001696,E02001713,10.88,11.76,20.17
E02001696,E02001714,10.64,11.37,19.37
E02001696,E02001715,12.43,14.38,23.73
E02001696,E02001718,12.16,13.19,22.44
E02001696,E02001719,9.72,10.28,17.58
E02001696,E02001720,8.84,9.74,16.43
E02001696,E02001721,16.21,18.2,30.58
E02001696,E02001722,13.5,15.92,26.05
E02001696,E02001723,10.65,11.25,19.54
E02001696,E02001724,8.22,8.74,14.91
E02001696,E02001725,9.16,10.44,17.55
E02001696,E02001726,10.58,12.28,20.39
E02001696,E02001727,10.4,11.42,19.38
E02001696,E02001728,13.51,15.71,26.15
E02001696,E02001729,8.6,10.16,16.61
E02001696,E02001730,7.18,8.02,13.48
E02001696,E02001731,7.32,8.55,14.04
E02001696,E02001732,11.59,13.33,22.2
E02001696,E02001733,8.79,10.27,17.28
E02001696,E02001734,10.0,11.52,19.02
E02001696,E02001735,9.31,11.57,19.29
E02001696,E02001736,8.9,10.32,16.99
E02001696,E02001737,10.1,11.44,19.22
E02001696,E02001738,17.99,20.76,35.04
E02001696,E02001739,17.55,18.68,31.89
E02001696,E02001740,17.36,19.9,33.49
E02001696,E02001741,15.38,17.13,28.67
E02001696,E02001742,15.96,18.19,30.72
E02001696,E02001743,16.83,18.86,31.73
E02001696,E02001744,15.36,17.99,29.91
E02001696,E02001745,15.9,17.81,29.78
E02001696,E02001746,15.77,17.67,29.7
E02001696,E02001747,15.37,16.87,28.65
E02001696,E02001748,14.14,14.98,25.76
E02001696,E02001749,14.91,15.82,27.01
E02001696,E02001750,14.53,16.24,27.34
E02001696,E02001751,13.91,14.99,25.44
E02001696,E02001752,13.51,14.89,25.13
E02001696,E02001753,14.37,15.76,26.89
E02001696,E02001754,13.34,14.48,24.59
E02001696,E02001755,13.75,15.45,25.78
E02001696,E02001756,12.26,13.02,22.22
E02001696,E02001757,12.19,13.04,22.28
E02001696,E02001758,12.43,14.06,23.39
E02001696,E02001759,12.36,13.23,22.55
E02001696,E02001760,11.24,12.16,20.63
E02001696,E02001761,13.37,14.73,25.0
E02001696,E02001762,12.6,13.1,22.56
E02001696,E02001763,10.89,12.19,20.38
E02001696,E02001764,11.19,12.39,20.94
E02001696,E02001765,10.82,11.52,19.64
E02001696,E02001766,12.43,13.38,22.73
E02001696,E02001767,11.63,13.19,22.07
E02001696,E02001768,11.07,12.88,21.26
E02001696,E02001769,9.71,11.2,18.57
E02001696,E02001770,10.34,12.67,20.44
E02001696,E02001771,11.76,14.66,23.68
E02001696,E02001772,9.8,12.2,19.61
E02001696,E02001773,10.54,12.63,20.76
E02001696,E02001774,7.05,8.85,14.56
E02001696,E02001775,11.42,13.51,22.21
E02001696,E02001776,5.89,7.26,11.93
E02001696,E02001777,5.01,6.82,10.94
E02001696,E02001778,9.27,11.05,18.02
E02001696,E02001779,7.49,8.94,14.56
E02001696,E02001780,10.62,12.34,20.3
E02001696,E02001781,6.62,8.19,13.17
E02001696,E02001782,4.82,6.69,10.33
E02001696,E02001783,8.23,9.81,15.98
E02001696,E02001784,5.16,6.34,10.21
E02001696,E02001785,13.48,16.54,26.81
E02001696,E02001786,9.48,11.3,18.41
E02001696,E02001787,5.04,7.13,10.92
E02001696,E02001788,6.67,8.01,13.01
E02001696,E02001789,9.45,10.78,17.87
E02001696,E02001790,7.54,8.67,14.32
E02001696,E02001791,11.69,13.44,22.2
E02001696,E02001792,12.27,14.25,23.55
E02001696,E02001793,8.41,11.45,17.75
E02001696,E02001794,9.93,14.5,21.95
E02001696,E02001795,11.66,14.11,23.52
E02001696,E02001796,13.19,15.64,26.07
E02001696,E02001797,4.3,6.21,9.43
E02001696,E02001798,8.06,10.91,16.96
E02001696,E02001799,5.19,7.21,11.12
E02001696,E02001800,5.81,6.07,10.43
E02001696,E02001801,13.1,16.51,27.85
E02001696,E02001802,11.99,14.77,24.85
E02001696,E02001803,13.36,15.92,27.01
E02001696,E02001804,12.87,15.12,24.78
E02001696,E02001805,12.9,14.98,25.44
E02001696,E02001806,14.71,17.46,28.96
E02001696,E02001807,6.92,8.55,13.74
E02001696,E02001808,13.81,15.98,27.13
E02001696,E02001809,7.67,9.11,14.98
E02001696,E02001810,7.13,8.68,14.41
E02001696,E02001811,11.77,12.52,21.35
E02001696,E02001812,14.89,17.86,29.86
E02001696,E02001813,13.54,15.63,25.81
E02001696,E02001814,16.01,19.17,32.12
E02001696,E02001815,9.19,9.98,16.87
E02001696,E02001816,14.65,17.28,28.84
E02001696,E02001817,16.29,20.3,33.17
E02001696,E02001818,17.97,21.55,35.41
E02001696,E02001819,14.48,16.71,28.09
E02001696,E02001820,11.42,11.5,20.06
E02001696,E02001821,16.85,18.46,31.15
E02001696,E02001822,12.67,12.86,22.37
E02001696,E02001823,15.23,15.19,27.6
E02001696,E02001824,16.05,16.79,29.15
E02001696,E02001825,17.73,17.96,31.56
E02001696,E02001826,19.39,19.46,34.62
E02001696,E02006841,4.33,6.6,10.23
E02001696,E02006842,4.0,7.69,10.99
E02001696,E02006893,14.51,15.97,27.07
E02001697,E02001682,13.17,16.75,27.75
E02001697,E02001683,15.63,19.65,32.5
E02001697,E02001684,4.16,7.64,10.91
E02001697,E02001685,10.43,15.3,23.3
E02001697,E02001686,11.06,15.12,24.76
E02001697,E02001688,4.67,8.33,12.0
E02001697,E02001689,2.85,4.83,7.09
E02001697,E02001690,7.62,12.33,18.13
E02001697,E02001691,2.23,3.6,5.39
E02001697,E02001692,1.5,3.0,4.13
E02001697,E02001693,2.98,5.89,8.13
E02001697,E02001694,5.73,9.91,14.44
E02001697,E02001695,5.09,8.68,12.89
E02001697,E02001696,4.08,8.0,11.08
E02001697,E02001697,0.66,1.19,1.73
E02001697,E02001698,8.36,13.36,19.75
E02001697,E02001699,3.23,6.19,8.74
E02001697,E02001700,6.15,9.67,14.36
E02001697,E02001701,1.32,2.38,3.46
E02001697,E02001702,2.63,4.25,6.35
E02001697,E02001703,13.27,17.5,27.86
E02001697,E02001704,2.01,4.01,5.52
E02001697,E02001705,19.52,27.59,42.58
E02001697,E02001706,4.59,5.83,9.45
E02001697,E02001707,6.77,9.13,14.52
E02001697,E02001708,12.56,15.52,25.54
E02001697,E02001709,10.59,12.21,20.49
E02001697,E02001710,10.94,14.39,23.11
E02001697,E02001711,12.08,14.96,24.87
E02001697,E02001712,8.68,10.29,17.35
E02001697,E02001713,9.1,10.51,17.93
E02001697,E02001714,8.86,10.12,17.13
E02001697,E02001715,10.64,13.13,21.49
E02001697,E02001718,10.21,11.94,20.2
E02001697,E02001719,7.94,9.03,15.34
E02001697,E02001720,7.06,8.49,14.19
E02001697,E02001721,14.03,16.68,27.94
E02001697,E02001722,11.49,14.5,23.41
E02001697,E02001723,8.64,10.0,17.3
E02001697,E02001724,6.44,7.49,12.67
E02001697,E02001725,7.38,9.19,15.31
E02001697,E02001726,8.57,10.86,17.75
E02001697,E02001727,8.62,10.17,17.14
E02001697,E02001728,11.19,14.19,23.3
E02001697,E02001729,6.59,8.74,13.97
E02001697,E02001730,5.4,6.77,11.24
E02001697,E02001731,5.31,7.13,11.4
E02001697,E02001732,9.58,11.91,19.56
E02001697,E02001733,7.01,9.02,15.04
E02001697,E02001734,7.99,10.1,16.38
E02001697,E02001735,7.52,10.32,17.05
E02001697,E02001736,6.89,8.9,14.35
E02001697,E02001737,8.32,10.19,16.98
E02001697,E02001738,19.5,22.62,38.28
E02001697,E02001739,15.77,17.43,29.65
E02001697,E02001740,19.63,22.63,38.57
E02001697,E02001741,13.59,15.88,26.43
E02001697,E02001742,18.26,20.91,35.91
E02001697,E02001743,19.77,21.59,36.91
E02001697,E02001744,16.03,19.22,31.95
E02001697,E02001745,14.12,16.56,27.54
E02001697,E02001746,18.65,20.39,34.89
E02001697,E02001747,18.41,19.66,34.06
E02001697,E02001748,14.78,16.23,27.83
E02001697,E02001749,13.12,14.57,24.77
E02001697,E02001750,17.57,18.96,32.52
E02001697,E02001751,12.13,13.74,23.2
E02001697,E02001752,16.27,17.6,30.16
E02001697,E02001753,17.41,19.99,34.44
E02001697,E02001754,16.38,18.79,32.2
E02001697,E02001755,11.97,14.2,23.54
E02001697,E02001756,10.47,11.77,19.98
E02001697,E02001757,15.23,16.3,28.23
E02001697,E02001758,13.4,15.28,25.69
E02001697,E02001759,15.4,17.93,30.38
E02001697,E02001760,14.28,16.89,28.46
E02001697,E02001761,11.59,13.48,22.81
E02001697,E02001762,10.81,11.85,20.32
E02001697,E02001763,13.14,15.54,25.95
E02001697,E02001764,14.22,17.65,28.84
E02001697,E02001765,12.09,13.88,23.43
E02001697,E02001766,10.65,12.65,21.16
E02001697,E02001767,9.85,11.94,19.83
E02001697,E02001768,14.91,19.2,31.06
E02001697,E02001769,13.55,17.53,28.36
E02001697,E02001770,14.18,19.0,30.23
E02001697,E02001771,15.6,20.98,33.47
E02001697,E02001772,13.64,18.52,29.41
E02001697,E02001773,14.38,18.95,30.55
E02001697,E02001774,9.8,13.26,20.77
E02001697,E02001775,15.26,19.84,32.01
E02001697,E02001776,8.41,11.67,18.13
E02001697,E02001777,7.53,11.23,17.14
E02001697,E02001778,13.11,17.37,27.81
E02001697,E02001779,11.33,15.26,24.35
E02001697,E02001780,14.46,18.66,30.1
E02001697,E02001781,10.46,14.51,22.96
E02001697,E02001782,7.35,11.41,17.07
E02001697,E02001783,12.07,16.13,25.77
E02001697,E02001784,9.0,12.67,20.01
E02001697,E02001785,17.32,22.7,36.6
E02001697,E02001786,13.32,17.62,28.2
E02001697,E02001787,8.88,13.46,20.71
E02001697,E02001788,10.51,14.17,22.8
E02001697,E02001789,13.29,16.94,27.66
E02001697,E02001790,11.38,14.83,24.11
E02001697,E02001791,15.53,19.6,31.99
E02001697,E02001792,16.11,20.41,33.35
E02001697,E02001793,12.25,17.61,27.54
E02001697,E02001794,13.77,19.02,31.28
E02001697,E02001795,15.5,19.44,32.59
E02001697,E02001796,17.03,20.7,34.81
E02001697,E02001797,6.49,10.14,15.14
E02001697,E02001798,11.9,16.82,26.75
E02001697,E02001799,7.3,10.22,17.25
E02001697,E02001800,6.91,8.75,14.81
E02001697,E02001801,16.94,20.15,34.11
E02001697,E02001802,15.83,18.77,31.62
E02001697,E02001803,17.19,19.91,33.79
E02001697,E02001804,15.87,18.76,31.02
E02001697,E02001805,16.74,18.61,31.68
E02001697,E02001806,18.55,21.73,36.62
E02001697,E02001807,9.47,11.28,18.74
E02001697,E02001808,17.65,19.62,33.38
E02001697,E02001809,8.5,11.3,18.03
E02001697,E02001810,7.05,9.73,15.36
E02001697,E02001811,14.77,16.15,27.59
E02001697,E02001812,18.73,21.5,36.1
E02001697,E02001813,16.54,19.27,32.05
E02001697,E02001814,19.85,23.16,39.03
E02001697,E02001815,9.6,11.43,19.11
E02001697,E02001816,17.04,19.6,33.35
E02001697,E02001817,18.11,22.45,36.85
E02001697,E02001818,20.47,25.18,41.65
E02001697,E02001819,15.97,18.17,30.97
E02001697,E02001820,11.89,12.95,22.69
E02001697,E02001821,18.33,21.14,35.86
E02001697,E02001822,13.15,14.31,24.99
E02001697,E02001823,15.61,15.89,27.86
E02001697,E02001824,16.53,17.5,30.91
E02001697,E02001825,18.21,18.66,33.2
E02001697,E02001826,19.87,20.16,35.38
E02001697,E02006841,3.12,4.3,6.84
E02001697,E02006842,1.85,2.81,4.43
E02001697,E02006893,12.5,14.72,24.83
E02001698,E02001682,8.12,11.23,17.61
E02001698,E02001683,10.58,14.14,22.36
E02001698,E02001684,11.35,14.35,23.3
E02001698,E02001685,5.39,8.45,12.71
E02001698,E02001686,6.01,9.44,14.17
E02001698,E02001688,5.34,8.51,12.56
E02001698,E02001689,6.77,9.14,14.32
E02001698,E02001690,2.36,4.15,5.92
E02001698,E02001691,7.22,10.17,15.63
E02001698,E02001692,8.85,13.18,19.86
E02001698,E02001693,10.14,15.15,23.65
E02001698,E02001694,3.73,5.79,8.63
E02001698,E02001695,12.32,15.44,25.36
E02001698,E02001696,11.77,16.19,26.1
E02001698,E02001697,8.36,13.36,19.75
E02001698,E02001698,1.18,2.08,2.96
E02001698,E02001699,11.07,17.28,26.58
E02001698,E02001700,3.39,4.66,7.2
E02001698,E02001701,7.88,12.49,18.47
E02001698,E02001702,10.36,14.79,23.95
E02001698,E02001703,8.2,10.65,17.27
E02001698,E02001704,9.49,14.44,22.08
E02001698,E02001705,13.5,20.49,31.37
E02001698,E02001706,10.08,12.47,20.49
E02001698,E02001707,12.3,15.77,25.56
E02001698,E02001708,11.53,15.0,23.87
E02001698,E02001709,14.37,17.2,28.36
E02001698,E02001710,12.81,15.81,25.65
E02001698,E02001711,10.25,13.16,21.07
E02001698,E02001712,12.51,15.28,25.22
E02001698,E02001713,12.5,14.21,23.81
E02001698,E02001714,12.86,15.11,25.0
E02001698,E02001715,11.5,13.85,22.7
E02001698,E02001718,9.4,12.17,19.56
E02001698,E02001719,11.93,14.02,23.21
E02001698,E02001720,11.06,13.48,22.06
E02001698,E02001721,9.79,12.46,20.42
E02001698,E02001722,8.31,11.17,17.62
E02001698,E02001723,9.07,11.59,19.02
E02001698,E02001724,10.44,12.49,20.53
E02001698,E02001725,11.16,14.18,23.18
E02001698,E02001726,8.45,11.1,17.83
E02001698,E02001727,12.38,15.16,25.01
E02001698,E02001728,7.37,9.97,15.75
E02001698,E02001729,9.59,12.61,20.08
E02001698,E02001730,9.25,11.77,19.11
E02001698,E02001731,8.37,11.01,17.52
E02001698,E02001732,6.93,9.02,14.47
E02001698,E02001733,10.73,14.01,22.9
E02001698,E02001734,7.76,10.15,16.48
E02001698,E02001735,11.25,15.31,24.91
E02001698,E02001736,8.57,11.16,17.86
E02001698,E02001737,12.04,15.18,24.84
E02001698,E02001738,23.5,27.62,46.14
E02001698,E02001739,19.21,21.65,36.27
E02001698,E02001740,23.62,27.62,46.44
E02001698,E02001741,15.82,18.19,30.27
E02001698,E02001742,22.23,25.91,43.77
E02001698,E02001743,23.74,26.58,44.78
E02001698,E02001744,20.03,24.21,39.81
E02001698,E02001745,18.12,21.56,35.4
E02001698,E02001746,22.62,25.39,42.75
E02001698,E02001747,22.41,24.66,41.92
E02001698,E02001748,18.78,21.22,35.69
E02001698,E02001749,17.12,19.56,32.64
E02001698,E02001750,21.57,23.95,40.39
E02001698,E02001751,16.12,18.74,31.06
E02001698,E02001752,20.23,22.6,38.03
E02001698,E02001753,21.69,24.98,42.3
E02001698,E02001754,20.66,23.78,40.06
E02001698,E02001755,15.97,19.2,31.4
E02001698,E02001756,14.47,16.76,27.85
E02001698,E02001757,19.4,21.29,36.1
E02001698,E02001758,17.37,20.28,33.55
E02001698,E02001759,19.69,22.92,38.25
E02001698,E02001760,18.57,21.88,36.32
E02001698,E02001761,15.57,18.47,30.67
E02001698,E02001762,14.81,16.85,28.19
E02001698,E02001763,16.92,20.53,33.82
E02001698,E02001764,19.41,22.65,37.77
E02001698,E02001765,15.88,18.87,31.3
E02001698,E02001766,14.43,17.64,29.03
E02001698,E02001767,13.63,16.93,27.69
E02001698,E02001768,22.15,26.15,43.53
E02001698,E02001769,20.78,24.48,40.83
E02001698,E02001770,21.42,25.95,42.7
E02001698,E02001771,22.84,27.94,45.94
E02001698,E02001772,20.88,25.47,41.88
E02001698,E02001773,21.62,25.9,43.02
E02001698,E02001774,17.0,19.98,33.15
E02001698,E02001775,22.5,26.79,44.48
E02001698,E02001776,15.61,18.39,30.52
E02001698,E02001777,14.73,17.94,29.53
E02001698,E02001778,20.35,24.32,40.28
E02001698,E02001779,18.57,22.22,36.83
E02001698,E02001780,21.69,25.62,42.57
E02001698,E02001781,17.69,21.47,35.44
E02001698,E02001782,14.54,18.12,29.46
E02001698,E02001783,19.31,23.08,38.24
E02001698,E02001784,16.24,19.62,32.48
E02001698,E02001785,24.55,29.82,49.07
E02001698,E02001786,20.55,24.57,40.67
E02001698,E02001787,16.12,20.41,33.18
E02001698,E02001788,17.74,21.28,35.27
E02001698,E02001789,20.53,24.05,40.13
E02001698,E02001790,18.62,21.94,36.59
E02001698,E02001791,22.76,26.71,44.47
E02001698,E02001792,23.35,27.53,45.82
E02001698,E02001793,19.48,24.72,40.02
E02001698,E02001794,21.01,25.7,42.39
E02001698,E02001795,22.73,26.12,43.71
E02001698,E02001796,24.26,27.38,45.93
E02001698,E02001797,14.22,18.51,29.79
E02001698,E02001798,19.14,23.49,38.62
E02001698,E02001799,14.89,16.9,28.77
E02001698,E02001800,13.6,15.43,26.33
E02001698,E02001801,23.97,26.82,45.23
E02001698,E02001802,22.86,25.44,42.74
E02001698,E02001803,24.22,26.59,44.9
E02001698,E02001804,22.06,25.44,42.13
E02001698,E02001805,23.15,25.29,42.8
E02001698,E02001806,25.58,28.4,47.74
E02001698,E02001807,15.67,17.95,29.85
E02001698,E02001808,23.92,26.3,44.49
E02001698,E02001809,14.69,17.98,29.15
E02001698,E02001810,13.24,16.4,26.48
E02001698,E02001811,20.97,22.83,38.7
E02001698,E02001812,25.02,28.17,47.22
E02001698,E02001813,22.73,25.95,43.16
E02001698,E02001814,26.6,29.83,50.14
E02001698,E02001815,15.8,18.1,30.22
E02001698,E02001816,23.23,26.28,44.46
E02001698,E02001817,24.3,29.13,47.96
E02001698,E02001818,26.66,31.86,52.76
E02001698,E02001819,22.16,24.85,42.08
E02001698,E02001820,18.09,19.62,33.8
E02001698,E02001821,24.53,27.81,46.98
E02001698,E02001822,19.35,20.98,36.1
E02001698,E02001823,19.74,22.57,38.97
E02001698,E02001824,21.78,24.17,42.02
E02001698,E02001825,23.28,25.34,44.31
E02001698,E02001826,24.19,26.83,46.5
E02001698,E02006841,8.6,12.04,18.83
E02001698,E02006842,7.95,11.59,17.6
E02001698,E02006893,9.58,12.89,20.29
E02001699,E02001682,15.25,19.36,31.84
E02001699,E02001683,17.71,22.27,36.59
E02001699,E02001684,2.29,4.35,6.07
E02001699,E02001685,12.93,18.01,29.12
E02001699,E02001686,13.44,17.73,28.86
E02001699,E02001688,6.52,11.16,17.25
E02001699,E02001689,4.69,8.96,12.66
E02001699,E02001690,10.33,15.2,24.51
E02001699,E02001691,4.23,8.12,11.49
E02001699,E02001692,2.46,4.93,6.77
E02001699,E02001693,2.15,4.3,5.91
E02001699,E02001694,7.94,12.61,19.82
E02001699,E02001695,2.97,5.26,7.5
E02001699,E02001696,1.8,3.6,4.94
E02001699,E02001697,3.23,6.19,8.74
E02001699,E02001698,11.07,17.28,26.58
E02001699,E02001699,0.9,1.8,2.47
E02001699,E02001700,8.85,13.69,21.2
E02001699,E02001701,3.64,6.98,9.71
E02001699,E02001702,2.78,4.68,6.8
E02001699,E02001703,15.76,20.2,33.68
E02001699,E02001704,3.33,6.12,8.92
E02001699,E02001705,22.19,30.29,48.64
E02001699,E02001706,5.37,7.58,11.62
E02001699,E02001707,7.02,10.33,15.6
E02001699,E02001708,14.13,17.87,29.02
E02001699,E02001709,12.17,14.55,23.98
E02001699,E02001710,12.52,16.73,26.59
E02001699,E02001711,13.66,17.3,28.35
E02001699,E02001712,10.26,12.63,20.84
E02001699,E02001713,10.67,12.85,21.41
E02001699,E02001714,10.44,12.46,20.62
E02001699,E02001715,12.22,15.47,24.97
E02001699,E02001718,11.79,14.28,23.68
E02001699,E02001719,9.52,11.37,18.82
E02001699,E02001720,8.64,10.83,17.67
E02001699,E02001721,15.78,19.29,31.83
E02001699,E02001722,13.07,17.01,27.29
E02001699,E02001723,10.22,12.34,20.78
E02001699,E02001724,8.02,9.83,16.15
E02001699,E02001725,8.96,11.53,18.8
E02001699,E02001726,10.15,13.37,21.63
E02001699,E02001727,10.2,12.51,20.62
E02001699,E02001728,13.03,16.81,27.39
E02001699,E02001729,8.17,11.25,17.85
E02001699,E02001730,6.98,9.11,14.73
E02001699,E02001731,6.89,9.64,15.28
E02001699,E02001732,11.16,14.42,23.44
E02001699,E02001733,8.58,11.36,18.52
E02001699,E02001734,9.57,12.61,20.26
E02001699,E02001735,9.1,12.66,20.53
E02001699,E02001736,8.47,11.41,18.23
E02001699,E02001737,9.9,12.53,20.46
E02001699,E02001738,19.15,22.91,38.1
E02001699,E02001739,17.35,19.77,33.14
E02001699,E02001740,18.53,22.06,36.56
E02001699,E02001741,15.17,18.22,29.91
E02001699,E02001742,17.13,20.34,33.79
E02001699,E02001743,18.0,21.02,34.79
E02001699,E02001744,16.54,20.14,32.98
E02001699,E02001745,15.7,18.9,31.02
E02001699,E02001746,16.94,19.82,32.77
E02001699,E02001747,16.54,19.03,31.72
E02001699,E02001748,15.31,17.13,28.83
E02001699,E02001749,14.7,16.91,28.26
E02001699,E02001750,15.7,18.39,30.4
E02001699,E02001751,13.7,16.09,26.68
E02001699,E02001752,14.68,17.05,28.19
E02001699,E02001753,15.54,17.91,29.96
E02001699,E02001754,14.51,16.63,27.66
E02001699,E02001755,13.55,16.54,27.02
E02001699,E02001756,12.05,14.11,23.46
E02001699,E02001757,13.36,15.19,25.35
E02001699,E02001758,13.6,16.21,26.46
E02001699,E02001759,13.53,15.38,25.62
E02001699,E02001760,12.41,14.32,23.69
E02001699,E02001761,13.16,15.82,26.29
E02001699,E02001762,12.39,14.19,23.8
E02001699,E02001763,12.06,14.34,23.45
E02001699,E02001764,12.36,14.54,24.01
E02001699,E02001765,11.98,13.67,22.71
E02001699,E02001766,12.23,14.99,24.64
E02001699,E02001767,11.43,14.28,23.31
E02001699,E02001768,12.75,15.69,25.57
E02001699,E02001769,11.39,14.02,22.87
E02001699,E02001770,12.02,15.49,24.74
E02001699,E02001771,13.44,17.48,27.99
E02001699,E02001772,11.48,15.02,23.92
E02001699,E02001773,12.22,15.44,25.06
E02001699,E02001774,7.94,9.98,15.93
E02001699,E02001775,13.1,16.33,26.52
E02001699,E02001776,6.55,8.38,13.29
E02001699,E02001777,5.67,7.94,12.3
E02001699,E02001778,10.95,13.86,22.33
E02001699,E02001779,9.18,11.76,18.87
E02001699,E02001780,12.3,15.16,24.61
E02001699,E02001781,8.3,11.01,17.48
E02001699,E02001782,5.48,8.12,12.23
E02001699,E02001783,9.91,12.62,20.29
E02001699,E02001784,6.84,9.16,14.52
E02001699,E02001785,15.16,19.2,31.06
E02001699,E02001786,11.16,14.12,22.71
E02001699,E02001787,6.72,9.95,15.22
E02001699,E02001788,8.35,10.66,17.26
E02001699,E02001789,11.14,13.43,22.12
E02001699,E02001790,9.23,11.32,18.58
E02001699,E02001791,13.37,16.09,26.46
E02001699,E02001792,13.95,16.91,27.81
E02001699,E02001793,10.09,14.1,22.01
E02001699,E02001794,11.62,17.15,26.2
E02001699,E02001795,13.34,16.76,27.78
E02001699,E02001796,14.87,18.3,30.33
E02001699,E02001797,4.77,7.98,11.7
E02001699,E02001798,9.74,13.56,21.21
E02001699,E02001799,5.57,8.91,13.81
E02001699,E02001800,5.25,7.44,11.38
E02001699,E02001801,14.78,18.95,31.45
E02001699,E02001802,13.67,17.43,28.96
E02001699,E02001803,15.04,18.57,31.13
E02001699,E02001804,14.26,17.57,28.36
E02001699,E02001805,14.58,17.42,29.02
E02001699,E02001806,16.4,20.12,33.22
E02001699,E02001807,7.96,10.33,16.45
E02001699,E02001808,15.49,18.43,30.71
E02001699,E02001809,7.27,10.48,15.93
E02001699,E02001810,6.39,9.54,14.33
E02001699,E02001811,13.17,14.96,24.93
E02001699,E02001812,16.57,20.3,33.44
E02001699,E02001813,14.93,18.08,29.39
E02001699,E02001814,17.69,21.82,36.37
E02001699,E02001815,8.63,11.34,17.81
E02001699,E02001816,16.0,19.52,31.67
E02001699,E02001817,17.06,22.37,35.17
E02001699,E02001818,19.43,23.99,38.99
E02001699,E02001819,14.93,18.09,29.29
E02001699,E02001820,10.85,12.86,21.01
E02001699,E02001821,17.29,20.9,34.19
E02001699,E02001822,12.11,14.22,23.31
E02001699,E02001823,14.67,16.35,28.21
E02001699,E02001824,15.49,17.95,30.09
E02001699,E02001825,17.17,19.12,32.5
E02001699,E02001826,18.83,20.61,35.56
E02001699,E02006841,4.35,7.34,10.81
E02001699,E02006842,3.52,6.67,9.43
E02001699,E02006893,14.08,17.06,28.31
E02001700,E02001682,10.57,13.03,21.05
E02001700,E02001683,13.03,15.93,25.8
E02001700,E02001684,9.18,10.76,17.98
E02001700,E02001685,7.83,10.25,16.15
E02001700,E02001686,8.46,11.24,17.61
E02001700,E02001688,4.74,5.2,8.76
E02001700,E02001689,4.63,5.46,8.93
E02001700,E02001690,4.55,5.95,9.37
E02001700,E02001691,5.0,6.49,10.25
E02001700,E02001692,6.63,9.5,14.48
E02001700,E02001693,7.92,11.56,18.27
E02001700,E02001694,3.42,4.72,7.32
E02001700,E02001695,10.11,11.85,20.05
E02001700,E02001696,9.56,12.6,20.79
E02001700,E02001697,6.15,9.67,14.36
E02001700,E02001698,3.39,4.66,7.2
E02001700,E02001699,8.85,13.69,21.2
E02001700,E02001700,1.7,2.33,3.6
E02001700,E02001701,5.66,8.81,13.08
E02001700,E02001702,8.14,11.11,18.57
E02001700,E02001703,8.31,9.43,15.66
E02001700,E02001704,7.28,10.76,16.7
E02001700,E02001705,13.61,18.6,28.84
E02001700,E02001706,8.11,8.78,15.11
E02001700,E02001707,10.29,12.08,20.17
E02001700,E02001708,13.97,16.5,27.3
E02001700,E02001709,13.08,13.61,23.54
E02001700,E02001710,13.43,15.79,26.16
E02001700,E02001711,12.7,14.92,24.51
E02001700,E02001712,11.17,11.69,20.4
E02001700,E02001713,11.48,11.91,20.97
E02001700,E02001714,11.36,11.52,20.18
E02001700,E02001715,12.72,14.51,24.35
E02001700,E02001718,11.85,12.91,21.97
E02001700,E02001719,10.44,10.43,18.39
E02001700,E02001720,9.56,9.89,17.24
E02001700,E02001721,12.24,14.18,23.86
E02001700,E02001722,10.76,12.93,21.07
E02001700,E02001723,10.36,10.98,19.06
E02001700,E02001724,8.94,8.89,15.72
E02001700,E02001725,9.88,10.59,18.36
E02001700,E02001726,10.23,11.14,19.05
E02001700,E02001727,11.12,11.57,20.19
E02001700,E02001728,9.81,11.69,19.19
E02001700,E02001729,8.25,9.02,15.27
E02001700,E02001730,7.9,8.17,14.29
E02001700,E02001731,7.03,7.42,12.7
E02001700,E02001732,9.38,10.74,17.91
E02001700,E02001733,9.51,10.42,18.08
E02001700,E02001734,9.5,10.39,17.68
E02001700,E02001735,10.03,11.72,20.1
E02001700,E02001736,8.55,9.18,15.65
E02001700,E02001737,10.82,11.59,20.03
E02001700,E02001738,22.0,24.02,41.33
E02001700,E02001739,18.27,18.83,32.7
E02001700,E02001740,22.13,24.03,41.62
E02001700,E02001741,16.08,17.28,29.47
E02001700,E02001742,20.77,22.32,38.95
E02001700,E02001743,22.27,22.99,39.96
E02001700,E02001744,18.54,20.62,35.0
E02001700,E02001745,16.62,17.96,30.59
E02001700,E02001746,21.15,21.79,37.94
E02001700,E02001747,20.94,21.06,37.1
E02001700,E02001748,17.28,17.63,30.88
E02001700,E02001749,15.63,15.97,27.82
E02001700,E02001750,20.1,20.36,35.57
E02001700,E02001751,14.63,15.15,26.25
E02001700,E02001752,18.77,19.01,33.21
E02001700,E02001753,20.41,21.39,37.49
E02001700,E02001754,19.38,20.19,35.25
E02001700,E02001755,14.47,15.6,26.59
E02001700,E02001756,12.98,13.17,23.03
E02001700,E02001757,17.93,17.7,31.28
E02001700,E02001758,15.9,16.68,28.74
E02001700,E02001759,18.4,19.33,33.43
E02001700,E02001760,17.29,18.29,31.51
E02001700,E02001761,14.09,14.88,25.86
E02001700,E02001762,13.31,13.25,23.37
E02001700,E02001763,15.64,16.94,29.0
E02001700,E02001764,18.15,19.05,32.95
E02001700,E02001765,14.59,15.28,26.48
E02001700,E02001766,13.15,14.05,24.21
E02001700,E02001767,12.35,13.34,22.88
E02001700,E02001768,19.93,22.56,38.22
E02001700,E02001769,18.57,20.88,35.52
E02001700,E02001770,19.2,22.36,37.39
E02001700,E02001771,20.62,24.34,40.63
E02001700,E02001772,18.66,21.88,36.57
E02001700,E02001773,19.4,22.31,37.71
E02001700,E02001774,14.82,16.38,27.84
E02001700,E02001775,20.28,23.2,39.17
E02001700,E02001776,13.43,14.79,25.21
E02001700,E02001777,12.55,14.35,24.22
E02001700,E02001778,18.13,20.73,34.97
E02001700,E02001779,16.35,18.62,31.51
E02001700,E02001780,19.48,22.02,37.26
E02001700,E02001781,15.48,17.87,30.12
E02001700,E02001782,12.37,14.53,24.15
E02001700,E02001783,17.09,19.49,32.93
E02001700,E02001784,14.02,16.03,27.17
E02001700,E02001785,22.34,26.22,43.76
E02001700,E02001786,18.34,20.98,35.36
E02001700,E02001787,13.9,16.82,27.87
E02001700,E02001788,15.53,17.69,29.96
E02001700,E02001789,18.31,20.46,34.82
E02001700,E02001790,16.4,18.35,31.27
E02001700,E02001791,20.55,23.12,39.15
E02001700,E02001792,21.13,23.94,40.51
E02001700,E02001793,17.27,21.13,34.7
E02001700,E02001794,18.79,22.01,37.01
E02001700,E02001795,20.52,22.44,38.33
E02001700,E02001796,22.05,23.69,40.54
E02001700,E02001797,12.0,14.83,24.4
E02001700,E02001798,16.92,19.81,33.24
E02001700,E02001799,12.49,13.22,23.39
E02001700,E02001800,11.2,11.74,20.95
E02001700,E02001801,21.57,23.14,39.84
E02001700,E02001802,20.46,21.76,37.35
E02001700,E02001803,21.83,22.9,39.52
E02001700,E02001804,19.67,21.75,36.75
E02001700,E02001805,20.75,21.6,37.42
E02001700,E02001806,23.19,24.72,42.35
E02001700,E02001807,13.27,14.27,24.47
E02001700,E02001808,21.52,22.61,39.11
E02001700,E02001809,12.3,14.29,23.76
E02001700,E02001810,10.85,12.72,21.1
E02001700,E02001811,18.57,19.15,33.32
E02001700,E02001812,22.62,24.49,41.83
E02001700,E02001813,20.33,22.26,37.78
E02001700,E02001814,24.2,26.15,44.76
E02001700,E02001815,13.4,14.42,24.84
E02001700,E02001816,20.84,22.6,39.08
E02001700,E02001817,21.9,25.44,42.58
E02001700,E02001818,24.27,28.18,47.38
E02001700,E02001819,19.76,21.17,36.7
E02001700,E02001820,15.69,15.94,28.42
E02001700,E02001821,22.13,24.13,41.59
E02001700,E02001822,16.95,17.3,30.72
E02001700,E02001823,18.89,18.89,33.59
E02001700,E02001824,20.33,20.49,36.64
E02001700,E02001825,22.0,21.66,38.93
E02001700,E02001826,23.34,23.15,41.11
E02001700,E02006841,6.51,8.36,13.45
E02001700,E02006842,5.74,7.91,12.22
E02001700,E02006893,12.03,14.65,23.74
E02001701,E02001682,12.69,17.11,26.92
E02001701,E02001683,15.14,20.01,31.67
E02001701,E02001684,4.88,8.51,12.97
E02001701,E02001685,9.95,14.44,22.02
E02001701,E02001686,10.58,15.42,23.48
E02001701,E02001688,5.11,8.52,12.53
E02001701,E02001689,3.28,5.19,7.77
E02001701,E02001690,7.14,11.47,16.85
E02001701,E02001691,2.73,3.96,6.08
E02001701,E02001692,2.54,4.49,6.62
E02001701,E02001693,3.76,7.39,10.2
E02001701,E02001694,5.25,9.04,13.16
E02001701,E02001695,5.81,9.55,14.85
E02001701,E02001696,4.77,9.41,12.99
E02001701,E02001697,1.32,2.38,3.46
E02001701,E02001698,7.88,12.49,18.47
E02001701,E02001699,3.64,6.98,9.71
E02001701,E02001700,5.66,8.81,13.08
E02001701,E02001701,0.66,1.19,1.73
E02001701,E02001702,2.93,5.04,7.24
E02001701,E02001703,12.79,16.63,26.58
E02001701,E02001704,2.06,3.5,5.11
E02001701,E02001705,19.04,26.72,41.3
E02001701,E02001706,4.24,5.18,8.37
E02001701,E02001707,6.42,8.48,13.43
E02001701,E02001708,13.23,15.88,26.22
E02001701,E02001709,11.28,12.56,21.18
E02001701,E02001710,11.63,14.75,23.79
E02001701,E02001711,12.76,15.32,25.55
E02001701,E02001712,9.37,10.65,18.04
E02001701,E02001713,9.79,10.87,18.61
E02001701,E02001714,9.55,10.48,17.82
E02001701,E02001715,11.33,13.49,22.17
E02001701,E02001718,10.88,12.3,20.89
E02001701,E02001719,8.63,9.39,16.03
E02001701,E02001720,7.75,8.84,14.88
E02001701,E02001721,13.87,17.04,28.12
E02001701,E02001722,12.1,14.86,24.1
E02001701,E02001723,9.31,10.36,17.98
E02001701,E02001724,7.13,7.85,13.35
E02001701,E02001725,8.07,9.54,16.0
E02001701,E02001726,9.18,11.22,18.44
E02001701,E02001727,9.31,10.53,17.82
E02001701,E02001728,11.03,14.55,23.44
E02001701,E02001729,7.2,9.1,14.65
E02001701,E02001730,6.09,7.13,11.93
E02001701,E02001731,5.98,7.49,12.09
E02001701,E02001732,10.04,12.27,20.24
E02001701,E02001733,7.7,9.38,15.72
E02001701,E02001734,8.45,10.46,17.07
E02001701,E02001735,8.22,10.68,17.73
E02001701,E02001736,7.5,9.25,15.04
E02001701,E02001737,9.01,10.55,17.66
E02001701,E02001738,20.19,22.98,38.96
E02001701,E02001739,16.46,17.78,30.34
E02001701,E02001740,20.32,22.99,39.26
E02001701,E02001741,14.29,16.24,27.11
E02001701,E02001742,18.96,21.27,36.59
E02001701,E02001743,20.46,21.95,37.6
E02001701,E02001744,16.73,19.58,32.63
E02001701,E02001745,14.81,16.92,28.22
E02001701,E02001746,19.35,20.75,35.57
E02001701,E02001747,19.13,20.02,34.74
E02001701,E02001748,15.47,16.59,28.51
E02001701,E02001749,13.82,14.93,25.46
E02001701,E02001750,18.29,19.32,33.21
E02001701,E02001751,12.82,14.1,23.88
E02001701,E02001752,16.96,17.96,30.85
E02001701,E02001753,18.13,20.35,35.12
E02001701,E02001754,17.1,19.15,32.88
E02001701,E02001755,12.66,14.56,24.22
E02001701,E02001756,11.17,12.13,20.67
E02001701,E02001757,15.95,16.66,28.92
E02001701,E02001758,14.09,15.64,26.37
E02001701,E02001759,16.12,18.29,31.07
E02001701,E02001760,15.0,17.25,29.14
E02001701,E02001761,12.28,13.84,23.49
E02001701,E02001762,11.5,12.21,21.01
E02001701,E02001763,13.83,15.9,26.64
E02001701,E02001764,14.95,18.01,30.59
E02001701,E02001765,12.78,14.24,24.12
E02001701,E02001766,11.34,13.01,21.85
E02001701,E02001767,10.54,12.3,20.51
E02001701,E02001768,15.64,19.22,32.31
E02001701,E02001769,14.27,17.55,29.61
E02001701,E02001770,14.91,19.02,31.48
E02001701,E02001771,16.33,21.01,34.72
E02001701,E02001772,14.37,18.54,30.66
E02001701,E02001773,15.1,18.97,31.8
E02001701,E02001774,10.53,14.13,22.83
E02001701,E02001775,15.99,19.86,33.26
E02001701,E02001776,9.14,12.54,20.19
E02001701,E02001777,8.26,12.1,19.2
E02001701,E02001778,13.84,17.39,29.06
E02001701,E02001779,12.06,15.29,25.61
E02001701,E02001780,15.18,18.69,31.35
E02001701,E02001781,11.18,14.54,24.22
E02001701,E02001782,8.07,12.28,19.13
E02001701,E02001783,12.8,16.15,27.02
E02001701,E02001784,9.73,12.69,21.26
E02001701,E02001785,18.04,22.72,37.8
E02001701,E02001786,14.04,17.65,29.45
E02001701,E02001787,9.61,13.48,21.96
E02001701,E02001788,11.23,14.19,24.0
E02001701,E02001789,14.02,16.96,28.86
E02001701,E02001790,12.11,14.85,25.32
E02001701,E02001791,16.25,19.62,33.2
E02001701,E02001792,16.84,20.43,34.53
E02001701,E02001793,12.97,17.63,28.74
E02001701,E02001794,14.5,18.37,30.19
E02001701,E02001795,16.22,18.79,31.51
E02001701,E02001796,17.75,20.05,33.73
E02001701,E02001797,6.79,10.93,16.02
E02001701,E02001798,12.63,16.17,26.43
E02001701,E02001799,7.59,9.57,16.57
E02001701,E02001800,7.06,8.1,14.13
E02001701,E02001801,17.66,19.49,33.03
E02001701,E02001802,16.56,18.11,30.54
E02001701,E02001803,17.92,19.26,32.7
E02001701,E02001804,15.76,18.11,29.94
E02001701,E02001805,16.84,17.96,30.6
E02001701,E02001806,19.28,21.08,35.54
E02001701,E02001807,9.36,10.63,17.65
E02001701,E02001808,17.61,18.97,32.29
E02001701,E02001809,8.39,10.65,16.95
E02001701,E02001810,6.94,9.08,14.28
E02001701,E02001811,14.66,15.5,26.51
E02001701,E02001812,18.72,20.85,35.02
E02001701,E02001813,16.42,18.62,30.97
E02001701,E02001814,20.29,22.51,37.94
E02001701,E02001815,9.49,10.78,18.02
E02001701,E02001816,16.93,18.95,32.26
E02001701,E02001817,17.99,21.8,35.76
E02001701,E02001818,20.36,24.53,40.56
E02001701,E02001819,15.86,17.52,29.88
E02001701,E02001820,11.78,12.3,21.6
E02001701,E02001821,18.22,20.49,34.78
E02001701,E02001822,13.04,13.66,23.9
E02001701,E02001823,15.27,15.24,26.78
E02001701,E02001824,16.42,16.84,29.82
E02001701,E02001825,18.1,18.01,32.12
E02001701,E02001826,19.72,19.51,34.3
E02001701,E02006841,3.81,4.66,7.52
E02001701,E02006842,2.59,3.17,5.12
E02001701,E02006893,13.11,15.08,25.51
E02001702,E02001682,15.17,18.63,30.62
E02001702,E02001683,17.63,21.53,35.37
E02001702,E02001684,4.66,7.53,12.08
E02001702,E02001685,12.43,17.09,27.49
E02001702,E02001686,13.06,17.0,27.63
E02001702,E02001688,6.5,10.21,15.47
E02001702,E02001689,4.67,7.06,10.62
E02001702,E02001690,9.62,13.77,22.33
E02001702,E02001691,4.2,6.19,9.33
E02001702,E02001692,2.85,4.35,6.49
E02001702,E02001693,3.76,6.56,9.38
E02001702,E02001694,7.73,11.7,18.18
E02001702,E02001695,4.57,5.8,9.23
E02001702,E02001696,3.57,5.85,8.66
E02001702,E02001697,2.63,4.25,6.35
E02001702,E02001698,10.36,14.79,23.95
E02001702,E02001699,2.78,4.68,6.8
E02001702,E02001700,8.14,11.11,18.57
E02001702,E02001701,2.93,5.04,7.24
E02001702,E02001702,0.94,1.69,2.39
E02001702,E02001703,15.27,19.29,32.04
E02001702,E02001704,1.88,3.37,4.79
E02001702,E02001705,21.13,29.25,46.78
E02001702,E02001706,3.57,4.87,7.55
E02001702,E02001707,5.74,8.17,12.62
E02001702,E02001708,14.17,17.41,28.41
E02001702,E02001709,12.2,14.09,23.36
E02001702,E02001710,12.56,16.27,25.98
E02001702,E02001711,13.7,16.84,27.74
E02001702,E02001712,10.29,12.17,20.22
E02001702,E02001713,10.71,12.39,20.8
E02001702,E02001714,10.47,12.0,20.0
E02001702,E02001715,12.26,15.01,24.36
E02001702,E02001718,11.82,13.82,23.07
E02001702,E02001719,9.55,10.91,18.21
E02001702,E02001720,8.67,10.37,17.06
E02001702,E02001721,15.81,18.56,30.81
E02001702,E02001722,13.1,16.38,26.28
E02001702,E02001723,10.26,11.89,20.17
E02001702,E02001724,8.05,9.37,15.54
E02001702,E02001725,8.99,11.07,18.18
E02001702,E02001726,10.18,12.74,20.62
E02001702,E02001727,10.23,12.05,20.01
E02001702,E02001728,13.02,16.07,26.17
E02001702,E02001729,8.2,10.62,16.84
E02001702,E02001730,7.01,8.66,14.11
E02001702,E02001731,6.92,9.01,14.27
E02001702,E02001732,11.19,13.79,22.43
E02001702,E02001733,8.62,10.9,17.9
E02001702,E02001734,9.6,11.99,19.25
E02001702,E02001735,9.14,12.2,19.92
E02001702,E02001736,8.5,10.78,17.22
E02001702,E02001737,9.93,12.07,19.85
E02001702,E02001738,20.74,24.12,40.46
E02001702,E02001739,17.38,19.31,32.52
E02001702,E02001740,20.11,23.26,38.91
E02001702,E02001741,15.21,17.76,29.29
E02001702,E02001742,18.71,21.55,36.14
E02001702,E02001743,19.58,22.22,37.15
E02001702,E02001744,17.65,21.1,34.82
E02001702,E02001745,15.73,18.45,30.41
E02001702,E02001746,18.52,21.02,35.12
E02001702,E02001747,18.12,20.23,34.07
E02001702,E02001748,16.39,18.11,30.7
E02001702,E02001749,14.74,16.45,27.64
E02001702,E02001750,17.28,19.59,32.76
E02001702,E02001751,13.74,15.63,26.07
E02001702,E02001752,16.26,18.25,30.55
E02001702,E02001753,17.12,19.11,32.31
E02001702,E02001754,16.09,17.84,30.01
E02001702,E02001755,13.58,16.09,26.41
E02001702,E02001756,12.09,13.65,22.85
E02001702,E02001757,14.94,16.4,27.7
E02001702,E02001758,15.01,17.16,28.56
E02001702,E02001759,15.11,16.59,27.97
E02001702,E02001760,14.0,15.52,26.05
E02001702,E02001761,13.2,15.36,25.68
E02001702,E02001762,12.43,13.73,23.19
E02001702,E02001763,13.64,15.54,25.8
E02001702,E02001764,13.94,15.75,26.36
E02001702,E02001765,13.57,14.87,25.06
E02001702,E02001766,12.26,14.53,24.03
E02001702,E02001767,11.46,13.82,22.7
E02001702,E02001768,13.82,16.24,26.69
E02001702,E02001769,12.46,14.56,23.99
E02001702,E02001770,13.09,16.03,25.86
E02001702,E02001771,14.51,18.02,29.1
E02001702,E02001772,12.55,15.56,25.04
E02001702,E02001773,13.29,15.99,26.18
E02001702,E02001774,9.8,12.55,20.53
E02001702,E02001775,14.17,16.87,27.64
E02001702,E02001776,8.92,11.56,18.93
E02001702,E02001777,8.04,11.11,17.94
E02001702,E02001778,12.02,14.4,23.44
E02001702,E02001779,10.25,12.3,19.98
E02001702,E02001780,13.37,15.7,25.73
E02001702,E02001781,9.37,11.55,18.59
E02001702,E02001782,7.6,10.05,15.75
E02001702,E02001783,10.98,13.16,21.4
E02001702,E02001784,7.91,9.7,15.64
E02001702,E02001785,16.19,19.74,32.18
E02001702,E02001786,12.23,14.66,23.83
E02001702,E02001787,7.79,10.49,16.34
E02001702,E02001788,9.38,11.2,18.38
E02001702,E02001789,12.16,13.98,23.24
E02001702,E02001790,10.25,11.86,19.69
E02001702,E02001791,14.4,16.63,27.57
E02001702,E02001792,14.98,17.45,28.92
E02001702,E02001793,11.12,14.64,23.12
E02001702,E02001794,12.64,17.26,27.32
E02001702,E02001795,14.37,17.3,28.89
E02001702,E02001796,15.9,18.84,31.41
E02001702,E02001797,4.3,7.18,10.4
E02001702,E02001798,10.77,14.1,22.33
E02001702,E02001799,5.1,7.97,12.52
E02001702,E02001800,4.78,6.49,10.08
E02001702,E02001801,15.71,18.38,30.71
E02001702,E02001802,14.6,17.0,28.22
E02001702,E02001803,15.97,18.14,30.39
E02001702,E02001804,13.8,17.0,27.62
E02001702,E02001805,14.89,16.85,28.28
E02001702,E02001806,17.32,19.96,33.22
E02001702,E02001807,7.49,9.51,15.33
E02001702,E02001808,15.66,17.85,29.97
E02001702,E02001809,6.65,9.53,14.63
E02001702,E02001810,5.2,8.52,13.03
E02001702,E02001811,12.71,14.39,24.19
E02001702,E02001812,16.76,19.73,32.7
E02001702,E02001813,14.47,17.5,28.65
E02001702,E02001814,18.34,21.39,35.63
E02001702,E02001815,7.75,10.22,16.52
E02001702,E02001816,15.18,18.4,30.37
E02001702,E02001817,16.25,21.25,33.87
E02001702,E02001818,18.62,23.42,38.25
E02001702,E02001819,14.11,16.97,27.99
E02001702,E02001820,10.04,11.74,19.71
E02001702,E02001821,16.48,19.93,32.89
E02001702,E02001822,11.3,13.1,22.01
E02001702,E02001823,13.86,14.69,25.63
E02001702,E02001824,14.68,16.29,28.68
E02001702,E02001825,16.35,17.46,30.97
E02001702,E02001826,18.02,18.95,33.15
E02001702,E02006841,4.57,6.03,9.46
E02001702,E02006842,3.55,4.73,7.4
E02001702,E02006893,14.11,16.6,27.7
E02001703,E02001682,8.15,11.87,19.48
E02001703,E02001683,10.09,13.98,21.62
E02001703,E02001684,15.76,17.28,29.63
E02001703,E02001685,4.91,8.63,12.31
E02001703,E02001686,4.86,8.52,12.17
E02001703,E02001688,9.67,10.6,17.96
E02001703,E02001689,11.18,12.77,21.48
E02001703,E02001690,6.11,7.48,12.29
E02001703,E02001691,11.69,14.01,23.18
E02001703,E02001692,13.32,16.61,27.35
E02001703,E02001693,14.61,18.07,30.37
E02001703,E02001694,8.53,10.36,17.24
E02001703,E02001695,16.8,18.36,31.7
E02001703,E02001696,16.24,19.11,32.43
E02001703,E02001697,13.27,17.5,27.86
E02001703,E02001698,8.2,10.65,17.27
E02001703,E02001699,15.76,20.2,33.68
E02001703,E02001700,8.31,9.43,15.66
E02001703,E02001701,12.79,16.63,26.58
E02001703,E02001702,15.27,19.29,32.04
E02001703,E02001703,2.43,3.74,6.08
E02001703,E02001704,14.4,18.94,30.4
E02001703,E02001705,7.27,11.73,17.22
E02001703,E02001706,15.0,16.96,29.13
E02001703,E02001707,17.21,20.26,34.2
E02001703,E02001708,13.46,15.64,25.74
E02001703,E02001709,16.31,18.08,30.91
E02001703,E02001710,14.74,16.45,27.51
E02001703,E02001711,12.18,13.79,22.93
E02001703,E02001712,15.42,16.24,28.14
E02001703,E02001713,14.43,14.85,25.67
E02001703,E02001714,17.15,17.93,31.01
E02001703,E02001715,13.44,14.49,24.57
E02001703,E02001718,11.34,12.8,21.43
E02001703,E02001719,16.22,16.83,29.22
E02001703,E02001720,15.28,16.29,28.07
E02001703,E02001721,10.62,13.1,22.29
E02001703,E02001722,10.24,11.81,19.49
E02001703,E02001723,11.01,12.23,20.89
E02001703,E02001724,14.76,15.3,26.55
E02001703,E02001725,15.49,16.99,29.19
E02001703,E02001726,10.39,11.73,19.7
E02001703,E02001727,16.71,17.97,31.02
E02001703,E02001728,9.3,10.61,17.61
E02001703,E02001729,11.67,13.33,22.29
E02001703,E02001730,13.57,14.58,25.12
E02001703,E02001731,12.19,13.11,22.41
E02001703,E02001732,8.87,9.66,16.34
E02001703,E02001733,15.06,16.82,28.91
E02001703,E02001734,9.69,10.79,18.35
E02001703,E02001735,15.58,18.12,30.93
E02001703,E02001736,10.5,11.79,19.73
E02001703,E02001737,16.37,17.98,30.89
E02001703,E02001738,27.42,30.43,52.06
E02001703,E02001739,21.15,22.28,38.14
E02001703,E02001740,27.55,30.43,52.35
E02001703,E02001741,17.76,18.82,32.14
E02001703,E02001742,26.25,28.72,49.78
E02001703,E02001743,28.06,29.39,50.79
E02001703,E02001744,23.96,27.02,45.73
E02001703,E02001745,20.82,22.7,38.32
E02001703,E02001746,26.94,28.2,48.77
E02001703,E02001747,26.73,27.47,47.93
E02001703,E02001748,22.7,24.03,41.61
E02001703,E02001749,21.05,22.37,38.56
E02001703,E02001750,25.89,26.77,46.4
E02001703,E02001751,20.05,21.55,36.98
E02001703,E02001752,24.55,25.41,44.04
E02001703,E02001753,26.02,27.79,48.31
E02001703,E02001754,24.99,26.59,46.08
E02001703,E02001755,19.89,22.01,37.32
E02001703,E02001756,18.04,19.57,33.77
E02001703,E02001757,23.72,24.11,42.11
E02001703,E02001758,21.68,23.09,39.57
E02001703,E02001759,24.01,25.73,44.26
E02001703,E02001760,22.89,24.69,42.34
E02001703,E02001761,19.87,21.28,36.68
E02001703,E02001762,19.1,19.66,34.2
E02001703,E02001763,21.25,23.34,39.83
E02001703,E02001764,23.74,25.46,43.78
E02001703,E02001765,20.2,21.68,37.31
E02001703,E02001766,18.76,20.45,35.04
E02001703,E02001767,17.96,19.74,33.7
E02001703,E02001768,26.62,29.08,49.86
E02001703,E02001769,25.26,27.4,47.17
E02001703,E02001770,25.89,28.87,49.04
E02001703,E02001771,27.31,30.86,52.28
E02001703,E02001772,25.35,28.4,48.21
E02001703,E02001773,26.09,28.83,49.36
E02001703,E02001774,21.41,22.9,39.49
E02001703,E02001775,26.97,29.71,50.81
E02001703,E02001776,20.02,21.31,36.86
E02001703,E02001777,19.14,20.87,35.87
E02001703,E02001778,24.82,27.24,46.62
E02001703,E02001779,23.04,25.14,43.16
E02001703,E02001780,26.17,28.54,48.9
E02001703,E02001781,22.16,24.39,41.77
E02001703,E02001782,18.95,21.05,35.79
E02001703,E02001783,23.78,26.0,44.58
E02001703,E02001784,20.71,22.54,38.81
E02001703,E02001785,29.02,32.74,55.41
E02001703,E02001786,25.02,27.5,47.01
E02001703,E02001787,20.59,23.33,39.51
E02001703,E02001788,22.22,24.21,41.61
E02001703,E02001789,25.0,26.98,46.47
E02001703,E02001790,23.09,24.86,42.92
E02001703,E02001791,27.23,29.64,50.8
E02001703,E02001792,27.82,30.45,52.15
E02001703,E02001793,23.96,27.64,46.35
E02001703,E02001794,25.48,30.19,50.55
E02001703,E02001795,27.2,30.31,52.12
E02001703,E02001796,28.73,31.84,54.56
E02001703,E02001797,19.13,22.68,38.42
E02001703,E02001798,23.61,27.11,45.55
E02001703,E02001799,19.8,21.4,37.41
E02001703,E02001800,18.51,19.92,34.97
E02001703,E02001801,28.65,31.32,53.86
E02001703,E02001802,27.54,29.94,51.38
E02001703,E02001803,28.9,31.08,53.54
E02001703,E02001804,26.98,29.93,50.77
E02001703,E02001805,28.06,29.78,51.44
E02001703,E02001806,30.26,32.9,56.38
E02001703,E02001807,20.58,22.45,38.49
E02001703,E02001808,28.83,30.79,53.13
E02001703,E02001809,19.61,22.47,37.78
E02001703,E02001810,18.16,20.9,35.12
E02001703,E02001811,25.88,27.33,47.34
E02001703,E02001812,29.94,32.67,55.86
E02001703,E02001813,27.64,30.44,51.8
E02001703,E02001814,31.51,34.33,58.78
E02001703,E02001815,20.3,22.6,38.86
E02001703,E02001816,27.5,30.78,53.1
E02001703,E02001817,28.57,33.62,56.6
E02001703,E02001818,30.94,36.36,61.4
E02001703,E02001819,26.43,29.35,50.72
E02001703,E02001820,22.19,24.12,42.44
E02001703,E02001821,28.8,32.31,55.62
E02001703,E02001822,23.47,25.48,44.74
E02001703,E02001823,22.85,27.07,47.61
E02001703,E02001824,24.88,28.67,50.66
E02001703,E02001825,26.38,29.84,52.95
E02001703,E02001826,27.29,31.33,55.13
E02001703,E02006841,13.01,15.32,25.4
E02001703,E02006842,12.42,15.28,25.16
E02001703,E02006893,11.52,13.52,22.16
E02001704,E02001682,14.3,18.88,30.75
E02001704,E02001683,16.76,21.78,35.5
E02001704,E02001684,4.95,8.97,13.25
E02001704,E02001685,11.56,16.74,25.85
E02001704,E02001686,12.19,17.25,27.31
E02001704,E02001688,6.29,10.46,15.42
E02001704,E02001689,4.46,6.96,10.51
E02001704,E02001690,8.75,13.42,20.47
E02001704,E02001691,3.9,5.73,8.81
E02001704,E02001692,2.91,5.41,7.59
E02001704,E02001693,3.82,7.62,10.49
E02001704,E02001694,6.86,11.34,16.99
E02001704,E02001695,5.45,7.24,11.35
E02001704,E02001696,4.46,7.29,10.78
E02001704,E02001697,2.01,4.01,5.52
E02001704,E02001698,9.49,14.44,22.08
E02001704,E02001699,3.33,6.12,8.92
E02001704,E02001700,7.28,10.75,16.7
E02001704,E02001701,2.06,3.5,5.11
E02001704,E02001702,1.88,3.37,4.79
E02001704,E02001703,14.4,18.94,30.4
E02001704,E02001704,0.94,1.69,2.39
E02001704,E02001705,20.05,28.9,44.91
E02001704,E02001706,3.57,5.16,7.84
E02001704,E02001707,5.75,8.46,12.91
E02001704,E02001708,14.23,17.66,28.96
E02001704,E02001709,12.27,14.34,23.91
E02001704,E02001710,12.62,16.52,26.53
E02001704,E02001711,13.76,17.09,28.28
E02001704,E02001712,10.36,12.42,20.77
E02001704,E02001713,10.77,12.64,21.34
E02001704,E02001714,10.54,12.25,20.55
E02001704,E02001715,12.32,15.26,24.91
E02001704,E02001718,11.89,14.07,23.62
E02001704,E02001719,9.62,11.16,18.76
E02001704,E02001720,8.74,10.62,17.61
E02001704,E02001721,15.48,18.81,31.36
E02001704,E02001722,13.17,16.63,26.83
E02001704,E02001723,10.32,12.13,20.72
E02001704,E02001724,8.12,9.62,16.09
E02001704,E02001725,9.06,11.32,18.73
E02001704,E02001726,10.25,12.99,21.17
E02001704,E02001727,10.3,12.3,20.56
E02001704,E02001728,12.64,16.32,26.72
E02001704,E02001729,8.27,10.87,17.39
E02001704,E02001730,7.08,8.9,14.66
E02001704,E02001731,6.99,9.26,14.82
E02001704,E02001732,11.22,14.04,22.98
E02001704,E02001733,8.68,11.15,18.45
E02001704,E02001734,9.63,12.23,19.8
E02001704,E02001735,9.2,12.45,20.47
E02001704,E02001736,8.57,11.03,17.77
E02001704,E02001737,10.0,12.32,20.4
E02001704,E02001738,21.18,24.75,41.7
E02001704,E02001739,17.45,19.56,33.07
E02001704,E02001740,20.99,24.7,41.03
E02001704,E02001741,15.27,18.01,29.84
E02001704,E02001742,19.6,22.99,38.26
E02001704,E02001743,20.47,23.66,39.27
E02001704,E02001744,17.71,21.35,35.36
E02001704,E02001745,15.8,18.69,30.96
E02001704,E02001746,19.4,22.46,37.24
E02001704,E02001747,19.01,21.67,36.19
E02001704,E02001748,16.46,18.36,31.25
E02001704,E02001749,14.8,16.7,28.19
E02001704,E02001750,18.17,21.03,34.88
E02001704,E02001751,13.8,15.88,26.62
E02001704,E02001752,17.15,19.69,32.67
E02001704,E02001753,18.0,20.55,34.43
E02001704,E02001754,16.98,19.28,32.13
E02001704,E02001755,13.65,16.33,26.96
E02001704,E02001756,12.15,13.9,23.4
E02001704,E02001757,15.83,17.84,29.82
E02001704,E02001758,15.08,17.41,29.11
E02001704,E02001759,16.0,18.03,30.09
E02001704,E02001760,14.88,16.96,28.17
E02001704,E02001761,13.26,15.61,26.22
E02001704,E02001762,12.49,13.98,23.74
E02001704,E02001763,14.52,16.98,27.92
E02001704,E02001764,14.82,17.19,28.48
E02001704,E02001765,13.77,16.01,26.85
E02001704,E02001766,12.33,14.78,24.58
E02001704,E02001767,11.53,14.07,23.24
E02001704,E02001768,14.71,17.68,28.81
E02001704,E02001769,13.34,16.0,26.11
E02001704,E02001770,13.98,17.47,27.98
E02001704,E02001771,15.4,19.46,31.22
E02001704,E02001772,13.44,17.0,27.16
E02001704,E02001773,14.17,17.43,28.3
E02001704,E02001774,10.6,13.99,22.65
E02001704,E02001775,15.06,18.31,29.76
E02001704,E02001776,9.21,13.0,20.48
E02001704,E02001777,8.33,12.55,19.49
E02001704,E02001778,12.91,15.84,25.56
E02001704,E02001779,11.13,13.74,22.1
E02001704,E02001780,14.25,17.14,27.85
E02001704,E02001781,10.25,12.99,20.71
E02001704,E02001782,8.14,11.49,17.87
E02001704,E02001783,11.87,14.6,23.52
E02001704,E02001784,8.8,11.14,17.76
E02001704,E02001785,17.07,21.18,34.3
E02001704,E02001786,13.11,16.1,25.95
E02001704,E02001787,8.68,11.93,18.46
E02001704,E02001788,10.26,12.64,20.5
E02001704,E02001789,13.05,15.42,25.36
E02001704,E02001790,11.14,13.3,21.81
E02001704,E02001791,15.28,18.07,29.69
E02001704,E02001792,15.86,18.89,31.04
E02001704,E02001793,12.0,16.08,25.24
E02001704,E02001794,13.53,18.35,29.44
E02001704,E02001795,15.25,18.74,30.99
E02001704,E02001796,16.78,20.03,33.2
E02001704,E02001797,5.18,8.62,12.52
E02001704,E02001798,11.65,15.54,24.45
E02001704,E02001799,5.98,9.41,14.64
E02001704,E02001800,5.41,7.93,12.2
E02001704,E02001801,16.28,19.47,32.5
E02001704,E02001802,15.17,18.09,30.01
E02001704,E02001803,16.54,19.24,32.18
E02001704,E02001804,14.37,18.09,29.41
E02001704,E02001805,15.46,17.94,30.08
E02001704,E02001806,17.89,21.05,35.02
E02001704,E02001807,7.98,10.6,17.13
E02001704,E02001808,16.23,18.95,31.77
E02001704,E02001809,7.0,10.63,16.42
E02001704,E02001810,5.56,9.05,13.76
E02001704,E02001811,13.28,15.48,25.98
E02001704,E02001812,17.33,20.82,34.49
E02001704,E02001813,15.04,18.6,30.44
E02001704,E02001814,18.91,22.49,37.42
E02001704,E02001815,8.11,10.75,17.5
E02001704,E02001816,15.54,18.93,31.74
E02001704,E02001817,16.61,21.78,35.24
E02001704,E02001818,18.97,24.51,40.04
E02001704,E02001819,14.47,17.5,29.36
E02001704,E02001820,10.4,12.27,21.08
E02001704,E02001821,16.84,20.47,34.25
E02001704,E02001822,11.66,13.63,23.38
E02001704,E02001823,14.22,15.22,26.25
E02001704,E02001824,15.03,16.82,29.3
E02001704,E02001825,16.71,17.99,31.59
E02001704,E02001826,18.37,19.48,33.77
E02001704,E02006841,4.64,6.43,10.25
E02001704,E02006842,3.57,4.94,7.85
E02001704,E02006893,14.18,16.85,28.25
E02001705,E02001682,9.05,16.16,23.12
E02001705,E02001683,7.74,14.34,20.15
E02001705,E02001684,22.19,27.36,44.59
E02001705,E02001685,9.57,18.58,25.76
E02001705,E02001686,9.3,17.69,24.73
E02001705,E02001688,15.93,20.68,32.92
E02001705,E02001689,17.61,22.86,36.44
E02001705,E02001690,12.54,17.56,27.26
E02001705,E02001691,18.12,24.1,38.15
E02001705,E02001692,19.75,26.7,42.32
E02001705,E02001693,21.04,28.16,45.34
E02001705,E02001694,14.95,20.45,32.2
E02001705,E02001695,23.22,28.45,46.66
E02001705,E02001696,22.67,29.2,47.39
E02001705,E02001697,19.52,27.59,42.58
E02001705,E02001698,13.5,20.49,31.37
E02001705,E02001699,22.19,30.29,48.64
E02001705,E02001700,13.61,18.6,28.84
E02001705,E02001701,19.04,26.72,41.3
E02001705,E02001702,21.13,29.25,46.78
E02001705,E02001703,7.27,11.73,17.22
E02001705,E02001704,20.04,28.9,44.91
E02001705,E02001705,3.64,5.86,8.61
E02001705,E02001706,20.3,26.93,43.32
E02001705,E02001707,22.51,30.23,48.39
E02001705,E02001708,19.13,25.72,40.7
E02001705,E02001709,21.98,28.17,45.87
E02001705,E02001710,20.41,26.54,42.47
E02001705,E02001711,17.85,23.88,37.89
E02001705,E02001712,20.64,26.33,43.1
E02001705,E02001713,20.01,24.93,40.63
E02001705,E02001714,22.37,28.01,45.97
E02001705,E02001715,19.1,24.57,39.53
E02001705,E02001718,16.78,22.89,36.39
E02001705,E02001719,21.44,26.92,44.18
E02001705,E02001720,20.5,26.38,43.03
E02001705,E02001721,13.46,22.32,32.42
E02001705,E02001722,15.86,21.89,34.45
E02001705,E02001723,16.23,22.31,35.85
E02001705,E02001724,19.98,25.38,41.51
E02001705,E02001725,21.04,27.08,44.15
E02001705,E02001726,15.61,21.82,34.66
E02001705,E02001727,22.29,28.06,45.98
E02001705,E02001728,14.52,20.7,32.58
E02001705,E02001729,16.89,23.41,37.25
E02001705,E02001730,19.01,24.66,40.08
E02001705,E02001731,17.41,23.19,37.37
E02001705,E02001732,14.09,19.75,31.3
E02001705,E02001733,20.73,26.91,43.87
E02001705,E02001734,14.91,20.87,33.31
E02001705,E02001735,21.25,28.21,45.89
E02001705,E02001736,15.72,21.88,34.69
E02001705,E02001737,22.05,28.07,45.86
E02001705,E02001738,32.64,40.51,67.02
E02001705,E02001739,26.81,32.37,53.1
E02001705,E02001740,32.77,40.52,67.32
E02001705,E02001741,23.42,28.91,47.1
E02001705,E02001742,31.47,38.8,64.75
E02001705,E02001743,33.28,39.48,65.75
E02001705,E02001744,29.18,37.11,60.69
E02001705,E02001745,26.49,32.78,53.28
E02001705,E02001746,32.16,38.28,63.73
E02001705,E02001747,31.95,37.55,62.9
E02001705,E02001748,27.92,34.12,56.57
E02001705,E02001749,26.27,32.46,53.52
E02001705,E02001750,31.11,36.85,61.36
E02001705,E02001751,25.27,31.63,51.94
E02001705,E02001752,29.77,35.49,59.0
E02001705,E02001753,31.57,37.88,63.28
E02001705,E02001754,30.4,36.68,61.04
E02001705,E02001755,25.11,32.09,52.28
E02001705,E02001756,23.26,29.66,48.73
E02001705,E02001757,28.94,34.19,57.07
E02001705,E02001758,26.9,33.17,54.53
E02001705,E02001759,29.57,35.82,59.22
E02001705,E02001760,28.45,34.78,57.3
E02001705,E02001761,25.09,31.37,51.65
E02001705,E02001762,24.32,29.74,49.16
E02001705,E02001763,26.8,33.43,54.79
E02001705,E02001764,29.31,35.54,58.75
E02001705,E02001765,25.76,31.77,52.27
E02001705,E02001766,24.31,30.54,50.0
E02001705,E02001767,23.52,29.83,48.67
E02001705,E02001768,33.05,39.16,64.82
E02001705,E02001769,31.68,37.49,62.13
E02001705,E02001770,32.32,38.96,64.0
E02001705,E02001771,33.74,40.95,67.24
E02001705,E02001772,31.78,38.49,63.17
E02001705,E02001773,32.52,38.91,64.32
E02001705,E02001774,27.84,32.99,54.45
E02001705,E02001775,33.4,39.8,65.77
E02001705,E02001776,26.45,31.4,51.82
E02001705,E02001777,25.57,30.95,50.83
E02001705,E02001778,31.25,37.33,61.58
E02001705,E02001779,29.47,35.23,58.12
E02001705,E02001780,32.59,38.63,63.86
E02001705,E02001781,28.59,34.48,56.73
E02001705,E02001782,25.38,31.14,50.76
E02001705,E02001783,30.21,36.09,59.54
E02001705,E02001784,27.14,32.63,53.77
E02001705,E02001785,35.45,42.83,70.37
E02001705,E02001786,31.45,37.59,61.97
E02001705,E02001787,27.02,33.42,54.48
E02001705,E02001788,28.64,34.29,56.57
E02001705,E02001789,31.43,37.07,61.43
E02001705,E02001790,29.52,34.95,57.88
E02001705,E02001791,33.66,39.72,65.76
E02001705,E02001792,34.25,40.54,67.12
E02001705,E02001793,30.38,37.73,61.31
E02001705,E02001794,31.91,40.16,65.22
E02001705,E02001795,33.3,40.39,66.54
E02001705,E02001796,34.75,41.84,68.76
E02001705,E02001797,24.43,32.77,52.62
E02001705,E02001798,30.04,37.19,60.52
E02001705,E02001799,25.1,31.36,51.6
E02001705,E02001800,23.81,29.89,49.16
E02001705,E02001801,34.18,41.28,68.06
E02001705,E02001802,33.08,39.9,65.57
E02001705,E02001803,34.44,41.05,67.74
E02001705,E02001804,32.28,39.9,64.96
E02001705,E02001805,33.36,39.75,65.63
E02001705,E02001806,35.8,42.86,70.57
E02001705,E02001807,25.88,32.41,52.68
E02001705,E02001808,34.13,40.76,67.32
E02001705,E02001809,24.91,32.44,51.98
E02001705,E02001810,23.46,30.87,49.31
E02001705,E02001811,31.18,37.29,61.54
E02001705,E02001812,35.23,42.63,70.05
E02001705,E02001813,32.94,40.41,65.99
E02001705,E02001814,36.81,44.3,72.97
E02001705,E02001815,25.6,32.56,53.05
E02001705,E02001816,32.8,40.74,67.29
E02001705,E02001817,33.87,43.59,70.79
E02001705,E02001818,36.24,46.32,75.59
E02001705,E02001819,31.73,39.31,64.91
E02001705,E02001820,27.49,34.09,56.63
E02001705,E02001821,34.1,42.28,69.81
E02001705,E02001822,28.77,35.45,58.93
E02001705,E02001823,28.15,37.03,61.17
E02001705,E02001824,30.18,38.63,64.22
E02001705,E02001825,31.68,39.8,66.51
E02001705,E02001826,32.59,41.3,68.69
E02001705,E02006841,19.43,25.41,40.36
E02001705,E02006842,18.85,25.37,40.12
E02001705,E02006893,16.29,23.61,37.12
E02001706,E02001682,15.6,17.55,29.47
E02001706,E02001683,18.06,20.45,34.22
E02001706,E02001684,7.45,9.15,16.89
E02001706,E02001685,12.87,14.76,24.57
E02001706,E02001686,13.5,15.75,26.03
E02001706,E02001688,8.23,8.85,15.08
E02001706,E02001689,6.78,8.65,13.77
E02001706,E02001690,9.9,11.44,18.87
E02001706,E02001691,6.21,7.41,12.07
E02001706,E02001692,5.64,7.66,11.89
E02001706,E02001693,6.55,9.86,14.78
E02001706,E02001694,8.01,9.37,15.48
E02001706,E02001695,7.11,7.42,14.04
E02001706,E02001696,6.11,8.55,13.47
E02001706,E02001697,4.59,5.83,9.45
E02001706,E02001698,10.08,12.47,20.49
E02001706,E02001699,5.37,7.58,11.62
E02001706,E02001700,8.11,8.78,15.11
E02001706,E02001701,4.24,5.18,8.36
E02001706,E02001702,3.57,4.87,7.55
E02001706,E02001703,15.0,16.96,29.13
E02001706,E02001704,3.57,5.16,7.84
E02001706,E02001705,20.3,26.93,43.32
E02001706,E02001706,1.33,2.14,3.21
E02001706,E02001707,2.66,4.28,6.41
E02001706,E02001708,16.63,19.34,32.22
E02001706,E02001709,14.66,16.02,27.17
E02001706,E02001710,15.01,18.21,29.79
E02001706,E02001711,16.16,18.56,31.42
E02001706,E02001712,12.75,14.1,24.03
E02001706,E02001713,13.17,14.32,24.6
E02001706,E02001714,12.93,13.94,23.81
E02001706,E02001715,14.71,16.94,28.17
E02001706,E02001718,14.28,15.75,26.88
E02001706,E02001719,12.01,12.84,22.02
E02001706,E02001720,11.13,12.3,20.87
E02001706,E02001721,16.79,17.82,30.67
E02001706,E02001722,15.11,16.58,27.97
E02001706,E02001723,12.72,13.82,23.98
E02001706,E02001724,10.51,11.31,19.35
E02001706,E02001725,11.45,13.0,21.99
E02001706,E02001726,12.64,14.67,24.43
E02001706,E02001727,12.69,13.98,23.82
E02001706,E02001728,13.95,15.33,26.0
E02001706,E02001729,10.66,12.55,20.65
E02001706,E02001730,9.47,10.59,17.92
E02001706,E02001731,9.38,10.95,18.08
E02001706,E02001732,13.52,14.38,24.72
E02001706,E02001733,11.08,12.83,21.71
E02001706,E02001734,11.94,13.92,23.06
E02001706,E02001735,11.6,14.13,23.73
E02001706,E02001736,10.96,12.71,21.03
E02001706,E02001737,12.39,14.0,23.66
E02001706,E02001738,23.28,24.45,43.65
E02001706,E02001739,19.84,21.24,36.33
E02001706,E02001740,22.65,23.59,42.1
E02001706,E02001741,17.67,19.7,33.1
E02001706,E02001742,21.26,21.88,39.33
E02001706,E02001743,22.12,22.55,40.34
E02001706,E02001744,20.1,21.68,38.52
E02001706,E02001745,18.19,20.38,34.22
E02001706,E02001746,21.06,21.35,38.31
E02001706,E02001747,20.67,20.56,37.26
E02001706,E02001748,18.85,18.67,34.37
E02001706,E02001749,17.2,18.38,31.45
E02001706,E02001750,19.82,19.92,35.95
E02001706,E02001751,16.2,17.56,29.88
E02001706,E02001752,18.8,18.58,33.74
E02001706,E02001753,19.66,19.44,35.5
E02001706,E02001754,18.63,18.17,33.2
E02001706,E02001755,16.04,18.02,30.22
E02001706,E02001756,14.54,15.58,26.66
E02001706,E02001757,17.48,16.72,30.89
E02001706,E02001758,17.47,17.74,32.0
E02001706,E02001759,17.65,16.92,31.16
E02001706,E02001760,16.54,15.85,29.24
E02001706,E02001761,15.66,17.29,29.48
E02001706,E02001762,14.88,15.67,27.0
E02001706,E02001763,16.18,15.87,28.99
E02001706,E02001764,16.48,16.08,29.55
E02001706,E02001765,16.11,15.2,28.25
E02001706,E02001766,14.72,16.46,27.84
E02001706,E02001767,13.92,15.75,26.5
E02001706,E02001768,16.36,16.56,29.87
E02001706,E02001769,15.0,14.89,27.18
E02001706,E02001770,15.63,16.36,29.05
E02001706,E02001771,17.06,18.35,32.29
E02001706,E02001772,15.09,15.89,28.22
E02001706,E02001773,15.83,16.31,29.37
E02001706,E02001774,12.34,12.88,23.72
E02001706,E02001775,16.71,17.2,30.82
E02001706,E02001776,11.7,12.26,22.63
E02001706,E02001777,10.82,11.82,21.64
E02001706,E02001778,14.56,14.73,26.63
E02001706,E02001779,12.79,12.63,23.17
E02001706,E02001780,15.91,16.03,28.91
E02001706,E02001781,11.91,11.88,21.78
E02001706,E02001782,10.14,10.38,18.94
E02001706,E02001783,13.52,13.49,24.59
E02001706,E02001784,10.45,10.03,18.82
E02001706,E02001785,18.73,20.06,35.17
E02001706,E02001786,14.77,14.99,27.02
E02001706,E02001787,10.33,10.82,19.53
E02001706,E02001788,11.92,11.53,21.37
E02001706,E02001789,14.71,14.3,26.23
E02001706,E02001790,12.79,12.19,22.68
E02001706,E02001791,15.8,16.96,29.51
E02001706,E02001792,16.14,17.78,30.24
E02001706,E02001793,12.7,14.97,25.19
E02001706,E02001794,13.57,15.71,25.9
E02001706,E02001795,14.59,16.13,27.22
E02001706,E02001796,16.04,17.39,29.43
E02001706,E02001797,6.14,8.53,13.29
E02001706,E02001798,11.48,13.51,22.13
E02001706,E02001799,6.4,6.92,12.24
E02001706,E02001800,5.11,5.44,9.8
E02001706,E02001801,15.48,16.84,28.73
E02001706,E02001802,14.37,15.46,26.25
E02001706,E02001803,15.73,16.6,28.41
E02001706,E02001804,13.57,15.45,25.64
E02001706,E02001805,14.66,15.3,26.31
E02001706,E02001806,17.09,18.42,31.25
E02001706,E02001807,7.18,7.97,13.36
E02001706,E02001808,15.42,16.31,28.0
E02001706,E02001809,6.2,7.99,12.65
E02001706,E02001810,4.75,6.42,9.99
E02001706,E02001811,12.47,12.85,22.21
E02001706,E02001812,16.53,18.19,30.73
E02001706,E02001813,14.24,15.96,26.67
E02001706,E02001814,18.1,19.85,33.65
E02001706,E02001815,6.18,8.12,13.69
E02001706,E02001816,14.23,16.29,27.97
E02001706,E02001817,15.3,19.14,31.47
E02001706,E02001818,17.67,21.88,36.27
E02001706,E02001819,13.16,14.87,25.59
E02001706,E02001820,9.09,9.64,17.31
E02001706,E02001821,15.53,17.83,30.49
E02001706,E02001822,10.35,11.0,19.61
E02001706,E02001823,11.86,12.59,22.45
E02001706,E02001824,13.72,14.19,25.49
E02001706,E02001825,15.39,15.35,27.79
E02001706,E02001826,16.31,16.85,29.97
E02001706,E02006841,7.19,8.11,13.51
E02001706,E02006842,5.97,6.63,11.11
E02001706,E02006893,16.38,18.29,30.64
E02001707,E02001682,17.78,20.85,34.54
E02001707,E02001683,20.24,23.75,39.29
E02001707,E02001684,9.1,10.14,17.73
E02001707,E02001685,15.05,18.07,29.64
E02001707,E02001686,15.68,19.05,31.1
E02001707,E02001688,10.41,12.15,20.15
E02001707,E02001689,8.96,11.95,18.84
E02001707,E02001690,12.08,14.74,23.94
E02001707,E02001691,8.39,10.71,17.14
E02001707,E02001692,7.81,10.96,16.96
E02001707,E02001693,8.72,11.84,19.85
E02001707,E02001694,10.2,12.67,20.55
E02001707,E02001695,8.1,8.41,14.88
E02001707,E02001696,7.76,9.54,16.3
E02001707,E02001697,6.77,9.13,14.52
E02001707,E02001698,12.3,15.77,25.56
E02001707,E02001699,7.02,10.33,15.6
E02001707,E02001700,10.29,12.08,20.17
E02001707,E02001701,6.42,8.48,13.43
E02001707,E02001702,5.74,8.17,12.62
E02001707,E02001703,17.21,20.26,34.2
E02001707,E02001704,5.75,8.46,12.91
E02001707,E02001705,22.51,30.23,48.39
E02001707,E02001706,2.66,4.28,6.41
E02001707,E02001707,1.33,2.14,3.21
E02001707,E02001708,18.81,22.64,37.29
E02001707,E02001709,16.84,19.32,32.24
E02001707,E02001710,17.19,21.51,34.86
E02001707,E02001711,18.34,21.86,36.48
E02001707,E02001712,14.93,17.4,29.1
E02001707,E02001713,15.35,17.62,29.67
E02001707,E02001714,15.11,17.24,28.88
E02001707,E02001715,16.9,20.24,33.24
E02001707,E02001718,16.46,19.05,31.95
E02001707,E02001719,14.19,16.14,27.09
E02001707,E02001720,13.31,15.6,25.94
E02001707,E02001721,18.97,21.12,35.74
E02001707,E02001722,17.29,19.88,33.04
E02001707,E02001723,14.9,17.12,29.04
E02001707,E02001724,12.69,14.61,24.42
E02001707,E02001725,13.63,16.3,27.06
E02001707,E02001726,14.82,17.97,29.5
E02001707,E02001727,14.87,17.28,28.89
E02001707,E02001728,16.13,18.63,31.07
E02001707,E02001729,12.84,15.85,25.72
E02001707,E02001730,11.65,13.89,22.99
E02001707,E02001731,11.56,14.25,23.15
E02001707,E02001732,15.7,17.68,29.79
E02001707,E02001733,13.26,16.13,26.78
E02001707,E02001734,14.12,17.22,28.13
E02001707,E02001735,13.78,17.43,28.8
E02001707,E02001736,13.14,16.01,26.1
E02001707,E02001737,14.57,17.3,28.72
E02001707,E02001738,23.8,25.44,44.47
E02001707,E02001739,22.02,24.54,41.4
E02001707,E02001740,23.17,24.58,42.92
E02001707,E02001741,19.85,23.0,38.17
E02001707,E02001742,21.77,22.86,40.15
E02001707,E02001743,22.64,23.54,41.16
E02001707,E02001744,21.18,22.66,39.34
E02001707,E02001745,20.37,23.68,39.29
E02001707,E02001746,21.58,22.34,39.13
E02001707,E02001747,21.18,21.55,38.08
E02001707,E02001748,19.95,19.65,35.19
E02001707,E02001749,19.38,21.68,36.52
E02001707,E02001750,20.34,20.91,36.77
E02001707,E02001751,18.38,20.86,34.95
E02001707,E02001752,19.32,19.57,34.56
E02001707,E02001753,20.18,20.43,36.32
E02001707,E02001754,19.15,19.16,34.02
E02001707,E02001755,18.22,21.32,35.29
E02001707,E02001756,16.73,18.88,31.73
E02001707,E02001757,18.0,17.71,31.71
E02001707,E02001758,18.24,18.73,32.82
E02001707,E02001759,18.17,17.91,31.98
E02001707,E02001760,17.05,16.84,30.06
E02001707,E02001761,17.84,19.48,34.43
E02001707,E02001762,17.06,18.97,32.07
E02001707,E02001763,16.7,16.86,29.81
E02001707,E02001764,17.0,17.07,30.37
E02001707,E02001765,16.62,16.19,29.07
E02001707,E02001766,16.9,18.06,32.16
E02001707,E02001767,16.1,18.86,31.57
E02001707,E02001768,16.88,17.55,30.69
E02001707,E02001769,15.52,15.88,28.0
E02001707,E02001770,16.15,17.35,29.87
E02001707,E02001771,17.57,19.34,33.11
E02001707,E02001772,15.61,16.88,29.04
E02001707,E02001773,16.35,17.3,30.19
E02001707,E02001774,12.86,13.87,24.54
E02001707,E02001775,17.23,18.19,31.65
E02001707,E02001776,12.51,13.25,23.45
E02001707,E02001777,11.82,12.81,22.46
E02001707,E02001778,15.08,15.72,27.45
E02001707,E02001779,13.3,13.62,23.99
E02001707,E02001780,16.43,17.02,29.73
E02001707,E02001781,12.42,12.87,22.6
E02001707,E02001782,10.66,11.37,19.76
E02001707,E02001783,14.04,14.48,25.41
E02001707,E02001784,10.97,11.02,19.64
E02001707,E02001785,19.17,21.05,35.99
E02001707,E02001786,15.29,15.98,27.84
E02001707,E02001787,10.85,11.81,20.35
E02001707,E02001788,12.36,12.52,22.19
E02001707,E02001789,15.15,15.29,27.05
E02001707,E02001790,13.24,13.18,23.5
E02001707,E02001791,15.63,17.95,30.52
E02001707,E02001792,15.97,18.76,31.25
E02001707,E02001793,12.53,15.96,26.21
E02001707,E02001794,13.4,16.86,26.91
E02001707,E02001795,14.42,17.28,28.23
E02001707,E02001796,15.87,18.54,30.45
E02001707,E02001797,5.97,9.51,14.31
E02001707,E02001798,11.31,14.66,23.15
E02001707,E02001799,6.23,7.9,12.83
E02001707,E02001800,4.94,6.43,10.39
E02001707,E02001801,14.24,17.98,29.75
E02001707,E02001802,13.19,16.6,27.26
E02001707,E02001803,14.9,17.75,29.43
E02001707,E02001804,12.04,16.6,26.66
E02001707,E02001805,13.12,16.45,27.32
E02001707,E02001806,16.23,19.56,32.26
E02001707,E02001807,6.55,9.11,14.37
E02001707,E02001808,13.89,17.46,29.01
E02001707,E02001809,5.98,9.14,13.67
E02001707,E02001810,4.58,7.56,11.0
E02001707,E02001811,10.94,13.99,23.23
E02001707,E02001812,14.99,19.33,31.74
E02001707,E02001813,12.7,17.04,27.27
E02001707,E02001814,16.53,21.0,34.66
E02001707,E02001815,4.12,8.25,11.34
E02001707,E02001816,12.18,17.28,27.26
E02001707,E02001817,13.25,20.13,30.76
E02001707,E02001818,15.61,23.02,36.47
E02001707,E02001819,11.11,15.86,24.88
E02001707,E02001820,7.04,10.63,16.6
E02001707,E02001821,13.47,18.82,29.78
E02001707,E02001822,8.29,11.99,18.9
E02001707,E02001823,9.92,13.58,22.54
E02001707,E02001824,11.67,15.18,25.59
E02001707,E02001825,13.35,16.34,27.88
E02001707,E02001826,14.37,17.84,30.07
E02001707,E02006841,9.37,11.41,18.58
E02001707,E02006842,8.15,9.93,16.18
E02001707,E02006893,18.57,21.59,35.71
E02001708,E02001682,11.64,14.39,23.13
E02001708,E02001683,14.1,17.3,27.88
E02001708,E02001684,13.22,14.94,24.98
E02001708,E02001685,10.01,13.32,20.88
E02001708,E02001686,9.83,12.76,20.14
E02001708,E02001688,10.48,13.4,21.85
E02001708,E02001689,9.95,12.63,20.26
E02001708,E02001690,9.42,11.83,18.9
E02001708,E02001691,10.57,13.87,21.96
E02001708,E02001692,11.69,14.58,23.72
E02001708,E02001693,12.97,15.74,25.72
E02001708,E02001694,11.36,13.8,22.34
E02001708,E02001695,14.53,16.02,27.05
E02001708,E02001696,14.51,16.77,27.78
E02001708,E02001697,12.56,15.52,25.54
E02001708,E02001698,11.53,15.0,23.87
E02001708,E02001699,14.13,17.87,29.02
E02001708,E02001700,13.97,16.5,27.3
E02001708,E02001701,13.23,15.88,26.22
E02001708,E02001702,14.17,17.41,28.41
E02001708,E02001703,13.46,15.64,25.74
E02001708,E02001704,14.23,17.66,28.96
E02001708,E02001705,19.13,25.72,40.7
E02001708,E02001706,16.63,19.34,32.22
E02001708,E02001707,18.81,22.64,37.29
E02001708,E02001708,1.45,2.9,3.99
E02001708,E02001709,4.46,7.37,11.38
E02001708,E02001710,2.9,5.81,7.98
E02001708,E02001711,3.15,6.2,8.56
E02001708,E02001712,5.21,8.21,13.03
E02001708,E02001713,4.7,6.82,10.57
E02001708,E02001714,7.73,12.15,19.38
E02001708,E02001715,4.01,6.46,9.46
E02001708,E02001718,3.38,6.01,8.66
E02001708,E02001719,8.58,11.77,19.11
E02001708,E02001720,6.66,10.45,16.44
E02001708,E02001721,8.95,11.68,18.4
E02001708,E02001722,5.27,8.92,12.88
E02001708,E02001723,4.34,6.34,9.6
E02001708,E02001724,8.27,10.23,16.44
E02001708,E02001725,9.17,12.23,20.05
E02001708,E02001726,5.06,7.54,11.38
E02001708,E02001727,11.23,13.88,23.06
E02001708,E02001728,6.43,9.6,14.45
E02001708,E02001729,6.65,9.3,14.34
E02001708,E02001730,8.48,10.42,16.79
E02001708,E02001731,7.25,9.48,14.93
E02001708,E02001732,5.82,7.96,12.45
E02001708,E02001733,10.6,12.73,20.95
E02001708,E02001734,6.34,9.26,14.03
E02001708,E02001735,11.41,14.03,22.97
E02001708,E02001736,7.04,10.43,16.15
E02001708,E02001737,12.21,14.24,23.62
E02001708,E02001738,16.34,20.18,32.89
E02001708,E02001739,9.18,11.42,18.3
E02001708,E02001740,16.47,20.36,33.18
E02001708,E02001741,5.79,7.96,12.3
E02001708,E02001742,15.16,18.8,30.63
E02001708,E02001743,17.44,22.19,36.39
E02001708,E02001744,13.45,16.77,27.01
E02001708,E02001745,8.86,11.83,18.48
E02001708,E02001746,16.35,20.76,33.58
E02001708,E02001747,17.94,22.02,36.38
E02001708,E02001748,12.2,15.09,24.73
E02001708,E02001749,9.44,13.39,21.6
E02001708,E02001750,16.48,20.35,33.31
E02001708,E02001751,8.45,12.52,19.97
E02001708,E02001752,15.3,18.81,30.77
E02001708,E02001753,18.44,22.61,37.4
E02001708,E02001754,17.19,21.52,35.5
E02001708,E02001755,9.51,14.04,22.22
E02001708,E02001756,6.79,11.61,18.26
E02001708,E02001757,15.72,19.04,31.68
E02001708,E02001758,13.62,18.02,29.46
E02001708,E02001759,17.2,20.66,34.42
E02001708,E02001760,15.92,19.99,33.42
E02001708,E02001761,11.42,16.22,26.4
E02001708,E02001762,10.11,13.93,22.77
E02001708,E02001763,14.04,18.71,30.41
E02001708,E02001764,17.37,21.21,35.44
E02001708,E02001765,13.98,17.29,28.8
E02001708,E02001766,12.15,16.05,26.21
E02001708,E02001767,11.49,14.85,24.5
E02001708,E02001768,22.75,26.21,44.51
E02001708,E02001769,21.38,24.53,41.81
E02001708,E02001770,22.02,26.0,43.68
E02001708,E02001771,23.56,28.03,46.92
E02001708,E02001772,21.48,25.53,42.86
E02001708,E02001773,22.34,26.49,44.7
E02001708,E02001774,18.09,20.56,34.84
E02001708,E02001775,23.63,27.37,46.16
E02001708,E02001776,17.48,18.97,32.2
E02001708,E02001777,16.6,18.53,31.21
E02001708,E02001778,20.95,24.37,41.26
E02001708,E02001779,19.95,22.8,38.51
E02001708,E02001780,23.01,26.2,44.25
E02001708,E02001781,19.55,22.05,37.12
E02001708,E02001782,16.41,18.71,31.14
E02001708,E02001783,21.17,23.67,39.92
E02001708,E02001784,18.44,20.2,34.16
E02001708,E02001785,26.72,30.4,50.75
E02001708,E02001786,22.41,25.16,42.35
E02001708,E02001787,18.33,20.99,34.86
E02001708,E02001788,19.95,21.87,36.95
E02001708,E02001789,22.74,24.64,41.82
E02001708,E02001790,20.83,22.53,38.27
E02001708,E02001791,24.97,27.3,46.15
E02001708,E02001792,25.56,28.11,47.5
E02001708,E02001793,21.69,25.31,41.7
E02001708,E02001794,23.22,28.36,45.89
E02001708,E02001795,24.94,27.97,47.47
E02001708,E02001796,26.47,29.5,50.02
E02001708,E02001797,17.87,20.34,33.87
E02001708,E02001798,21.35,24.77,40.9
E02001708,E02001799,18.76,21.35,35.55
E02001708,E02001800,18.44,20.21,34.86
E02001708,E02001801,26.38,30.37,51.79
E02001708,E02001802,25.28,28.63,48.79
E02001708,E02001803,26.64,29.78,50.96
E02001708,E02001804,26.16,28.98,48.72
E02001708,E02001805,26.18,28.84,49.39
E02001708,E02001806,28.0,31.32,52.91
E02001708,E02001807,20.49,22.69,38.18
E02001708,E02001808,27.1,29.84,51.08
E02001708,E02001809,20.04,23.25,39.41
E02001708,E02001810,18.59,22.82,38.13
E02001708,E02001811,25.06,26.38,45.29
E02001708,E02001812,28.17,31.72,53.81
E02001708,E02001813,26.82,29.49,49.75
E02001708,E02001814,29.29,33.03,56.07
E02001708,E02001815,21.14,24.12,41.3
E02001708,E02001816,27.93,31.14,52.78
E02001708,E02001817,29.57,34.16,57.11
E02001708,E02001818,31.26,35.41,59.35
E02001708,E02001819,27.5,30.57,52.04
E02001708,E02001820,23.43,25.64,44.5
E02001708,E02001821,29.87,32.32,55.09
E02001708,E02001822,24.69,27.0,46.8
E02001708,E02001823,27.25,29.33,50.63
E02001708,E02001824,28.06,30.93,53.58
E02001708,E02001825,29.74,32.1,55.97
E02001708,E02001826,31.4,33.59,58.15
E02001708,E02006841,10.78,13.1,21.3
E02001708,E02006842,10.9,13.25,21.83
E02001708,E02006893,5.05,8.07,12.16
E02001709,E02001682,14.48,16.84,28.3
E02001709,E02001683,16.94,19.74,33.05
E02001709,E02001684,11.08,11.62,19.93
E02001709,E02001685,12.86,15.77,26.05
E02001709,E02001686,12.67,15.21,25.31
E02001709,E02001688,9.27,11.08,18.27
E02001709,E02001689,8.74,9.31,15.87
E02001709,E02001690,12.27,14.27,24.07
E02001709,E02001691,9.25,10.55,17.58
E02001709,E02001692,9.72,11.26,18.68
E02001709,E02001693,10.83,12.42,20.68
E02001709,E02001694,10.89,12.53,20.84
E02001709,E02001695,12.39,12.71,22.0
E02001709,E02001696,12.37,13.46,22.73
E02001709,E02001697,10.59,12.21,20.49
E02001709,E02001698,14.37,17.2,28.36
E02001709,E02001699,12.17,14.55,23.98
E02001709,E02001700,13.08,13.61,23.54
E02001709,E02001701,11.28,12.56,21.18
E02001709,E02001702,12.2,14.09,23.36
E02001709,E02001703,16.31,18.08,30.91
E02001709,E02001704,12.27,14.34,23.91
E02001709,E02001705,21.97,28.17,45.87
E02001709,E02001706,14.66,16.02,27.17
E02001709,E02001707,16.84,19.32,32.24
E02001709,E02001708,4.46,7.37,11.38
E02001709,E02001709,1.31,1.61,2.6
E02001709,E02001710,3.13,5.79,8.14
E02001709,E02001711,6.89,9.51,15.35
E02001709,E02001712,2.61,3.21,5.2
E02001709,E02001713,2.73,3.36,5.41
E02001709,E02001714,5.13,7.15,11.55
E02001709,E02001715,4.7,5.98,9.54
E02001709,E02001718,5.99,7.62,12.39
E02001709,E02001719,5.98,7.6,12.72
E02001709,E02001720,4.15,5.74,9.07
E02001709,E02001721,11.79,14.13,23.57
E02001709,E02001722,8.11,11.37,18.05
E02001709,E02001723,6.21,7.46,12.39
E02001709,E02001724,5.86,6.91,11.39
E02001709,E02001725,6.57,8.3,13.98
E02001709,E02001726,7.17,8.88,14.58
E02001709,E02001727,8.61,10.56,18.01
E02001709,E02001728,9.28,12.04,19.62
E02001709,E02001729,6.34,8.15,13.17
E02001709,E02001730,6.16,7.1,11.74
E02001709,E02001731,6.52,7.68,12.57
E02001709,E02001732,8.67,10.33,17.21
E02001709,E02001733,8.0,9.41,15.91
E02001709,E02001734,8.21,10.38,16.82
E02001709,E02001735,8.82,10.72,17.92
E02001709,E02001736,7.25,9.76,15.92
E02001709,E02001737,9.73,10.92,18.58
E02001709,E02001738,13.78,16.75,27.69
E02001709,E02001739,6.62,7.99,13.1
E02001709,E02001740,13.91,16.93,27.99
E02001709,E02001741,3.43,4.53,7.1
E02001709,E02001742,12.6,15.37,25.43
E02001709,E02001743,14.88,18.23,30.45
E02001709,E02001744,10.53,13.34,21.81
E02001709,E02001745,6.3,8.4,13.28
E02001709,E02001746,13.79,17.04,28.38
E02001709,E02001747,15.28,18.06,30.44
E02001709,E02001748,9.28,11.07,18.68
E02001709,E02001749,6.52,9.18,14.08
E02001709,E02001750,13.57,16.33,27.26
E02001709,E02001751,5.54,8.3,12.45
E02001709,E02001752,12.38,14.79,24.72
E02001709,E02001753,15.61,18.59,31.35
E02001709,E02001754,14.36,17.44,29.45
E02001709,E02001755,6.59,9.05,14.39
E02001709,E02001756,3.87,6.61,9.81
E02001709,E02001757,12.89,14.96,25.61
E02001709,E02001758,10.79,13.94,23.17
E02001709,E02001759,14.36,16.58,28.36
E02001709,E02001760,13.09,15.91,26.85
E02001709,E02001761,8.59,11.57,18.57
E02001709,E02001762,7.27,8.93,14.94
E02001709,E02001763,11.21,14.57,24.12
E02001709,E02001764,14.53,17.07,28.85
E02001709,E02001765,11.14,12.91,21.82
E02001709,E02001766,9.32,11.68,19.23
E02001709,E02001767,8.66,10.47,17.52
E02001709,E02001768,19.91,21.91,37.57
E02001709,E02001769,18.55,20.23,34.87
E02001709,E02001770,19.18,21.7,36.74
E02001709,E02001771,20.72,23.73,39.98
E02001709,E02001772,18.64,21.23,35.92
E02001709,E02001773,19.5,22.95,38.28
E02001709,E02001774,15.26,16.84,28.93
E02001709,E02001775,20.8,23.87,40.76
E02001709,E02001776,15.34,15.65,27.16
E02001709,E02001777,14.46,15.21,26.17
E02001709,E02001778,18.11,20.07,34.32
E02001709,E02001779,17.11,19.06,32.61
E02001709,E02001780,20.17,22.7,38.85
E02001709,E02001781,16.72,18.55,31.72
E02001709,E02001782,14.27,15.39,26.09
E02001709,E02001783,18.34,20.17,34.52
E02001709,E02001784,16.3,16.89,29.11
E02001709,E02001785,23.89,27.08,45.71
E02001709,E02001786,19.58,21.66,36.95
E02001709,E02001787,16.19,17.68,29.82
E02001709,E02001788,17.81,18.55,31.91
E02001709,E02001789,20.6,21.32,36.77
E02001709,E02001790,18.69,19.21,33.22
E02001709,E02001791,22.83,23.98,41.1
E02001709,E02001792,23.42,24.79,42.46
E02001709,E02001793,19.55,21.99,36.65
E02001709,E02001794,21.08,25.04,40.85
E02001709,E02001795,22.8,24.65,42.42
E02001709,E02001796,24.33,26.18,44.97
E02001709,E02001797,15.73,17.03,28.82
E02001709,E02001798,19.21,21.45,35.86
E02001709,E02001799,16.62,18.03,30.5
E02001709,E02001800,16.47,16.89,29.82
E02001709,E02001801,24.24,27.05,46.75
E02001709,E02001802,23.14,25.32,43.75
E02001709,E02001803,24.5,26.46,45.92
E02001709,E02001804,24.02,25.67,43.68
E02001709,E02001805,24.04,25.52,44.34
E02001709,E02001806,25.86,28.0,47.86
E02001709,E02001807,18.35,19.37,33.13
E02001709,E02001808,24.96,26.52,46.03
E02001709,E02001809,18.07,19.93,34.37
E02001709,E02001810,16.62,19.5,33.09
E02001709,E02001811,22.92,23.06,40.25
E02001709,E02001812,26.03,28.4,48.76
E02001709,E02001813,24.68,26.17,44.71
E02001709,E02001814,27.15,29.71,51.02
E02001709,E02001815,19.17,20.8,36.26
E02001709,E02001816,25.79,27.82,47.74
E02001709,E02001817,27.43,30.84,52.07
E02001709,E02001818,29.12,32.09,54.31
E02001709,E02001819,25.53,27.25,46.99
E02001709,E02001820,21.46,22.32,39.45
E02001709,E02001821,27.9,29.0,50.05
E02001709,E02001822,22.72,23.68,41.75
E02001709,E02001823,25.28,26.01,45.58
E02001709,E02001824,26.1,27.61,48.54
E02001709,E02001825,27.77,28.78,50.92
E02001709,E02001826,29.44,30.28,53.1
E02001709,E02006841,8.64,9.78,16.26
E02001709,E02006842,8.93,9.93,16.79
E02001709,E02006893,8.11,10.51,17.33
E02001710,E02001682,12.92,15.21,24.9
E02001710,E02001683,15.38,18.11,29.65
E02001710,E02001684,11.44,13.81,22.55
E02001710,E02001685,11.29,14.14,22.65
E02001710,E02001686,11.11,13.58,21.91
E02001710,E02001688,9.62,13.26,20.89
E02001710,E02001689,9.1,11.49,18.49
E02001710,E02001690,10.7,12.64,20.67
E02001710,E02001691,9.61,12.73,20.19
E02001710,E02001692,10.08,13.45,21.29
E02001710,E02001693,11.19,14.6,23.29
E02001710,E02001694,11.25,14.62,23.45
E02001710,E02001695,12.75,14.89,24.62
E02001710,E02001696,12.72,15.64,25.35
E02001710,E02001697,10.94,14.39,23.11
E02001710,E02001698,12.81,15.81,25.65
E02001710,E02001699,12.52,16.73,26.59
E02001710,E02001700,13.43,15.79,26.16
E02001710,E02001701,11.63,14.75,23.79
E02001710,E02001702,12.55,16.27,25.98
E02001710,E02001703,14.74,16.45,27.51
E02001710,E02001704,12.62,16.52,26.53
E02001710,E02001705,20.41,26.54,42.47
E02001710,E02001706,15.01,18.21,29.79
E02001710,E02001707,17.2,21.51,34.86
E02001710,E02001708,2.9,5.81,7.98
E02001710,E02001709,3.13,5.79,8.14
E02001710,E02001710,1.24,2.32,3.25
E02001710,E02001711,4.92,7.73,11.76
E02001710,E02001712,3.17,5.4,7.82
E02001710,E02001713,2.48,4.65,6.51
E02001710,E02001714,5.68,9.33,14.16
E02001710,E02001715,2.64,5.21,7.19
E02001710,E02001718,3.93,6.57,9.57
E02001710,E02001719,6.53,9.79,15.34
E02001710,E02001720,4.51,7.93,11.69
E02001710,E02001721,10.21,12.5,20.17
E02001710,E02001722,6.55,9.74,14.65
E02001710,E02001723,4.8,6.9,10.5
E02001710,E02001724,6.22,9.1,14.01
E02001710,E02001725,7.12,10.48,16.59
E02001710,E02001726,5.52,8.09,12.28
E02001710,E02001727,9.19,12.75,20.63
E02001710,E02001728,7.71,10.41,16.22
E02001710,E02001729,5.94,9.67,14.12
E02001710,E02001730,6.51,9.29,14.36
E02001710,E02001731,6.47,9.85,14.71
E02001710,E02001732,6.68,8.78,14.22
E02001710,E02001733,8.55,11.6,18.52
E02001710,E02001734,6.8,9.82,14.94
E02001710,E02001735,9.37,12.9,20.54
E02001710,E02001736,6.85,10.98,16.87
E02001710,E02001737,10.24,13.11,21.19
E02001710,E02001738,15.17,19.65,31.74
E02001710,E02001739,8.93,10.94,17.64
E02001710,E02001740,15.3,19.84,32.04
E02001710,E02001741,5.54,7.48,11.64
E02001710,E02001742,13.99,18.27,29.48
E02001710,E02001743,16.26,20.42,33.07
E02001710,E02001744,11.7,16.25,25.41
E02001710,E02001745,8.05,11.36,17.81
E02001710,E02001746,15.17,19.22,31.04
E02001710,E02001747,16.45,20.25,33.05
E02001710,E02001748,10.45,13.26,21.29
E02001710,E02001749,8.11,11.6,18.24
E02001710,E02001750,14.74,18.52,29.88
E02001710,E02001751,7.12,10.77,16.66
E02001710,E02001752,13.56,16.98,27.34
E02001710,E02001753,16.39,20.77,33.97
E02001710,E02001754,15.15,19.63,32.07
E02001710,E02001755,7.64,11.23,17.0
E02001710,E02001756,5.12,8.8,13.45
E02001710,E02001757,13.68,17.14,28.23
E02001710,E02001758,11.58,16.12,25.78
E02001710,E02001759,15.15,18.77,30.97
E02001710,E02001760,13.88,18.1,29.46
E02001710,E02001761,9.38,13.76,21.19
E02001710,E02001762,8.06,11.12,17.56
E02001710,E02001763,11.99,16.76,26.74
E02001710,E02001764,15.32,19.25,31.47
E02001710,E02001765,11.93,15.1,24.44
E02001710,E02001766,10.11,13.86,21.85
E02001710,E02001767,9.45,12.66,20.14
E02001710,E02001768,20.7,24.09,40.18
E02001710,E02001769,19.34,22.42,37.49
E02001710,E02001770,19.97,23.89,39.35
E02001710,E02001771,21.51,25.92,42.6
E02001710,E02001772,19.43,23.41,38.53
E02001710,E02001773,20.29,25.13,40.89
E02001710,E02001774,16.05,19.02,31.54
E02001710,E02001775,21.59,26.06,43.37
E02001710,E02001776,15.69,17.84,29.77
E02001710,E02001777,14.81,17.4,28.78
E02001710,E02001778,18.9,22.26,36.94
E02001710,E02001779,17.9,21.25,35.22
E02001710,E02001780,20.96,24.89,41.46
E02001710,E02001781,17.51,20.74,34.33
E02001710,E02001782,14.62,17.58,28.71
E02001710,E02001783,19.12,22.35,37.14
E02001710,E02001784,16.66,19.07,31.73
E02001710,E02001785,24.68,29.27,48.32
E02001710,E02001786,20.37,23.85,39.57
E02001710,E02001787,16.54,19.86,32.43
E02001710,E02001788,18.17,20.74,34.52
E02001710,E02001789,20.95,23.51,39.39
E02001710,E02001790,19.04,21.39,35.84
E02001710,E02001791,23.18,26.17,43.72
E02001710,E02001792,23.77,26.98,45.07
E02001710,E02001793,19.91,24.17,39.27
E02001710,E02001794,21.43,27.23,43.46
E02001710,E02001795,23.15,26.83,45.04
E02001710,E02001796,24.68,28.37,47.59
E02001710,E02001797,16.08,19.21,31.44
E02001710,E02001798,19.56,23.64,38.47
E02001710,E02001799,16.97,20.22,33.12
E02001710,E02001800,16.83,19.08,32.43
E02001710,E02001801,24.6,29.24,49.36
E02001710,E02001802,23.49,27.5,46.36
E02001710,E02001803,24.85,28.65,48.53
E02001710,E02001804,24.37,27.85,46.29
E02001710,E02001805,24.4,27.7,46.96
E02001710,E02001806,26.21,30.19,50.48
E02001710,E02001807,18.7,21.56,35.75
E02001710,E02001808,25.31,28.71,48.65
E02001710,E02001809,18.42,22.12,36.98
E02001710,E02001810,16.97,21.69,35.7
E02001710,E02001811,23.27,25.25,42.86
E02001710,E02001812,26.39,30.59,51.38
E02001710,E02001813,25.04,28.36,47.32
E02001710,E02001814,27.51,31.89,53.64
E02001710,E02001815,19.52,22.98,38.87
E02001710,E02001816,26.15,30.01,50.35
E02001710,E02001817,27.78,33.03,54.68
E02001710,E02001818,29.47,34.28,56.92
E02001710,E02001819,25.89,29.44,49.61
E02001710,E02001820,21.81,24.5,42.07
E02001710,E02001821,28.25,31.18,52.66
E02001710,E02001822,23.07,25.86,44.37
E02001710,E02001823,25.63,28.2,48.2
E02001710,E02001824,26.45,29.8,51.15
E02001710,E02001825,28.13,30.97,53.54
E02001710,E02001826,29.79,32.46,55.72
E02001710,E02006841,8.99,11.96,18.87
E02001710,E02006842,9.29,12.12,19.4
E02001710,E02006893,6.05,8.88,13.93
E02001711,E02001682,9.2,12.55,20.32
E02001711,E02001683,11.66,15.45,25.07
E02001711,E02001684,12.75,14.37,24.3
E02001711,E02001685,8.73,11.48,18.07
E02001711,E02001686,8.55,10.92,17.33
E02001711,E02001688,10.01,11.56,19.08
E02001711,E02001689,9.47,12.06,19.58
E02001711,E02001690,8.14,9.99,16.09
E02001711,E02001691,10.09,13.3,21.29
E02001711,E02001692,11.22,14.01,23.05
E02001711,E02001693,12.5,15.17,25.05
E02001711,E02001694,10.09,11.96,19.53
E02001711,E02001695,14.06,15.46,26.37
E02001711,E02001696,14.04,16.21,27.11
E02001711,E02001697,12.08,14.96,24.87
E02001711,E02001698,10.25,13.16,21.07
E02001711,E02001699,13.66,17.3,28.35
E02001711,E02001700,12.7,14.92,24.51
E02001711,E02001701,12.76,15.32,25.55
E02001711,E02001702,13.7,16.84,27.74
E02001711,E02001703,12.18,13.79,22.93
E02001711,E02001704,13.76,17.09,28.28
E02001711,E02001705,17.85,23.88,37.89
E02001711,E02001706,16.16,18.56,31.42
E02001711,E02001707,18.34,21.86,36.48
E02001711,E02001708,3.15,6.2,8.56
E02001711,E02001709,6.89,9.51,15.35
E02001711,E02001710,4.92,7.73,11.76
E02001711,E02001711,1.05,1.86,2.64
E02001711,E02001712,6.04,7.75,12.58
E02001711,E02001713,4.61,6.36,10.11
E02001711,E02001714,8.55,11.68,18.92
E02001711,E02001715,3.61,6.0,9.01
E02001711,E02001718,2.54,5.08,6.99
E02001711,E02001719,9.31,11.2,18.44
E02001711,E02001720,7.04,9.88,15.85
E02001711,E02001721,6.26,9.84,14.96
E02001711,E02001722,2.92,5.85,8.04
E02001711,E02001723,3.87,5.57,8.68
E02001711,E02001724,7.8,9.66,15.77
E02001711,E02001725,9.62,11.66,19.38
E02001711,E02001726,4.15,6.1,9.26
E02001711,E02001727,11.59,13.31,22.38
E02001711,E02001728,4.25,7.75,11.49
E02001711,E02001729,6.07,8.73,13.67
E02001711,E02001730,8.01,9.85,16.12
E02001711,E02001731,6.78,8.92,14.26
E02001711,E02001732,4.54,6.12,9.65
E02001711,E02001733,10.23,12.16,20.28
E02001711,E02001734,5.6,7.82,12.21
E02001711,E02001735,10.94,13.47,22.29
E02001711,E02001736,6.32,9.03,14.47
E02001711,E02001737,11.74,13.67,22.95
E02001711,E02001738,18.04,22.0,36.5
E02001711,E02001739,11.61,13.56,22.39
E02001711,E02001740,18.17,22.19,36.79
E02001711,E02001741,8.22,10.1,16.39
E02001711,E02001742,16.86,20.62,34.24
E02001711,E02001743,19.14,22.77,37.83
E02001711,E02001744,14.57,18.6,30.17
E02001711,E02001745,11.29,13.98,22.56
E02001711,E02001746,18.05,21.57,35.8
E02001711,E02001747,19.32,21.83,37.15
E02001711,E02001748,13.32,15.61,26.05
E02001711,E02001749,11.66,13.95,23.0
E02001711,E02001750,17.61,20.87,34.64
E02001711,E02001751,10.67,13.12,21.42
E02001711,E02001752,16.43,19.33,32.1
E02001711,E02001753,19.26,22.16,37.53
E02001711,E02001754,18.02,20.96,35.3
E02001711,E02001755,10.51,13.58,21.76
E02001711,E02001756,8.66,11.15,18.2
E02001711,E02001757,16.55,18.47,31.33
E02001711,E02001758,14.45,17.45,28.79
E02001711,E02001759,18.02,20.1,34.08
E02001711,E02001760,16.75,19.43,32.75
E02001711,E02001761,12.25,15.65,25.9
E02001711,E02001762,10.93,13.47,22.32
E02001711,E02001763,14.86,18.15,29.74
E02001711,E02001764,18.19,20.64,34.76
E02001711,E02001765,14.8,16.72,28.13
E02001711,E02001766,12.98,15.49,25.53
E02001711,E02001767,12.32,14.28,23.83
E02001711,E02001768,23.57,25.64,43.84
E02001711,E02001769,22.21,23.96,41.14
E02001711,E02001770,22.84,25.43,43.01
E02001711,E02001771,24.38,27.47,46.25
E02001711,E02001772,22.3,24.96,42.19
E02001711,E02001773,23.16,25.92,44.03
E02001711,E02001774,18.4,20.0,34.16
E02001711,E02001775,24.23,26.81,45.49
E02001711,E02001776,17.01,18.4,31.53
E02001711,E02001777,16.13,17.96,30.54
E02001711,E02001778,21.77,23.81,40.59
E02001711,E02001779,20.31,22.23,37.83
E02001711,E02001780,23.43,25.63,43.58
E02001711,E02001781,19.43,21.48,36.44
E02001711,E02001782,15.94,18.14,30.47
E02001711,E02001783,21.04,23.1,39.25
E02001711,E02001784,17.97,19.64,33.49
E02001711,E02001785,26.29,29.83,50.08
E02001711,E02001786,22.29,24.59,41.68
E02001711,E02001787,17.85,20.43,34.19
E02001711,E02001788,19.48,21.3,36.28
E02001711,E02001789,22.27,24.07,41.14
E02001711,E02001790,20.36,21.96,37.6
E02001711,E02001791,24.5,26.73,45.48
E02001711,E02001792,25.08,27.55,46.83
E02001711,E02001793,21.22,24.74,41.02
E02001711,E02001794,22.75,27.79,45.22
E02001711,E02001795,24.47,27.4,46.79
E02001711,E02001796,26.0,28.93,49.34
E02001711,E02001797,17.39,19.78,33.19
E02001711,E02001798,20.87,24.2,40.23
E02001711,E02001799,18.28,20.78,34.87
E02001711,E02001800,17.97,19.64,34.19
E02001711,E02001801,25.91,29.8,51.12
E02001711,E02001802,24.8,28.07,48.12
E02001711,E02001803,26.17,29.21,50.29
E02001711,E02001804,25.68,28.42,48.05
E02001711,E02001805,25.71,28.27,48.72
E02001711,E02001806,27.52,30.76,52.23
E02001711,E02001807,20.01,22.12,37.5
E02001711,E02001808,26.62,29.28,50.41
E02001711,E02001809,19.56,22.68,38.74
E02001711,E02001810,18.11,22.25,37.41
E02001711,E02001811,24.59,25.81,44.62
E02001711,E02001812,27.7,31.15,53.13
E02001711,E02001813,26.35,28.93,49.08
E02001711,E02001814,28.82,32.46,55.4
E02001711,E02001815,20.66,23.55,40.63
E02001711,E02001816,27.46,30.57,52.11
E02001711,E02001817,29.1,33.59,56.44
E02001711,E02001818,30.78,34.84,58.68
E02001711,E02001819,27.03,30.0,51.36
E02001711,E02001820,22.96,25.07,43.82
E02001711,E02001821,29.4,31.75,54.42
E02001711,E02001822,24.21,26.43,46.13
E02001711,E02001823,26.77,28.67,49.9
E02001711,E02001824,27.59,30.27,52.91
E02001711,E02001825,29.27,31.44,55.24
E02001711,E02001826,30.93,32.93,57.42
E02001711,E02006841,10.31,12.53,20.63
E02001711,E02006842,10.43,12.68,21.16
E02001711,E02006893,2.09,3.72,5.29
E02001712,E02001682,13.15,15.0,25.53
E02001712,E02001683,15.61,17.9,30.27
E02001712,E02001684,9.18,9.71,16.79
E02001712,E02001685,11.52,13.93,23.27
E02001712,E02001686,11.34,13.37,22.54
E02001712,E02001688,7.36,9.16,15.13
E02001712,E02001689,6.84,7.39,12.73
E02001712,E02001690,11.38,12.43,21.3
E02001712,E02001691,7.35,8.63,14.44
E02001712,E02001692,7.82,9.35,15.54
E02001712,E02001693,8.92,10.5,17.53
E02001712,E02001694,8.99,10.62,17.69
E02001712,E02001695,10.49,10.79,18.86
E02001712,E02001696,10.46,11.54,19.59
E02001712,E02001697,8.68,10.29,17.35
E02001712,E02001698,12.51,15.28,25.22
E02001712,E02001699,10.26,12.63,20.84
E02001712,E02001700,11.17,11.69,20.4
E02001712,E02001701,9.37,10.65,18.04
E02001712,E02001702,10.29,12.17,20.22
E02001712,E02001703,15.42,16.24,28.14
E02001712,E02001704,10.36,12.42,20.77
E02001712,E02001705,20.64,26.33,43.1
E02001712,E02001706,12.75,14.1,24.03
E02001712,E02001707,14.93,17.4,29.1
E02001712,E02001708,5.21,8.21,13.03
E02001712,E02001709,2.61,3.21,5.2
E02001712,E02001710,3.17,5.4,7.82
E02001712,E02001711,6.04,7.75,12.57
E02001712,E02001712,0.74,0.76,1.32
E02001712,E02001713,1.49,1.52,2.63
E02001712,E02001714,2.52,3.93,6.34
E02001712,E02001715,3.5,4.14,6.77
E02001712,E02001718,5.04,5.78,9.62
E02001712,E02001719,3.36,4.39,7.52
E02001712,E02001720,1.78,2.99,4.66
E02001712,E02001721,11.07,12.29,20.8
E02001712,E02001722,7.66,9.53,15.28
E02001712,E02001723,4.41,5.55,9.25
E02001712,E02001724,3.63,5.0,8.25
E02001712,E02001725,3.96,5.08,8.78
E02001712,E02001726,5.37,6.97,11.44
E02001712,E02001727,6.02,7.6,13.18
E02001712,E02001728,8.49,10.2,16.84
E02001712,E02001729,4.54,6.23,10.03
E02001712,E02001730,3.92,5.19,8.6
E02001712,E02001731,4.61,5.77,9.43
E02001712,E02001732,7.0,8.49,14.42
E02001712,E02001733,5.39,6.72,11.48
E02001712,E02001734,6.41,8.47,13.68
E02001712,E02001735,6.2,8.02,13.5
E02001712,E02001736,5.45,7.85,12.78
E02001712,E02001737,7.12,9.01,15.44
E02001712,E02001738,12.0,14.25,23.92
E02001712,E02001739,7.5,8.35,13.98
E02001712,E02001740,12.13,14.44,24.22
E02001712,E02001741,5.62,6.89,11.13
E02001712,E02001742,10.83,12.87,21.66
E02001712,E02001743,13.1,15.02,25.25
E02001712,E02001744,8.54,10.85,17.59
E02001712,E02001745,5.97,7.82,12.32
E02001712,E02001746,12.01,13.82,23.22
E02001712,E02001747,13.28,14.85,25.24
E02001712,E02001748,7.28,7.86,13.47
E02001712,E02001749,5.63,6.2,10.42
E02001712,E02001750,11.57,13.12,22.06
E02001712,E02001751,4.63,5.37,8.85
E02001712,E02001752,10.39,11.58,19.52
E02001712,E02001753,13.23,15.37,26.15
E02001712,E02001754,11.98,14.23,24.25
E02001712,E02001755,4.47,5.83,9.19
E02001712,E02001756,2.62,3.4,5.63
E02001712,E02001757,10.51,11.74,20.41
E02001712,E02001758,8.41,10.72,17.97
E02001712,E02001759,11.99,13.37,23.16
E02001712,E02001760,10.71,12.7,21.65
E02001712,E02001761,6.21,8.36,13.37
E02001712,E02001762,4.9,5.72,9.74
E02001712,E02001763,8.83,11.36,18.92
E02001712,E02001764,12.16,13.85,23.65
E02001712,E02001765,8.77,9.7,16.62
E02001712,E02001766,6.94,8.46,14.03
E02001712,E02001767,6.28,7.26,12.32
E02001712,E02001768,17.54,18.69,32.37
E02001712,E02001769,16.17,17.02,29.67
E02001712,E02001770,16.81,18.49,31.54
E02001712,E02001771,18.35,20.52,34.78
E02001712,E02001772,16.27,18.01,30.72
E02001712,E02001773,17.12,19.73,33.08
E02001712,E02001774,12.88,13.62,23.72
E02001712,E02001775,18.42,20.66,35.56
E02001712,E02001776,13.43,13.74,24.02
E02001712,E02001777,12.55,13.3,23.02
E02001712,E02001778,15.74,16.86,29.12
E02001712,E02001779,14.74,15.85,27.4
E02001712,E02001780,17.79,19.49,33.65
E02001712,E02001781,14.34,15.34,26.51
E02001712,E02001782,12.36,13.48,22.95
E02001712,E02001783,15.96,16.95,29.32
E02001712,E02001784,14.35,14.97,25.97
E02001712,E02001785,21.51,24.97,42.53
E02001712,E02001786,17.2,18.45,31.75
E02001712,E02001787,14.28,15.76,26.67
E02001712,E02001788,15.75,16.63,28.77
E02001712,E02001789,18.69,19.41,33.63
E02001712,E02001790,16.78,17.29,30.08
E02001712,E02001791,20.92,22.06,37.96
E02001712,E02001792,21.51,22.88,39.31
E02001712,E02001793,17.65,20.07,33.51
E02001712,E02001794,19.17,23.12,37.71
E02001712,E02001795,20.89,22.73,39.28
E02001712,E02001796,22.42,24.27,41.83
E02001712,E02001797,13.82,15.11,25.68
E02001712,E02001798,17.3,19.54,32.71
E02001712,E02001799,14.71,16.12,27.36
E02001712,E02001800,14.57,14.98,26.68
E02001712,E02001801,22.34,25.14,43.6
E02001712,E02001802,21.23,23.4,40.61
E02001712,E02001803,22.59,24.54,42.77
E02001712,E02001804,22.11,23.75,40.54
E02001712,E02001805,22.14,23.6,41.2
E02001712,E02001806,23.95,26.09,44.72
E02001712,E02001807,16.44,17.46,29.99
E02001712,E02001808,23.05,24.61,42.89
E02001712,E02001809,16.16,18.02,31.23
E02001712,E02001810,14.71,17.58,29.95
E02001712,E02001811,21.01,21.15,37.11
E02001712,E02001812,24.13,26.49,45.62
E02001712,E02001813,22.78,24.26,41.57
E02001712,E02001814,25.25,27.79,47.88
E02001712,E02001815,17.26,18.88,33.12
E02001712,E02001816,23.89,25.91,44.59
E02001712,E02001817,25.52,28.93,48.93
E02001712,E02001818,27.21,30.17,51.17
E02001712,E02001819,23.63,25.34,43.85
E02001712,E02001820,19.55,20.4,36.31
E02001712,E02001821,25.99,27.08,46.9
E02001712,E02001822,20.81,21.76,38.61
E02001712,E02001823,23.37,24.1,42.44
E02001712,E02001824,24.19,25.7,45.39
E02001712,E02001825,25.87,26.87,47.78
E02001712,E02001826,27.53,28.36,49.96
E02001712,E02006841,6.73,7.86,13.11
E02001712,E02006842,7.03,8.02,13.65
E02001712,E02006893,7.16,8.67,14.56
E02001713,E02001682,12.52,13.6,23.06
E02001713,E02001683,14.98,16.51,27.81
E02001713,E02001684,9.59,9.93,17.36
E02001713,E02001685,10.89,12.53,20.81
E02001713,E02001686,10.71,11.97,20.07
E02001713,E02001688,7.68,9.38,15.7
E02001713,E02001689,7.14,7.61,13.31
E02001713,E02001690,10.39,11.04,18.83
E02001713,E02001691,7.76,8.85,15.01
E02001713,E02001692,8.23,9.56,16.11
E02001713,E02001693,9.34,10.72,18.11
E02001713,E02001694,9.29,10.84,18.27
E02001713,E02001695,10.9,11.01,19.43
E02001713,E02001696,10.88,11.76,20.17
E02001713,E02001697,9.09,10.51,17.93
E02001713,E02001698,12.5,14.21,23.81
E02001713,E02001699,10.67,12.85,21.41
E02001713,E02001700,11.48,11.91,20.97
E02001713,E02001701,9.79,10.87,18.61
E02001713,E02001702,10.71,12.39,20.8
E02001713,E02001703,14.43,14.85,25.67
E02001713,E02001704,10.77,12.64,21.34
E02001713,E02001705,20.01,24.93,40.63
E02001713,E02001706,13.17,14.32,24.6
E02001713,E02001707,15.35,17.62,29.67
E02001713,E02001708,4.7,6.82,10.57
E02001713,E02001709,2.73,3.36,5.41
E02001713,E02001710,2.48,4.65,6.51
E02001713,E02001711,4.61,6.36,10.11
E02001713,E02001712,1.49,1.52,2.63
E02001713,E02001713,0.74,0.76,1.32
E02001713,E02001714,4.0,5.45,8.98
E02001713,E02001715,2.08,2.74,4.3
E02001713,E02001718,3.62,4.38,7.16
E02001713,E02001719,4.85,5.91,10.15
E02001713,E02001720,2.66,4.04,6.5
E02001713,E02001721,9.9,10.9,18.33
E02001713,E02001722,6.24,8.13,12.81
E02001713,E02001723,3.78,4.72,7.89
E02001713,E02001724,4.37,5.21,8.83
E02001713,E02001725,5.44,6.6,11.41
E02001713,E02001726,4.74,5.91,9.87
E02001713,E02001727,7.51,8.87,15.44
E02001713,E02001728,7.41,8.81,14.38
E02001713,E02001729,3.92,5.68,8.68
E02001713,E02001730,4.67,5.41,9.18
E02001713,E02001731,4.45,5.87,9.27
E02001713,E02001732,6.37,7.1,11.98
E02001713,E02001733,6.87,7.72,13.34
E02001713,E02001734,5.78,7.64,12.33
E02001713,E02001735,7.6,9.02,15.35
E02001713,E02001736,4.83,7.61,11.42
E02001713,E02001737,8.39,9.23,16.01
E02001713,E02001738,13.49,15.77,26.56
E02001713,E02001739,8.92,9.87,16.61
E02001713,E02001740,13.62,15.96,26.85
E02001713,E02001741,5.73,7.03,11.34
E02001713,E02001742,12.31,14.39,24.29
E02001713,E02001743,14.59,16.54,27.88
E02001713,E02001744,10.02,12.36,20.23
E02001713,E02001745,7.46,9.33,14.95
E02001713,E02001746,13.5,15.34,25.86
E02001713,E02001747,14.77,16.37,27.87
E02001713,E02001748,8.77,9.38,16.11
E02001713,E02001749,7.12,7.72,13.05
E02001713,E02001750,13.06,14.64,24.69
E02001713,E02001751,6.12,6.89,11.48
E02001713,E02001752,11.88,13.1,22.16
E02001713,E02001753,14.72,16.89,28.78
E02001713,E02001754,13.47,15.75,26.88
E02001713,E02001755,5.96,7.35,11.82
E02001713,E02001756,4.11,4.91,8.26
E02001713,E02001757,12.0,13.26,23.04
E02001713,E02001758,9.9,12.24,20.6
E02001713,E02001759,13.47,14.89,25.79
E02001713,E02001760,12.2,14.22,24.28
E02001713,E02001761,7.7,9.88,16.0
E02001713,E02001762,6.38,7.24,12.37
E02001713,E02001763,10.32,12.88,21.55
E02001713,E02001764,13.64,15.37,26.29
E02001713,E02001765,10.25,11.22,19.26
E02001713,E02001766,8.43,9.98,16.66
E02001713,E02001767,7.77,8.78,14.95
E02001713,E02001768,19.02,20.21,35.0
E02001713,E02001769,17.66,18.53,32.3
E02001713,E02001770,18.29,20.01,34.17
E02001713,E02001771,19.83,22.04,37.42
E02001713,E02001772,17.75,19.53,33.35
E02001713,E02001773,18.61,21.25,35.71
E02001713,E02001774,14.37,15.14,26.36
E02001713,E02001775,19.91,22.18,38.19
E02001713,E02001776,13.84,13.96,24.59
E02001713,E02001777,12.96,13.51,23.6
E02001713,E02001778,17.22,18.38,31.76
E02001713,E02001779,16.22,17.37,30.04
E02001713,E02001780,19.28,21.01,36.28
E02001713,E02001781,15.83,16.86,29.15
E02001713,E02001782,12.78,13.7,23.53
E02001713,E02001783,17.45,18.47,31.95
E02001713,E02001784,14.81,15.19,26.55
E02001713,E02001785,23.0,25.39,43.14
E02001713,E02001786,18.69,19.96,34.38
E02001713,E02001787,14.69,15.98,27.25
E02001713,E02001788,16.32,16.85,29.34
E02001713,E02001789,19.11,19.63,34.2
E02001713,E02001790,17.19,17.51,30.65
E02001713,E02001791,21.34,22.28,38.53
E02001713,E02001792,21.92,23.1,39.89
E02001713,E02001793,18.06,20.29,34.08
E02001713,E02001794,19.59,23.34,38.28
E02001713,E02001795,21.31,22.95,39.85
E02001713,E02001796,22.84,24.49,42.4
E02001713,E02001797,14.23,15.33,26.25
E02001713,E02001798,17.71,19.75,33.29
E02001713,E02001799,15.12,16.34,27.93
E02001713,E02001800,14.98,15.19,27.25
E02001713,E02001801,22.75,25.36,44.18
E02001713,E02001802,21.64,23.62,41.18
E02001713,E02001803,23.01,24.76,43.35
E02001713,E02001804,22.52,23.97,41.11
E02001713,E02001805,22.55,23.82,41.77
E02001713,E02001806,24.36,26.31,45.29
E02001713,E02001807,16.85,17.68,30.56
E02001713,E02001808,23.46,24.83,43.47
E02001713,E02001809,16.57,18.23,31.8
E02001713,E02001810,15.12,17.8,30.52
E02001713,E02001811,21.43,21.36,37.68
E02001713,E02001812,24.54,26.71,46.19
E02001713,E02001813,23.19,24.48,42.14
E02001713,E02001814,25.66,28.01,48.46
E02001713,E02001815,17.68,19.1,33.69
E02001713,E02001816,24.3,26.13,45.17
E02001713,E02001817,25.94,29.15,49.5
E02001713,E02001818,27.62,30.39,51.74
E02001713,E02001819,24.04,25.55,44.42
E02001713,E02001820,19.97,20.62,36.88
E02001713,E02001821,26.41,27.3,47.48
E02001713,E02001822,21.23,21.98,39.19
E02001713,E02001823,23.79,24.32,43.01
E02001713,E02001824,24.6,25.92,45.97
E02001713,E02001825,26.28,27.09,48.35
E02001713,E02001826,27.94,28.58,50.54
E02001713,E02006841,7.14,8.08,13.69
E02001713,E02006842,7.44,8.24,14.22
E02001713,E02006893,5.74,7.28,12.09
E02001714,E02001682,14.88,16.13,27.49
E02001714,E02001683,17.34,19.04,32.24
E02001714,E02001684,9.35,9.54,16.57
E02001714,E02001685,13.25,15.06,25.24
E02001714,E02001686,13.07,14.5,24.5
E02001714,E02001688,7.54,8.99,14.91
E02001714,E02001689,7.03,7.22,12.51
E02001714,E02001690,11.85,13.04,22.16
E02001714,E02001691,7.52,8.46,14.22
E02001714,E02001692,7.99,9.18,15.32
E02001714,E02001693,9.1,10.33,17.32
E02001714,E02001694,9.33,10.45,17.48
E02001714,E02001695,10.67,10.62,18.64
E02001714,E02001696,10.64,11.37,19.37
E02001714,E02001697,8.86,10.12,17.13
E02001714,E02001698,12.86,15.11,25.0
E02001714,E02001699,10.44,12.46,20.62
E02001714,E02001700,11.36,11.52,20.18
E02001714,E02001701,9.55,10.48,17.82
E02001714,E02001702,10.47,12.0,20.0
E02001714,E02001703,17.15,17.93,31.01
E02001714,E02001704,10.54,12.25,20.55
E02001714,E02001705,22.37,28.01,45.97
E02001714,E02001706,12.93,13.94,23.81
E02001714,E02001707,15.11,17.24,28.88
E02001714,E02001708,7.73,12.15,19.38
E02001714,E02001709,5.13,7.15,11.55
E02001714,E02001710,5.68,9.33,14.16
E02001714,E02001711,8.55,11.68,18.92
E02001714,E02001712,2.51,3.93,6.34
E02001714,E02001713,4.0,5.45,8.98
E02001714,E02001714,0.68,0.98,1.49
E02001714,E02001715,6.02,8.07,13.11
E02001714,E02001718,7.56,9.27,15.57
E02001714,E02001719,1.36,1.96,2.98
E02001714,E02001720,3.2,5.44,8.18
E02001714,E02001721,13.04,15.46,26.01
E02001714,E02001722,9.95,12.91,20.91
E02001714,E02001723,6.38,7.34,12.66
E02001714,E02001724,2.87,3.52,5.68
E02001714,E02001725,2.12,2.65,4.24
E02001714,E02001726,7.33,8.76,14.85
E02001714,E02001727,4.0,5.17,8.64
E02001714,E02001728,10.45,13.24,21.81
E02001714,E02001729,6.43,7.75,12.69
E02001714,E02001730,3.77,4.47,7.31
E02001714,E02001731,5.28,5.93,9.96
E02001714,E02001732,8.96,10.47,17.84
E02001714,E02001733,3.55,4.28,6.94
E02001714,E02001734,8.27,9.16,15.49
E02001714,E02001735,4.36,5.58,8.96
E02001714,E02001736,7.17,7.95,13.46
E02001714,E02001737,5.23,6.89,11.25
E02001714,E02001738,11.38,14.0,23.21
E02001714,E02001739,7.7,8.8,14.58
E02001714,E02001740,11.51,14.19,23.5
E02001714,E02001741,8.09,9.73,16.06
E02001714,E02001742,10.2,12.62,20.94
E02001714,E02001743,12.47,14.6,24.53
E02001714,E02001744,7.91,10.6,16.87
E02001714,E02001745,6.0,7.94,12.47
E02001714,E02001746,11.38,13.4,22.51
E02001714,E02001747,11.8,12.67,21.79
E02001714,E02001748,6.66,7.61,12.76
E02001714,E02001749,5.0,5.95,9.7
E02001714,E02001750,10.95,11.97,20.26
E02001714,E02001751,4.01,5.12,8.13
E02001714,E02001752,9.62,10.61,17.9
E02001714,E02001753,11.5,13.0,22.17
E02001714,E02001754,10.25,11.8,19.94
E02001714,E02001755,3.85,5.58,8.47
E02001714,E02001756,2.35,3.15,4.91
E02001714,E02001757,8.78,9.31,15.97
E02001714,E02001758,6.75,8.29,13.43
E02001714,E02001759,10.26,10.94,18.72
E02001714,E02001760,8.98,10.26,17.39
E02001714,E02001761,4.94,6.49,10.54
E02001714,E02001762,4.17,4.86,8.06
E02001714,E02001763,7.1,8.99,14.38
E02001714,E02001764,10.43,11.48,19.4
E02001714,E02001765,6.85,7.56,12.77
E02001714,E02001766,5.03,6.33,10.17
E02001714,E02001767,4.36,5.12,8.46
E02001714,E02001768,15.66,16.55,28.51
E02001714,E02001769,14.3,14.88,25.81
E02001714,E02001770,14.93,16.35,27.68
E02001714,E02001771,16.47,18.38,30.93
E02001714,E02001772,14.39,15.87,26.86
E02001714,E02001773,15.25,17.59,29.22
E02001714,E02001774,11.01,11.49,19.87
E02001714,E02001775,16.54,18.52,31.7
E02001714,E02001776,12.15,12.57,21.81
E02001714,E02001777,12.73,13.13,22.81
E02001714,E02001778,13.86,14.72,25.27
E02001714,E02001779,12.86,13.71,23.55
E02001714,E02001780,15.92,17.35,29.79
E02001714,E02001781,12.47,13.2,22.66
E02001714,E02001782,12.54,13.31,22.73
E02001714,E02001783,14.08,14.81,25.47
E02001714,E02001784,12.48,12.91,22.36
E02001714,E02001785,19.64,22.84,38.68
E02001714,E02001786,15.33,16.31,27.89
E02001714,E02001787,13.58,14.5,24.8
E02001714,E02001788,13.88,15.01,25.51
E02001714,E02001789,17.97,19.24,33.41
E02001714,E02001790,16.31,17.12,29.86
E02001714,E02001791,20.23,21.89,37.57
E02001714,E02001792,21.04,22.71,39.09
E02001714,E02001793,17.26,19.9,33.29
E02001714,E02001794,18.79,22.95,37.49
E02001714,E02001795,20.92,22.56,39.06
E02001714,E02001796,21.96,24.1,41.61
E02001714,E02001797,14.0,14.94,25.46
E02001714,E02001798,17.48,19.37,32.5
E02001714,E02001799,14.89,15.95,27.14
E02001714,E02001800,14.75,14.81,26.46
E02001714,E02001801,22.41,24.97,43.39
E02001714,E02001802,21.31,23.23,40.39
E02001714,E02001803,22.67,24.38,42.56
E02001714,E02001804,22.29,23.58,40.32
E02001714,E02001805,22.21,23.43,40.98
E02001714,E02001806,24.03,25.92,44.5
E02001714,E02001807,16.62,17.29,29.77
E02001714,E02001808,23.13,24.44,42.67
E02001714,E02001809,16.34,17.85,31.01
E02001714,E02001810,14.89,17.42,29.73
E02001714,E02001811,21.19,20.98,36.89
E02001714,E02001812,24.2,26.32,45.4
E02001714,E02001813,22.95,24.09,41.35
E02001714,E02001814,25.32,27.62,47.66
E02001714,E02001815,17.44,18.71,32.9
E02001714,E02001816,24.06,25.74,44.38
E02001714,E02001817,25.7,28.76,48.71
E02001714,E02001818,27.29,30.01,50.95
E02001714,E02001819,23.81,25.17,43.63
E02001714,E02001820,19.73,20.23,36.09
E02001714,E02001821,26.17,26.91,46.69
E02001714,E02001822,20.99,21.59,38.39
E02001714,E02001823,23.55,23.93,42.22
E02001714,E02001824,24.37,25.53,45.18
E02001714,E02001825,26.05,26.7,47.56
E02001714,E02001826,27.71,28.19,49.74
E02001714,E02006841,6.91,7.69,12.9
E02001714,E02006842,7.21,7.85,13.43
E02001714,E02006893,9.68,12.05,20.19
E02001715,E02001682,11.61,13.24,21.96
E02001715,E02001683,14.07,16.15,26.7
E02001715,E02001684,11.14,12.54,20.93
E02001715,E02001685,9.99,12.17,19.7
E02001715,E02001686,9.8,11.61,18.97
E02001715,E02001688,8.92,11.93,18.9
E02001715,E02001689,8.39,10.23,16.87
E02001715,E02001690,9.4,10.68,17.73
E02001715,E02001691,9.01,11.47,18.58
E02001715,E02001692,9.78,12.18,19.67
E02001715,E02001693,10.89,13.34,21.67
E02001715,E02001694,10.54,12.66,21.16
E02001715,E02001695,12.45,13.63,23.0
E02001715,E02001696,12.43,14.38,23.73
E02001715,E02001697,10.64,13.13,21.49
E02001715,E02001698,11.5,13.85,22.7
E02001715,E02001699,12.22,15.47,24.97
E02001715,E02001700,12.72,14.51,24.35
E02001715,E02001701,11.34,13.49,22.17
E02001715,E02001702,12.26,15.01,24.36
E02001715,E02001703,13.44,14.49,24.57
E02001715,E02001704,12.32,15.26,24.91
E02001715,E02001705,19.1,24.57,39.53
E02001715,E02001706,14.72,16.94,28.17
E02001715,E02001707,16.9,20.24,33.24
E02001715,E02001708,4.01,6.46,9.46
E02001715,E02001709,4.7,5.98,9.54
E02001715,E02001710,2.64,5.21,7.19
E02001715,E02001711,3.61,6.0,9.01
E02001715,E02001712,3.5,4.14,6.77
E02001715,E02001713,2.08,2.74,4.3
E02001715,E02001714,6.02,8.07,13.11
E02001715,E02001715,1.04,1.37,2.15
E02001715,E02001718,2.62,4.02,6.05
E02001715,E02001719,6.87,8.53,14.29
E02001715,E02001720,4.51,6.66,10.17
E02001715,E02001721,8.91,10.54,17.23
E02001715,E02001722,5.24,7.77,11.71
E02001715,E02001723,3.5,4.36,6.98
E02001715,E02001724,5.92,7.83,12.39
E02001715,E02001725,7.46,9.22,15.54
E02001715,E02001726,4.22,5.55,8.76
E02001715,E02001727,9.53,11.48,19.01
E02001715,E02001728,6.41,8.45,13.27
E02001715,E02001729,5.16,7.31,11.38
E02001715,E02001730,6.21,8.03,12.74
E02001715,E02001731,5.7,7.5,11.97
E02001715,E02001732,5.37,6.74,10.87
E02001715,E02001733,8.43,10.34,16.9
E02001715,E02001734,5.5,7.28,11.42
E02001715,E02001735,9.15,11.64,18.92
E02001715,E02001736,6.07,8.44,13.53
E02001715,E02001737,9.94,11.85,19.58
E02001715,E02001738,15.51,18.39,30.69
E02001715,E02001739,10.89,12.49,20.74
E02001715,E02001740,15.64,18.57,30.99
E02001715,E02001741,7.51,9.5,15.47
E02001715,E02001742,14.33,17.01,28.43
E02001715,E02001743,16.6,19.15,32.02
E02001715,E02001744,12.04,14.98,24.36
E02001715,E02001745,9.48,11.95,19.09
E02001715,E02001746,15.51,17.96,29.99
E02001715,E02001747,16.79,18.98,32.0
E02001715,E02001748,10.79,11.99,20.24
E02001715,E02001749,9.13,10.33,17.19
E02001715,E02001750,15.07,17.26,28.83
E02001715,E02001751,8.14,9.51,15.61
E02001715,E02001752,13.89,15.71,26.29
E02001715,E02001753,16.73,19.51,32.92
E02001715,E02001754,15.49,18.36,31.02
E02001715,E02001755,7.98,9.97,15.95
E02001715,E02001756,6.13,7.53,12.4
E02001715,E02001757,14.02,15.88,27.18
E02001715,E02001758,11.91,14.86,24.73
E02001715,E02001759,15.49,17.5,29.92
E02001715,E02001760,14.22,16.83,28.41
E02001715,E02001761,9.72,12.49,20.14
E02001715,E02001762,8.4,9.85,16.51
E02001715,E02001763,12.33,15.5,25.69
E02001715,E02001764,15.66,17.99,30.42
E02001715,E02001765,12.27,13.83,23.39
E02001715,E02001766,10.45,12.6,20.8
E02001715,E02001767,9.79,11.4,19.09
E02001715,E02001768,21.04,22.83,39.13
E02001715,E02001769,19.68,21.15,36.44
E02001715,E02001770,20.31,22.62,38.3
E02001715,E02001771,21.85,24.65,41.55
E02001715,E02001772,19.77,22.15,37.48
E02001715,E02001773,20.63,23.87,39.84
E02001715,E02001774,16.39,17.76,30.49
E02001715,E02001775,21.92,24.8,42.11
E02001715,E02001776,15.39,16.58,28.15
E02001715,E02001777,14.51,16.13,27.16
E02001715,E02001778,19.24,20.99,35.89
E02001715,E02001779,18.24,19.99,34.17
E02001715,E02001780,21.3,23.62,40.2
E02001715,E02001781,17.81,19.47,33.07
E02001715,E02001782,14.32,16.31,27.09
E02001715,E02001783,19.43,21.09,35.88
E02001715,E02001784,16.36,17.81,30.11
E02001715,E02001785,24.68,28.01,46.71
E02001715,E02001786,20.68,22.58,38.3
E02001715,E02001787,16.24,18.6,30.81
E02001715,E02001788,17.87,19.47,32.91
E02001715,E02001789,20.65,22.24,37.77
E02001715,E02001790,18.74,20.13,34.22
E02001715,E02001791,22.89,24.9,42.1
E02001715,E02001792,23.47,25.72,43.45
E02001715,E02001793,19.61,22.91,37.65
E02001715,E02001794,21.13,25.96,41.85
E02001715,E02001795,22.86,25.57,43.42
E02001715,E02001796,24.39,27.11,45.97
E02001715,E02001797,15.78,17.95,29.82
E02001715,E02001798,19.26,22.37,36.85
E02001715,E02001799,16.67,18.96,31.5
E02001715,E02001800,16.53,17.81,30.82
E02001715,E02001801,24.3,27.97,47.74
E02001715,E02001802,23.19,26.24,44.74
E02001715,E02001803,24.55,27.38,46.91
E02001715,E02001804,24.07,26.59,44.68
E02001715,E02001805,24.1,26.44,45.34
E02001715,E02001806,25.91,28.93,48.86
E02001715,E02001807,18.4,20.29,34.13
E02001715,E02001808,25.01,27.45,47.03
E02001715,E02001809,18.12,20.85,35.37
E02001715,E02001810,16.67,20.42,34.08
E02001715,E02001811,22.97,23.98,41.25
E02001715,E02001812,26.09,29.32,49.76
E02001715,E02001813,24.74,27.1,45.71
E02001715,E02001814,27.21,30.63,52.02
E02001715,E02001815,19.22,21.72,37.25
E02001715,E02001816,25.85,28.74,48.73
E02001715,E02001817,27.49,31.76,53.06
E02001715,E02001818,29.17,33.01,55.3
E02001715,E02001819,25.59,28.17,47.99
E02001715,E02001820,21.52,23.24,40.45
E02001715,E02001821,27.95,29.92,51.04
E02001715,E02001822,22.77,24.6,42.75
E02001715,E02001823,25.33,26.94,46.58
E02001715,E02001824,26.15,28.54,49.53
E02001715,E02001825,27.83,29.7,51.92
E02001715,E02001826,29.49,31.2,54.1
E02001715,E02006841,8.69,10.7,17.25
E02001715,E02006842,8.99,10.85,17.78
E02001715,E02006893,4.74,6.92,10.99
E02001718,E02001682,9.29,11.56,18.82
E02001718,E02001683,11.75,14.47,23.56
E02001718,E02001684,10.87,11.35,19.64
E02001718,E02001685,7.67,10.49,16.56
E02001718,E02001686,7.48,9.93,15.83
E02001718,E02001688,8.13,10.33,16.52
E02001718,E02001689,7.6,9.04,14.92
E02001718,E02001690,7.3,9.0,14.59
E02001718,E02001691,8.22,10.28,16.62
E02001718,E02001692,9.34,10.99,18.39
E02001718,E02001693,10.62,12.15,20.38
E02001718,E02001694,9.24,10.97,18.02
E02001718,E02001695,12.19,12.44,21.71
E02001718,E02001696,12.16,13.19,22.44
E02001718,E02001697,10.21,11.94,20.2
E02001718,E02001698,9.4,12.17,19.56
E02001718,E02001699,11.79,14.28,23.68
E02001718,E02001700,11.85,12.91,21.97
E02001718,E02001701,10.88,12.3,20.89
E02001718,E02001702,11.82,13.82,23.07
E02001718,E02001703,11.34,12.8,21.43
E02001718,E02001704,11.89,14.07,23.62
E02001718,E02001705,16.78,22.89,36.39
E02001718,E02001706,14.28,15.75,26.88
E02001718,E02001707,16.46,19.05,31.95
E02001718,E02001708,3.38,6.01,8.67
E02001718,E02001709,5.99,7.62,12.39
E02001718,E02001710,3.93,6.56,9.57
E02001718,E02001711,2.54,5.08,6.99
E02001718,E02001712,5.04,5.78,9.62
E02001718,E02001713,3.62,4.38,7.16
E02001718,E02001714,7.56,9.27,15.57
E02001718,E02001715,2.62,4.02,6.05
E02001718,E02001718,0.95,1.38,2.13
E02001718,E02001719,7.44,8.18,13.78
E02001718,E02001720,5.66,6.86,11.18
E02001718,E02001721,6.93,8.85,14.09
E02001718,E02001722,3.42,6.3,8.87
E02001718,E02001723,1.91,2.76,4.26
E02001718,E02001724,5.92,6.64,11.1
E02001718,E02001725,7.75,8.64,14.71
E02001718,E02001726,2.15,3.54,5.2
E02001718,E02001727,9.72,10.29,17.72
E02001718,E02001728,4.34,6.76,10.14
E02001718,E02001729,4.06,5.71,9.0
E02001718,E02001730,6.13,6.83,11.45
E02001718,E02001731,4.91,5.9,9.59
E02001718,E02001732,3.0,4.73,7.31
E02001718,E02001733,8.35,9.14,15.61
E02001718,E02001734,3.59,5.68,8.62
E02001718,E02001735,9.07,10.45,17.63
E02001718,E02001736,4.31,6.84,10.73
E02001718,E02001737,9.86,10.65,18.29
E02001718,E02001738,17.05,20.03,33.55
E02001718,E02001739,10.96,12.51,20.85
E02001718,E02001740,17.17,20.22,33.84
E02001718,E02001741,7.57,9.05,14.85
E02001718,E02001742,15.87,18.65,31.28
E02001718,E02001743,18.14,20.74,34.87
E02001718,E02001744,13.58,16.62,27.22
E02001718,E02001745,10.64,12.92,21.03
E02001718,E02001746,17.05,19.54,32.85
E02001718,E02001747,17.94,18.81,32.49
E02001718,E02001748,12.33,13.64,23.1
E02001718,E02001749,10.67,11.98,20.04
E02001718,E02001750,16.61,18.11,30.95
E02001718,E02001751,9.67,11.15,18.47
E02001718,E02001752,15.43,16.75,28.6
E02001718,E02001753,17.64,19.14,32.87
E02001718,E02001754,16.4,17.94,30.63
E02001718,E02001755,9.52,11.61,18.81
E02001718,E02001756,7.67,9.17,15.25
E02001718,E02001757,14.93,15.45,26.67
E02001718,E02001758,12.9,14.43,24.12
E02001718,E02001759,16.4,17.08,29.41
E02001718,E02001760,15.13,16.41,28.09
E02001718,E02001761,11.09,12.63,21.24
E02001718,E02001762,9.94,11.0,18.75
E02001718,E02001763,13.24,15.13,25.08
E02001718,E02001764,16.57,17.62,30.1
E02001718,E02001765,12.99,13.7,23.46
E02001718,E02001766,11.17,12.47,20.87
E02001718,E02001767,10.51,11.26,19.16
E02001718,E02001768,21.72,22.62,39.17
E02001718,E02001769,20.36,20.94,36.48
E02001718,E02001770,20.99,22.41,38.34
E02001718,E02001771,22.53,24.45,41.59
E02001718,E02001772,20.45,21.94,37.52
E02001718,E02001773,21.31,22.9,39.37
E02001718,E02001774,16.52,16.98,29.5
E02001718,E02001775,22.36,23.79,40.82
E02001718,E02001776,15.13,15.38,26.87
E02001718,E02001777,14.25,14.94,25.87
E02001718,E02001778,19.92,20.79,35.93
E02001718,E02001779,18.43,19.21,33.17
E02001718,E02001780,21.55,22.61,38.91
E02001718,E02001781,17.55,18.46,31.78
E02001718,E02001782,14.06,15.12,25.8
E02001718,E02001783,19.17,20.08,34.59
E02001718,E02001784,16.1,16.62,28.82
E02001718,E02001785,24.41,26.82,45.42
E02001718,E02001786,20.41,21.57,37.02
E02001718,E02001787,15.98,17.41,29.52
E02001718,E02001788,17.6,18.28,31.62
E02001718,E02001789,20.39,21.05,36.48
E02001718,E02001790,18.48,18.94,32.93
E02001718,E02001791,22.62,23.71,40.81
E02001718,E02001792,23.21,24.53,42.16
E02001718,E02001793,19.35,21.72,36.36
E02001718,E02001794,20.87,24.77,40.56
E02001718,E02001795,22.59,24.38,42.13
E02001718,E02001796,24.12,25.91,44.68
E02001718,E02001797,15.52,16.76,28.53
E02001718,E02001798,19.0,21.18,35.56
E02001718,E02001799,16.41,17.76,30.21
E02001718,E02001800,16.1,16.62,29.53
E02001718,E02001801,24.04,26.78,46.45
E02001718,E02001802,22.93,25.05,43.46
E02001718,E02001803,24.29,26.19,45.62
E02001718,E02001804,23.81,25.4,43.39
E02001718,E02001805,23.84,25.25,44.05
E02001718,E02001806,25.65,27.74,47.57
E02001718,E02001807,18.14,19.1,32.84
E02001718,E02001808,24.75,26.26,45.74
E02001718,E02001809,17.69,19.66,34.08
E02001718,E02001810,16.24,19.23,32.8
E02001718,E02001811,22.71,22.79,39.96
E02001718,E02001812,25.83,28.13,48.47
E02001718,E02001813,24.48,25.91,44.42
E02001718,E02001814,26.95,29.44,50.73
E02001718,E02001815,18.79,20.53,35.97
E02001718,E02001816,25.59,27.55,47.44
E02001718,E02001817,27.22,30.57,51.78
E02001718,E02001818,28.91,31.82,54.02
E02001718,E02001819,25.15,26.98,46.7
E02001718,E02001820,21.08,22.05,39.16
E02001718,E02001821,27.52,28.73,49.75
E02001718,E02001822,22.34,23.41,41.46
E02001718,E02001823,24.9,25.74,45.29
E02001718,E02001824,25.72,27.35,48.24
E02001718,E02001825,27.39,28.51,50.63
E02001718,E02001826,29.06,30.01,52.81
E02001718,E02006841,8.43,9.51,15.96
E02001718,E02006842,8.56,9.66,16.49
E02001718,E02006893,3.61,5.44,8.15
E02001719,E02001682,13.95,15.04,25.7
E02001719,E02001683,16.41,17.94,30.45
E02001719,E02001684,8.43,8.45,14.78
E02001719,E02001685,12.33,13.97,23.45
E02001719,E02001686,12.14,13.41,22.71
E02001719,E02001688,6.62,7.9,13.12
E02001719,E02001689,6.11,6.13,10.72
E02001719,E02001690,10.93,11.94,20.37
E02001719,E02001691,6.6,7.37,12.43
E02001719,E02001692,7.07,8.08,13.53
E02001719,E02001693,8.18,9.24,15.52
E02001719,E02001694,8.41,9.36,15.68
E02001719,E02001695,9.74,9.53,16.85
E02001719,E02001696,9.72,10.28,17.58
E02001719,E02001697,7.94,9.03,15.34
E02001719,E02001698,11.94,14.02,23.21
E02001719,E02001699,9.51,11.37,18.82
E02001719,E02001700,10.44,10.43,18.39
E02001719,E02001701,8.63,9.39,16.03
E02001719,E02001702,9.55,10.91,18.21
E02001719,E02001703,16.22,16.83,29.22
E02001719,E02001704,9.61,11.16,18.76
E02001719,E02001705,21.44,26.92,44.18
E02001719,E02001706,12.01,12.84,22.02
E02001719,E02001707,14.19,16.14,27.09
E02001719,E02001708,8.57,11.77,19.11
E02001719,E02001709,5.98,7.6,12.72
E02001719,E02001710,6.53,9.79,15.34
E02001719,E02001711,9.31,11.2,18.44
E02001719,E02001712,3.36,4.39,7.52
E02001719,E02001713,4.85,5.91,10.15
E02001719,E02001714,1.36,1.96,2.98
E02001719,E02001715,6.87,8.53,14.29
E02001719,E02001718,7.44,8.18,13.78
E02001719,E02001719,0.57,0.74,1.17
E02001719,E02001720,2.72,4.35,6.38
E02001719,E02001721,12.82,14.37,24.22
E02001719,E02001722,9.74,11.82,19.12
E02001719,E02001723,6.16,6.25,10.87
E02001719,E02001724,1.95,2.43,3.89
E02001719,E02001725,1.15,1.49,2.35
E02001719,E02001726,7.12,7.67,13.06
E02001719,E02001727,2.72,4.0,6.74
E02001719,E02001728,10.24,12.14,20.02
E02001719,E02001729,5.5,6.66,10.9
E02001719,E02001730,2.84,3.38,5.51
E02001719,E02001731,4.35,4.84,8.17
E02001719,E02001732,8.74,9.37,16.05
E02001719,E02001733,2.58,3.12,5.05
E02001719,E02001734,7.34,8.07,13.7
E02001719,E02001735,3.39,4.42,7.07
E02001719,E02001736,6.25,6.86,11.67
E02001719,E02001737,3.96,5.73,9.36
E02001719,E02001738,11.71,14.4,23.85
E02001719,E02001739,8.31,9.26,15.5
E02001719,E02001740,11.74,14.26,24.01
E02001719,E02001741,8.7,10.19,16.98
E02001719,E02001742,10.34,12.55,21.24
E02001719,E02001743,11.85,13.22,22.25
E02001719,E02001744,8.24,10.99,17.52
E02001719,E02001745,6.61,8.4,13.39
E02001719,E02001746,10.73,12.03,20.22
E02001719,E02001747,10.52,11.3,19.39
E02001719,E02001748,6.98,8.01,13.4
E02001719,E02001749,5.52,6.4,10.62
E02001719,E02001750,9.68,10.6,17.86
E02001719,E02001751,4.52,5.58,9.04
E02001719,E02001752,8.35,9.24,15.5
E02001719,E02001753,10.22,11.62,19.77
E02001719,E02001754,8.98,10.42,17.53
E02001719,E02001755,4.37,6.04,9.39
E02001719,E02001756,2.96,3.6,5.83
E02001719,E02001757,7.51,7.94,13.57
E02001719,E02001758,5.48,6.92,11.02
E02001719,E02001759,8.98,9.56,16.31
E02001719,E02001760,7.71,8.89,14.99
E02001719,E02001761,3.67,5.11,8.14
E02001719,E02001762,2.89,3.49,5.66
E02001719,E02001763,5.82,7.61,11.98
E02001719,E02001764,9.15,10.1,17.0
E02001719,E02001765,5.57,6.18,10.36
E02001719,E02001766,3.75,4.95,7.77
E02001719,E02001767,3.09,3.75,6.06
E02001719,E02001768,14.38,15.18,26.11
E02001719,E02001769,13.02,13.5,23.41
E02001719,E02001770,13.65,14.97,25.28
E02001719,E02001771,15.2,17.0,28.52
E02001719,E02001772,13.11,14.5,24.46
E02001719,E02001773,13.97,16.22,26.82
E02001719,E02001774,9.73,10.11,17.47
E02001719,E02001775,15.27,17.15,29.3
E02001719,E02001776,10.87,11.2,19.41
E02001719,E02001777,11.81,12.03,21.01
E02001719,E02001778,12.58,13.34,22.86
E02001719,E02001779,11.58,12.34,21.15
E02001719,E02001780,14.64,15.97,27.39
E02001719,E02001781,11.19,11.82,20.26
E02001719,E02001782,11.62,12.22,20.94
E02001719,E02001783,12.81,13.44,23.06
E02001719,E02001784,11.2,11.54,19.96
E02001719,E02001785,18.36,21.46,36.27
E02001719,E02001786,14.05,14.93,25.49
E02001719,E02001787,12.31,13.13,22.39
E02001719,E02001788,12.6,13.63,23.1
E02001719,E02001789,16.7,18.04,31.19
E02001719,E02001790,15.03,15.93,27.64
E02001719,E02001791,18.95,20.53,35.17
E02001719,E02001792,19.76,21.51,36.87
E02001719,E02001793,15.99,18.71,31.07
E02001719,E02001794,17.51,21.76,35.27
E02001719,E02001795,19.65,21.37,36.84
E02001719,E02001796,20.68,22.9,39.39
E02001719,E02001797,13.08,13.85,23.67
E02001719,E02001798,16.22,18.27,30.58
E02001719,E02001799,13.97,14.86,25.35
E02001719,E02001800,13.82,13.71,24.67
E02001719,E02001801,21.14,23.88,41.56
E02001719,E02001802,20.03,22.14,38.56
E02001719,E02001803,21.39,23.23,40.38
E02001719,E02001804,21.09,22.49,38.49
E02001719,E02001805,20.94,22.34,39.16
E02001719,E02001806,22.75,24.72,42.28
E02001719,E02001807,15.69,16.2,27.98
E02001719,E02001808,21.85,23.35,40.85
E02001719,E02001809,15.42,16.75,29.22
E02001719,E02001810,13.97,16.32,27.94
E02001719,E02001811,19.99,19.88,35.07
E02001719,E02001812,22.93,25.23,43.58
E02001719,E02001813,21.76,23.0,39.52
E02001719,E02001814,24.05,26.45,45.44
E02001719,E02001815,16.52,17.62,31.11
E02001719,E02001816,22.87,24.65,42.55
E02001719,E02001817,24.5,27.67,46.88
E02001719,E02001818,26.01,28.91,49.12
E02001719,E02001819,22.7,24.07,41.81
E02001719,E02001820,18.81,19.14,34.3
E02001719,E02001821,25.07,25.82,44.86
E02001719,E02001822,20.07,20.5,36.6
E02001719,E02001823,22.63,22.84,40.43
E02001719,E02001824,23.45,24.44,43.38
E02001719,E02001825,25.12,25.61,45.77
E02001719,E02001826,26.79,27.1,47.95
E02001719,E02006841,5.99,6.6,11.1
E02001719,E02006842,6.28,6.76,11.63
E02001719,E02006893,9.92,10.96,18.4
E02001720,E02001682,13.01,14.5,24.55
E02001720,E02001683,15.47,17.4,29.3
E02001720,E02001684,7.55,7.9,13.63
E02001720,E02001685,11.38,13.42,22.3
E02001720,E02001686,11.2,12.87,21.56
E02001720,E02001688,5.74,7.36,11.97
E02001720,E02001689,5.23,5.59,9.57
E02001720,E02001690,10.05,11.4,19.22
E02001720,E02001691,5.72,6.83,11.28
E02001720,E02001692,6.19,7.54,12.38
E02001720,E02001693,7.3,8.7,14.37
E02001720,E02001694,7.53,8.81,14.53
E02001720,E02001695,8.87,8.99,15.7
E02001720,E02001696,8.84,9.74,16.43
E02001720,E02001697,7.06,8.49,14.19
E02001720,E02001698,11.06,13.48,22.06
E02001720,E02001699,8.64,10.83,17.67
E02001720,E02001700,9.56,9.89,17.24
E02001720,E02001701,7.75,8.84,14.88
E02001720,E02001702,8.67,10.37,17.06
E02001720,E02001703,15.28,16.29,28.07
E02001720,E02001704,8.74,10.62,17.61
E02001720,E02001705,20.5,26.38,43.03
E02001720,E02001706,11.13,12.3,20.87
E02001720,E02001707,13.31,15.6,25.94
E02001720,E02001708,6.66,10.45,16.44
E02001720,E02001709,4.15,5.74,9.07
E02001720,E02001710,4.51,7.93,11.69
E02001720,E02001711,7.04,9.88,15.85
E02001720,E02001712,1.78,2.99,4.66
E02001720,E02001713,2.66,4.04,6.5
E02001720,E02001714,3.2,5.44,8.18
E02001720,E02001715,4.51,6.66,10.17
E02001720,E02001718,5.66,6.86,11.18
E02001720,E02001719,2.72,4.35,6.38
E02001720,E02001720,0.89,1.41,2.18
E02001720,E02001721,11.05,13.05,21.63
E02001720,E02001722,7.96,10.5,16.53
E02001720,E02001723,4.38,4.93,8.28
E02001720,E02001724,1.9,2.81,4.36
E02001720,E02001725,3.15,4.81,7.32
E02001720,E02001726,5.34,6.35,10.47
E02001720,E02001727,5.4,6.84,11.3
E02001720,E02001728,8.46,10.82,17.43
E02001720,E02001729,4.52,5.61,9.06
E02001720,E02001730,2.19,3.01,4.71
E02001720,E02001731,3.41,4.3,7.01
E02001720,E02001732,6.97,8.06,13.45
E02001720,E02001733,4.41,5.69,9.19
E02001720,E02001734,6.39,7.53,12.54
E02001720,E02001735,5.12,6.99,11.21
E02001720,E02001736,5.31,6.32,10.51
E02001720,E02001737,5.92,7.2,11.88
E02001720,E02001738,13.27,16.2,26.94
E02001720,E02001739,8.77,10.29,17.0
E02001720,E02001740,13.4,16.38,27.24
E02001720,E02001741,7.16,9.42,15.0
E02001720,E02001742,12.09,14.81,24.68
E02001720,E02001743,14.36,16.91,27.96
E02001720,E02001744,9.8,12.79,20.61
E02001720,E02001745,7.24,9.76,15.34
E02001720,E02001746,13.27,15.71,25.93
E02001720,E02001747,13.22,14.98,25.1
E02001720,E02001748,8.55,9.8,16.5
E02001720,E02001749,6.89,8.14,13.44
E02001720,E02001750,12.38,14.28,23.56
E02001720,E02001751,5.9,7.32,11.87
E02001720,E02001752,11.05,12.92,21.21
E02001720,E02001753,12.92,15.31,25.48
E02001720,E02001754,11.68,14.1,23.24
E02001720,E02001755,5.74,7.78,12.21
E02001720,E02001756,3.89,5.34,8.65
E02001720,E02001757,10.21,11.62,19.27
E02001720,E02001758,8.18,10.6,16.73
E02001720,E02001759,11.68,13.24,22.02
E02001720,E02001760,10.41,12.57,20.7
E02001720,E02001761,6.37,8.8,13.85
E02001720,E02001762,5.59,7.17,11.36
E02001720,E02001763,8.52,11.29,17.69
E02001720,E02001764,11.85,13.79,22.71
E02001720,E02001765,8.27,9.87,16.07
E02001720,E02001766,6.45,8.63,13.48
E02001720,E02001767,5.79,7.43,11.77
E02001720,E02001768,17.08,18.86,31.82
E02001720,E02001769,15.72,17.18,29.12
E02001720,E02001770,16.35,18.66,30.99
E02001720,E02001771,17.9,20.69,34.23
E02001720,E02001772,15.82,18.18,30.17
E02001720,E02001773,16.67,19.45,32.53
E02001720,E02001774,12.43,13.52,23.17
E02001720,E02001775,17.97,20.34,34.81
E02001720,E02001776,11.81,11.93,20.86
E02001720,E02001777,10.93,11.49,19.86
E02001720,E02001778,15.29,17.03,28.57
E02001720,E02001779,14.28,15.76,26.85
E02001720,E02001780,17.34,19.16,32.9
E02001720,E02001781,13.89,15.01,25.77
E02001720,E02001782,10.74,11.67,19.79
E02001720,E02001783,15.51,16.63,28.58
E02001720,E02001784,12.78,13.17,22.81
E02001720,E02001785,21.06,23.36,39.41
E02001720,E02001786,16.75,18.12,31.01
E02001720,E02001787,12.66,13.96,23.51
E02001720,E02001788,14.28,14.83,25.61
E02001720,E02001789,17.07,17.6,30.47
E02001720,E02001790,15.16,15.49,26.92
E02001720,E02001791,19.3,20.26,34.8
E02001720,E02001792,19.89,21.07,36.15
E02001720,E02001793,16.03,18.27,30.35
E02001720,E02001794,17.55,21.32,34.55
E02001720,E02001795,19.27,20.93,36.12
E02001720,E02001796,20.8,22.46,38.67
E02001720,E02001797,12.2,13.31,22.52
E02001720,E02001798,15.68,17.73,29.55
E02001720,E02001799,13.09,14.31,24.2
E02001720,E02001800,12.95,13.17,23.52
E02001720,E02001801,20.72,23.33,40.44
E02001720,E02001802,19.61,21.6,37.45
E02001720,E02001803,20.97,22.74,39.61
E02001720,E02001804,20.49,21.95,37.38
E02001720,E02001805,20.52,21.8,38.04
E02001720,E02001806,22.33,24.28,41.56
E02001720,E02001807,14.82,15.65,26.83
E02001720,E02001808,21.43,22.8,39.73
E02001720,E02001809,14.54,16.21,28.07
E02001720,E02001810,13.09,15.78,26.79
E02001720,E02001811,19.39,19.34,33.95
E02001720,E02001812,22.51,24.68,42.46
E02001720,E02001813,21.15,22.45,38.41
E02001720,E02001814,23.62,25.99,44.72
E02001720,E02001815,15.64,17.08,29.96
E02001720,E02001816,22.26,24.1,41.43
E02001720,E02001817,23.9,27.12,45.77
E02001720,E02001818,25.59,28.37,48.01
E02001720,E02001819,22.01,23.53,40.69
E02001720,E02001820,17.93,18.6,33.15
E02001720,E02001821,24.37,25.28,43.74
E02001720,E02001822,19.19,19.96,35.45
E02001720,E02001823,21.75,22.29,39.28
E02001720,E02001824,22.57,23.89,42.23
E02001720,E02001825,24.25,25.06,44.62
E02001720,E02001826,25.91,26.55,46.8
E02001720,E02006841,5.11,6.06,9.95
E02001720,E02006842,5.41,6.21,10.48
E02001720,E02006893,8.14,9.64,15.81
E02001721,E02001682,4.81,7.83,11.44
E02001721,E02001683,7.27,10.73,16.19
E02001721,E02001684,14.92,16.37,27.78
E02001721,E02001685,6.21,10.23,15.08
E02001721,E02001686,5.83,9.67,14.05
E02001721,E02001688,9.53,10.32,17.52
E02001721,E02001689,11.18,12.49,20.94
E02001721,E02001690,7.69,9.29,15.45
E02001721,E02001691,11.8,13.73,22.65
E02001721,E02001692,13.33,15.73,26.13
E02001721,E02001693,14.62,17.16,28.52
E02001721,E02001694,9.82,11.22,18.78
E02001721,E02001695,16.23,17.45,29.85
E02001721,E02001696,16.21,18.2,30.58
E02001721,E02001697,14.03,16.68,27.94
E02001721,E02001698,9.79,12.46,20.42
E02001721,E02001699,15.78,19.29,31.83
E02001721,E02001700,12.24,14.18,23.86
E02001721,E02001701,13.87,17.04,28.12
E02001721,E02001702,15.81,18.56,30.81
E02001721,E02001703,10.62,13.1,22.29
E02001721,E02001704,15.48,18.81,31.36
E02001721,E02001705,13.46,22.32,32.42
E02001721,E02001706,16.79,17.82,30.67
E02001721,E02001707,18.97,21.12,35.74
E02001721,E02001708,8.94,11.68,18.4
E02001721,E02001709,11.79,14.13,23.57
E02001721,E02001710,10.21,12.5,20.17
E02001721,E02001711,6.26,9.84,14.96
E02001721,E02001712,11.07,12.29,20.8
E02001721,E02001713,9.9,10.9,18.33
E02001721,E02001714,13.04,15.46,26.01
E02001721,E02001715,8.91,10.54,17.23
E02001721,E02001718,6.93,8.85,14.09
E02001721,E02001719,12.83,14.37,24.22
E02001721,E02001720,11.05,13.05,21.63
E02001721,E02001721,1.91,2.62,4.14
E02001721,E02001722,4.26,6.38,9.58
E02001721,E02001723,6.99,8.48,13.87
E02001721,E02001724,11.31,12.83,21.55
E02001721,E02001725,13.14,14.84,25.16
E02001721,E02001726,6.24,7.99,12.68
E02001721,E02001727,14.64,16.11,27.21
E02001721,E02001728,3.82,5.24,8.27
E02001721,E02001729,8.39,10.19,16.56
E02001721,E02001730,11.3,12.71,21.31
E02001721,E02001731,9.38,11.11,18.32
E02001721,E02001732,5.44,6.86,11.05
E02001721,E02001733,13.18,14.96,25.1
E02001721,E02001734,6.75,8.55,13.62
E02001721,E02001735,13.69,16.26,27.12
E02001721,E02001736,7.95,9.77,15.87
E02001721,E02001737,14.49,16.12,27.08
E02001721,E02001738,23.08,26.54,44.72
E02001721,E02001739,16.63,18.33,30.8
E02001721,E02001740,23.2,26.73,45.02
E02001721,E02001741,13.24,14.87,24.8
E02001721,E02001742,21.9,25.16,42.46
E02001721,E02001743,24.17,26.93,45.79
E02001721,E02001744,19.61,23.14,38.39
E02001721,E02001745,16.31,18.75,30.98
E02001721,E02001746,23.08,25.73,43.77
E02001721,E02001747,23.33,25.01,42.93
E02001721,E02001748,18.35,20.15,34.27
E02001721,E02001749,16.7,18.49,31.22
E02001721,E02001750,22.49,24.3,41.4
E02001721,E02001751,15.7,17.66,29.64
E02001721,E02001752,21.15,22.95,39.04
E02001721,E02001753,23.03,25.33,43.32
E02001721,E02001754,21.78,24.13,41.08
E02001721,E02001755,15.54,18.12,29.98
E02001721,E02001756,13.69,15.69,26.43
E02001721,E02001757,20.32,21.64,37.11
E02001721,E02001758,18.29,20.62,34.57
E02001721,E02001759,21.79,23.27,39.86
E02001721,E02001760,20.52,22.6,38.53
E02001721,E02001761,16.47,18.82,31.69
E02001721,E02001762,15.7,17.19,29.2
E02001721,E02001763,18.63,21.32,35.52
E02001721,E02001764,21.67,23.59,39.97
E02001721,E02001765,18.11,19.82,33.5
E02001721,E02001766,16.56,18.59,31.23
E02001721,E02001767,15.87,17.45,29.61
E02001721,E02001768,26.05,28.17,48.01
E02001721,E02001769,24.69,26.49,45.32
E02001721,E02001770,25.32,27.96,47.18
E02001721,E02001771,26.74,29.95,50.43
E02001721,E02001772,24.78,27.49,46.36
E02001721,E02001773,25.52,27.92,47.51
E02001721,E02001774,20.56,21.99,37.64
E02001721,E02001775,26.4,28.8,48.96
E02001721,E02001776,19.17,20.4,35.01
E02001721,E02001777,18.29,19.96,34.01
E02001721,E02001778,24.25,26.33,44.77
E02001721,E02001779,22.48,24.23,41.31
E02001721,E02001780,25.6,27.63,47.05
E02001721,E02001781,21.6,23.48,39.92
E02001721,E02001782,18.11,20.14,33.94
E02001721,E02001783,23.21,25.09,42.73
E02001721,E02001784,20.14,21.63,36.96
E02001721,E02001785,28.46,31.83,53.56
E02001721,E02001786,24.46,26.59,45.16
E02001721,E02001787,20.02,22.42,37.66
E02001721,E02001788,21.65,23.29,39.76
E02001721,E02001789,24.44,26.07,44.62
E02001721,E02001790,22.52,23.95,41.07
E02001721,E02001791,26.67,28.72,48.95
E02001721,E02001792,27.25,29.54,50.3
E02001721,E02001793,23.39,26.73,44.5
E02001721,E02001794,24.92,29.78,48.7
E02001721,E02001795,26.64,29.39,50.27
E02001721,E02001796,28.17,30.93,52.82
E02001721,E02001797,19.56,21.77,36.67
E02001721,E02001798,23.04,26.2,43.7
E02001721,E02001799,20.45,22.25,38.35
E02001721,E02001800,19.88,20.78,36.51
E02001721,E02001801,28.08,31.8,54.59
E02001721,E02001802,26.97,30.06,51.6
E02001721,E02001803,28.34,31.2,53.76
E02001721,E02001804,27.85,30.41,51.53
E02001721,E02001805,27.88,30.26,52.19
E02001721,E02001806,29.69,32.75,55.71
E02001721,E02001807,21.95,23.3,40.03
E02001721,E02001808,28.79,31.27,53.88
E02001721,E02001809,20.98,23.33,39.33
E02001721,E02001810,19.53,21.76,36.66
E02001721,E02001811,26.76,27.81,48.1
E02001721,E02001812,29.87,33.15,56.61
E02001721,E02001813,28.52,30.92,52.56
E02001721,E02001814,30.99,34.45,58.87
E02001721,E02001815,22.08,23.45,40.4
E02001721,E02001816,29.52,31.63,54.64
E02001721,E02001817,30.58,34.48,58.14
E02001721,E02001818,32.95,36.84,62.16
E02001721,E02001819,28.45,30.2,52.26
E02001721,E02001820,24.37,24.98,43.98
E02001721,E02001821,30.81,33.17,57.16
E02001721,E02001822,25.63,26.34,46.28
E02001721,E02001823,27.86,27.92,49.15
E02001721,E02001824,29.01,29.52,52.2
E02001721,E02001825,30.69,30.69,54.49
E02001721,E02001826,32.31,32.19,56.68
E02001721,E02006841,12.44,14.44,24.1
E02001721,E02006842,12.53,14.4,24.24
E02001721,E02006893,4.59,7.25,10.78
E02001722,E02001682,7.21,10.56,16.88
E02001722,E02001683,9.67,13.47,21.63
E02001722,E02001684,12.21,14.09,23.25
E02001722,E02001685,6.79,9.49,14.63
E02001722,E02001686,6.61,8.93,13.89
E02001722,E02001688,8.08,9.58,15.63
E02001722,E02001689,8.81,11.0,17.66
E02001722,E02001690,6.2,8.0,12.65
E02001722,E02001691,9.43,12.24,19.37
E02001722,E02001692,10.62,13.56,21.6
E02001722,E02001693,11.91,14.88,23.99
E02001722,E02001694,8.15,9.98,16.09
E02001722,E02001695,13.52,15.17,25.32
E02001722,E02001696,13.5,15.92,26.05
E02001722,E02001697,11.49,14.5,23.41
E02001722,E02001698,8.31,11.17,17.62
E02001722,E02001699,13.07,17.01,27.29
E02001722,E02001700,10.76,12.93,21.07
E02001722,E02001701,12.1,14.86,24.1
E02001722,E02001702,13.1,16.38,26.28
E02001722,E02001703,10.24,11.81,19.49
E02001722,E02001704,13.17,16.63,26.83
E02001722,E02001705,15.86,21.89,34.45
E02001722,E02001706,15.11,16.58,27.97
E02001722,E02001707,17.29,19.88,33.04
E02001722,E02001708,5.27,8.92,12.88
E02001722,E02001709,8.11,11.37,18.05
E02001722,E02001710,6.55,9.74,14.65
E02001722,E02001711,2.92,5.85,8.04
E02001722,E02001712,7.66,9.53,15.28
E02001722,E02001713,6.24,8.13,12.81
E02001722,E02001714,9.95,12.91,20.91
E02001722,E02001715,5.24,7.77,11.71
E02001722,E02001718,3.42,6.3,8.87
E02001722,E02001719,9.74,11.82,19.12
E02001722,E02001720,7.96,10.5,16.53
E02001722,E02001721,4.26,6.38,9.58
E02001722,E02001722,0.95,1.9,2.61
E02001722,E02001723,3.9,5.98,9.25
E02001722,E02001724,8.22,10.28,16.45
E02001722,E02001725,10.05,12.28,20.06
E02001722,E02001726,3.53,5.49,8.15
E02001722,E02001727,11.93,13.61,22.68
E02001722,E02001728,2.26,4.42,6.11
E02001722,E02001729,5.68,7.69,12.03
E02001722,E02001730,8.43,10.21,16.78
E02001722,E02001731,6.67,8.61,13.79
E02001722,E02001732,2.73,4.36,6.52
E02001722,E02001733,10.47,12.46,20.57
E02001722,E02001734,4.04,6.05,9.08
E02001722,E02001735,10.99,13.76,22.59
E02001722,E02001736,5.25,7.27,11.34
E02001722,E02001737,11.78,13.62,22.55
E02001722,E02001738,19.67,23.78,39.2
E02001722,E02001739,12.95,15.57,25.28
E02001722,E02001740,19.8,23.97,39.5
E02001722,E02001741,9.56,12.11,19.28
E02001722,E02001742,18.49,22.4,36.94
E02001722,E02001743,20.76,24.38,40.53
E02001722,E02001744,16.2,20.37,32.87
E02001722,E02001745,12.63,15.98,25.46
E02001722,E02001746,19.67,23.18,38.5
E02001722,E02001747,20.24,22.45,37.84
E02001722,E02001748,14.95,17.39,28.75
E02001722,E02001749,13.09,15.73,25.7
E02001722,E02001750,19.23,21.75,36.3
E02001722,E02001751,12.1,14.9,24.12
E02001722,E02001752,18.05,20.39,33.94
E02001722,E02001753,19.94,22.78,38.22
E02001722,E02001754,18.69,21.57,35.98
E02001722,E02001755,12.14,15.36,24.46
E02001722,E02001756,10.29,12.92,20.91
E02001722,E02001757,17.23,19.09,32.01
E02001722,E02001758,15.19,18.07,29.47
E02001722,E02001759,18.7,20.71,34.76
E02001722,E02001760,17.43,20.04,33.43
E02001722,E02001761,13.38,16.27,26.59
E02001722,E02001762,12.56,14.64,24.1
E02001722,E02001763,15.54,18.77,30.42
E02001722,E02001764,18.87,21.09,35.44
E02001722,E02001765,15.29,17.32,28.81
E02001722,E02001766,13.47,16.09,26.22
E02001722,E02001767,12.81,14.9,24.51
E02001722,E02001768,23.35,25.88,43.48
E02001722,E02001769,21.98,24.21,40.79
E02001722,E02001770,22.61,25.68,42.65
E02001722,E02001771,24.04,27.67,45.9
E02001722,E02001772,22.08,25.21,41.83
E02001722,E02001773,22.81,25.63,42.98
E02001722,E02001774,17.86,19.71,33.11
E02001722,E02001775,23.69,26.52,44.43
E02001722,E02001776,16.47,18.12,30.47
E02001722,E02001777,15.59,17.68,29.48
E02001722,E02001778,21.55,24.05,40.24
E02001722,E02001779,19.77,21.95,36.78
E02001722,E02001780,22.89,25.35,42.52
E02001722,E02001781,18.89,21.2,35.39
E02001722,E02001782,15.4,17.86,29.41
E02001722,E02001783,20.51,22.81,38.2
E02001722,E02001784,17.43,19.35,32.43
E02001722,E02001785,25.75,29.55,49.03
E02001722,E02001786,21.75,24.31,40.63
E02001722,E02001787,17.31,20.14,33.13
E02001722,E02001788,18.94,21.01,35.23
E02001722,E02001789,21.73,23.79,40.09
E02001722,E02001790,19.82,21.67,36.54
E02001722,E02001791,23.96,26.44,44.42
E02001722,E02001792,24.54,27.26,45.77
E02001722,E02001793,20.68,24.45,39.97
E02001722,E02001794,22.21,27.5,44.17
E02001722,E02001795,23.93,27.11,45.74
E02001722,E02001796,25.46,28.65,48.29
E02001722,E02001797,16.85,19.49,32.14
E02001722,E02001798,20.34,23.92,39.17
E02001722,E02001799,17.75,20.5,33.82
E02001722,E02001800,17.38,19.36,33.14
E02001722,E02001801,25.37,29.52,50.06
E02001722,E02001802,24.26,27.78,47.07
E02001722,E02001803,25.63,28.92,49.23
E02001722,E02001804,25.15,28.13,47.0
E02001722,E02001805,25.17,27.98,47.66
E02001722,E02001806,26.99,30.47,51.18
E02001722,E02001807,19.47,21.84,36.45
E02001722,E02001808,26.08,28.99,49.35
E02001722,E02001809,18.97,22.09,36.63
E02001722,E02001810,17.52,20.51,33.96
E02001722,E02001811,24.05,25.53,43.57
E02001722,E02001812,27.16,30.87,52.08
E02001722,E02001813,25.81,28.64,48.03
E02001722,E02001814,28.28,32.17,54.34
E02001722,E02001815,20.07,22.21,37.71
E02001722,E02001816,26.92,30.29,51.05
E02001722,E02001817,28.56,33.24,55.38
E02001722,E02001818,30.25,34.55,57.62
E02001722,E02001819,26.43,28.96,49.57
E02001722,E02001820,22.36,23.73,41.28
E02001722,E02001821,28.8,31.46,53.36
E02001722,E02001822,23.62,25.09,43.59
E02001722,E02001823,26.18,26.68,46.46
E02001722,E02001824,27.0,28.28,49.51
E02001722,E02001825,28.67,29.45,51.8
E02001722,E02001826,30.34,30.94,53.98
E02001722,E02006841,9.74,12.24,19.57
E02001722,E02006842,9.83,12.23,19.71
E02001722,E02006893,1.9,3.79,5.21
E02001723,E02001682,8.74,10.43,17.37
E02001723,E02001683,11.2,13.34,22.11
E02001723,E02001684,9.36,9.42,16.74
E02001723,E02001685,7.11,9.36,15.11
E02001723,E02001686,6.93,8.8,14.38
E02001723,E02001688,6.56,8.39,13.61
E02001723,E02001689,6.03,7.1,12.01
E02001723,E02001690,6.97,8.42,14.05
E02001723,E02001691,6.65,8.34,13.72
E02001723,E02001692,7.78,9.06,15.48
E02001723,E02001693,9.07,10.22,17.48
E02001723,E02001694,8.18,9.9,16.35
E02001723,E02001695,10.67,10.5,18.8
E02001723,E02001696,10.65,11.25,19.54
E02001723,E02001697,8.64,10.0,17.3
E02001723,E02001698,9.07,11.59,19.02
E02001723,E02001699,10.22,12.34,20.78
E02001723,E02001700,10.36,10.98,19.06
E02001723,E02001701,9.31,10.36,17.98
E02001723,E02001702,10.26,11.89,20.17
E02001723,E02001703,11.01,12.23,20.89
E02001723,E02001704,10.32,12.13,20.72
E02001723,E02001705,16.23,22.31,35.85
E02001723,E02001706,12.72,13.82,23.98
E02001723,E02001707,14.9,17.12,29.04
E02001723,E02001708,4.34,6.34,9.6
E02001723,E02001709,6.21,7.46,12.39
E02001723,E02001710,4.8,6.9,10.5
E02001723,E02001711,3.86,5.57,8.68
E02001723,E02001712,4.41,5.55,9.25
E02001723,E02001713,3.78,4.72,7.89
E02001723,E02001714,6.38,7.34,12.66
E02001723,E02001715,3.5,4.36,6.98
E02001723,E02001718,1.91,2.76,4.26
E02001723,E02001719,6.16,6.24,10.87
E02001723,E02001720,4.38,4.93,8.28
E02001723,E02001721,6.99,8.48,13.87
E02001723,E02001722,3.9,5.98,9.25
E02001723,E02001723,0.48,0.71,1.1
E02001723,E02001724,4.65,4.71,8.2
E02001723,E02001725,6.47,6.71,11.81
E02001723,E02001726,0.96,1.42,2.19
E02001723,E02001727,8.45,8.36,14.82
E02001723,E02001728,4.4,6.21,9.66
E02001723,E02001729,2.31,3.77,6.1
E02001723,E02001730,4.86,4.9,8.55
E02001723,E02001731,3.34,3.96,6.69
E02001723,E02001732,2.59,3.38,5.54
E02001723,E02001733,7.08,7.21,12.71
E02001723,E02001734,2.0,2.92,4.44
E02001723,E02001735,7.79,8.51,14.72
E02001723,E02001736,2.71,4.09,6.55
E02001723,E02001737,8.59,8.72,15.38
E02001723,E02001738,16.41,18.75,31.76
E02001723,E02001739,11.91,12.84,21.78
E02001723,E02001740,16.54,18.94,32.05
E02001723,E02001741,8.53,9.38,15.78
E02001723,E02001742,15.24,17.37,29.49
E02001723,E02001743,17.51,18.8,32.44
E02001723,E02001744,12.95,15.35,25.42
E02001723,E02001745,10.38,12.32,20.15
E02001723,E02001746,16.42,17.61,30.41
E02001723,E02001747,16.67,16.88,29.58
E02001723,E02001748,11.69,12.36,21.31
E02001723,E02001749,10.04,10.7,18.25
E02001723,E02001750,15.83,16.18,28.05
E02001723,E02001751,9.04,9.87,16.68
E02001723,E02001752,14.49,14.82,25.69
E02001723,E02001753,16.37,17.2,29.96
E02001723,E02001754,15.12,16.0,27.73
E02001723,E02001755,8.88,10.33,17.02
E02001723,E02001756,7.03,7.9,13.46
E02001723,E02001757,13.65,13.52,23.76
E02001723,E02001758,11.62,12.5,21.22
E02001723,E02001759,15.13,15.14,26.51
E02001723,E02001760,13.85,14.47,25.18
E02001723,E02001761,9.81,10.7,18.33
E02001723,E02001762,9.04,9.07,15.85
E02001723,E02001763,11.97,13.19,22.17
E02001723,E02001764,15.3,15.68,27.2
E02001723,E02001765,11.72,11.77,20.56
E02001723,E02001766,9.9,10.53,17.96
E02001723,E02001767,9.23,9.33,16.26
E02001723,E02001768,20.45,20.68,36.27
E02001723,E02001769,19.08,19.01,33.57
E02001723,E02001770,19.72,20.48,35.44
E02001723,E02001771,21.19,22.51,38.68
E02001723,E02001772,19.18,20.01,34.62
E02001723,E02001773,19.96,20.97,36.46
E02001723,E02001774,15.01,15.04,26.59
E02001723,E02001775,20.84,21.85,37.92
E02001723,E02001776,13.62,13.45,23.96
E02001723,E02001777,12.74,13.01,22.97
E02001723,E02001778,18.65,18.85,33.02
E02001723,E02001779,16.92,17.28,30.27
E02001723,E02001780,20.04,20.68,36.01
E02001723,E02001781,16.04,16.53,28.88
E02001723,E02001782,12.55,13.19,22.9
E02001723,E02001783,17.66,18.14,31.68
E02001723,E02001784,14.58,14.68,25.92
E02001723,E02001785,22.9,24.88,42.51
E02001723,E02001786,18.9,19.64,34.11
E02001723,E02001787,14.46,15.47,26.62
E02001723,E02001788,16.09,16.35,28.71
E02001723,E02001789,18.88,19.12,33.57
E02001723,E02001790,16.97,17.0,30.03
E02001723,E02001791,21.11,21.78,37.91
E02001723,E02001792,21.69,22.59,39.26
E02001723,E02001793,17.83,19.78,33.46
E02001723,E02001794,19.36,22.84,37.65
E02001723,E02001795,21.08,22.45,39.22
E02001723,E02001796,22.61,23.98,41.77
E02001723,E02001797,14.0,14.82,25.62
E02001723,E02001798,17.49,19.25,32.66
E02001723,E02001799,14.9,15.83,27.31
E02001723,E02001800,14.53,14.69,26.62
E02001723,E02001801,22.52,24.85,43.55
E02001723,E02001802,21.41,23.11,40.55
E02001723,E02001803,22.78,24.26,42.72
E02001723,E02001804,22.3,23.46,40.48
E02001723,E02001805,22.32,23.32,41.15
E02001723,E02001806,24.14,25.8,44.67
E02001723,E02001807,16.62,17.17,29.93
E02001723,E02001808,23.23,24.32,42.84
E02001723,E02001809,16.12,17.73,31.17
E02001723,E02001810,14.67,17.3,29.89
E02001723,E02001811,21.2,20.86,37.05
E02001723,E02001812,24.31,26.2,45.57
E02001723,E02001813,22.96,23.97,41.51
E02001723,E02001814,25.43,27.51,47.83
E02001723,E02001815,17.22,18.59,33.06
E02001723,E02001816,24.07,25.62,44.54
E02001723,E02001817,25.71,28.64,48.87
E02001723,E02001818,27.4,29.89,51.11
E02001723,E02001819,23.59,25.05,43.79
E02001723,E02001820,19.52,20.12,36.25
E02001723,E02001821,25.95,26.8,46.85
E02001723,E02001822,20.77,21.48,38.56
E02001723,E02001823,23.33,23.81,42.39
E02001723,E02001824,24.15,25.41,45.34
E02001723,E02001825,25.83,26.58,47.73
E02001723,E02001826,27.49,28.07,49.91
E02001723,E02006841,6.89,7.58,13.06
E02001723,E02006842,6.99,7.73,13.59
E02001723,E02006893,4.08,5.34,8.53
E02001724,E02001682,12.49,13.5,23.03
E02001724,E02001683,14.95,16.41,27.77
E02001724,E02001684,6.93,6.91,12.11
E02001724,E02001685,10.86,12.43,20.77
E02001724,E02001686,10.68,11.87,20.04
E02001724,E02001688,5.12,6.36,10.45
E02001724,E02001689,4.61,4.59,8.05
E02001724,E02001690,9.43,10.41,17.7
E02001724,E02001691,5.1,5.83,9.75
E02001724,E02001692,5.57,6.55,10.85
E02001724,E02001693,6.68,7.7,12.85
E02001724,E02001694,6.91,7.82,13.01
E02001724,E02001695,8.24,7.99,14.18
E02001724,E02001696,8.22,8.74,14.91
E02001724,E02001697,6.44,7.49,12.67
E02001724,E02001698,10.44,12.49,20.53
E02001724,E02001699,8.02,9.83,16.15
E02001724,E02001700,8.94,8.89,15.72
E02001724,E02001701,7.13,7.85,13.35
E02001724,E02001702,8.05,9.38,15.54
E02001724,E02001703,14.76,15.3,26.55
E02001724,E02001704,8.12,9.62,16.09
E02001724,E02001705,19.98,25.38,41.51
E02001724,E02001706,10.51,11.31,19.35
E02001724,E02001707,12.69,14.61,24.42
E02001724,E02001708,8.27,10.23,16.44
E02001724,E02001709,5.86,6.91,11.39
E02001724,E02001710,6.22,9.1,14.01
E02001724,E02001711,7.8,9.66,15.77
E02001724,E02001712,3.63,5.0,8.25
E02001724,E02001713,4.37,5.21,8.83
E02001724,E02001714,2.87,3.52,5.68
E02001724,E02001715,5.92,7.83,12.39
E02001724,E02001718,5.92,6.64,11.1
E02001724,E02001719,1.95,2.43,3.89
E02001724,E02001720,1.89,2.81,4.36
E02001724,E02001721,11.31,12.83,21.55
E02001724,E02001722,8.22,10.28,16.45
E02001724,E02001723,4.65,4.71,8.2
E02001724,E02001724,0.73,0.96,1.51
E02001724,E02001725,2.38,2.89,4.83
E02001724,E02001726,5.6,6.13,10.39
E02001724,E02001727,4.63,5.41,9.23
E02001724,E02001728,8.73,10.61,17.34
E02001724,E02001729,4.04,5.12,8.23
E02001724,E02001730,1.47,1.92,3.03
E02001724,E02001731,2.89,3.31,5.5
E02001724,E02001732,7.23,7.84,13.37
E02001724,E02001733,3.36,4.53,7.51
E02001724,E02001734,5.88,6.53,11.02
E02001724,E02001735,4.22,5.83,9.52
E02001724,E02001736,4.79,5.33,8.99
E02001724,E02001737,5.06,6.12,10.19
E02001724,E02001738,13.51,16.02,26.82
E02001724,E02001739,9.83,10.82,18.2
E02001724,E02001740,13.64,16.03,27.12
E02001724,E02001741,8.87,10.59,17.32
E02001724,E02001742,12.28,14.31,24.45
E02001724,E02001743,13.78,14.99,25.46
E02001724,E02001744,10.04,12.62,20.49
E02001724,E02001745,8.13,9.96,16.09
E02001724,E02001746,12.66,13.79,23.43
E02001724,E02001747,12.45,13.06,22.6
E02001724,E02001748,8.79,9.63,16.37
E02001724,E02001749,7.13,7.97,13.32
E02001724,E02001750,11.61,12.36,21.07
E02001724,E02001751,6.14,7.14,11.74
E02001724,E02001752,10.28,11.0,18.71
E02001724,E02001753,12.15,13.39,22.98
E02001724,E02001754,10.91,12.18,20.75
E02001724,E02001755,5.98,7.6,12.09
E02001724,E02001756,4.48,5.17,8.53
E02001724,E02001757,9.44,9.7,16.78
E02001724,E02001758,7.41,8.68,14.24
E02001724,E02001759,10.91,11.32,19.53
E02001724,E02001760,9.64,10.65,18.2
E02001724,E02001761,5.6,6.88,11.35
E02001724,E02001762,4.82,5.25,8.87
E02001724,E02001763,7.75,9.38,15.19
E02001724,E02001764,11.08,11.87,20.21
E02001724,E02001765,7.5,7.95,13.58
E02001724,E02001766,5.68,6.72,10.98
E02001724,E02001767,5.02,5.51,9.27
E02001724,E02001768,16.31,16.94,29.32
E02001724,E02001769,14.95,15.27,26.62
E02001724,E02001770,15.58,16.74,28.49
E02001724,E02001771,17.13,18.77,31.74
E02001724,E02001772,15.04,16.26,27.67
E02001724,E02001773,15.9,17.98,30.03
E02001724,E02001774,11.66,11.88,20.68
E02001724,E02001775,17.2,18.91,32.51
E02001724,E02001776,11.19,10.94,19.33
E02001724,E02001777,10.31,10.5,18.34
E02001724,E02001778,14.51,15.11,26.08
E02001724,E02001779,13.51,14.1,24.36
E02001724,E02001780,16.57,17.74,30.6
E02001724,E02001781,13.12,13.59,23.47
E02001724,E02001782,10.12,10.68,18.27
E02001724,E02001783,14.74,15.2,26.28
E02001724,E02001784,12.16,12.17,21.29
E02001724,E02001785,20.29,22.37,37.88
E02001724,E02001786,15.98,16.7,28.7
E02001724,E02001787,12.04,12.96,21.99
E02001724,E02001788,13.66,13.84,24.08
E02001724,E02001789,16.45,16.61,28.95
E02001724,E02001790,14.54,14.49,25.4
E02001724,E02001791,18.68,19.27,33.28
E02001724,E02001792,19.27,20.08,34.63
E02001724,E02001793,15.4,17.27,28.83
E02001724,E02001794,16.93,20.33,33.02
E02001724,E02001795,18.65,19.94,34.6
E02001724,E02001796,20.18,21.47,37.15
E02001724,E02001797,11.58,12.31,21.0
E02001724,E02001798,15.06,16.74,28.03
E02001724,E02001799,12.47,13.32,22.68
E02001724,E02001800,12.33,12.18,21.99
E02001724,E02001801,20.1,22.34,38.92
E02001724,E02001802,18.99,20.6,35.92
E02001724,E02001803,20.35,21.75,38.09
E02001724,E02001804,19.87,20.95,35.85
E02001724,E02001805,19.89,20.8,36.52
E02001724,E02001806,21.71,23.29,40.04
E02001724,E02001807,14.2,14.66,25.31
E02001724,E02001808,20.81,21.81,38.21
E02001724,E02001809,13.92,15.22,26.54
E02001724,E02001810,12.47,14.79,25.26
E02001724,E02001811,18.77,18.35,32.42
E02001724,E02001812,21.89,23.69,40.94
E02001724,E02001813,20.53,21.46,36.88
E02001724,E02001814,23.0,24.99,43.2
E02001724,E02001815,15.02,16.08,28.43
E02001724,E02001816,21.64,23.11,39.91
E02001724,E02001817,23.28,26.13,44.24
E02001724,E02001818,24.97,27.38,46.48
E02001724,E02001819,21.39,22.54,39.17
E02001724,E02001820,17.31,17.6,31.63
E02001724,E02001821,23.75,24.28,42.22
E02001724,E02001822,18.57,18.97,33.93
E02001724,E02001823,21.13,21.3,37.76
E02001724,E02001824,21.95,22.9,40.71
E02001724,E02001825,23.63,24.07,43.1
E02001724,E02001826,25.29,25.56,45.28
E02001724,E02006841,4.49,5.06,8.43
E02001724,E02006842,4.78,5.22,8.96
E02001724,E02006893,8.4,9.42,15.73
E02001725,E02001682,13.55,15.2,25.67
E02001725,E02001683,16.01,18.1,30.42
E02001725,E02001684,7.87,8.6,14.75
E02001725,E02001685,11.92,14.12,23.42
E02001725,E02001686,11.74,13.57,22.68
E02001725,E02001688,5.82,8.06,13.09
E02001725,E02001689,5.55,6.29,10.69
E02001725,E02001690,10.15,12.1,20.34
E02001725,E02001691,6.04,7.53,12.4
E02001725,E02001692,6.51,8.24,13.5
E02001725,E02001693,7.62,9.4,15.5
E02001725,E02001694,7.64,9.51,15.66
E02001725,E02001695,9.18,9.68,16.82
E02001725,E02001696,9.16,10.44,17.55
E02001725,E02001697,7.38,9.19,15.31
E02001725,E02001698,11.16,14.18,23.18
E02001725,E02001699,8.96,11.53,18.8
E02001725,E02001700,9.88,10.59,18.36
E02001725,E02001701,8.07,9.54,16.0
E02001725,E02001702,8.99,11.07,18.18
E02001725,E02001703,15.49,16.99,29.19
E02001725,E02001704,9.06,11.32,18.73
E02001725,E02001705,21.04,27.08,44.15
E02001725,E02001706,11.45,13.0,21.99
E02001725,E02001707,13.63,16.3,27.06
E02001725,E02001708,9.17,12.23,20.05
E02001725,E02001709,6.57,8.3,13.98
E02001725,E02001710,7.12,10.48,16.59
E02001725,E02001711,9.62,11.66,19.38
E02001725,E02001712,3.96,5.08,8.78
E02001725,E02001713,5.44,6.6,11.41
E02001725,E02001714,2.12,2.65,4.24
E02001725,E02001715,7.46,9.22,15.54
E02001725,E02001718,7.75,8.64,14.71
E02001725,E02001719,1.15,1.49,2.35
E02001725,E02001720,3.15,4.81,7.32
E02001725,E02001721,13.14,14.84,25.16
E02001725,E02001722,10.05,12.28,20.06
E02001725,E02001723,6.47,6.71,11.81
E02001725,E02001724,2.37,2.89,4.83
E02001725,E02001725,0.57,0.74,1.17
E02001725,E02001726,7.43,8.13,14.0
E02001725,E02001727,2.59,2.75,4.72
E02001725,E02001728,10.55,12.61,20.96
E02001725,E02001729,5.44,6.86,11.41
E02001725,E02001730,2.41,3.07,5.06
E02001725,E02001731,4.29,5.25,8.84
E02001725,E02001732,8.78,9.84,16.98
E02001725,E02001733,1.55,1.86,3.02
E02001725,E02001734,7.19,8.23,13.82
E02001725,E02001735,2.36,3.17,5.04
E02001725,E02001736,6.09,7.02,11.79
E02001725,E02001737,3.28,4.48,7.33
E02001725,E02001738,12.74,15.15,25.38
E02001725,E02001739,9.07,9.95,16.76
E02001725,E02001740,12.78,15.05,25.62
E02001725,E02001741,9.46,10.88,18.23
E02001725,E02001742,11.38,13.34,22.85
E02001725,E02001743,12.89,14.01,23.86
E02001725,E02001744,9.28,11.75,19.05
E02001725,E02001745,7.37,9.09,14.64
E02001725,E02001746,11.77,12.82,21.83
E02001725,E02001747,11.56,12.09,21.0
E02001725,E02001748,8.02,8.76,14.93
E02001725,E02001749,6.37,7.1,11.87
E02001725,E02001750,10.72,11.38,19.46
E02001725,E02001751,5.37,6.27,10.3
E02001725,E02001752,9.38,10.03,17.11
E02001725,E02001753,11.26,12.41,21.38
E02001725,E02001754,10.01,11.21,19.14
E02001725,E02001755,5.21,6.73,10.64
E02001725,E02001756,3.72,4.29,7.08
E02001725,E02001757,8.54,8.72,15.18
E02001725,E02001758,6.51,7.7,12.63
E02001725,E02001759,9.57,10.07,17.27
E02001725,E02001760,8.45,9.01,15.34
E02001725,E02001761,4.7,5.9,9.75
E02001725,E02001762,3.93,4.28,7.26
E02001725,E02001763,6.8,7.66,12.84
E02001725,E02001764,9.37,10.15,17.35
E02001725,E02001765,5.76,6.0,10.32
E02001725,E02001766,4.31,4.77,8.05
E02001725,E02001767,3.52,4.06,6.71
E02001725,E02001768,14.57,14.99,26.06
E02001725,E02001769,13.2,13.32,23.36
E02001725,E02001770,13.84,14.79,25.23
E02001725,E02001771,15.38,16.82,28.48
E02001725,E02001772,13.3,14.32,24.41
E02001725,E02001773,14.16,16.03,26.77
E02001725,E02001774,9.92,9.93,17.42
E02001725,E02001775,15.45,16.96,29.25
E02001725,E02001776,11.05,11.01,19.36
E02001725,E02001777,11.25,12.19,20.99
E02001725,E02001778,12.77,13.16,22.82
E02001725,E02001779,11.77,12.15,21.1
E02001725,E02001780,14.83,15.79,27.34
E02001725,E02001781,11.37,11.64,20.21
E02001725,E02001782,11.06,12.37,20.91
E02001725,E02001783,12.99,13.25,23.02
E02001725,E02001784,11.38,11.35,19.91
E02001725,E02001785,18.54,21.28,36.23
E02001725,E02001786,14.23,14.75,25.44
E02001725,E02001787,12.49,12.94,22.35
E02001725,E02001788,12.78,13.45,23.06
E02001725,E02001789,16.88,17.86,31.14
E02001725,E02001790,15.21,15.74,27.6
E02001725,E02001791,19.14,20.35,35.13
E02001725,E02001792,19.95,21.33,36.83
E02001725,E02001793,16.17,18.52,31.02
E02001725,E02001794,17.7,21.58,35.22
E02001725,E02001795,19.59,21.18,36.79
E02001725,E02001796,20.86,22.72,39.34
E02001725,E02001797,12.52,14.0,23.64
E02001725,E02001798,16.0,18.21,30.54
E02001725,E02001799,13.41,15.01,25.32
E02001725,E02001800,13.26,13.87,24.64
E02001725,E02001801,21.03,23.86,41.52
E02001725,E02001802,19.93,22.12,38.52
E02001725,E02001803,21.29,23.05,40.33
E02001725,E02001804,20.81,22.47,38.45
E02001725,E02001805,20.83,22.33,39.11
E02001725,E02001806,22.65,24.54,42.23
E02001725,E02001807,15.14,16.35,27.95
E02001725,E02001808,21.74,23.33,40.8
E02001725,E02001809,14.86,16.91,29.19
E02001725,E02001810,13.41,16.48,27.91
E02001725,E02001811,19.71,19.87,35.02
E02001725,E02001812,22.82,25.21,43.53
E02001725,E02001813,21.47,22.98,39.48
E02001725,E02001814,23.94,26.26,45.4
E02001725,E02001815,15.96,17.78,31.08
E02001725,E02001816,22.58,24.63,42.5
E02001725,E02001817,24.22,27.65,46.84
E02001725,E02001818,25.91,28.9,49.08
E02001725,E02001819,22.32,24.06,41.76
E02001725,E02001820,18.25,19.3,34.27
E02001725,E02001821,24.69,25.81,44.82
E02001725,E02001822,19.51,20.66,36.57
E02001725,E02001823,22.07,22.99,40.4
E02001725,E02001824,22.89,24.59,43.36
E02001725,E02001825,24.56,25.76,45.74
E02001725,E02001826,26.23,27.25,47.92
E02001725,E02006841,5.43,6.76,11.08
E02001725,E02006842,5.72,6.91,11.61
E02001725,E02006893,10.23,11.43,19.34
E02001726,E02001682,8.12,9.94,16.18
E02001726,E02001683,10.58,12.84,20.93
E02001726,E02001684,9.29,10.44,17.59
E02001726,E02001685,6.49,8.87,13.93
E02001726,E02001686,6.31,8.31,13.19
E02001726,E02001688,6.43,8.56,13.6
E02001726,E02001689,5.89,7.36,12.0
E02001726,E02001690,6.35,7.93,12.86
E02001726,E02001691,6.51,8.6,13.71
E02001726,E02001692,7.7,9.91,15.93
E02001726,E02001693,8.99,11.24,18.33
E02001726,E02001694,8.04,9.86,16.2
E02001726,E02001695,10.6,11.53,19.66
E02001726,E02001696,10.58,12.28,20.39
E02001726,E02001697,8.57,10.86,17.75
E02001726,E02001698,8.45,11.1,17.83
E02001726,E02001699,10.15,13.37,21.63
E02001726,E02001700,10.23,11.14,19.05
E02001726,E02001701,9.18,11.22,18.44
E02001726,E02001702,10.18,12.74,20.62
E02001726,E02001703,10.39,11.73,19.7
E02001726,E02001704,10.25,12.99,21.17
E02001726,E02001705,15.61,21.82,34.66
E02001726,E02001706,12.64,14.67,24.43
E02001726,E02001707,14.82,17.97,29.5
E02001726,E02001708,5.06,7.54,11.38
E02001726,E02001709,7.17,8.88,14.58
E02001726,E02001710,5.52,8.09,12.28
E02001726,E02001711,4.15,6.1,9.26
E02001726,E02001712,5.37,6.97,11.44
E02001726,E02001713,4.74,5.91,9.87
E02001726,E02001714,7.33,8.76,14.85
E02001726,E02001715,4.22,5.55,8.76
E02001726,E02001718,2.15,3.54,5.2
E02001726,E02001719,7.11,7.67,13.06
E02001726,E02001720,5.34,6.35,10.47
E02001726,E02001721,6.24,7.99,12.68
E02001726,E02001722,3.53,5.48,8.15
E02001726,E02001723,0.96,1.42,2.19
E02001726,E02001724,5.6,6.13,10.39
E02001726,E02001725,7.43,8.13,14.0
E02001726,E02001726,0.48,0.71,1.1
E02001726,E02001727,8.7,9.78,17.01
E02001726,E02001728,3.66,5.72,8.48
E02001726,E02001729,2.34,4.05,6.36
E02001726,E02001730,5.35,6.32,10.74
E02001726,E02001731,3.39,4.97,8.13
E02001726,E02001732,1.75,2.89,4.35
E02001726,E02001733,7.34,8.63,14.9
E02001726,E02001734,1.46,2.46,3.56
E02001726,E02001735,8.01,9.94,16.92
E02001726,E02001736,2.51,3.62,5.68
E02001726,E02001737,8.81,9.98,16.89
E02001726,E02001738,17.37,20.18,33.95
E02001726,E02001739,12.64,14.04,23.57
E02001726,E02001740,17.5,20.36,34.24
E02001726,E02001741,9.25,10.58,17.56
E02001726,E02001742,16.19,18.79,31.68
E02001726,E02001743,18.47,20.23,34.63
E02001726,E02001744,13.91,16.77,27.62
E02001726,E02001745,11.34,13.74,22.34
E02001726,E02001746,17.38,19.03,32.61
E02001726,E02001747,17.62,18.3,31.77
E02001726,E02001748,12.65,13.78,23.5
E02001726,E02001749,11.0,12.12,20.44
E02001726,E02001750,16.78,17.6,30.24
E02001726,E02001751,10.0,11.3,18.87
E02001726,E02001752,15.44,16.24,27.88
E02001726,E02001753,17.32,18.63,32.15
E02001726,E02001754,16.07,17.42,29.92
E02001726,E02001755,9.84,11.76,19.21
E02001726,E02001756,7.99,9.32,15.65
E02001726,E02001757,14.61,14.94,25.95
E02001726,E02001758,12.58,13.92,23.41
E02001726,E02001759,15.98,16.56,28.7
E02001726,E02001760,14.81,15.89,27.37
E02001726,E02001761,10.76,12.12,20.52
E02001726,E02001762,9.99,10.49,18.04
E02001726,E02001763,12.92,14.62,24.36
E02001726,E02001764,15.73,17.11,29.39
E02001726,E02001765,12.17,13.19,22.75
E02001726,E02001766,10.73,11.95,20.16
E02001726,E02001767,9.93,10.75,18.45
E02001726,E02001768,20.43,22.11,37.82
E02001726,E02001769,19.06,20.43,35.12
E02001726,E02001770,19.69,21.9,36.99
E02001726,E02001771,21.12,23.93,40.24
E02001726,E02001772,19.16,21.43,36.17
E02001726,E02001773,19.89,21.99,37.31
E02001726,E02001774,14.94,16.07,27.45
E02001726,E02001775,20.77,22.88,38.77
E02001726,E02001776,13.55,14.48,24.81
E02001726,E02001777,12.67,14.03,23.82
E02001726,E02001778,18.63,20.27,34.58
E02001726,E02001779,16.85,18.31,31.12
E02001726,E02001780,19.97,21.71,36.86
E02001726,E02001781,15.97,17.56,29.73
E02001726,E02001782,12.48,14.22,23.75
E02001726,E02001783,17.59,19.17,32.54
E02001726,E02001784,14.51,15.71,26.77
E02001726,E02001785,22.83,25.91,43.37
E02001726,E02001786,18.83,20.67,34.96
E02001726,E02001787,14.39,16.5,27.47
E02001726,E02001788,16.02,17.37,29.56
E02001726,E02001789,18.81,20.14,34.43
E02001726,E02001790,16.9,18.03,30.88
E02001726,E02001791,21.04,22.8,38.76
E02001726,E02001792,21.62,23.62,40.11
E02001726,E02001793,17.76,20.81,34.31
E02001726,E02001794,19.29,23.86,38.5
E02001726,E02001795,21.01,23.47,40.08
E02001726,E02001796,22.54,25.01,42.63
E02001726,E02001797,13.94,15.85,26.48
E02001726,E02001798,17.42,20.27,33.51
E02001726,E02001799,14.83,16.86,28.16
E02001726,E02001800,14.46,15.71,27.47
E02001726,E02001801,22.45,25.87,44.4
E02001726,E02001802,21.34,24.14,41.4
E02001726,E02001803,22.71,25.28,43.57
E02001726,E02001804,22.23,24.49,41.33
E02001726,E02001805,22.25,24.34,42.0
E02001726,E02001806,24.07,26.83,45.52
E02001726,E02001807,16.56,18.19,30.79
E02001726,E02001808,23.16,25.35,43.69
E02001726,E02001809,16.05,18.75,32.03
E02001726,E02001810,14.6,18.32,30.34
E02001726,E02001811,21.13,21.88,37.91
E02001726,E02001812,24.24,27.22,46.42
E02001726,E02001813,22.89,25.0,42.36
E02001726,E02001814,25.36,28.53,48.68
E02001726,E02001815,17.15,19.62,33.91
E02001726,E02001816,24.0,26.65,45.39
E02001726,E02001817,25.64,29.66,49.72
E02001726,E02001818,27.33,30.91,51.96
E02001726,E02001819,23.52,26.07,44.65
E02001726,E02001820,19.44,21.14,37.11
E02001726,E02001821,25.88,27.82,47.7
E02001726,E02001822,20.7,22.5,39.41
E02001726,E02001823,23.26,24.74,42.84
E02001726,E02001824,24.08,26.34,45.89
E02001726,E02001825,25.76,27.51,48.18
E02001726,E02001826,27.42,29.0,50.36
E02001726,E02006841,6.82,8.6,13.91
E02001726,E02006842,6.91,8.59,14.04
E02001726,E02006893,4.27,5.86,9.11
E02001727,E02001682,14.8,16.18,27.5
E02001727,E02001683,17.26,19.08,32.25
E02001727,E02001684,9.12,9.58,16.58
E02001727,E02001685,13.17,15.11,25.25
E02001727,E02001686,12.99,14.55,24.51
E02001727,E02001688,7.04,9.04,14.92
E02001727,E02001689,6.79,7.27,12.52
E02001727,E02001690,11.37,13.08,22.17
E02001727,E02001691,7.29,8.51,14.23
E02001727,E02001692,7.76,9.22,15.32
E02001727,E02001693,8.86,10.38,17.32
E02001727,E02001694,8.86,10.49,17.48
E02001727,E02001695,10.43,10.67,18.65
E02001727,E02001696,10.4,11.42,19.38
E02001727,E02001697,8.62,10.17,17.14
E02001727,E02001698,12.38,15.16,25.01
E02001727,E02001699,10.2,12.51,20.62
E02001727,E02001700,11.12,11.57,20.19
E02001727,E02001701,9.31,10.53,17.82
E02001727,E02001702,10.23,12.05,20.01
E02001727,E02001703,16.71,17.97,31.02
E02001727,E02001704,10.3,12.3,20.56
E02001727,E02001705,22.29,28.06,45.98
E02001727,E02001706,12.69,13.98,23.82
E02001727,E02001707,14.87,17.28,28.89
E02001727,E02001708,11.23,13.88,23.06
E02001727,E02001709,8.61,10.56,18.01
E02001727,E02001710,9.19,12.75,20.63
E02001727,E02001711,11.59,13.31,22.38
E02001727,E02001712,6.02,7.6,13.18
E02001727,E02001713,7.51,8.87,15.44
E02001727,E02001714,4.0,5.17,8.64
E02001727,E02001715,9.53,11.48,19.01
E02001727,E02001718,9.72,10.29,17.72
E02001727,E02001719,2.72,4.0,6.74
E02001727,E02001720,5.4,6.84,11.3
E02001727,E02001721,14.64,16.11,27.21
E02001727,E02001722,11.93,13.61,22.68
E02001727,E02001723,8.45,8.36,14.82
E02001727,E02001724,4.63,5.41,9.23
E02001727,E02001725,2.59,2.75,4.72
E02001727,E02001726,8.7,9.78,17.01
E02001727,E02001727,0.8,1.22,1.84
E02001727,E02001728,12.06,13.62,23.0
E02001727,E02001729,6.69,7.84,13.23
E02001727,E02001730,3.7,4.05,6.88
E02001727,E02001731,5.53,6.24,10.67
E02001727,E02001732,10.02,11.01,18.82
E02001727,E02001733,2.43,2.82,4.71
E02001727,E02001734,8.43,9.21,15.65
E02001727,E02001735,1.9,3.19,4.7
E02001727,E02001736,7.34,8.0,13.62
E02001727,E02001737,2.3,3.15,5.31
E02001727,E02001738,12.09,14.93,24.94
E02001727,E02001739,10.38,12.47,21.16
E02001727,E02001740,11.58,14.69,24.49
E02001727,E02001741,10.77,13.4,22.63
E02001727,E02001742,10.19,12.98,21.72
E02001727,E02001743,11.69,13.65,22.72
E02001727,E02001744,8.63,11.53,18.61
E02001727,E02001745,8.67,11.61,19.04
E02001727,E02001746,10.58,12.45,20.7
E02001727,E02001747,10.36,11.72,19.87
E02001727,E02001748,7.37,8.54,14.49
E02001727,E02001749,7.11,9.16,15.42
E02001727,E02001750,9.52,11.02,18.33
E02001727,E02001751,6.11,8.54,14.11
E02001727,E02001752,8.19,9.66,15.98
E02001727,E02001753,9.58,10.7,18.26
E02001727,E02001754,8.55,9.43,15.96
E02001727,E02001755,5.95,8.64,13.81
E02001727,E02001756,5.03,6.81,11.48
E02001727,E02001757,7.35,7.99,13.65
E02001727,E02001758,5.32,7.47,11.5
E02001727,E02001759,7.57,8.18,13.92
E02001727,E02001760,6.45,7.11,12.0
E02001727,E02001761,3.54,5.76,8.64
E02001727,E02001762,3.28,4.02,6.75
E02001727,E02001763,4.8,5.77,9.49
E02001727,E02001764,7.16,7.74,13.12
E02001727,E02001765,3.76,4.11,6.97
E02001727,E02001766,2.34,2.97,4.87
E02001727,E02001767,1.6,2.45,3.67
E02001727,E02001768,12.13,12.58,21.8
E02001727,E02001769,10.76,10.9,19.11
E02001727,E02001770,11.4,12.38,20.98
E02001727,E02001771,12.94,14.41,24.22
E02001727,E02001772,10.86,11.9,20.15
E02001727,E02001773,11.72,13.62,22.52
E02001727,E02001774,7.48,7.51,13.16
E02001727,E02001775,13.01,14.55,24.99
E02001727,E02001776,8.62,8.6,15.1
E02001727,E02001777,9.97,10.13,17.65
E02001727,E02001778,10.33,10.75,18.56
E02001727,E02001779,9.33,9.74,16.84
E02001727,E02001780,12.39,13.38,23.08
E02001727,E02001781,8.94,9.23,15.95
E02001727,E02001782,10.16,11.48,19.26
E02001727,E02001783,10.55,10.84,18.76
E02001727,E02001784,8.95,8.94,15.65
E02001727,E02001785,16.11,18.86,31.97
E02001727,E02001786,11.8,12.34,21.19
E02001727,E02001787,10.05,10.53,18.09
E02001727,E02001788,10.35,11.04,18.8
E02001727,E02001789,14.44,15.44,26.89
E02001727,E02001790,12.78,13.33,23.34
E02001727,E02001791,16.7,17.94,30.87
E02001727,E02001792,17.51,18.92,32.57
E02001727,E02001793,13.73,16.11,26.77
E02001727,E02001794,15.26,19.16,30.96
E02001727,E02001795,17.39,18.77,32.54
E02001727,E02001796,18.42,20.31,35.09
E02001727,E02001797,13.76,14.99,25.47
E02001727,E02001798,13.97,15.8,26.28
E02001727,E02001799,14.65,15.99,27.15
E02001727,E02001800,14.51,14.85,26.46
E02001727,E02001801,18.88,21.45,37.26
E02001727,E02001802,17.77,19.71,34.26
E02001727,E02001803,19.14,20.63,36.07
E02001727,E02001804,18.83,20.06,34.19
E02001727,E02001805,18.68,19.91,34.86
E02001727,E02001806,20.5,22.13,37.98
E02001727,E02001807,16.38,17.33,29.78
E02001727,E02001808,19.59,20.92,36.55
E02001727,E02001809,16.1,17.89,31.02
E02001727,E02001810,14.65,17.46,29.73
E02001727,E02001811,17.74,17.46,30.76
E02001727,E02001812,20.67,22.8,39.27
E02001727,E02001813,19.5,20.57,35.22
E02001727,E02001814,21.79,23.85,41.14
E02001727,E02001815,17.2,18.76,32.9
E02001727,E02001816,20.61,22.22,38.25
E02001727,E02001817,22.25,25.24,42.58
E02001727,E02001818,23.76,26.48,44.82
E02001727,E02001819,20.45,21.65,37.5
E02001727,E02001820,19.49,20.28,36.1
E02001727,E02001821,22.81,23.39,40.56
E02001727,E02001822,20.75,21.64,38.08
E02001727,E02001823,23.31,23.97,42.23
E02001727,E02001824,23.55,24.08,41.74
E02001727,E02001825,25.31,25.35,44.34
E02001727,E02001826,26.97,27.13,47.4
E02001727,E02006841,6.67,7.74,12.9
E02001727,E02006842,6.97,7.89,13.43
E02001727,E02006893,12.2,13.08,22.35
E02001728,E02001682,6.06,8.82,14.09
E02001728,E02001683,8.52,11.72,18.84
E02001728,E02001684,12.33,13.88,23.35
E02001728,E02001685,5.4,7.75,11.84
E02001728,E02001686,5.22,7.19,11.11
E02001728,E02001688,6.69,7.83,12.85
E02001728,E02001689,8.34,10.01,16.27
E02001728,E02001690,5.26,6.8,10.78
E02001728,E02001691,8.96,11.25,17.97
E02001728,E02001692,10.59,13.24,21.49
E02001728,E02001693,11.88,14.68,24.09
E02001728,E02001694,6.98,8.73,14.11
E02001728,E02001695,13.65,14.96,25.42
E02001728,E02001696,13.51,15.71,26.15
E02001728,E02001697,11.19,14.19,23.3
E02001728,E02001698,7.37,9.97,15.75
E02001728,E02001699,13.03,16.81,27.39
E02001728,E02001700,9.81,11.69,19.19
E02001728,E02001701,11.03,14.55,23.44
E02001728,E02001702,13.01,16.07,26.17
E02001728,E02001703,9.3,10.61,17.61
E02001728,E02001704,12.64,16.32,26.72
E02001728,E02001705,14.52,20.7,32.58
E02001728,E02001706,13.95,15.33,26.0
E02001728,E02001707,16.13,18.63,31.07
E02001728,E02001708,6.43,9.6,14.45
E02001728,E02001709,9.28,12.04,19.62
E02001728,E02001710,7.72,10.41,16.22
E02001728,E02001711,4.25,7.75,11.49
E02001728,E02001712,8.49,10.2,16.84
E02001728,E02001713,7.41,8.81,14.38
E02001728,E02001714,10.45,13.24,21.81
E02001728,E02001715,6.41,8.45,13.27
E02001728,E02001718,4.34,6.76,10.14
E02001728,E02001719,10.24,12.14,20.02
E02001728,E02001720,8.46,10.82,17.43
E02001728,E02001721,3.82,5.24,8.27
E02001728,E02001722,2.26,4.42,6.11
E02001728,E02001723,4.4,6.21,9.66
E02001728,E02001724,8.73,10.61,17.34
E02001728,E02001725,10.55,12.61,20.96
E02001728,E02001726,3.66,5.72,8.48
E02001728,E02001727,12.06,13.62,23.0
E02001728,E02001728,1.13,2.21,3.05
E02001728,E02001729,5.8,7.93,12.35
E02001728,E02001730,8.72,10.23,17.11
E02001728,E02001731,6.8,8.76,14.11
E02001728,E02001732,2.86,4.59,6.85
E02001728,E02001733,10.59,12.47,20.9
E02001728,E02001734,4.16,6.08,9.29
E02001728,E02001735,11.11,13.77,22.91
E02001728,E02001736,5.37,7.44,11.67
E02001728,E02001737,11.91,13.63,22.88
E02001728,E02001738,20.49,24.45,40.77
E02001728,E02001739,14.12,16.24,26.85
E02001728,E02001740,20.62,24.64,41.06
E02001728,E02001741,10.73,12.78,20.85
E02001728,E02001742,19.31,23.07,38.51
E02001728,E02001743,21.59,24.7,41.59
E02001728,E02001744,17.03,21.05,34.44
E02001728,E02001745,13.8,16.66,27.02
E02001728,E02001746,20.5,23.51,39.56
E02001728,E02001747,20.74,22.78,38.73
E02001728,E02001748,15.77,18.06,30.32
E02001728,E02001749,14.12,16.4,27.26
E02001728,E02001750,19.9,22.08,37.2
E02001728,E02001751,13.12,15.57,25.69
E02001728,E02001752,18.57,20.72,34.84
E02001728,E02001753,20.45,23.1,39.11
E02001728,E02001754,19.2,21.9,36.87
E02001728,E02001755,12.96,16.03,26.03
E02001728,E02001756,11.11,13.6,22.47
E02001728,E02001757,17.73,19.42,32.91
E02001728,E02001758,15.7,18.4,30.36
E02001728,E02001759,19.2,21.04,35.65
E02001728,E02001760,17.93,20.34,34.32
E02001728,E02001761,13.89,16.6,27.48
E02001728,E02001762,13.12,14.97,25.0
E02001728,E02001763,16.05,18.99,31.32
E02001728,E02001764,19.08,21.11,35.77
E02001728,E02001765,15.53,17.33,29.3
E02001728,E02001766,13.97,16.1,27.03
E02001728,E02001767,13.29,15.23,25.4
E02001728,E02001768,23.47,25.68,43.58
E02001728,E02001769,22.1,24.0,40.89
E02001728,E02001770,22.74,25.47,42.75
E02001728,E02001771,24.16,27.46,46.0
E02001728,E02001772,22.2,25.0,41.93
E02001728,E02001773,22.94,25.43,43.08
E02001728,E02001774,17.98,19.5,33.21
E02001728,E02001775,23.82,26.31,44.53
E02001728,E02001776,16.59,17.91,30.57
E02001728,E02001777,15.71,17.47,29.58
E02001728,E02001778,21.67,23.85,40.34
E02001728,E02001779,19.89,21.74,36.88
E02001728,E02001780,23.01,25.14,42.62
E02001728,E02001781,19.01,20.99,35.49
E02001728,E02001782,15.52,17.65,29.51
E02001728,E02001783,20.63,22.61,38.3
E02001728,E02001784,17.56,19.14,32.53
E02001728,E02001785,25.87,29.34,49.13
E02001728,E02001786,21.87,24.1,40.73
E02001728,E02001787,17.44,19.93,33.23
E02001728,E02001788,19.06,20.81,35.33
E02001728,E02001789,21.85,23.58,40.19
E02001728,E02001790,19.94,21.47,36.64
E02001728,E02001791,24.08,26.24,44.52
E02001728,E02001792,24.67,27.05,45.87
E02001728,E02001793,20.81,24.25,40.07
E02001728,E02001794,22.33,27.3,44.27
E02001728,E02001795,24.05,26.91,45.84
E02001728,E02001796,25.58,28.44,48.39
E02001728,E02001797,16.87,19.28,32.24
E02001728,E02001798,20.46,23.71,39.27
E02001728,E02001799,17.68,19.77,33.92
E02001728,E02001800,17.04,18.29,31.84
E02001728,E02001801,25.5,29.31,50.16
E02001728,E02001802,24.39,27.57,47.17
E02001728,E02001803,25.75,28.72,49.33
E02001728,E02001804,25.27,27.92,47.1
E02001728,E02001805,25.3,27.78,47.76
E02001728,E02001806,27.11,30.26,51.28
E02001728,E02001807,19.11,20.82,35.36
E02001728,E02001808,26.21,28.78,49.45
E02001728,E02001809,18.14,20.84,34.65
E02001728,E02001810,16.69,19.27,31.99
E02001728,E02001811,24.17,25.32,43.67
E02001728,E02001812,27.29,30.66,52.18
E02001728,E02001813,25.94,28.43,48.13
E02001728,E02001814,28.41,31.97,54.44
E02001728,E02001815,19.24,20.97,35.73
E02001728,E02001816,26.68,29.14,49.97
E02001728,E02001817,27.74,31.99,53.47
E02001728,E02001818,30.11,34.35,57.72
E02001728,E02001819,25.61,27.72,47.59
E02001728,E02001820,21.53,22.49,39.31
E02001728,E02001821,27.97,30.68,52.48
E02001728,E02001822,22.79,23.85,41.61
E02001728,E02001823,25.02,25.44,44.48
E02001728,E02001824,26.17,27.04,47.53
E02001728,E02001825,27.85,28.21,49.82
E02001728,E02001826,29.47,29.7,52.0
E02001728,E02006841,9.86,11.95,19.53
E02001728,E02006842,9.69,11.92,19.59
E02001728,E02006893,2.69,5.29,7.32
E02001729,E02001682,9.4,11.53,18.77
E02001729,E02001683,11.86,14.44,23.52
E02001729,E02001684,7.31,8.32,13.81
E02001729,E02001685,7.77,10.46,16.52
E02001729,E02001686,7.59,9.9,15.78
E02001729,E02001688,4.45,6.44,9.82
E02001729,E02001689,3.92,5.24,8.22
E02001729,E02001690,7.63,9.52,15.46
E02001729,E02001691,4.54,6.48,9.92
E02001729,E02001692,5.73,7.79,12.15
E02001729,E02001693,7.02,9.12,14.55
E02001729,E02001694,6.06,7.95,12.56
E02001729,E02001695,8.63,9.41,15.87
E02001729,E02001696,8.6,10.16,16.61
E02001729,E02001697,6.59,8.74,13.97
E02001729,E02001698,9.59,12.61,20.08
E02001729,E02001699,8.17,11.25,17.85
E02001729,E02001700,8.25,9.02,15.27
E02001729,E02001701,7.2,9.1,14.65
E02001729,E02001702,8.2,10.62,16.84
E02001729,E02001703,11.67,13.33,22.29
E02001729,E02001704,8.27,10.87,17.39
E02001729,E02001705,16.89,23.41,37.25
E02001729,E02001706,10.66,12.55,20.65
E02001729,E02001707,12.85,15.85,25.72
E02001729,E02001708,6.65,9.3,14.34
E02001729,E02001709,6.34,8.15,13.17
E02001729,E02001710,5.94,9.66,14.12
E02001729,E02001711,6.07,8.73,13.67
E02001729,E02001712,4.54,6.23,10.03
E02001729,E02001713,3.92,5.68,8.68
E02001729,E02001714,6.43,7.75,12.69
E02001729,E02001715,5.16,7.31,11.38
E02001729,E02001718,4.06,5.71,9.0
E02001729,E02001719,5.5,6.66,10.9
E02001729,E02001720,4.52,5.61,9.06
E02001729,E02001721,8.39,10.19,16.56
E02001729,E02001722,5.68,7.69,12.03
E02001729,E02001723,2.31,3.77,6.1
E02001729,E02001724,4.04,5.12,8.23
E02001729,E02001725,5.44,6.86,11.41
E02001729,E02001726,2.34,4.05,6.36
E02001729,E02001727,6.69,7.84,13.23
E02001729,E02001728,5.8,7.93,12.35
E02001729,E02001729,0.59,1.04,1.48
E02001729,E02001730,3.34,4.45,7.34
E02001729,E02001731,1.33,2.54,3.61
E02001729,E02001732,3.9,5.1,8.22
E02001729,E02001733,5.32,6.69,11.13
E02001729,E02001734,2.66,3.74,5.89
E02001729,E02001735,6.0,7.99,13.14
E02001729,E02001736,1.17,2.09,2.97
E02001729,E02001737,6.79,7.86,13.11
E02001729,E02001738,16.55,19.44,32.54
E02001729,E02001739,12.05,13.54,22.59
E02001729,E02001740,16.67,19.63,32.84
E02001729,E02001741,9.35,11.82,19.1
E02001729,E02001742,15.37,18.06,30.28
E02001729,E02001743,17.34,19.22,32.47
E02001729,E02001744,13.08,16.03,26.21
E02001729,E02001745,10.51,13.0,20.94
E02001729,E02001746,16.22,18.02,30.45
E02001729,E02001747,16.01,17.29,29.61
E02001729,E02001748,11.82,13.05,22.09
E02001729,E02001749,10.17,11.39,19.04
E02001729,E02001750,15.17,16.59,28.08
E02001729,E02001751,9.17,10.56,17.46
E02001729,E02001752,13.83,15.23,25.72
E02001729,E02001753,15.71,17.62,29.99
E02001729,E02001754,14.46,16.41,27.76
E02001729,E02001755,9.01,11.02,17.8
E02001729,E02001756,7.17,8.58,14.25
E02001729,E02001757,13.0,13.93,23.79
E02001729,E02001758,10.96,12.91,21.25
E02001729,E02001759,13.97,15.55,26.48
E02001729,E02001760,12.85,14.56,24.55
E02001729,E02001761,9.15,11.11,18.37
E02001729,E02001762,8.38,9.48,15.88
E02001729,E02001763,11.2,13.22,22.05
E02001729,E02001764,13.71,15.33,26.0
E02001729,E02001765,10.16,11.55,19.53
E02001729,E02001766,8.71,10.32,17.26
E02001729,E02001767,7.92,9.61,15.92
E02001729,E02001768,18.45,20.12,34.04
E02001729,E02001769,17.08,18.44,31.34
E02001729,E02001770,17.72,19.92,33.21
E02001729,E02001771,19.14,21.9,36.45
E02001729,E02001772,17.18,19.44,32.39
E02001729,E02001773,17.92,19.87,33.53
E02001729,E02001774,12.96,13.94,23.66
E02001729,E02001775,18.8,20.76,34.99
E02001729,E02001776,11.57,12.35,21.03
E02001729,E02001777,10.69,11.91,20.04
E02001729,E02001778,16.65,18.29,30.79
E02001729,E02001779,14.87,16.18,27.34
E02001729,E02001780,17.99,19.58,33.08
E02001729,E02001781,13.99,15.43,25.95
E02001729,E02001782,10.5,12.09,19.97
E02001729,E02001783,15.61,17.05,28.75
E02001729,E02001784,12.54,13.59,22.99
E02001729,E02001785,20.85,23.78,39.58
E02001729,E02001786,16.85,18.54,31.18
E02001729,E02001787,12.42,14.38,23.69
E02001729,E02001788,14.04,15.25,25.78
E02001729,E02001789,16.83,18.02,30.64
E02001729,E02001790,14.92,15.91,27.1
E02001729,E02001791,19.06,20.68,34.98
E02001729,E02001792,19.65,21.49,36.33
E02001729,E02001793,15.79,18.69,30.53
E02001729,E02001794,17.31,21.74,34.72
E02001729,E02001795,19.03,21.35,36.29
E02001729,E02001796,20.56,22.88,38.84
E02001729,E02001797,11.96,13.73,22.69
E02001729,E02001798,15.44,18.15,29.73
E02001729,E02001799,12.85,14.73,24.38
E02001729,E02001800,12.48,13.59,23.69
E02001729,E02001801,20.48,23.75,40.62
E02001729,E02001802,19.37,22.01,37.62
E02001729,E02001803,20.73,23.16,39.79
E02001729,E02001804,20.25,22.37,37.55
E02001729,E02001805,20.28,22.22,38.22
E02001729,E02001806,22.09,24.7,41.74
E02001729,E02001807,14.58,16.07,27.0
E02001729,E02001808,21.19,23.22,39.91
E02001729,E02001809,14.07,16.63,28.24
E02001729,E02001810,12.62,16.2,26.56
E02001729,E02001811,19.15,19.76,34.12
E02001729,E02001812,22.27,25.1,42.64
E02001729,E02001813,20.91,22.87,38.58
E02001729,E02001814,23.38,26.41,44.9
E02001729,E02001815,15.17,17.5,30.13
E02001729,E02001816,22.02,24.52,41.61
E02001729,E02001817,23.66,27.54,45.94
E02001729,E02001818,25.35,28.79,48.18
E02001729,E02001819,21.54,23.95,40.86
E02001729,E02001820,17.46,19.02,33.32
E02001729,E02001821,23.9,25.7,43.92
E02001729,E02001822,18.72,20.38,35.63
E02001729,E02001823,21.28,22.62,39.06
E02001729,E02001824,22.1,24.22,42.11
E02001729,E02001825,23.78,25.38,44.4
E02001729,E02001826,25.44,26.88,46.58
E02001729,E02006841,4.84,6.48,10.13
E02001729,E02006842,4.94,6.46,10.26
E02001729,E02006893,6.19,8.49,13.63
E02001730,E02001682,11.52,12.78,21.6
E02001730,E02001683,13.97,15.69,26.35
E02001730,E02001684,5.89,6.19,10.68
E02001730,E02001685,9.89,11.71,19.35
E02001730,E02001686,9.71,11.15,18.61
E02001730,E02001688,3.9,5.64,9.02
E02001730,E02001689,3.57,3.87,6.62
E02001730,E02001690,8.24,9.69,16.27
E02001730,E02001691,4.06,5.11,8.33
E02001730,E02001692,4.53,5.83,9.43
E02001730,E02001693,5.64,6.98,11.43
E02001730,E02001694,5.72,7.1,11.58
E02001730,E02001695,7.21,7.27,12.75
E02001730,E02001696,7.18,8.02,13.48
E02001730,E02001697,5.4,6.77,11.24
E02001730,E02001698,9.25,11.77,19.11
E02001730,E02001699,6.98,9.11,14.73
E02001730,E02001700,7.9,8.17,14.29
E02001730,E02001701,6.09,7.13,11.93
E02001730,E02001702,7.01,8.66,14.11
E02001730,E02001703,13.57,14.58,25.12
E02001730,E02001704,7.08,8.9,14.66
E02001730,E02001705,19.01,24.66,40.08
E02001730,E02001706,9.47,10.59,17.92
E02001730,E02001707,11.65,13.89,22.99
E02001730,E02001708,8.48,10.42,16.79
E02001730,E02001709,6.16,7.1,11.74
E02001730,E02001710,6.51,9.29,14.36
E02001730,E02001711,8.01,9.85,16.12
E02001730,E02001712,3.92,5.19,8.6
E02001730,E02001713,4.66,5.41,9.18
E02001730,E02001714,3.77,4.47,7.31
E02001730,E02001715,6.21,8.03,12.74
E02001730,E02001718,6.13,6.83,11.45
E02001730,E02001719,2.84,3.38,5.51
E02001730,E02001720,2.19,3.01,4.71
E02001730,E02001721,11.3,12.71,21.31
E02001730,E02001722,8.43,10.21,16.78
E02001730,E02001723,4.86,4.9,8.55
E02001730,E02001724,1.47,1.92,3.03
E02001730,E02001725,2.41,3.07,5.06
E02001730,E02001726,5.35,6.32,10.74
E02001730,E02001727,3.7,4.05,6.88
E02001730,E02001728,8.72,10.23,17.11
E02001730,E02001729,3.34,4.45,7.34
E02001730,E02001730,0.73,0.96,1.51
E02001730,E02001731,2.18,2.84,4.77
E02001730,E02001732,6.68,7.62,12.93
E02001730,E02001733,2.33,2.9,4.78
E02001730,E02001734,5.09,5.81,9.75
E02001730,E02001735,2.97,4.2,6.79
E02001730,E02001736,3.99,4.61,7.72
E02001730,E02001737,3.77,4.42,7.46
E02001730,E02001738,14.41,16.97,28.45
E02001730,E02001739,10.73,11.78,19.82
E02001730,E02001740,14.53,16.98,28.74
E02001730,E02001741,9.16,10.78,17.67
E02001730,E02001742,13.17,15.26,26.08
E02001730,E02001743,14.68,15.94,27.08
E02001730,E02001744,10.94,13.57,22.12
E02001730,E02001745,9.03,10.91,17.71
E02001730,E02001746,13.56,14.74,25.06
E02001730,E02001747,13.35,14.01,24.23
E02001730,E02001748,9.69,10.58,18.0
E02001730,E02001749,8.03,8.92,14.94
E02001730,E02001750,12.51,13.31,22.69
E02001730,E02001751,7.03,8.09,13.37
E02001730,E02001752,11.17,11.95,20.34
E02001730,E02001753,12.98,14.34,24.46
E02001730,E02001754,11.8,13.08,22.16
E02001730,E02001755,6.88,8.55,13.71
E02001730,E02001756,5.38,6.12,10.15
E02001730,E02001757,10.34,10.65,18.4
E02001730,E02001758,8.31,9.63,15.86
E02001730,E02001759,10.98,11.83,20.12
E02001730,E02001760,9.86,10.77,18.2
E02001730,E02001761,6.49,7.83,12.98
E02001730,E02001762,5.72,6.2,10.49
E02001730,E02001763,8.21,9.42,15.69
E02001730,E02001764,10.72,11.53,19.65
E02001730,E02001765,7.17,7.76,13.17
E02001730,E02001766,5.72,6.53,10.9
E02001730,E02001767,4.93,5.82,9.57
E02001730,E02001768,15.7,16.37,28.33
E02001730,E02001769,14.33,14.7,25.64
E02001730,E02001770,14.97,16.17,27.51
E02001730,E02001771,16.51,18.2,30.75
E02001730,E02001772,14.43,15.69,26.68
E02001730,E02001773,15.29,17.41,29.05
E02001730,E02001774,11.05,11.3,19.69
E02001730,E02001775,16.58,18.34,31.52
E02001730,E02001776,10.15,10.22,17.91
E02001730,E02001777,9.27,9.78,16.92
E02001730,E02001778,13.9,14.54,25.09
E02001730,E02001779,12.9,13.53,23.37
E02001730,E02001780,15.96,17.17,29.61
E02001730,E02001781,12.5,13.02,22.48
E02001730,E02001782,9.08,9.96,16.84
E02001730,E02001783,14.12,14.63,25.29
E02001730,E02001784,11.12,11.45,19.86
E02001730,E02001785,19.43,21.65,36.46
E02001730,E02001786,15.36,16.13,27.72
E02001730,E02001787,11.0,12.24,20.57
E02001730,E02001788,12.62,13.12,22.66
E02001730,E02001789,15.41,15.89,27.52
E02001730,E02001790,13.5,13.77,23.97
E02001730,E02001791,17.64,18.55,31.85
E02001730,E02001792,18.23,19.36,33.2
E02001730,E02001793,14.37,16.55,27.4
E02001730,E02001794,15.89,19.61,31.6
E02001730,E02001795,17.61,19.22,33.17
E02001730,E02001796,19.14,20.75,35.72
E02001730,E02001797,10.54,11.59,19.57
E02001730,E02001798,14.02,16.02,26.61
E02001730,E02001799,11.43,12.6,21.25
E02001730,E02001800,11.29,11.46,20.57
E02001730,E02001801,19.06,21.62,37.5
E02001730,E02001802,17.95,19.88,34.5
E02001730,E02001803,19.31,21.03,36.66
E02001730,E02001804,18.83,20.23,34.43
E02001730,E02001805,18.86,20.08,35.09
E02001730,E02001806,20.67,22.57,38.61
E02001730,E02001807,13.16,13.94,23.88
E02001730,E02001808,19.77,21.09,36.78
E02001730,E02001809,12.88,14.5,25.12
E02001730,E02001810,11.43,14.07,23.84
E02001730,E02001811,17.73,17.63,31.0
E02001730,E02001812,20.85,22.97,39.51
E02001730,E02001813,19.49,20.74,35.46
E02001730,E02001814,21.96,24.28,41.77
E02001730,E02001815,13.98,15.36,27.01
E02001730,E02001816,20.6,22.39,38.49
E02001730,E02001817,22.24,25.41,42.82
E02001730,E02001818,23.93,26.66,45.06
E02001730,E02001819,20.35,21.82,37.74
E02001730,E02001820,16.27,16.89,30.2
E02001730,E02001821,22.71,23.57,40.8
E02001730,E02001822,17.53,18.25,32.5
E02001730,E02001823,20.09,20.58,36.33
E02001730,E02001824,20.91,22.18,39.29
E02001730,E02001825,22.59,23.35,41.67
E02001730,E02001826,24.25,24.84,43.85
E02001730,E02006841,3.45,4.34,7.01
E02001730,E02006842,3.75,4.5,7.54
E02001730,E02006893,8.61,9.62,16.08
E02001731,E02001682,9.92,11.31,18.88
E02001731,E02001683,12.38,14.22,23.63
E02001731,E02001684,6.03,6.72,11.24
E02001731,E02001685,8.29,10.24,16.63
E02001731,E02001686,8.11,9.68,15.9
E02001731,E02001688,3.23,4.83,7.25
E02001731,E02001689,2.69,3.64,5.66
E02001731,E02001690,7.36,8.93,14.69
E02001731,E02001691,3.31,4.88,7.36
E02001731,E02001692,4.44,6.19,9.59
E02001731,E02001693,5.73,7.51,11.98
E02001731,E02001694,4.84,6.34,10.0
E02001731,E02001695,7.34,7.8,13.31
E02001731,E02001696,7.32,8.55,14.04
E02001731,E02001697,5.31,7.13,11.4
E02001731,E02001698,8.37,11.01,17.52
E02001731,E02001699,6.89,9.64,15.28
E02001731,E02001700,7.03,7.42,12.7
E02001731,E02001701,5.98,7.49,12.09
E02001731,E02001702,6.92,9.01,14.27
E02001731,E02001703,12.19,13.11,22.41
E02001731,E02001704,6.99,9.26,14.82
E02001731,E02001705,17.41,23.19,37.37
E02001731,E02001706,9.38,10.95,18.08
E02001731,E02001707,11.56,14.25,23.15
E02001731,E02001708,7.25,9.48,14.93
E02001731,E02001709,6.52,7.68,12.57
E02001731,E02001710,6.47,9.85,14.71
E02001731,E02001711,6.78,8.92,14.26
E02001731,E02001712,4.61,5.77,9.43
E02001731,E02001713,4.45,5.87,9.27
E02001731,E02001714,5.28,5.93,9.96
E02001731,E02001715,5.7,7.5,11.97
E02001731,E02001718,4.91,5.9,9.59
E02001731,E02001719,4.35,4.84,8.17
E02001731,E02001720,3.41,4.3,7.01
E02001731,E02001721,9.38,11.11,18.32
E02001731,E02001722,6.67,8.61,13.79
E02001731,E02001723,3.33,3.96,6.69
E02001731,E02001724,2.89,3.31,5.5
E02001731,E02001725,4.29,5.25,8.84
E02001731,E02001726,3.39,4.97,8.13
E02001731,E02001727,5.53,6.24,10.67
E02001731,E02001728,6.8,8.76,14.11
E02001731,E02001729,1.33,2.53,3.61
E02001731,E02001730,2.18,2.84,4.77
E02001731,E02001731,0.67,1.27,1.81
E02001731,E02001732,4.84,6.02,9.93
E02001731,E02001733,4.17,5.09,8.56
E02001731,E02001734,3.24,4.22,6.76
E02001731,E02001735,4.81,6.39,10.58
E02001731,E02001736,2.08,3.01,4.73
E02001731,E02001737,5.6,6.25,10.54
E02001731,E02001738,15.92,18.44,31.11
E02001731,E02001739,11.89,13.07,21.99
E02001731,E02001740,16.04,18.44,31.4
E02001731,E02001741,9.52,11.36,18.5
E02001731,E02001742,14.68,16.73,28.73
E02001731,E02001743,16.19,17.4,29.74
E02001731,E02001744,12.45,15.03,24.78
E02001731,E02001745,10.36,12.38,20.34
E02001731,E02001746,15.07,16.21,27.72
E02001731,E02001747,14.86,15.48,26.88
E02001731,E02001748,11.19,12.04,20.66
E02001731,E02001749,9.54,10.38,17.6
E02001731,E02001750,14.02,14.77,25.35
E02001731,E02001751,8.54,9.56,16.03
E02001731,E02001752,12.68,13.42,22.99
E02001731,E02001753,14.56,15.8,27.26
E02001731,E02001754,13.31,14.6,25.03
E02001731,E02001755,8.38,10.02,16.37
E02001731,E02001756,6.89,7.58,12.81
E02001731,E02001757,11.84,12.11,21.06
E02001731,E02001758,9.81,11.1,18.52
E02001731,E02001759,12.82,13.74,23.81
E02001731,E02001760,11.7,12.96,21.99
E02001731,E02001761,8.0,9.29,15.64
E02001731,E02001762,7.23,7.67,13.15
E02001731,E02001763,10.05,11.61,19.47
E02001731,E02001764,12.56,13.72,23.43
E02001731,E02001765,9.01,9.95,16.96
E02001731,E02001766,7.56,8.72,14.69
E02001731,E02001767,6.76,7.93,13.35
E02001731,E02001768,17.16,18.51,31.47
E02001731,E02001769,15.8,16.84,28.77
E02001731,E02001770,16.43,18.31,30.64
E02001731,E02001771,17.86,20.3,33.89
E02001731,E02001772,15.9,17.84,29.82
E02001731,E02001773,16.63,18.26,30.97
E02001731,E02001774,11.68,12.34,21.1
E02001731,E02001775,17.51,19.15,32.42
E02001731,E02001776,10.29,10.75,18.46
E02001731,E02001777,9.41,10.31,17.47
E02001731,E02001778,15.37,16.68,28.23
E02001731,E02001779,13.59,14.58,24.77
E02001731,E02001780,16.71,17.98,30.51
E02001731,E02001781,12.71,13.83,23.38
E02001731,E02001782,9.22,10.49,17.4
E02001731,E02001783,14.33,15.44,26.19
E02001731,E02001784,11.25,11.98,20.42
E02001731,E02001785,19.57,22.18,37.02
E02001731,E02001786,15.57,16.94,28.61
E02001731,E02001787,11.14,12.77,21.12
E02001731,E02001788,12.76,13.64,23.21
E02001731,E02001789,15.55,16.42,28.08
E02001731,E02001790,13.64,14.3,24.53
E02001731,E02001791,17.78,19.07,32.41
E02001731,E02001792,18.36,19.89,33.76
E02001731,E02001793,14.5,17.08,27.96
E02001731,E02001794,16.03,20.13,32.15
E02001731,E02001795,17.75,19.74,33.73
E02001731,E02001796,19.28,21.28,36.28
E02001731,E02001797,10.68,12.12,20.13
E02001731,E02001798,14.16,16.55,27.16
E02001731,E02001799,11.57,13.13,21.81
E02001731,E02001800,11.2,11.99,21.12
E02001731,E02001801,19.19,22.15,38.05
E02001731,E02001802,18.08,20.41,35.05
E02001731,E02001803,19.45,21.55,37.22
E02001731,E02001804,18.97,20.76,34.98
E02001731,E02001805,18.99,20.61,35.65
E02001731,E02001806,20.81,23.1,39.17
E02001731,E02001807,13.29,14.47,24.44
E02001731,E02001808,19.9,21.62,37.34
E02001731,E02001809,12.79,15.02,25.68
E02001731,E02001810,11.34,14.59,23.99
E02001731,E02001811,17.87,18.16,31.56
E02001731,E02001812,20.98,23.5,40.07
E02001731,E02001813,19.63,21.27,36.01
E02001731,E02001814,22.1,24.8,42.33
E02001731,E02001815,13.89,15.89,27.56
E02001731,E02001816,20.74,22.92,39.04
E02001731,E02001817,22.38,25.94,43.37
E02001731,E02001818,24.07,27.18,45.61
E02001731,E02001819,20.26,22.35,38.3
E02001731,E02001820,16.18,17.41,30.76
E02001731,E02001821,22.62,24.09,41.35
E02001731,E02001822,17.44,18.77,33.06
E02001731,E02001823,20.0,21.01,36.49
E02001731,E02001824,20.82,22.61,39.54
E02001731,E02001825,22.5,23.78,41.83
E02001731,E02001826,24.16,25.27,44.01
E02001731,E02006841,3.56,4.87,7.56
E02001731,E02006842,3.66,4.86,7.69
E02001731,E02006893,7.21,8.68,14.22
E02001732,E02001682,6.6,7.87,12.82
E02001732,E02001683,9.06,10.77,17.56
E02001732,E02001684,10.3,11.49,19.4
E02001732,E02001685,4.97,6.8,10.56
E02001732,E02001686,4.79,6.24,9.83
E02001732,E02001688,6.25,6.88,11.57
E02001732,E02001689,6.76,8.41,13.81
E02001732,E02001690,4.83,5.85,9.5
E02001732,E02001691,7.38,9.65,15.51
E02001732,E02001692,8.72,10.96,17.74
E02001732,E02001693,10.01,12.29,20.14
E02001732,E02001694,6.55,7.78,12.83
E02001732,E02001695,11.61,12.58,21.46
E02001732,E02001696,11.59,13.33,22.2
E02001732,E02001697,9.58,11.91,19.56
E02001732,E02001698,6.93,9.02,14.47
E02001732,E02001699,11.16,14.42,23.44
E02001732,E02001700,9.38,10.74,17.91
E02001732,E02001701,10.04,12.27,20.24
E02001732,E02001702,11.19,13.79,22.43
E02001732,E02001703,8.87,9.66,16.34
E02001732,E02001704,11.22,14.04,22.98
E02001732,E02001705,14.09,19.75,31.3
E02001732,E02001706,13.52,14.38,24.72
E02001732,E02001707,15.7,17.68,29.79
E02001732,E02001708,5.82,7.96,12.45
E02001732,E02001709,8.67,10.33,17.21
E02001732,E02001710,6.68,8.78,14.23
E02001732,E02001711,4.54,6.12,9.65
E02001732,E02001712,7.0,8.49,14.42
E02001732,E02001713,6.37,7.1,11.98
E02001732,E02001714,8.96,10.47,17.84
E02001732,E02001715,5.37,6.74,10.87
E02001732,E02001718,3.0,4.73,7.31
E02001732,E02001719,8.74,9.37,16.05
E02001732,E02001720,6.97,8.05,13.45
E02001732,E02001721,5.44,6.86,11.05
E02001732,E02001722,2.73,4.36,6.52
E02001732,E02001723,2.59,3.38,5.54
E02001732,E02001724,7.23,7.84,13.37
E02001732,E02001725,8.78,9.84,16.98
E02001732,E02001726,1.75,2.89,4.35
E02001732,E02001727,10.02,11.01,18.82
E02001732,E02001728,2.86,4.59,6.85
E02001732,E02001729,3.9,5.1,8.22
E02001732,E02001730,6.68,7.62,12.93
E02001732,E02001731,4.84,6.02,9.93
E02001732,E02001732,0.8,0.99,1.59
E02001732,E02001733,8.56,9.86,16.72
E02001732,E02001734,1.59,1.98,3.18
E02001732,E02001735,9.08,11.17,18.73
E02001732,E02001736,3.08,4.19,6.5
E02001732,E02001737,9.87,11.03,18.7
E02001732,E02001738,19.0,21.88,36.93
E02001732,E02001739,13.5,14.61,24.85
E02001732,E02001740,19.13,22.07,37.23
E02001732,E02001741,10.11,11.15,18.85
E02001732,E02001742,17.82,20.5,34.67
E02001732,E02001743,20.1,21.93,37.62
E02001732,E02001744,15.53,18.48,30.6
E02001732,E02001745,12.97,15.03,25.03
E02001732,E02001746,19.01,20.74,35.59
E02001732,E02001747,19.25,20.01,34.76
E02001732,E02001748,14.28,15.49,26.48
E02001732,E02001749,12.63,13.83,23.43
E02001732,E02001750,18.41,19.31,33.22
E02001732,E02001751,11.63,13.0,21.85
E02001732,E02001752,17.07,17.95,30.87
E02001732,E02001753,18.95,20.33,35.14
E02001732,E02001754,17.7,19.13,32.9
E02001732,E02001755,11.47,13.46,22.19
E02001732,E02001756,9.62,11.03,18.64
E02001732,E02001757,16.24,16.65,28.94
E02001732,E02001758,14.2,15.63,26.39
E02001732,E02001759,17.31,18.27,31.68
E02001732,E02001760,16.19,17.6,30.14
E02001732,E02001761,12.39,13.83,23.51
E02001732,E02001762,11.62,12.2,21.02
E02001732,E02001763,14.54,16.32,27.35
E02001732,E02001764,17.05,18.5,31.59
E02001732,E02001765,13.5,14.72,25.12
E02001732,E02001766,12.05,13.49,22.85
E02001732,E02001767,11.26,12.46,21.43
E02001732,E02001768,21.44,23.29,39.63
E02001732,E02001769,20.07,21.61,36.93
E02001732,E02001770,20.71,23.09,38.8
E02001732,E02001771,22.13,25.07,42.04
E02001732,E02001772,20.17,22.61,37.98
E02001732,E02001773,20.91,23.04,39.12
E02001732,E02001774,15.95,17.12,29.25
E02001732,E02001775,21.79,23.93,40.58
E02001732,E02001776,14.56,15.52,26.62
E02001732,E02001777,13.68,15.08,25.63
E02001732,E02001778,19.64,21.46,36.38
E02001732,E02001779,17.86,19.35,32.92
E02001732,E02001780,20.98,22.75,38.67
E02001732,E02001781,16.98,18.6,31.54
E02001732,E02001782,13.49,15.26,25.56
E02001732,E02001783,18.6,20.22,34.34
E02001732,E02001784,15.53,16.76,28.58
E02001732,E02001785,23.84,26.95,45.17
E02001732,E02001786,19.84,21.71,36.77
E02001732,E02001787,15.41,17.55,29.28
E02001732,E02001788,17.03,18.42,31.37
E02001732,E02001789,19.82,21.19,36.23
E02001732,E02001790,17.91,19.08,32.69
E02001732,E02001791,22.05,23.85,40.57
E02001732,E02001792,22.64,24.67,41.92
E02001732,E02001793,18.77,21.86,36.11
E02001732,E02001794,20.3,24.91,40.31
E02001732,E02001795,22.02,24.52,41.88
E02001732,E02001796,23.55,26.05,44.43
E02001732,E02001797,14.95,16.9,28.28
E02001732,E02001798,18.43,21.32,35.32
E02001732,E02001799,15.84,17.9,29.97
E02001732,E02001800,15.47,16.76,29.28
E02001732,E02001801,23.46,26.92,46.21
E02001732,E02001802,22.36,25.19,43.21
E02001732,E02001803,23.72,26.33,45.38
E02001732,E02001804,23.24,25.54,43.14
E02001732,E02001805,23.26,25.39,43.81
E02001732,E02001806,25.08,27.88,47.33
E02001732,E02001807,17.57,19.24,32.59
E02001732,E02001808,24.18,26.4,45.5
E02001732,E02001809,17.06,19.8,33.38
E02001732,E02001810,15.61,18.32,30.71
E02001732,E02001811,22.14,22.93,39.71
E02001732,E02001812,25.26,28.27,48.22
E02001732,E02001813,23.9,26.05,44.17
E02001732,E02001814,26.37,29.58,50.49
E02001732,E02001815,18.16,20.02,34.45
E02001732,E02001816,25.01,27.69,47.2
E02001732,E02001817,26.65,30.71,51.53
E02001732,E02001818,28.34,31.96,53.77
E02001732,E02001819,24.53,26.77,46.31
E02001732,E02001820,20.45,21.54,38.03
E02001732,E02001821,26.89,28.87,49.51
E02001732,E02001822,21.71,22.9,40.34
E02001732,E02001823,24.27,24.49,43.21
E02001732,E02001824,25.09,26.09,46.25
E02001732,E02001825,26.77,27.26,48.55
E02001732,E02001826,28.43,28.75,50.73
E02001732,E02006841,7.83,9.65,15.72
E02001732,E02006842,7.93,9.63,15.85
E02001732,E02006893,4.0,5.89,9.19
E02001733,E02001682,13.24,15.03,25.39
E02001733,E02001683,15.7,17.93,30.14
E02001733,E02001684,7.5,8.43,14.47
E02001733,E02001685,11.61,13.96,23.14
E02001733,E02001686,11.43,13.4,22.41
E02001733,E02001688,5.39,7.89,12.81
E02001733,E02001689,5.17,6.12,10.41
E02001733,E02001690,9.72,11.93,20.07
E02001733,E02001691,5.67,7.36,12.12
E02001733,E02001692,6.14,8.07,13.22
E02001733,E02001693,7.25,9.23,15.22
E02001733,E02001694,7.2,9.35,15.38
E02001733,E02001695,8.81,9.52,16.54
E02001733,E02001696,8.79,10.27,17.28
E02001733,E02001697,7.0,9.02,15.04
E02001733,E02001698,10.73,14.01,22.9
E02001733,E02001699,8.58,11.36,18.52
E02001733,E02001700,9.51,10.42,18.08
E02001733,E02001701,7.7,9.38,15.72
E02001733,E02001702,8.62,10.9,17.9
E02001733,E02001703,15.06,16.82,28.91
E02001733,E02001704,8.68,11.15,18.45
E02001733,E02001705,20.73,26.91,43.87
E02001733,E02001706,11.08,12.83,21.71
E02001733,E02001707,13.26,16.13,26.78
E02001733,E02001708,10.6,12.73,20.95
E02001733,E02001709,8.0,9.41,15.91
E02001733,E02001710,8.55,11.6,18.52
E02001733,E02001711,10.23,12.16,20.28
E02001733,E02001712,5.39,6.72,11.48
E02001733,E02001713,6.87,7.72,13.34
E02001733,E02001714,3.55,4.28,6.94
E02001733,E02001715,8.43,10.34,16.9
E02001733,E02001718,8.35,9.14,15.61
E02001733,E02001719,2.58,3.12,5.05
E02001733,E02001720,4.41,5.69,9.19
E02001733,E02001721,13.18,14.96,25.1
E02001733,E02001722,10.47,12.46,20.57
E02001733,E02001723,7.08,7.21,12.71
E02001733,E02001724,3.36,4.52,7.51
E02001733,E02001725,1.55,1.86,3.02
E02001733,E02001726,7.34,8.63,14.9
E02001733,E02001727,2.43,2.82,4.71
E02001733,E02001728,10.59,12.47,20.9
E02001733,E02001729,5.32,6.69,11.13
E02001733,E02001730,2.33,2.9,4.78
E02001733,E02001731,4.17,5.09,8.56
E02001733,E02001732,8.56,9.86,16.72
E02001733,E02001733,0.47,0.65,1.01
E02001733,E02001734,6.97,8.06,13.54
E02001733,E02001735,0.95,1.3,2.02
E02001733,E02001736,5.87,6.85,11.51
E02001733,E02001737,1.82,2.61,4.31
E02001733,E02001738,14.16,16.78,28.08
E02001733,E02001739,10.5,11.59,19.46
E02001733,E02001740,13.8,16.68,28.32
E02001733,E02001741,10.89,12.51,20.94
E02001733,E02001742,12.4,14.97,25.55
E02001733,E02001743,13.91,15.64,26.56
E02001733,E02001744,10.69,13.38,21.75
E02001733,E02001745,8.8,10.72,17.35
E02001733,E02001746,12.79,14.45,24.53
E02001733,E02001747,12.58,13.72,23.7
E02001733,E02001748,9.44,10.39,17.64
E02001733,E02001749,7.8,8.73,14.58
E02001733,E02001750,11.74,13.02,22.17
E02001733,E02001751,6.8,7.9,13.01
E02001733,E02001752,10.4,11.66,19.81
E02001733,E02001753,11.86,13.14,22.42
E02001733,E02001754,10.83,11.87,20.12
E02001733,E02001755,6.64,8.36,13.35
E02001733,E02001756,5.15,5.93,9.79
E02001733,E02001757,9.56,10.36,17.81
E02001733,E02001758,7.53,9.34,15.34
E02001733,E02001759,9.85,10.62,18.08
E02001733,E02001760,8.73,9.55,16.16
E02001733,E02001761,5.74,7.54,12.45
E02001733,E02001762,5.35,5.91,9.97
E02001733,E02001763,7.09,8.21,13.65
E02001733,E02001764,9.46,10.31,17.47
E02001733,E02001765,6.04,6.54,11.13
E02001733,E02001766,4.6,5.31,8.86
E02001733,E02001767,3.8,4.6,7.53
E02001733,E02001768,14.43,15.15,26.16
E02001733,E02001769,13.07,13.47,23.46
E02001733,E02001770,13.7,14.94,25.33
E02001733,E02001771,15.24,16.97,28.58
E02001733,E02001772,13.16,14.47,24.51
E02001733,E02001773,14.02,16.19,26.87
E02001733,E02001774,9.78,10.08,17.52
E02001733,E02001775,15.32,17.11,29.35
E02001733,E02001776,10.92,11.17,19.46
E02001733,E02001777,10.88,12.02,20.71
E02001733,E02001778,12.63,13.31,22.92
E02001733,E02001779,11.63,12.3,21.2
E02001733,E02001780,14.69,15.94,27.44
E02001733,E02001781,11.24,11.79,20.31
E02001733,E02001782,10.69,12.2,20.64
E02001733,E02001783,12.86,13.41,23.12
E02001733,E02001784,11.25,11.5,20.01
E02001733,E02001785,18.41,21.43,36.32
E02001733,E02001786,14.1,14.9,25.54
E02001733,E02001787,12.36,13.09,22.44
E02001733,E02001788,12.65,13.6,23.15
E02001733,E02001789,16.74,18.01,31.24
E02001733,E02001790,15.08,15.9,27.69
E02001733,E02001791,19.0,20.5,35.22
E02001733,E02001792,19.81,21.48,36.93
E02001733,E02001793,15.97,18.68,31.12
E02001733,E02001794,17.5,21.73,35.32
E02001733,E02001795,19.22,21.34,36.89
E02001733,E02001796,20.73,22.87,39.44
E02001733,E02001797,12.14,13.84,23.36
E02001733,E02001798,15.62,18.26,30.4
E02001733,E02001799,13.03,14.85,25.04
E02001733,E02001800,12.89,13.7,24.36
E02001733,E02001801,20.66,23.86,41.29
E02001733,E02001802,19.55,22.13,38.29
E02001733,E02001803,20.92,23.2,40.43
E02001733,E02001804,20.43,22.48,38.22
E02001733,E02001805,20.46,22.33,38.88
E02001733,E02001806,22.27,24.69,42.33
E02001733,E02001807,14.76,16.18,27.67
E02001733,E02001808,21.37,23.34,40.57
E02001733,E02001809,14.48,16.74,28.91
E02001733,E02001810,13.03,16.31,27.63
E02001733,E02001811,19.34,19.87,34.79
E02001733,E02001812,22.45,25.21,43.3
E02001733,E02001813,21.1,22.99,39.25
E02001733,E02001814,23.57,26.42,45.49
E02001733,E02001815,15.59,17.61,30.8
E02001733,E02001816,22.21,24.63,42.28
E02001733,E02001817,23.85,27.65,46.61
E02001733,E02001818,25.53,28.9,48.85
E02001733,E02001819,21.95,24.06,41.53
E02001733,E02001820,17.88,19.13,33.99
E02001733,E02001821,24.32,25.81,44.59
E02001733,E02001822,19.14,20.49,36.3
E02001733,E02001823,21.7,22.83,40.12
E02001733,E02001824,22.51,24.43,43.08
E02001733,E02001825,24.19,25.59,45.46
E02001733,E02001826,25.85,27.09,47.64
E02001733,E02006841,5.06,6.59,10.8
E02001733,E02006842,5.35,6.74,11.33
E02001733,E02006893,10.83,11.93,20.24
E02001734,E02001682,7.42,8.99,14.83
E02001734,E02001683,9.88,11.9,19.58
E02001734,E02001684,8.71,9.69,16.22
E02001734,E02001685,5.79,7.92,12.58
E02001734,E02001686,5.61,7.36,11.84
E02001734,E02001688,5.7,7.8,12.23
E02001734,E02001689,5.16,6.61,10.63
E02001734,E02001690,5.65,6.98,11.51
E02001734,E02001691,5.78,7.85,12.34
E02001734,E02001692,7.12,9.16,14.57
E02001734,E02001693,8.41,10.48,16.96
E02001734,E02001694,7.31,8.91,14.85
E02001734,E02001695,10.02,10.77,18.29
E02001734,E02001696,10.0,11.52,19.02
E02001734,E02001697,7.99,10.1,16.38
E02001734,E02001698,7.76,10.15,16.48
E02001734,E02001699,9.56,12.61,20.26
E02001734,E02001700,9.5,10.39,17.68
E02001734,E02001701,8.45,10.46,17.07
E02001734,E02001702,9.6,11.99,19.25
E02001734,E02001703,9.69,10.79,18.35
E02001734,E02001704,9.63,12.23,19.8
E02001734,E02001705,14.91,20.87,33.31
E02001734,E02001706,11.94,13.92,23.06
E02001734,E02001707,14.12,17.22,28.13
E02001734,E02001708,6.34,9.26,14.03
E02001734,E02001709,8.21,10.38,16.82
E02001734,E02001710,6.8,9.82,14.94
E02001734,E02001711,5.6,7.82,12.21
E02001734,E02001712,6.41,8.47,13.68
E02001734,E02001713,5.78,7.64,12.33
E02001734,E02001714,8.27,9.16,15.49
E02001734,E02001715,5.5,7.28,11.42
E02001734,E02001718,3.59,5.68,8.62
E02001734,E02001719,7.34,8.07,13.7
E02001734,E02001720,6.39,7.53,12.54
E02001734,E02001721,6.75,8.55,13.62
E02001734,E02001722,4.04,6.05,9.08
E02001734,E02001723,2.0,2.92,4.44
E02001734,E02001724,5.88,6.53,11.02
E02001734,E02001725,7.19,8.23,13.82
E02001734,E02001726,1.46,2.46,3.56
E02001734,E02001727,8.43,9.21,15.65
E02001734,E02001728,4.16,6.08,9.29
E02001734,E02001729,2.66,3.74,5.89
E02001734,E02001730,5.09,5.81,9.75
E02001734,E02001731,3.24,4.22,6.76
E02001734,E02001732,1.59,1.98,3.18
E02001734,E02001733,6.97,8.06,13.54
E02001734,E02001734,0.73,0.99,1.59
E02001734,E02001735,7.48,9.36,15.56
E02001734,E02001736,1.49,2.21,3.32
E02001734,E02001737,8.28,9.22,15.52
E02001734,E02001738,18.42,21.66,36.19
E02001734,E02001739,13.92,15.76,26.22
E02001734,E02001740,18.54,21.67,36.49
E02001734,E02001741,10.53,12.3,20.22
E02001734,E02001742,17.24,19.96,33.93
E02001734,E02001743,19.18,20.63,35.27
E02001734,E02001744,14.95,18.26,29.86
E02001734,E02001745,12.38,15.24,24.59
E02001734,E02001746,18.06,19.43,33.24
E02001734,E02001747,17.85,18.7,32.41
E02001734,E02001748,13.69,15.27,25.74
E02001734,E02001749,12.04,13.61,22.69
E02001734,E02001750,17.01,18.0,30.88
E02001734,E02001751,11.04,12.79,21.11
E02001734,E02001752,15.67,16.65,28.52
E02001734,E02001753,17.55,19.03,32.79
E02001734,E02001754,16.3,17.83,30.55
E02001734,E02001755,10.88,13.24,21.45
E02001734,E02001756,9.03,10.81,17.9
E02001734,E02001757,14.84,15.34,26.59
E02001734,E02001758,12.8,14.32,24.05
E02001734,E02001759,15.71,16.97,28.89
E02001734,E02001760,14.59,15.93,26.97
E02001734,E02001761,10.99,12.52,21.16
E02001734,E02001762,10.22,10.89,18.68
E02001734,E02001763,12.95,14.58,24.46
E02001734,E02001764,15.46,16.69,28.41
E02001734,E02001765,11.9,12.92,21.94
E02001734,E02001766,10.46,11.69,19.67
E02001734,E02001767,9.66,10.98,18.33
E02001734,E02001768,19.84,21.49,36.45
E02001734,E02001769,18.48,19.81,33.75
E02001734,E02001770,19.11,21.28,35.62
E02001734,E02001771,20.53,23.27,38.87
E02001734,E02001772,18.57,20.81,34.8
E02001734,E02001773,19.31,21.24,35.95
E02001734,E02001774,14.35,15.31,26.08
E02001734,E02001775,20.19,22.12,37.4
E02001734,E02001776,12.96,13.72,23.44
E02001734,E02001777,12.09,13.28,22.45
E02001734,E02001778,18.04,19.65,33.21
E02001734,E02001779,16.27,17.55,29.75
E02001734,E02001780,19.39,20.95,35.49
E02001734,E02001781,15.39,16.8,28.36
E02001734,E02001782,11.9,13.46,22.38
E02001734,E02001783,17.0,18.41,31.17
E02001734,E02001784,13.93,14.95,25.4
E02001734,E02001785,22.25,25.15,42.0
E02001734,E02001786,18.25,19.91,33.59
E02001734,E02001787,13.81,15.74,26.1
E02001734,E02001788,15.44,16.62,28.2
E02001734,E02001789,18.23,19.39,33.06
E02001734,E02001790,16.32,17.27,29.51
E02001734,E02001791,20.46,22.05,37.39
E02001734,E02001792,21.04,22.86,38.74
E02001734,E02001793,17.18,20.05,32.94
E02001734,E02001794,18.71,23.11,37.13
E02001734,E02001795,20.43,22.71,38.71
E02001734,E02001796,21.96,24.25,41.26
E02001734,E02001797,13.35,15.09,25.11
E02001734,E02001798,16.83,19.52,32.14
E02001734,E02001799,14.24,16.1,26.79
E02001734,E02001800,13.87,14.96,26.11
E02001734,E02001801,21.87,25.12,43.03
E02001734,E02001802,20.76,23.38,40.03
E02001734,E02001803,22.13,24.53,42.2
E02001734,E02001804,21.64,23.73,39.96
E02001734,E02001805,21.67,23.58,40.63
E02001734,E02001806,23.48,26.07,44.15
E02001734,E02001807,15.97,17.44,29.42
E02001734,E02001808,22.58,24.59,42.32
E02001734,E02001809,15.47,18.0,30.66
E02001734,E02001810,14.02,17.57,28.98
E02001734,E02001811,20.55,21.13,36.54
E02001734,E02001812,23.66,26.47,45.05
E02001734,E02001813,22.31,24.24,40.99
E02001734,E02001814,24.78,27.77,47.31
E02001734,E02001815,16.57,18.86,32.54
E02001734,E02001816,23.42,25.89,44.02
E02001734,E02001817,25.06,28.91,48.35
E02001734,E02001818,26.74,30.16,50.59
E02001734,E02001819,22.93,25.32,43.28
E02001734,E02001820,18.86,20.38,35.74
E02001734,E02001821,25.3,27.06,46.33
E02001734,E02001822,20.12,21.74,38.04
E02001734,E02001823,22.68,23.98,41.47
E02001734,E02001824,23.5,25.58,44.52
E02001734,E02001825,25.17,26.75,46.81
E02001734,E02001826,26.84,28.24,48.99
E02001734,E02006841,6.24,7.84,12.54
E02001734,E02006842,6.33,7.83,12.67
E02001734,E02006893,5.31,7.58,11.75
E02001735,E02001682,13.76,16.33,27.41
E02001735,E02001683,16.22,19.23,32.16
E02001735,E02001684,8.02,9.74,16.49
E02001735,E02001685,12.13,15.26,25.15
E02001735,E02001686,11.95,14.7,24.42
E02001735,E02001688,5.9,9.19,14.83
E02001735,E02001689,5.69,7.42,12.43
E02001735,E02001690,10.24,13.24,22.08
E02001735,E02001691,6.19,8.66,14.13
E02001735,E02001692,6.66,9.37,15.23
E02001735,E02001693,7.77,10.53,17.23
E02001735,E02001694,7.72,10.65,17.39
E02001735,E02001695,9.33,10.82,18.56
E02001735,E02001696,9.31,11.57,19.29
E02001735,E02001697,7.52,10.32,17.05
E02001735,E02001698,11.25,15.31,24.91
E02001735,E02001699,9.1,12.66,20.53
E02001735,E02001700,10.02,11.72,20.1
E02001735,E02001701,8.22,10.68,17.73
E02001735,E02001702,9.14,12.2,19.92
E02001735,E02001703,15.58,18.12,30.93
E02001735,E02001704,9.2,12.45,20.47
E02001735,E02001705,21.25,28.21,45.89
E02001735,E02001706,11.6,14.13,23.73
E02001735,E02001707,13.78,17.43,28.8
E02001735,E02001708,11.41,14.03,22.97
E02001735,E02001709,8.82,10.72,17.92
E02001735,E02001710,9.37,12.9,20.54
E02001735,E02001711,10.94,13.47,22.29
E02001735,E02001712,6.2,8.02,13.5
E02001735,E02001713,7.6,9.02,15.35
E02001735,E02001714,4.36,5.58,8.96
E02001735,E02001715,9.15,11.64,18.92
E02001735,E02001718,9.06,10.45,17.63
E02001735,E02001719,3.39,4.42,7.07
E02001735,E02001720,5.13,6.99,11.21
E02001735,E02001721,13.69,16.26,27.12
E02001735,E02001722,10.99,13.76,22.59
E02001735,E02001723,7.79,8.51,14.72
E02001735,E02001724,4.22,5.83,9.52
E02001735,E02001725,2.36,3.17,5.04
E02001735,E02001726,8.01,9.94,16.92
E02001735,E02001727,1.9,3.19,4.7
E02001735,E02001728,11.11,13.77,22.91
E02001735,E02001729,6.0,7.99,13.14
E02001735,E02001730,2.97,4.2,6.79
E02001735,E02001731,4.81,6.39,10.58
E02001735,E02001732,9.08,11.17,18.73
E02001735,E02001733,0.95,1.3,2.02
E02001735,E02001734,7.48,9.36,15.56
E02001735,E02001735,0.46,0.65,1.01
E02001735,E02001736,6.39,8.15,13.53
E02001735,E02001737,0.91,1.82,2.51
E02001735,E02001738,13.76,17.1,28.45
E02001735,E02001739,11.18,12.89,21.48
E02001735,E02001740,13.27,16.86,27.99
E02001735,E02001741,11.57,13.81,22.95
E02001735,E02001742,11.87,15.14,25.22
E02001735,E02001743,13.38,15.82,26.23
E02001735,E02001744,10.29,13.7,22.12
E02001735,E02001745,9.48,12.03,19.36
E02001735,E02001746,12.26,14.62,24.2
E02001735,E02001747,12.05,13.89,23.37
E02001735,E02001748,9.04,10.71,18.0
E02001735,E02001749,7.91,10.03,16.6
E02001735,E02001750,11.21,13.19,21.84
E02001735,E02001751,6.91,9.21,15.02
E02001735,E02001752,9.87,11.83,19.48
E02001735,E02001753,11.32,12.87,21.76
E02001735,E02001754,10.3,11.6,19.46
E02001735,E02001755,6.76,9.67,15.36
E02001735,E02001756,5.83,7.23,11.8
E02001735,E02001757,9.03,10.16,17.15
E02001735,E02001758,7.0,9.63,15.0
E02001735,E02001759,9.32,10.35,17.42
E02001735,E02001760,8.2,9.28,15.5
E02001735,E02001761,5.21,7.93,12.14
E02001735,E02001762,4.95,6.19,10.25
E02001735,E02001763,6.55,7.94,12.99
E02001735,E02001764,8.9,9.91,16.62
E02001735,E02001765,5.51,6.28,10.47
E02001735,E02001766,4.07,5.14,8.37
E02001735,E02001767,3.27,4.78,7.81
E02001735,E02001768,13.88,14.75,25.31
E02001735,E02001769,12.51,13.07,22.61
E02001735,E02001770,13.15,14.54,24.48
E02001735,E02001771,14.69,16.58,27.72
E02001735,E02001772,12.61,14.07,23.66
E02001735,E02001773,13.47,15.79,26.02
E02001735,E02001774,9.23,9.68,16.66
E02001735,E02001775,14.76,16.72,28.5
E02001735,E02001776,10.36,10.77,18.61
E02001735,E02001777,11.39,12.3,21.16
E02001735,E02001778,12.08,12.92,22.06
E02001735,E02001779,11.08,11.91,20.34
E02001735,E02001780,14.14,15.54,26.59
E02001735,E02001781,10.68,11.39,19.46
E02001735,E02001782,11.21,13.51,22.65
E02001735,E02001783,12.3,13.01,22.26
E02001735,E02001784,10.7,11.11,19.16
E02001735,E02001785,17.85,21.03,35.47
E02001735,E02001786,13.55,14.5,24.69
E02001735,E02001787,11.8,12.7,21.59
E02001735,E02001788,12.1,13.2,22.3
E02001735,E02001789,16.19,17.61,30.39
E02001735,E02001790,14.52,15.5,26.84
E02001735,E02001791,18.45,20.11,34.37
E02001735,E02001792,19.26,21.09,36.07
E02001735,E02001793,15.48,18.28,30.27
E02001735,E02001794,17.01,21.33,34.47
E02001735,E02001795,19.14,20.94,36.04
E02001735,E02001796,20.17,22.48,38.59
E02001735,E02001797,12.66,15.14,25.38
E02001735,E02001798,15.72,17.97,29.78
E02001735,E02001799,13.55,16.15,27.06
E02001735,E02001800,13.41,15.0,26.37
E02001735,E02001801,20.63,23.61,40.76
E02001735,E02001802,19.52,21.88,37.76
E02001735,E02001803,20.89,22.8,39.57
E02001735,E02001804,20.58,22.23,37.69
E02001735,E02001805,20.43,22.08,38.36
E02001735,E02001806,22.24,24.3,41.48
E02001735,E02001807,15.28,17.49,29.69
E02001735,E02001808,21.34,23.09,40.05
E02001735,E02001809,15.0,18.04,30.92
E02001735,E02001810,13.55,17.61,29.64
E02001735,E02001811,19.49,19.62,34.26
E02001735,E02001812,22.42,24.97,42.78
E02001735,E02001813,21.25,22.74,38.72
E02001735,E02001814,23.54,26.02,44.64
E02001735,E02001815,16.1,18.91,32.81
E02001735,E02001816,22.36,24.39,41.75
E02001735,E02001817,24.0,27.4,46.08
E02001735,E02001818,25.5,28.65,48.32
E02001735,E02001819,22.2,23.81,41.01
E02001735,E02001820,18.4,20.43,36.01
E02001735,E02001821,24.56,25.56,44.06
E02001735,E02001822,19.65,21.79,38.31
E02001735,E02001823,22.21,24.13,42.14
E02001735,E02001824,23.03,25.73,45.09
E02001735,E02001825,24.71,26.9,47.48
E02001735,E02001826,26.37,28.39,49.66
E02001735,E02006841,5.57,7.89,12.81
E02001735,E02006842,5.87,8.05,13.34
E02001735,E02006893,11.55,13.23,22.26
E02001736,E02001682,8.23,10.0,16.21
E02001736,E02001683,10.69,12.9,20.96
E02001736,E02001684,7.61,8.48,14.19
E02001736,E02001685,6.6,8.93,13.95
E02001736,E02001686,6.42,8.37,13.22
E02001736,E02001688,4.75,6.6,10.2
E02001736,E02001689,4.21,5.4,8.6
E02001736,E02001690,6.46,7.99,12.89
E02001736,E02001691,4.83,6.64,10.31
E02001736,E02001692,6.02,7.95,12.54
E02001736,E02001693,7.32,9.28,14.93
E02001736,E02001694,6.36,8.11,12.94
E02001736,E02001695,8.92,9.56,16.26
E02001736,E02001696,8.9,10.32,16.99
E02001736,E02001697,6.89,8.9,14.35
E02001736,E02001698,8.57,11.16,17.86
E02001736,E02001699,8.47,11.41,18.23
E02001736,E02001700,8.55,9.18,15.65
E02001736,E02001701,7.5,9.25,15.04
E02001736,E02001702,8.5,10.78,17.22
E02001736,E02001703,10.5,11.79,19.73
E02001736,E02001704,8.57,11.03,17.77
E02001736,E02001705,15.72,21.88,34.69
E02001736,E02001706,10.96,12.71,21.03
E02001736,E02001707,13.14,16.01,26.1
E02001736,E02001708,7.04,10.43,16.15
E02001736,E02001709,7.25,9.76,15.92
E02001736,E02001710,6.85,10.98,16.87
E02001736,E02001711,6.32,9.03,14.47
E02001736,E02001712,5.45,7.85,12.78
E02001736,E02001713,4.83,7.61,11.42
E02001736,E02001714,7.17,7.96,13.46
E02001736,E02001715,6.07,8.44,13.53
E02001736,E02001718,4.31,6.84,10.73
E02001736,E02001719,6.25,6.86,11.67
E02001736,E02001720,5.31,6.32,10.51
E02001736,E02001721,7.96,9.77,15.87
E02001736,E02001722,5.25,7.27,11.34
E02001736,E02001723,2.71,4.09,6.55
E02001736,E02001724,4.79,5.33,8.99
E02001736,E02001725,6.09,7.02,11.79
E02001736,E02001726,2.51,3.62,5.68
E02001736,E02001727,7.33,8.0,13.62
E02001736,E02001728,5.37,7.44,11.67
E02001736,E02001729,1.17,2.09,2.97
E02001736,E02001730,3.99,4.61,7.72
E02001736,E02001731,2.08,3.01,4.73
E02001736,E02001732,3.08,4.19,6.5
E02001736,E02001733,5.87,6.85,11.51
E02001736,E02001734,1.49,2.21,3.32
E02001736,E02001735,6.39,8.15,13.53
E02001736,E02001736,0.59,1.04,1.48
E02001736,E02001737,7.18,8.01,13.49
E02001736,E02001738,17.46,20.46,34.6
E02001736,E02001739,12.96,15.15,25.34
E02001736,E02001740,17.58,20.46,34.9
E02001736,E02001741,10.26,13.44,21.85
E02001736,E02001742,16.28,18.75,32.23
E02001736,E02001743,18.08,19.42,33.24
E02001736,E02001744,13.99,17.05,28.27
E02001736,E02001745,11.42,14.4,23.68
E02001736,E02001746,16.96,18.23,31.21
E02001736,E02001747,16.75,17.5,30.38
E02001736,E02001748,12.74,14.06,24.15
E02001736,E02001749,11.08,12.4,21.1
E02001736,E02001750,15.91,16.8,28.85
E02001736,E02001751,10.08,11.58,19.52
E02001736,E02001752,14.58,15.44,26.49
E02001736,E02001753,16.45,17.82,30.76
E02001736,E02001754,15.21,16.62,28.53
E02001736,E02001755,9.93,12.04,19.87
E02001736,E02001756,8.08,9.6,16.31
E02001736,E02001757,13.74,14.14,24.56
E02001736,E02001758,11.71,13.12,22.02
E02001736,E02001759,14.62,15.76,26.86
E02001736,E02001760,13.5,14.72,24.94
E02001736,E02001761,9.9,11.31,19.13
E02001736,E02001762,9.12,9.69,16.65
E02001736,E02001763,11.85,13.37,22.43
E02001736,E02001764,14.36,15.49,26.38
E02001736,E02001765,10.81,11.71,19.91
E02001736,E02001766,9.36,10.48,17.64
E02001736,E02001767,8.56,9.77,16.3
E02001736,E02001768,18.75,20.28,34.42
E02001736,E02001769,17.38,18.6,31.72
E02001736,E02001770,18.02,20.07,33.59
E02001736,E02001771,19.44,22.06,36.84
E02001736,E02001772,17.48,19.6,32.77
E02001736,E02001773,18.22,20.03,33.92
E02001736,E02001774,13.26,14.1,24.05
E02001736,E02001775,19.1,20.91,35.37
E02001736,E02001776,11.87,12.51,21.41
E02001736,E02001777,10.99,12.07,20.42
E02001736,E02001778,16.95,18.45,31.18
E02001736,E02001779,15.17,16.34,27.72
E02001736,E02001780,18.29,19.74,33.46
E02001736,E02001781,14.29,15.59,26.33
E02001736,E02001782,10.8,12.25,20.35
E02001736,E02001783,15.91,17.21,29.14
E02001736,E02001784,12.84,13.74,23.37
E02001736,E02001785,21.15,23.94,39.97
E02001736,E02001786,17.15,18.7,31.56
E02001736,E02001787,12.72,14.53,24.07
E02001736,E02001788,14.34,15.41,26.17
E02001736,E02001789,17.13,18.18,31.03
E02001736,E02001790,15.22,16.07,27.48
E02001736,E02001791,19.36,20.84,35.36
E02001736,E02001792,19.95,21.65,36.71
E02001736,E02001793,16.08,18.85,30.91
E02001736,E02001794,17.61,21.9,35.11
E02001736,E02001795,19.33,21.51,36.68
E02001736,E02001796,20.86,23.04,39.23
E02001736,E02001797,12.26,13.88,23.08
E02001736,E02001798,15.74,18.31,30.11
E02001736,E02001799,13.15,14.89,24.76
E02001736,E02001800,12.78,13.75,24.08
E02001736,E02001801,20.78,23.91,41.0
E02001736,E02001802,19.67,22.17,38.0
E02001736,E02001803,21.03,23.32,40.17
E02001736,E02001804,20.55,22.53,37.94
E02001736,E02001805,20.57,22.38,38.6
E02001736,E02001806,22.39,24.86,42.12
E02001736,E02001807,14.88,16.23,27.39
E02001736,E02001808,21.49,23.38,40.29
E02001736,E02001809,14.37,16.79,28.63
E02001736,E02001810,12.92,16.36,26.95
E02001736,E02001811,19.45,19.92,34.51
E02001736,E02001812,22.57,25.26,43.02
E02001736,E02001813,21.21,23.03,38.97
E02001736,E02001814,23.68,26.57,45.28
E02001736,E02001815,15.47,17.66,30.51
E02001736,E02001816,22.32,24.68,41.99
E02001736,E02001817,23.96,27.7,46.32
E02001736,E02001818,25.65,28.95,48.56
E02001736,E02001819,21.84,24.11,41.25
E02001736,E02001820,17.76,19.18,33.71
E02001736,E02001821,24.2,25.86,44.3
E02001736,E02001822,19.02,20.54,36.01
E02001736,E02001823,21.58,22.77,39.44
E02001736,E02001824,22.4,24.38,42.49
E02001736,E02001825,24.08,25.54,44.78
E02001736,E02001826,25.74,27.04,46.96
E02001736,E02006841,5.14,6.64,10.51
E02001736,E02006842,5.24,6.62,10.64
E02001736,E02006893,6.44,8.8,14.01
E02001737,E02001682,14.56,16.19,27.37
E02001737,E02001683,17.01,19.09,32.12
E02001737,E02001684,8.81,9.6,16.42
E02001737,E02001685,12.93,15.12,25.12
E02001737,E02001686,12.75,14.56,24.39
E02001737,E02001688,6.7,9.06,14.75
E02001737,E02001689,6.49,7.29,12.36
E02001737,E02001690,11.03,13.1,22.01
E02001737,E02001691,6.98,8.53,14.06
E02001737,E02001692,7.45,9.24,15.16
E02001737,E02001693,8.56,10.4,17.16
E02001737,E02001694,8.52,10.51,17.32
E02001737,E02001695,10.12,10.69,18.48
E02001737,E02001696,10.1,11.44,19.22
E02001737,E02001697,8.32,10.19,16.98
E02001737,E02001698,12.04,15.18,24.84
E02001737,E02001699,9.9,12.53,20.46
E02001737,E02001700,10.82,11.59,20.03
E02001737,E02001701,9.01,10.55,17.66
E02001737,E02001702,9.93,12.07,19.85
E02001737,E02001703,16.37,17.98,30.89
E02001737,E02001704,10.0,12.32,20.4
E02001737,E02001705,22.05,28.07,45.86
E02001737,E02001706,12.39,14.0,23.66
E02001737,E02001707,14.57,17.3,28.72
E02001737,E02001708,12.21,14.24,23.62
E02001737,E02001709,9.73,10.92,18.58
E02001737,E02001710,10.24,13.11,21.19
E02001737,E02001711,11.74,13.67,22.95
E02001737,E02001712,7.12,9.01,15.44
E02001737,E02001713,8.39,9.23,16.01
E02001737,E02001714,5.23,6.89,11.25
E02001737,E02001715,9.94,11.85,19.58
E02001737,E02001718,9.86,10.65,18.29
E02001737,E02001719,3.96,5.73,9.36
E02001737,E02001720,5.92,7.2,11.88
E02001737,E02001721,14.49,16.12,27.08
E02001737,E02001722,11.78,13.62,22.55
E02001737,E02001723,8.59,8.72,15.38
E02001737,E02001724,5.06,6.12,10.19
E02001737,E02001725,3.28,4.48,7.33
E02001737,E02001726,8.81,9.98,16.89
E02001737,E02001727,2.3,3.15,5.31
E02001737,E02001728,11.91,13.63,22.88
E02001737,E02001729,6.79,7.86,13.11
E02001737,E02001730,3.77,4.42,7.46
E02001737,E02001731,5.6,6.25,10.54
E02001737,E02001732,9.87,11.03,18.7
E02001737,E02001733,1.82,2.61,4.31
E02001737,E02001734,8.28,9.22,15.52
E02001737,E02001735,0.91,1.82,2.51
E02001737,E02001736,7.18,8.01,13.49
E02001737,E02001737,0.46,0.91,1.25
E02001737,E02001738,14.13,17.06,28.58
E02001737,E02001739,11.61,14.2,23.77
E02001737,E02001740,13.5,16.82,28.13
E02001737,E02001741,12.0,14.6,24.51
E02001737,E02001742,12.11,15.1,25.36
E02001737,E02001743,13.61,15.78,26.36
E02001737,E02001744,10.7,13.66,22.25
E02001737,E02001745,9.91,13.34,21.66
E02001737,E02001746,12.5,14.58,24.34
E02001737,E02001747,12.28,13.85,23.51
E02001737,E02001748,9.44,10.67,18.13
E02001737,E02001749,8.34,11.28,18.89
E02001737,E02001750,11.44,13.15,21.97
E02001737,E02001751,7.35,10.52,17.32
E02001737,E02001752,10.11,11.79,19.62
E02001737,E02001753,11.49,12.83,21.9
E02001737,E02001754,10.47,11.56,19.6
E02001737,E02001755,7.19,10.76,17.45
E02001737,E02001756,6.26,8.54,14.1
E02001737,E02001757,9.27,10.11,17.29
E02001737,E02001758,7.24,9.59,15.14
E02001737,E02001759,9.49,10.31,17.56
E02001737,E02001760,8.37,9.24,15.64
E02001737,E02001761,5.61,7.89,12.28
E02001737,E02001762,5.35,6.15,10.39
E02001737,E02001763,6.72,7.9,13.13
E02001737,E02001764,9.08,9.87,16.76
E02001737,E02001765,5.68,6.23,10.61
E02001737,E02001766,4.31,5.1,8.51
E02001737,E02001767,3.68,4.74,7.95
E02001737,E02001768,14.05,14.71,25.44
E02001737,E02001769,12.68,13.03,22.75
E02001737,E02001770,13.32,14.5,24.62
E02001737,E02001771,14.86,16.53,27.86
E02001737,E02001772,12.78,14.03,23.79
E02001737,E02001773,13.64,15.75,26.16
E02001737,E02001774,9.4,9.64,16.8
E02001737,E02001775,14.93,16.68,28.63
E02001737,E02001776,10.54,10.73,18.74
E02001737,E02001777,11.89,12.25,21.29
E02001737,E02001778,12.25,12.87,22.2
E02001737,E02001779,11.25,11.87,20.48
E02001737,E02001780,14.31,15.5,26.72
E02001737,E02001781,10.85,11.35,19.59
E02001737,E02001782,12.0,13.37,22.58
E02001737,E02001783,12.47,12.97,22.4
E02001737,E02001784,10.86,11.07,19.29
E02001737,E02001785,18.02,20.99,35.61
E02001737,E02001786,13.72,14.46,24.83
E02001737,E02001787,11.97,12.66,21.73
E02001737,E02001788,12.26,13.16,22.44
E02001737,E02001789,16.36,17.57,30.53
E02001737,E02001790,14.69,15.46,26.98
E02001737,E02001791,18.62,20.06,34.51
E02001737,E02001792,19.43,21.04,36.21
E02001737,E02001793,15.65,18.24,30.41
E02001737,E02001794,17.18,21.29,34.6
E02001737,E02001795,19.31,20.9,36.18
E02001737,E02001796,20.34,22.43,38.73
E02001737,E02001797,13.46,15.01,25.3
E02001737,E02001798,15.89,17.93,29.92
E02001737,E02001799,14.35,16.01,26.99
E02001737,E02001800,14.21,14.87,26.3
E02001737,E02001801,20.8,23.57,40.9
E02001737,E02001802,19.69,21.84,37.9
E02001737,E02001803,21.06,22.76,39.71
E02001737,E02001804,20.75,22.19,37.83
E02001737,E02001805,20.6,22.04,38.5
E02001737,E02001806,22.41,24.25,41.62
E02001737,E02001807,16.08,17.35,29.61
E02001737,E02001808,21.51,23.05,40.19
E02001737,E02001809,15.8,17.91,30.85
E02001737,E02001810,14.35,17.48,29.57
E02001737,E02001811,19.66,19.58,34.4
E02001737,E02001812,22.59,24.92,42.91
E02001737,E02001813,21.42,22.7,38.86
E02001737,E02001814,23.71,25.98,44.78
E02001737,E02001815,16.9,18.78,32.74
E02001737,E02001816,22.53,24.34,41.89
E02001737,E02001817,24.17,27.36,46.22
E02001737,E02001818,25.67,28.61,48.46
E02001737,E02001819,22.37,23.77,41.14
E02001737,E02001820,19.19,20.3,35.93
E02001737,E02001821,24.73,25.52,44.2
E02001737,E02001822,20.45,21.66,38.24
E02001737,E02001823,23.01,23.99,42.07
E02001737,E02001824,23.83,25.59,45.02
E02001737,E02001825,25.51,26.76,47.41
E02001737,E02001826,27.17,28.26,49.59
E02001737,E02006841,6.37,7.76,12.74
E02001737,E02006842,6.67,7.91,13.27
E02001737,E02006893,12.34,13.44,22.92
E02001738,E02001682,25.15,28.63,48.64
E02001738,E02001683,27.61,31.54,53.38
E02001738,E02001684,17.48,19.8,33.73
E02001738,E02001685,23.52,27.56,46.38
E02001738,E02001686,23.34,27.0,45.65
E02001738,E02001688,18.18,21.49,36.05
E02001738,E02001689,17.67,19.72,33.66
E02001738,E02001690,22.49,25.54,43.31
E02001738,E02001691,18.16,20.96,35.36
E02001738,E02001692,18.63,21.68,36.46
E02001738,E02001693,18.61,21.71,36.52
E02001738,E02001694,19.97,22.95,38.62
E02001738,E02001695,16.94,18.96,32.45
E02001738,E02001696,17.98,20.76,35.04
E02001738,E02001697,19.5,22.62,38.28
E02001738,E02001698,23.5,27.62,46.14
E02001738,E02001699,19.15,22.91,38.1
E02001738,E02001700,22.0,24.02,41.33
E02001738,E02001701,20.19,22.98,38.96
E02001738,E02001702,20.74,24.12,40.46
E02001738,E02001703,27.42,30.43,52.06
E02001738,E02001704,21.18,24.75,41.7
E02001738,E02001705,32.64,40.51,67.02
E02001738,E02001706,23.28,24.45,43.65
E02001738,E02001707,23.8,25.44,44.47
E02001738,E02001708,16.34,20.18,32.89
E02001738,E02001709,13.78,16.75,27.69
E02001738,E02001710,15.17,19.65,31.74
E02001738,E02001711,18.04,22.0,36.5
E02001738,E02001712,12.0,14.25,23.92
E02001738,E02001713,13.49,15.77,26.56
E02001738,E02001714,11.38,14.0,23.21
E02001738,E02001715,15.51,18.39,30.69
E02001738,E02001718,17.05,20.03,33.55
E02001738,E02001719,11.7,14.4,23.85
E02001738,E02001720,13.27,16.2,26.94
E02001738,E02001721,23.08,26.54,44.72
E02001738,E02001722,19.67,23.78,39.2
E02001738,E02001723,16.41,18.75,31.76
E02001738,E02001724,13.51,16.02,26.82
E02001738,E02001725,12.74,15.15,25.38
E02001738,E02001726,17.37,20.18,33.95
E02001738,E02001727,12.09,14.93,24.94
E02001738,E02001728,20.49,24.45,40.77
E02001738,E02001729,16.55,19.44,32.54
E02001738,E02001730,14.41,16.97,28.45
E02001738,E02001731,15.92,18.44,31.11
E02001738,E02001732,19.0,21.88,36.93
E02001738,E02001733,14.16,16.78,28.08
E02001738,E02001734,18.42,21.66,36.19
E02001738,E02001735,13.76,17.1,28.45
E02001738,E02001736,17.46,20.46,34.6
E02001738,E02001737,14.13,17.06,28.58
E02001738,E02001738,0.56,1.08,1.5
E02001738,E02001739,10.69,12.5,21.09
E02001738,E02001740,1.11,2.15,3.0
E02001738,E02001741,13.09,15.83,26.1
E02001738,E02001742,2.59,3.71,5.88
E02001738,E02001743,2.65,3.98,6.28
E02001738,E02001744,4.14,5.09,8.2
E02001738,E02001745,9.76,13.31,21.29
E02001738,E02001746,2.29,4.55,6.27
E02001738,E02001747,3.3,4.41,7.3
E02001738,E02001748,5.13,6.81,10.65
E02001738,E02001749,8.08,10.12,16.63
E02001738,E02001750,4.42,6.36,10.22
E02001738,E02001751,9.15,12.52,20.08
E02001738,E02001752,5.79,8.06,13.09
E02001738,E02001753,5.24,6.66,11.01
E02001738,E02001754,5.68,7.55,12.35
E02001738,E02001755,9.34,12.81,20.56
E02001738,E02001756,10.8,13.46,22.23
E02001738,E02001757,6.15,7.72,12.88
E02001738,E02001758,8.24,11.99,19.58
E02001738,E02001759,6.33,8.0,13.29
E02001738,E02001760,7.08,9.35,15.45
E02001738,E02001761,9.43,12.75,21.18
E02001738,E02001762,9.17,11.62,19.16
E02001738,E02001763,9.0,12.59,20.54
E02001738,E02001764,7.71,9.49,15.87
E02001738,E02001765,9.27,11.92,20.04
E02001738,E02001766,10.39,13.92,22.99
E02001738,E02001767,10.55,13.16,21.75
E02001738,E02001768,16.29,18.85,31.98
E02001738,E02001769,14.93,17.17,29.28
E02001738,E02001770,15.56,18.64,31.15
E02001738,E02001771,17.1,20.68,34.39
E02001738,E02001772,15.02,18.17,30.33
E02001738,E02001773,15.88,19.89,32.69
E02001738,E02001774,11.64,13.78,23.33
E02001738,E02001775,17.17,20.82,35.17
E02001738,E02001776,12.78,14.87,25.28
E02001738,E02001777,14.14,16.4,27.83
E02001738,E02001778,14.49,17.02,28.73
E02001738,E02001779,13.49,16.01,27.01
E02001738,E02001780,16.55,19.64,33.26
E02001738,E02001781,13.1,15.49,26.13
E02001738,E02001782,14.32,17.75,29.43
E02001738,E02001783,14.72,17.11,28.93
E02001738,E02001784,13.11,15.21,25.83
E02001738,E02001785,20.27,25.13,42.14
E02001738,E02001786,15.96,18.6,31.36
E02001738,E02001787,14.22,16.8,28.26
E02001738,E02001788,14.51,17.3,28.97
E02001738,E02001789,18.6,21.71,37.06
E02001738,E02001790,16.94,19.6,33.51
E02001738,E02001791,20.86,24.21,41.04
E02001738,E02001792,21.67,25.19,42.74
E02001738,E02001793,17.89,22.38,36.94
E02001738,E02001794,19.42,25.43,41.14
E02001738,E02001795,21.55,25.04,42.71
E02001738,E02001796,22.59,26.58,45.26
E02001738,E02001797,19.46,21.91,37.29
E02001738,E02001798,18.13,22.07,36.45
E02001738,E02001799,20.35,22.92,38.97
E02001738,E02001800,21.13,21.96,38.6
E02001738,E02001801,23.05,27.71,47.43
E02001738,E02001802,21.94,25.98,44.43
E02001738,E02001803,23.3,26.9,46.24
E02001738,E02001804,23.0,26.33,44.36
E02001738,E02001805,22.84,26.18,45.03
E02001738,E02001806,24.66,28.4,48.15
E02001738,E02001807,21.44,24.26,41.6
E02001738,E02001808,23.76,27.19,46.72
E02001738,E02001809,22.68,25.0,43.15
E02001738,E02001810,22.88,24.57,42.58
E02001738,E02001811,21.9,23.72,40.93
E02001738,E02001812,24.84,29.06,49.45
E02001738,E02001813,23.66,26.84,45.39
E02001738,E02001814,25.95,30.12,51.31
E02001738,E02001815,24.51,25.87,45.04
E02001738,E02001816,24.77,28.49,48.42
E02001738,E02001817,26.41,31.5,52.75
E02001738,E02001818,27.92,32.75,54.99
E02001738,E02001819,24.61,27.91,47.68
E02001738,E02001820,24.9,27.17,46.64
E02001738,E02001821,26.97,29.66,50.73
E02001738,E02001822,25.56,28.3,48.26
E02001738,E02001823,28.72,31.09,54.43
E02001738,E02001824,27.71,30.35,51.92
E02001738,E02001825,29.47,31.62,54.51
E02001738,E02001826,31.14,33.39,57.57
E02001738,E02006841,17.55,20.2,34.04
E02001738,E02006842,17.84,20.35,34.57
E02001738,E02006893,19.17,22.92,38.48
E02001739,E02001682,19.32,21.04,35.53
E02001739,E02001683,21.78,23.94,40.28
E02001739,E02001684,16.26,16.84,29.09
E02001739,E02001685,17.69,19.97,33.28
E02001739,E02001686,17.51,19.41,32.54
E02001739,E02001688,14.45,16.3,27.43
E02001739,E02001689,13.94,14.53,25.03
E02001739,E02001690,17.1,18.47,31.3
E02001739,E02001691,14.44,15.77,26.74
E02001739,E02001692,14.9,16.48,27.84
E02001739,E02001693,16.01,17.64,29.83
E02001739,E02001694,16.24,17.75,29.99
E02001739,E02001695,17.58,17.92,31.16
E02001739,E02001696,17.55,18.68,31.89
E02001739,E02001697,15.77,17.43,29.65
E02001739,E02001698,19.21,21.65,36.27
E02001739,E02001699,17.35,19.77,33.14
E02001739,E02001700,18.27,18.83,32.7
E02001739,E02001701,16.46,17.78,30.34
E02001739,E02001702,17.38,19.31,32.52
E02001739,E02001703,21.15,22.28,38.14
E02001739,E02001704,17.45,19.56,33.07
E02001739,E02001705,26.81,32.37,53.1
E02001739,E02001706,19.84,21.24,36.33
E02001739,E02001707,22.02,24.54,41.4
E02001739,E02001708,9.18,11.42,18.3
E02001739,E02001709,6.62,7.99,13.1
E02001739,E02001710,8.93,10.94,17.64
E02001739,E02001711,11.61,13.56,22.39
E02001739,E02001712,7.5,8.35,13.98
E02001739,E02001713,8.92,9.87,16.61
E02001739,E02001714,7.7,8.8,14.58
E02001739,E02001715,10.89,12.49,20.74
E02001739,E02001718,10.96,12.51,20.85
E02001739,E02001719,8.31,9.26,15.5
E02001739,E02001720,8.77,10.29,17.0
E02001739,E02001721,16.63,18.33,30.8
E02001739,E02001722,12.95,15.57,25.28
E02001739,E02001723,11.91,12.84,21.78
E02001739,E02001724,9.83,10.82,18.2
E02001739,E02001725,9.07,9.95,16.76
E02001739,E02001726,12.64,14.04,23.57
E02001739,E02001727,10.38,12.47,21.16
E02001739,E02001728,14.12,16.24,26.85
E02001739,E02001729,12.05,13.54,22.59
E02001739,E02001730,10.73,11.78,19.82
E02001739,E02001731,11.89,13.07,21.99
E02001739,E02001732,13.5,14.61,24.85
E02001739,E02001733,10.5,11.59,19.46
E02001739,E02001734,13.92,15.76,26.22
E02001739,E02001735,11.18,12.89,21.48
E02001739,E02001736,12.96,15.15,25.34
E02001739,E02001737,11.61,14.2,23.77
E02001739,E02001738,10.69,12.5,21.09
E02001739,E02001739,2.18,3.15,4.92
E02001739,E02001740,10.82,12.69,21.39
E02001739,E02001741,4.67,6.44,9.94
E02001739,E02001742,9.51,11.12,18.83
E02001739,E02001743,11.79,14.51,24.59
E02001739,E02001744,8.0,9.91,15.91
E02001739,E02001745,4.37,6.3,9.84
E02001739,E02001746,10.7,13.08,21.78
E02001739,E02001747,12.29,14.34,24.58
E02001739,E02001748,7.17,8.36,13.95
E02001739,E02001749,6.14,8.12,13.23
E02001739,E02001750,11.67,13.62,22.54
E02001739,E02001751,5.15,7.25,11.6
E02001739,E02001752,10.49,12.08,20.0
E02001739,E02001753,13.82,15.88,26.62
E02001739,E02001754,12.57,14.81,24.73
E02001739,E02001755,6.41,9.08,14.49
E02001739,E02001756,6.19,7.33,11.97
E02001739,E02001757,11.1,12.43,20.9
E02001739,E02001758,10.81,12.71,20.87
E02001739,E02001759,12.58,14.05,23.65
E02001739,E02001760,11.66,13.43,22.68
E02001739,E02001761,10.03,13.23,21.35
E02001739,E02001762,8.72,10.59,17.72
E02001739,E02001763,11.16,13.42,21.84
E02001739,E02001764,13.28,14.65,24.7
E02001739,E02001765,11.42,12.81,21.72
E02001739,E02001766,10.76,13.33,22.01
E02001739,E02001767,10.1,12.13,20.3
E02001739,E02001768,18.67,19.81,34.01
E02001739,E02001769,17.31,18.14,31.31
E02001739,E02001770,17.94,19.61,33.18
E02001739,E02001771,19.48,21.64,36.42
E02001739,E02001772,17.4,19.14,32.36
E02001739,E02001773,18.26,20.85,34.72
E02001739,E02001774,14.02,14.75,25.36
E02001739,E02001775,19.55,21.78,37.2
E02001739,E02001776,15.16,15.83,27.3
E02001739,E02001777,16.51,17.36,29.86
E02001739,E02001778,16.87,17.98,30.76
E02001739,E02001779,15.87,16.97,29.04
E02001739,E02001780,18.93,20.61,35.29
E02001739,E02001781,15.48,16.46,28.15
E02001739,E02001782,16.7,18.72,31.46
E02001739,E02001783,17.09,18.07,30.96
E02001739,E02001784,15.49,16.17,27.86
E02001739,E02001785,22.65,26.1,44.17
E02001739,E02001786,18.34,19.57,33.39
E02001739,E02001787,16.59,17.76,30.29
E02001739,E02001788,16.89,18.27,31.0
E02001739,E02001789,20.98,22.68,39.09
E02001739,E02001790,19.32,20.56,35.54
E02001739,E02001791,23.24,25.17,43.07
E02001739,E02001792,24.05,26.15,44.77
E02001739,E02001793,20.27,23.34,38.97
E02001739,E02001794,21.8,26.4,43.17
E02001739,E02001795,23.93,26.01,44.74
E02001739,E02001796,24.97,27.54,47.29
E02001739,E02001797,20.91,22.24,37.98
E02001739,E02001798,20.51,23.04,38.48
E02001739,E02001799,21.8,23.25,39.66
E02001739,E02001800,21.66,22.11,38.98
E02001739,E02001801,25.42,28.68,49.46
E02001739,E02001802,24.32,26.94,46.46
E02001739,E02001803,25.68,27.87,48.27
E02001739,E02001804,25.38,27.3,46.39
E02001739,E02001805,25.22,27.15,47.06
E02001739,E02001806,27.04,29.36,50.18
E02001739,E02001807,23.53,24.59,42.29
E02001739,E02001808,26.14,28.15,48.75
E02001739,E02001809,23.25,25.15,43.53
E02001739,E02001810,21.8,24.72,42.25
E02001739,E02001811,24.28,24.69,42.96
E02001739,E02001812,27.21,30.03,51.48
E02001739,E02001813,26.04,27.8,47.42
E02001739,E02001814,28.33,31.09,53.34
E02001739,E02001815,24.35,26.02,45.42
E02001739,E02001816,27.15,29.45,50.45
E02001739,E02001817,28.79,32.47,54.78
E02001739,E02001818,30.3,33.72,57.02
E02001739,E02001819,26.99,28.88,49.7
E02001739,E02001820,26.64,27.54,48.61
E02001739,E02001821,29.35,30.63,52.76
E02001739,E02001822,27.9,28.9,50.29
E02001739,E02001823,30.46,31.23,54.74
E02001739,E02001824,30.09,31.31,53.95
E02001739,E02001825,31.85,32.58,56.54
E02001739,E02001826,33.51,34.36,59.6
E02001739,E02006841,13.82,15.0,25.42
E02001739,E02006842,14.12,15.15,25.95
E02001739,E02006893,13.08,14.71,24.56
E02001740,E02001682,25.28,28.64,48.93
E02001740,E02001683,27.74,31.54,53.68
E02001740,E02001684,16.86,18.94,32.19
E02001740,E02001685,23.65,27.57,46.68
E02001740,E02001686,23.47,27.01,45.94
E02001740,E02001688,18.28,21.5,36.35
E02001740,E02001689,17.79,19.73,33.95
E02001740,E02001690,22.62,25.54,43.6
E02001740,E02001691,18.29,20.97,35.66
E02001740,E02001692,18.76,21.68,36.76
E02001740,E02001693,17.99,20.85,34.97
E02001740,E02001694,20.1,22.96,38.91
E02001740,E02001695,16.31,18.1,30.9
E02001740,E02001696,17.36,19.9,33.49
E02001740,E02001697,19.63,22.63,38.57
E02001740,E02001698,23.62,27.62,46.44
E02001740,E02001699,18.53,22.06,36.56
E02001740,E02001700,22.13,24.03,41.62
E02001740,E02001701,20.32,22.99,39.26
E02001740,E02001702,20.11,23.26,38.91
E02001740,E02001703,27.55,30.43,52.36
E02001740,E02001704,20.99,24.7,41.03
E02001740,E02001705,32.77,40.52,67.32
E02001740,E02001706,22.65,23.59,42.1
E02001740,E02001707,23.17,24.58,42.92
E02001740,E02001708,16.47,20.36,33.18
E02001740,E02001709,13.91,16.93,27.99
E02001740,E02001710,15.3,19.84,32.04
E02001740,E02001711,18.17,22.19,36.79
E02001740,E02001712,12.13,14.44,24.22
E02001740,E02001713,13.62,15.96,26.85
E02001740,E02001714,11.51,14.19,23.5
E02001740,E02001715,15.64,18.58,30.99
E02001740,E02001718,17.17,20.22,33.84
E02001740,E02001719,11.74,14.26,24.01
E02001740,E02001720,13.4,16.38,27.24
E02001740,E02001721,23.2,26.73,45.02
E02001740,E02001722,19.8,23.97,39.5
E02001740,E02001723,16.54,18.94,32.05
E02001740,E02001724,13.64,16.03,27.12
E02001740,E02001725,12.78,15.05,25.62
E02001740,E02001726,17.5,20.36,34.24
E02001740,E02001727,11.58,14.69,24.49
E02001740,E02001728,20.62,24.64,41.06
E02001740,E02001729,16.67,19.63,32.84
E02001740,E02001730,14.54,16.98,28.74
E02001740,E02001731,16.04,18.44,31.4
E02001740,E02001732,19.13,22.07,37.23
E02001740,E02001733,13.8,16.68,28.32
E02001740,E02001734,18.54,21.67,36.49
E02001740,E02001735,13.27,16.86,27.99
E02001740,E02001736,17.58,20.46,34.9
E02001740,E02001737,13.5,16.82,28.13
E02001740,E02001738,1.11,2.16,3.0
E02001740,E02001739,10.82,12.69,21.39
E02001740,E02001740,0.56,1.08,1.5
E02001740,E02001741,13.22,16.02,26.4
E02001740,E02001742,1.96,3.9,5.4
E02001740,E02001743,1.59,2.68,4.02
E02001740,E02001744,4.27,5.27,8.49
E02001740,E02001745,9.89,13.5,21.58
E02001740,E02001746,1.66,3.33,4.58
E02001740,E02001747,2.25,3.12,5.05
E02001740,E02001748,5.26,6.99,10.95
E02001740,E02001749,8.21,10.3,16.93
E02001740,E02001750,3.8,5.5,8.68
E02001740,E02001751,9.28,12.7,20.38
E02001740,E02001752,5.16,7.2,11.55
E02001740,E02001753,4.18,5.37,8.75
E02001740,E02001754,4.88,6.68,10.81
E02001740,E02001755,9.46,13.0,20.85
E02001740,E02001756,10.93,13.65,22.53
E02001740,E02001757,5.52,6.86,11.34
E02001740,E02001758,7.61,11.14,18.03
E02001740,E02001759,5.7,7.13,11.75
E02001740,E02001760,6.46,8.49,13.9
E02001740,E02001761,8.8,11.89,19.64
E02001740,E02001762,9.29,11.81,19.46
E02001740,E02001763,8.37,11.74,18.99
E02001740,E02001764,7.06,8.62,14.32
E02001740,E02001765,8.64,11.07,18.5
E02001740,E02001766,9.76,13.06,21.44
E02001740,E02001767,10.12,13.35,22.04
E02001740,E02001768,15.66,17.99,30.43
E02001740,E02001769,14.3,16.31,27.73
E02001740,E02001770,14.93,17.79,29.6
E02001740,E02001771,16.48,19.82,32.85
E02001740,E02001772,14.4,17.31,28.78
E02001740,E02001773,15.25,19.03,31.14
E02001740,E02001774,11.01,12.92,21.79
E02001740,E02001775,16.55,19.96,33.62
E02001740,E02001776,12.15,14.01,23.73
E02001740,E02001777,13.51,15.54,26.28
E02001740,E02001778,13.87,16.16,27.19
E02001740,E02001779,12.86,15.15,25.47
E02001740,E02001780,15.92,18.79,31.71
E02001740,E02001781,12.47,14.64,24.58
E02001740,E02001782,13.69,16.89,27.89
E02001740,E02001783,14.09,16.25,27.39
E02001740,E02001784,12.48,14.35,24.28
E02001740,E02001785,19.64,24.27,40.6
E02001740,E02001786,15.33,17.75,29.81
E02001740,E02001787,13.59,15.94,26.72
E02001740,E02001788,13.88,16.45,27.43
E02001740,E02001789,17.98,20.86,35.51
E02001740,E02001790,16.31,18.74,31.96
E02001740,E02001791,20.23,23.35,39.5
E02001740,E02001792,21.05,24.33,41.2
E02001740,E02001793,17.27,21.52,35.39
E02001740,E02001794,18.79,24.57,39.59
E02001740,E02001795,20.93,24.18,41.16
E02001740,E02001796,21.96,25.72,43.71
E02001740,E02001797,18.83,21.05,35.74
E02001740,E02001798,17.5,21.21,34.91
E02001740,E02001799,19.72,22.06,37.43
E02001740,E02001800,20.5,21.11,37.05
E02001740,E02001801,22.42,26.86,45.89
E02001740,E02001802,21.31,25.12,42.89
E02001740,E02001803,22.67,26.04,44.7
E02001740,E02001804,22.37,25.47,42.82
E02001740,E02001805,22.22,25.32,43.48
E02001740,E02001806,24.03,27.54,46.6
E02001740,E02001807,20.81,23.4,40.05
E02001740,E02001808,23.13,26.33,45.17
E02001740,E02001809,22.05,24.15,41.6
E02001740,E02001810,22.25,23.72,41.04
E02001740,E02001811,21.27,22.87,39.39
E02001740,E02001812,24.21,28.21,47.9
E02001740,E02001813,23.04,25.98,43.85
E02001740,E02001814,25.33,29.26,49.77
E02001740,E02001815,23.88,25.01,43.49
E02001740,E02001816,24.15,27.63,46.87
E02001740,E02001817,25.79,30.65,51.21
E02001740,E02001818,27.29,31.89,53.45
E02001740,E02001819,23.98,27.06,46.13
E02001740,E02001820,24.27,26.32,45.09
E02001740,E02001821,26.35,28.8,49.18
E02001740,E02001822,24.93,27.44,46.71
E02001740,E02001823,28.09,30.23,52.89
E02001740,E02001824,27.08,29.49,50.37
E02001740,E02001825,28.85,30.76,52.96
E02001740,E02001826,30.51,32.54,56.02
E02001740,E02006841,17.68,20.2,34.33
E02001740,E02006842,17.97,20.35,34.86
E02001740,E02006893,19.3,23.11,38.78
E02001741,E02001682,15.93,17.58,29.53
E02001741,E02001683,18.39,20.48,34.28
E02001741,E02001684,14.09,15.3,25.86
E02001741,E02001685,14.3,16.51,27.28
E02001741,E02001686,14.12,15.95,26.54
E02001741,E02001688,12.27,14.75,24.2
E02001741,E02001689,11.75,12.98,21.8
E02001741,E02001690,13.71,15.01,25.3
E02001741,E02001691,12.26,14.22,23.51
E02001741,E02001692,12.73,14.94,24.61
E02001741,E02001693,13.84,16.09,26.61
E02001741,E02001694,13.9,16.21,26.77
E02001741,E02001695,15.4,16.38,27.93
E02001741,E02001696,15.38,17.13,28.67
E02001741,E02001697,13.59,15.88,26.43
E02001741,E02001698,15.82,18.19,30.27
E02001741,E02001699,15.17,18.22,29.91
E02001741,E02001700,16.08,17.28,29.47
E02001741,E02001701,14.29,16.24,27.11
E02001741,E02001702,15.21,17.76,29.29
E02001741,E02001703,17.76,18.82,32.14
E02001741,E02001704,15.27,18.01,29.84
E02001741,E02001705,23.42,28.91,47.1
E02001741,E02001706,17.67,19.7,33.1
E02001741,E02001707,19.85,23.0,38.17
E02001741,E02001708,5.79,7.96,12.3
E02001741,E02001709,3.43,4.53,7.1
E02001741,E02001710,5.54,7.48,11.64
E02001741,E02001711,8.22,10.1,16.39
E02001741,E02001712,5.62,6.89,11.13
E02001741,E02001713,5.73,7.03,11.34
E02001741,E02001714,8.09,9.73,16.06
E02001741,E02001715,7.51,9.5,15.47
E02001741,E02001718,7.57,9.05,14.85
E02001741,E02001719,8.7,10.19,16.98
E02001741,E02001720,7.16,9.42,15.0
E02001741,E02001721,13.24,14.87,24.8
E02001741,E02001722,9.56,12.11,19.28
E02001741,E02001723,8.53,9.38,15.78
E02001741,E02001724,8.87,10.59,17.32
E02001741,E02001725,9.46,10.88,18.23
E02001741,E02001726,9.25,10.58,17.56
E02001741,E02001727,10.77,13.4,22.63
E02001741,E02001728,10.73,12.78,20.85
E02001741,E02001729,9.35,11.82,19.1
E02001741,E02001730,9.16,10.78,17.67
E02001741,E02001731,9.52,11.36,18.5
E02001741,E02001732,10.11,11.15,18.85
E02001741,E02001733,10.89,12.51,20.94
E02001741,E02001734,10.53,12.3,20.22
E02001741,E02001735,11.57,13.81,22.95
E02001741,E02001736,10.26,13.44,21.85
E02001741,E02001737,12.0,14.6,24.51
E02001741,E02001738,13.09,15.83,26.1
E02001741,E02001739,4.67,6.44,9.94
E02001741,E02001740,13.22,16.02,26.4
E02001741,E02001741,1.72,2.26,3.55
E02001741,E02001742,11.91,14.45,23.84
E02001741,E02001743,14.19,17.84,29.6
E02001741,E02001744,10.4,12.42,20.22
E02001741,E02001745,5.61,7.49,11.69
E02001741,E02001746,13.1,16.41,26.79
E02001741,E02001747,14.69,17.67,29.59
E02001741,E02001748,9.57,10.74,17.94
E02001741,E02001749,7.33,9.05,14.81
E02001741,E02001750,13.88,16.01,26.53
E02001741,E02001751,6.34,8.17,13.18
E02001741,E02001752,12.7,14.46,23.99
E02001741,E02001753,16.03,18.26,30.61
E02001741,E02001754,14.79,17.19,28.72
E02001741,E02001755,7.6,10.01,16.07
E02001741,E02001756,6.58,8.26,13.45
E02001741,E02001757,13.32,14.81,24.89
E02001741,E02001758,12.94,15.1,24.86
E02001741,E02001759,14.79,16.44,27.64
E02001741,E02001760,13.88,15.82,26.67
E02001741,E02001761,10.75,14.15,22.83
E02001741,E02001762,9.43,11.51,19.2
E02001741,E02001763,13.36,15.8,25.83
E02001741,E02001764,15.49,17.03,28.68
E02001741,E02001765,13.3,15.19,25.71
E02001741,E02001766,11.48,14.26,23.48
E02001741,E02001767,10.82,13.06,21.78
E02001741,E02001768,20.88,22.2,37.99
E02001741,E02001769,19.52,20.52,35.3
E02001741,E02001770,20.15,21.99,37.17
E02001741,E02001771,21.7,24.02,40.41
E02001741,E02001772,19.61,21.52,36.34
E02001741,E02001773,20.47,23.24,38.71
E02001741,E02001774,16.23,17.13,29.35
E02001741,E02001775,21.77,24.17,41.19
E02001741,E02001776,17.37,18.22,31.29
E02001741,E02001777,17.46,18.89,32.1
E02001741,E02001778,19.08,20.36,34.75
E02001741,E02001779,18.08,19.36,33.03
E02001741,E02001780,21.14,22.99,39.28
E02001741,E02001781,17.69,18.84,32.14
E02001741,E02001782,17.28,19.07,32.03
E02001741,E02001783,19.31,20.46,34.95
E02001741,E02001784,17.7,18.56,31.84
E02001741,E02001785,24.86,28.48,48.16
E02001741,E02001786,20.55,21.95,37.38
E02001741,E02001787,18.81,20.15,34.28
E02001741,E02001788,19.1,20.65,34.99
E02001741,E02001789,23.19,25.0,42.7
E02001741,E02001790,21.53,22.88,39.15
E02001741,E02001791,25.45,27.55,47.03
E02001741,E02001792,26.26,28.47,48.39
E02001741,E02001793,22.49,25.66,42.58
E02001741,E02001794,24.01,28.72,46.78
E02001741,E02001795,25.81,28.32,48.35
E02001741,E02001796,27.18,29.86,50.9
E02001741,E02001797,18.73,20.7,34.75
E02001741,E02001798,22.21,25.13,41.79
E02001741,E02001799,19.62,21.71,36.43
E02001741,E02001800,19.48,20.57,35.75
E02001741,E02001801,27.25,30.73,52.68
E02001741,E02001802,26.14,28.99,49.68
E02001741,E02001803,27.51,30.14,51.85
E02001741,E02001804,27.02,29.34,49.61
E02001741,E02001805,27.05,29.19,50.27
E02001741,E02001806,28.86,31.68,53.79
E02001741,E02001807,21.35,23.05,39.06
E02001741,E02001808,27.96,30.2,51.96
E02001741,E02001809,21.07,23.61,40.3
E02001741,E02001810,19.62,23.18,39.02
E02001741,E02001811,25.92,26.74,46.18
E02001741,E02001812,29.04,32.08,54.69
E02001741,E02001813,27.69,29.85,50.64
E02001741,E02001814,30.16,33.38,56.95
E02001741,E02001815,22.17,24.47,42.19
E02001741,E02001816,28.8,31.5,53.67
E02001741,E02001817,30.44,34.52,58.0
E02001741,E02001818,32.12,35.77,60.24
E02001741,E02001819,28.54,30.93,52.92
E02001741,E02001820,24.47,25.99,45.38
E02001741,E02001821,30.9,32.67,55.98
E02001741,E02001822,25.72,27.35,47.69
E02001741,E02001823,28.28,29.69,51.51
E02001741,E02001824,29.1,31.29,54.47
E02001741,E02001825,30.78,32.46,56.85
E02001741,E02001826,32.44,33.95,59.04
E02001741,E02006841,11.64,13.45,22.19
E02001741,E02006842,11.94,13.61,22.72
E02001741,E02006893,9.7,11.25,18.56
E02001742,E02001682,23.98,26.93,46.26
E02001742,E02001683,26.44,29.83,51.01
E02001742,E02001684,15.46,17.23,29.41
E02001742,E02001685,22.35,25.85,44.01
E02001742,E02001686,22.17,25.3,43.28
E02001742,E02001688,16.89,19.79,33.68
E02001742,E02001689,16.43,18.02,31.28
E02001742,E02001690,21.22,23.83,40.94
E02001742,E02001691,16.93,19.26,32.99
E02001742,E02001692,17.4,19.97,34.09
E02001742,E02001693,16.59,19.14,32.2
E02001742,E02001694,18.71,21.24,36.25
E02001742,E02001695,14.92,16.39,28.13
E02001742,E02001696,15.96,18.19,30.72
E02001742,E02001697,18.26,20.91,35.91
E02001742,E02001698,22.23,25.91,43.77
E02001742,E02001699,17.13,20.34,33.79
E02001742,E02001700,20.77,22.32,38.95
E02001742,E02001701,18.96,21.27,36.59
E02001742,E02001702,18.71,21.55,36.14
E02001742,E02001703,26.25,28.72,49.78
E02001742,E02001704,19.6,22.99,38.26
E02001742,E02001705,31.47,38.8,64.75
E02001742,E02001706,21.26,21.88,39.33
E02001742,E02001707,21.77,22.86,40.15
E02001742,E02001708,15.16,18.8,30.63
E02001742,E02001709,12.6,15.37,25.43
E02001742,E02001710,13.99,18.27,29.48
E02001742,E02001711,16.86,20.62,34.24
E02001742,E02001712,10.83,12.87,21.66
E02001742,E02001713,12.31,14.39,24.29
E02001742,E02001714,10.2,12.62,20.94
E02001742,E02001715,14.33,17.01,28.43
E02001742,E02001718,15.87,18.65,31.28
E02001742,E02001719,10.34,12.55,21.24
E02001742,E02001720,12.09,14.81,24.68
E02001742,E02001721,21.9,25.16,42.46
E02001742,E02001722,18.49,22.4,36.94
E02001742,E02001723,15.24,17.37,29.49
E02001742,E02001724,12.27,14.31,24.45
E02001742,E02001725,11.38,13.34,22.85
E02001742,E02001726,16.2,18.79,31.68
E02001742,E02001727,10.19,12.98,21.72
E02001742,E02001728,19.31,23.07,38.51
E02001742,E02001729,15.37,18.06,30.28
E02001742,E02001730,13.17,15.26,26.08
E02001742,E02001731,14.68,16.73,28.73
E02001742,E02001732,17.82,20.5,34.67
E02001742,E02001733,12.4,14.97,25.55
E02001742,E02001734,17.24,19.96,33.93
E02001742,E02001735,11.87,15.14,25.22
E02001742,E02001736,16.28,18.75,32.23
E02001742,E02001737,12.11,15.1,25.36
E02001742,E02001738,2.59,3.71,5.88
E02001742,E02001739,9.52,11.12,18.83
E02001742,E02001740,1.96,3.9,5.4
E02001742,E02001741,11.92,14.45,23.84
E02001742,E02001742,0.59,1.18,1.63
E02001742,E02001743,2.27,4.48,6.18
E02001742,E02001744,2.97,3.71,5.93
E02001742,E02001745,8.58,11.93,19.02
E02001742,E02001746,1.18,2.36,3.25
E02001742,E02001747,2.77,4.36,6.8
E02001742,E02001748,3.95,5.42,8.39
E02001742,E02001749,6.9,8.74,14.37
E02001742,E02001750,2.72,3.79,5.91
E02001742,E02001751,7.97,11.14,17.82
E02001742,E02001752,4.05,5.49,8.78
E02001742,E02001753,4.71,6.04,9.94
E02001742,E02001754,3.97,4.98,8.04
E02001742,E02001755,8.16,11.43,18.29
E02001742,E02001756,9.62,12.08,19.97
E02001742,E02001757,4.44,5.15,8.57
E02001742,E02001758,6.22,9.42,15.26
E02001742,E02001759,4.62,5.43,8.98
E02001742,E02001760,5.38,6.78,11.13
E02001742,E02001761,7.41,10.17,16.87
E02001742,E02001762,7.99,10.24,16.9
E02001742,E02001763,6.98,10.02,16.22
E02001742,E02001764,6.0,6.92,11.55
E02001742,E02001765,7.24,9.35,15.73
E02001742,E02001766,8.37,11.34,18.67
E02001742,E02001767,8.73,11.67,19.48
E02001742,E02001768,14.27,16.28,27.66
E02001742,E02001769,12.9,14.6,24.96
E02001742,E02001770,13.54,16.07,26.83
E02001742,E02001771,15.08,18.11,30.08
E02001742,E02001772,13.0,15.6,26.01
E02001742,E02001773,13.86,17.32,28.37
E02001742,E02001774,9.62,11.21,19.02
E02001742,E02001775,15.15,18.25,30.85
E02001742,E02001776,10.76,12.3,20.96
E02001742,E02001777,12.11,13.82,23.51
E02001742,E02001778,12.47,14.45,24.42
E02001742,E02001779,11.47,13.44,22.7
E02001742,E02001780,14.53,17.07,28.94
E02001742,E02001781,11.08,12.92,21.81
E02001742,E02001782,12.3,15.18,25.12
E02001742,E02001783,12.69,14.54,24.62
E02001742,E02001784,11.09,12.64,21.51
E02001742,E02001785,18.25,22.56,37.83
E02001742,E02001786,13.94,16.03,27.04
E02001742,E02001787,12.19,14.23,23.95
E02001742,E02001788,12.49,14.73,24.66
E02001742,E02001789,16.58,19.14,32.74
E02001742,E02001790,14.92,17.03,29.19
E02001742,E02001791,18.84,21.63,36.72
E02001742,E02001792,19.65,22.62,38.43
E02001742,E02001793,15.87,19.81,32.62
E02001742,E02001794,17.4,22.86,36.82
E02001742,E02001795,19.53,22.47,38.39
E02001742,E02001796,20.57,24.0,40.94
E02001742,E02001797,17.43,19.34,32.97
E02001742,E02001798,16.11,19.5,32.14
E02001742,E02001799,18.33,20.35,34.66
E02001742,E02001800,19.11,19.39,34.28
E02001742,E02001801,21.02,25.14,43.11
E02001742,E02001802,19.92,23.41,40.12
E02001742,E02001803,21.28,24.33,41.93
E02001742,E02001804,20.97,23.76,40.05
E02001742,E02001805,20.82,23.61,40.71
E02001742,E02001806,22.64,25.83,43.83
E02001742,E02001807,19.42,21.69,37.28
E02001742,E02001808,21.73,24.62,42.4
E02001742,E02001809,20.65,22.43,38.83
E02001742,E02001810,20.86,22.0,38.27
E02001742,E02001811,19.88,21.15,36.62
E02001742,E02001812,22.81,26.49,45.13
E02001742,E02001813,21.64,24.27,41.08
E02001742,E02001814,23.93,27.55,47.0
E02001742,E02001815,22.49,23.3,40.72
E02001742,E02001816,22.75,25.91,44.1
E02001742,E02001817,24.39,28.93,48.44
E02001742,E02001818,25.9,30.18,50.68
E02001742,E02001819,22.59,25.34,43.36
E02001742,E02001820,22.88,24.6,42.32
E02001742,E02001821,24.95,27.09,46.41
E02001742,E02001822,23.54,25.73,43.94
E02001742,E02001823,26.69,28.52,50.12
E02001742,E02001824,25.69,27.78,47.6
E02001742,E02001825,27.45,29.05,50.19
E02001742,E02001826,29.11,30.82,53.25
E02001742,E02006841,16.31,18.49,31.67
E02001742,E02006842,16.61,18.64,32.2
E02001742,E02006893,17.99,21.54,36.22
E02001743,E02001682,25.79,27.6,47.27
E02001743,E02001683,28.25,30.5,52.02
E02001743,E02001684,16.33,17.9,30.42
E02001743,E02001685,24.16,26.53,45.02
E02001743,E02001686,23.98,25.97,44.28
E02001743,E02001688,18.39,20.46,34.69
E02001743,E02001689,17.94,18.69,32.29
E02001743,E02001690,22.73,24.5,41.94
E02001743,E02001691,18.43,19.93,34.0
E02001743,E02001692,18.82,20.64,35.1
E02001743,E02001693,17.46,19.81,33.21
E02001743,E02001694,20.21,21.92,37.25
E02001743,E02001695,15.78,17.06,29.14
E02001743,E02001696,16.83,18.86,31.73
E02001743,E02001697,19.77,21.59,36.91
E02001743,E02001698,23.74,26.58,44.78
E02001743,E02001699,18.0,21.02,34.79
E02001743,E02001700,22.27,22.99,39.96
E02001743,E02001701,20.46,21.95,37.6
E02001743,E02001702,19.58,22.22,37.15
E02001743,E02001703,28.06,29.39,50.79
E02001743,E02001704,20.47,23.66,39.27
E02001743,E02001705,33.28,39.48,65.75
E02001743,E02001706,22.12,22.55,40.34
E02001743,E02001707,22.64,23.54,41.16
E02001743,E02001708,17.44,22.19,36.39
E02001743,E02001709,14.88,18.23,30.45
E02001743,E02001710,16.27,20.42,33.07
E02001743,E02001711,19.14,22.77,37.83
E02001743,E02001712,13.1,15.02,25.25
E02001743,E02001713,14.59,16.54,27.88
E02001743,E02001714,12.47,14.6,24.53
E02001743,E02001715,16.6,19.15,32.02
E02001743,E02001718,18.14,20.74,34.87
E02001743,E02001719,11.85,13.22,22.25
E02001743,E02001720,14.36,16.91,27.96
E02001743,E02001721,24.17,26.93,45.79
E02001743,E02001722,20.76,24.38,40.53
E02001743,E02001723,17.51,18.8,32.44
E02001743,E02001724,13.78,14.99,25.46
E02001743,E02001725,12.89,14.01,23.86
E02001743,E02001726,18.47,20.23,34.63
E02001743,E02001727,11.69,13.65,22.72
E02001743,E02001728,21.59,24.7,41.59
E02001743,E02001729,17.34,19.22,32.47
E02001743,E02001730,14.68,15.94,27.08
E02001743,E02001731,16.19,17.4,29.74
E02001743,E02001732,20.1,21.93,37.62
E02001743,E02001733,13.91,15.64,26.56
E02001743,E02001734,19.18,20.63,35.27
E02001743,E02001735,13.37,15.82,26.23
E02001743,E02001736,18.08,19.42,33.24
E02001743,E02001737,13.61,15.78,26.36
E02001743,E02001738,2.65,3.98,6.28
E02001743,E02001739,11.79,14.51,24.59
E02001743,E02001740,1.59,2.68,4.02
E02001743,E02001741,14.19,17.84,29.6
E02001743,E02001742,2.27,4.48,6.18
E02001743,E02001743,0.73,1.04,1.64
E02001743,E02001744,5.24,7.1,11.7
E02001743,E02001745,10.85,15.32,24.79
E02001743,E02001746,1.88,2.74,4.14
E02001743,E02001747,1.46,2.08,3.28
E02001743,E02001748,6.23,7.56,12.41
E02001743,E02001749,9.18,12.13,20.13
E02001743,E02001750,3.27,4.46,6.92
E02001743,E02001751,10.25,13.28,21.42
E02001743,E02001752,4.63,6.16,9.78
E02001743,E02001753,3.16,4.33,6.98
E02001743,E02001754,3.93,5.64,9.05
E02001743,E02001755,10.43,13.58,21.9
E02001743,E02001756,11.89,14.23,23.56
E02001743,E02001757,4.95,5.83,9.57
E02001743,E02001758,7.72,10.1,16.27
E02001743,E02001759,4.82,6.09,9.98
E02001743,E02001760,5.88,7.45,12.14
E02001743,E02001761,8.91,10.85,17.87
E02001743,E02001762,10.26,12.1,20.43
E02001743,E02001763,8.48,10.7,17.23
E02001743,E02001764,6.11,7.58,12.56
E02001743,E02001765,8.45,10.03,16.74
E02001743,E02001766,9.87,12.02,19.68
E02001743,E02001767,10.23,12.34,20.55
E02001743,E02001768,15.14,16.95,28.67
E02001743,E02001769,13.77,15.28,25.97
E02001743,E02001770,14.41,16.75,27.84
E02001743,E02001771,15.95,18.78,31.08
E02001743,E02001772,13.87,16.27,27.02
E02001743,E02001773,14.73,17.99,29.38
E02001743,E02001774,10.49,11.88,20.03
E02001743,E02001775,16.02,18.92,31.86
E02001743,E02001776,11.62,12.97,21.97
E02001743,E02001777,12.98,14.5,24.52
E02001743,E02001778,13.34,15.12,25.42
E02001743,E02001779,12.34,14.11,23.71
E02001743,E02001780,15.4,17.75,29.95
E02001743,E02001781,11.94,13.6,22.82
E02001743,E02001782,13.17,15.86,26.12
E02001743,E02001783,13.56,15.21,25.62
E02001743,E02001784,11.95,13.31,22.52
E02001743,E02001785,19.11,23.23,38.83
E02001743,E02001786,14.8,16.71,28.05
E02001743,E02001787,13.06,14.9,24.95
E02001743,E02001788,13.35,15.41,25.66
E02001743,E02001789,17.45,19.82,33.75
E02001743,E02001790,15.78,17.7,30.2
E02001743,E02001791,19.71,22.31,37.73
E02001743,E02001792,20.52,23.29,39.43
E02001743,E02001793,16.74,20.48,33.63
E02001743,E02001794,18.27,23.53,37.83
E02001743,E02001795,20.4,23.14,39.4
E02001743,E02001796,21.43,24.68,41.95
E02001743,E02001797,18.3,20.01,33.98
E02001743,E02001798,16.98,20.17,33.14
E02001743,E02001799,19.19,21.02,35.66
E02001743,E02001800,19.98,20.07,35.29
E02001743,E02001801,21.89,25.82,44.12
E02001743,E02001802,20.78,24.08,41.12
E02001743,E02001803,22.15,25.01,42.94
E02001743,E02001804,21.84,24.43,41.05
E02001743,E02001805,21.69,24.28,41.72
E02001743,E02001806,23.5,26.5,44.84
E02001743,E02001807,20.29,22.36,38.29
E02001743,E02001808,22.6,25.29,43.41
E02001743,E02001809,21.52,23.11,39.84
E02001743,E02001810,21.72,22.68,39.27
E02001743,E02001811,20.75,21.83,37.63
E02001743,E02001812,23.68,27.17,46.14
E02001743,E02001813,22.51,24.94,42.08
E02001743,E02001814,24.8,28.22,48.0
E02001743,E02001815,23.35,23.97,41.73
E02001743,E02001816,23.62,26.59,45.11
E02001743,E02001817,25.26,29.61,49.44
E02001743,E02001818,26.76,30.86,51.68
E02001743,E02001819,23.46,26.02,44.37
E02001743,E02001820,23.74,25.28,43.33
E02001743,E02001821,25.82,27.76,47.42
E02001743,E02001822,24.41,26.4,44.95
E02001743,E02001823,27.56,29.19,51.13
E02001743,E02001824,26.56,28.45,48.61
E02001743,E02001825,28.32,29.72,51.2
E02001743,E02001826,29.98,31.5,54.26
E02001743,E02006841,17.82,19.16,32.67
E02001743,E02006842,18.12,19.32,33.2
E02001743,E02006893,20.26,23.52,39.81
E02001744,E02001682,21.69,25.23,42.3
E02001744,E02001683,24.15,28.13,47.05
E02001744,E02001684,14.86,17.03,28.6
E02001744,E02001685,20.06,24.16,40.05
E02001744,E02001686,19.88,23.6,39.32
E02001744,E02001688,14.71,18.09,29.72
E02001744,E02001689,14.2,16.32,27.33
E02001744,E02001690,19.02,22.13,36.98
E02001744,E02001691,14.7,17.56,29.03
E02001744,E02001692,15.17,18.27,30.13
E02001744,E02001693,15.99,18.94,31.39
E02001744,E02001694,16.5,19.55,32.29
E02001744,E02001695,14.32,16.19,27.32
E02001744,E02001696,15.36,17.99,29.91
E02001744,E02001697,16.03,19.22,31.95
E02001744,E02001698,20.03,24.21,39.81
E02001744,E02001699,16.53,20.14,32.98
E02001744,E02001700,18.53,20.62,35.0
E02001744,E02001701,16.72,19.58,32.63
E02001744,E02001702,17.65,21.1,34.82
E02001744,E02001703,23.96,27.02,45.73
E02001744,E02001704,17.71,21.35,35.36
E02001744,E02001705,29.18,37.11,60.69
E02001744,E02001706,20.1,21.68,38.52
E02001744,E02001707,21.18,22.66,39.34
E02001744,E02001708,13.45,16.77,27.01
E02001744,E02001709,10.53,13.34,21.81
E02001744,E02001710,11.7,16.25,25.41
E02001744,E02001711,14.57,18.6,30.17
E02001744,E02001712,8.54,10.85,17.59
E02001744,E02001713,10.02,12.36,20.23
E02001744,E02001714,7.91,10.6,16.87
E02001744,E02001715,12.04,14.98,24.36
E02001744,E02001718,13.58,16.62,27.22
E02001744,E02001719,8.24,10.99,17.52
E02001744,E02001720,9.8,12.79,20.61
E02001744,E02001721,19.61,23.14,38.39
E02001744,E02001722,16.2,20.37,32.87
E02001744,E02001723,12.95,15.35,25.42
E02001744,E02001724,10.04,12.62,20.49
E02001744,E02001725,9.28,11.75,19.05
E02001744,E02001726,13.91,16.77,27.62
E02001744,E02001727,8.63,11.53,18.61
E02001744,E02001728,17.03,21.05,34.44
E02001744,E02001729,13.08,16.03,26.21
E02001744,E02001730,10.94,13.57,22.12
E02001744,E02001731,12.45,15.03,24.78
E02001744,E02001732,15.54,18.48,30.6
E02001744,E02001733,10.69,13.38,21.75
E02001744,E02001734,14.95,18.26,29.86
E02001744,E02001735,10.29,13.7,22.12
E02001744,E02001736,13.99,17.05,28.27
E02001744,E02001737,10.7,13.66,22.25
E02001744,E02001738,4.14,5.09,8.2
E02001744,E02001739,8.0,9.91,15.91
E02001744,E02001740,4.27,5.27,8.49
E02001744,E02001741,10.4,12.42,20.22
E02001744,E02001742,2.97,3.71,5.93
E02001744,E02001743,5.24,7.1,11.7
E02001744,E02001744,0.83,1.54,2.16
E02001744,E02001745,7.07,9.9,15.4
E02001744,E02001746,4.15,5.67,8.88
E02001744,E02001747,5.74,6.93,11.68
E02001744,E02001748,1.66,3.07,4.32
E02001744,E02001749,5.39,6.71,10.75
E02001744,E02001750,5.22,6.36,10.27
E02001744,E02001751,5.68,9.11,13.75
E02001744,E02001752,4.09,6.22,9.29
E02001744,E02001753,7.43,8.61,14.3
E02001744,E02001754,6.18,7.54,12.4
E02001744,E02001755,5.87,9.4,14.23
E02001744,E02001756,7.33,10.06,15.9
E02001744,E02001757,4.71,6.66,10.19
E02001744,E02001758,5.41,8.97,13.72
E02001744,E02001759,6.18,7.99,12.94
E02001744,E02001760,5.27,8.29,12.88
E02001744,E02001761,6.6,9.73,15.32
E02001744,E02001762,5.7,8.21,12.83
E02001744,E02001763,6.17,9.68,14.68
E02001744,E02001764,7.01,9.32,14.75
E02001744,E02001765,6.44,9.07,14.57
E02001744,E02001766,7.56,10.96,17.12
E02001744,E02001767,7.09,9.76,15.41
E02001744,E02001768,13.67,16.08,26.85
E02001744,E02001769,12.31,14.4,24.15
E02001744,E02001770,12.94,15.87,26.02
E02001744,E02001771,14.48,17.9,29.27
E02001744,E02001772,12.4,15.4,25.2
E02001744,E02001773,13.26,17.12,27.56
E02001744,E02001774,9.02,11.01,18.21
E02001744,E02001775,14.55,18.05,30.04
E02001744,E02001776,10.16,12.1,20.15
E02001744,E02001777,11.51,13.62,22.7
E02001744,E02001778,11.87,14.24,23.61
E02001744,E02001779,10.87,13.24,21.89
E02001744,E02001780,13.93,16.87,28.13
E02001744,E02001781,10.48,12.72,21.0
E02001744,E02001782,11.7,14.98,24.31
E02001744,E02001783,12.1,14.34,23.81
E02001744,E02001784,10.49,12.44,20.7
E02001744,E02001785,17.65,22.36,37.02
E02001744,E02001786,13.34,15.83,26.23
E02001744,E02001787,11.6,14.03,23.13
E02001744,E02001788,11.89,14.53,23.84
E02001744,E02001789,15.98,18.94,31.93
E02001744,E02001790,14.32,16.83,28.38
E02001744,E02001791,18.24,21.43,35.91
E02001744,E02001792,19.05,22.41,37.62
E02001744,E02001793,15.27,19.61,31.81
E02001744,E02001794,16.8,22.66,36.01
E02001744,E02001795,18.93,22.27,37.58
E02001744,E02001796,19.97,23.8,40.13
E02001744,E02001797,16.84,19.14,32.16
E02001744,E02001798,15.51,19.3,31.33
E02001744,E02001799,17.73,20.15,33.85
E02001744,E02001800,18.51,19.19,33.47
E02001744,E02001801,20.42,24.94,42.3
E02001744,E02001802,19.32,23.21,39.31
E02001744,E02001803,20.68,24.13,41.12
E02001744,E02001804,20.38,23.56,39.24
E02001744,E02001805,20.22,23.41,39.9
E02001744,E02001806,22.04,25.62,43.02
E02001744,E02001807,18.82,21.49,36.47
E02001744,E02001808,21.14,24.42,41.59
E02001744,E02001809,20.06,22.23,38.02
E02001744,E02001810,20.26,21.8,37.45
E02001744,E02001811,19.28,20.95,35.81
E02001744,E02001812,22.22,26.29,44.32
E02001744,E02001813,21.04,24.07,40.27
E02001744,E02001814,23.33,27.35,46.19
E02001744,E02001815,21.89,23.1,39.91
E02001744,E02001816,22.15,25.71,43.29
E02001744,E02001817,23.79,28.73,47.63
E02001744,E02001818,25.3,29.98,49.87
E02001744,E02001819,21.99,25.14,42.55
E02001744,E02001820,22.28,24.4,41.51
E02001744,E02001821,24.35,26.89,45.6
E02001744,E02001822,22.94,25.53,43.13
E02001744,E02001823,26.1,28.31,49.31
E02001744,E02001824,25.09,27.58,46.79
E02001744,E02001825,26.85,28.85,49.38
E02001744,E02001826,28.52,30.62,52.44
E02001744,E02006841,14.08,16.79,27.71
E02001744,E02006842,14.38,16.94,28.24
E02001744,E02006893,15.7,19.52,32.15
E02001745,E02001682,19.0,21.45,35.7
E02001745,E02001683,21.46,24.36,40.45
E02001745,E02001684,14.61,15.98,26.98
E02001745,E02001685,17.37,20.38,33.45
E02001745,E02001686,17.19,19.82,32.72
E02001745,E02001688,12.8,15.43,25.32
E02001745,E02001689,12.29,13.67,22.92
E02001745,E02001690,16.78,18.89,31.48
E02001745,E02001691,12.78,14.91,24.63
E02001745,E02001692,13.25,15.62,25.72
E02001745,E02001693,14.36,16.78,27.72
E02001745,E02001694,14.59,16.89,27.88
E02001745,E02001695,15.93,17.06,29.05
E02001745,E02001696,15.9,17.81,29.78
E02001745,E02001697,14.12,16.56,27.54
E02001745,E02001698,18.12,21.56,35.4
E02001745,E02001699,15.7,18.9,31.02
E02001745,E02001700,16.62,17.96,30.59
E02001745,E02001701,14.81,16.92,28.22
E02001745,E02001702,15.73,18.45,30.41
E02001745,E02001703,20.82,22.7,38.32
E02001745,E02001704,15.8,18.69,30.96
E02001745,E02001705,26.49,32.78,53.28
E02001745,E02001706,18.19,20.38,34.22
E02001745,E02001707,20.37,23.68,39.29
E02001745,E02001708,8.86,11.83,18.48
E02001745,E02001709,6.3,8.4,13.28
E02001745,E02001710,8.05,11.36,17.81
E02001745,E02001711,11.29,13.98,22.56
E02001745,E02001712,5.97,7.82,12.32
E02001745,E02001713,7.46,9.33,14.95
E02001745,E02001714,6.0,7.94,12.47
E02001745,E02001715,9.48,11.95,19.09
E02001745,E02001718,10.64,12.92,21.03
E02001745,E02001719,6.61,8.4,13.39
E02001745,E02001720,7.24,9.76,15.34
E02001745,E02001721,16.31,18.75,30.98
E02001745,E02001722,12.63,15.98,25.46
E02001745,E02001723,10.38,12.32,20.15
E02001745,E02001724,8.13,9.96,16.09
E02001745,E02001725,7.37,9.09,14.64
E02001745,E02001726,11.34,13.74,22.34
E02001745,E02001727,8.67,11.61,19.04
E02001745,E02001728,13.8,16.66,27.02
E02001745,E02001729,10.51,13.0,20.94
E02001745,E02001730,9.03,10.91,17.71
E02001745,E02001731,10.36,12.38,20.34
E02001745,E02001732,12.97,15.03,25.03
E02001745,E02001733,8.8,10.72,17.35
E02001745,E02001734,12.38,15.24,24.59
E02001745,E02001735,9.48,12.03,19.36
E02001745,E02001736,11.43,14.4,23.68
E02001745,E02001737,9.91,13.34,21.66
E02001745,E02001738,9.76,13.31,21.29
E02001745,E02001739,4.37,6.3,9.84
E02001745,E02001740,9.89,13.5,21.58
E02001745,E02001741,5.61,7.49,11.69
E02001745,E02001742,8.58,11.93,19.02
E02001745,E02001743,10.85,15.32,24.79
E02001745,E02001744,7.07,9.91,15.4
E02001745,E02001745,1.33,2.48,3.48
E02001745,E02001746,9.76,13.9,21.97
E02001745,E02001747,11.36,15.15,24.77
E02001745,E02001748,6.23,8.23,13.12
E02001745,E02001749,3.65,5.83,8.58
E02001745,E02001750,10.55,13.49,21.71
E02001745,E02001751,2.67,4.95,6.95
E02001745,E02001752,9.37,11.95,19.17
E02001745,E02001753,12.7,15.74,25.8
E02001745,E02001754,11.45,14.68,23.9
E02001745,E02001755,3.93,6.79,9.84
E02001745,E02001756,4.48,6.47,9.86
E02001745,E02001757,9.98,12.29,20.07
E02001745,E02001758,9.69,12.58,20.05
E02001745,E02001759,11.46,13.92,22.82
E02001745,E02001760,10.54,13.3,21.85
E02001745,E02001761,7.55,12.37,18.65
E02001745,E02001762,6.24,9.73,15.02
E02001745,E02001763,10.04,13.28,21.01
E02001745,E02001764,12.16,14.51,23.87
E02001745,E02001765,10.11,12.67,20.89
E02001745,E02001766,8.28,12.47,19.31
E02001745,E02001767,7.62,11.27,17.6
E02001745,E02001768,17.55,19.68,33.18
E02001745,E02001769,16.19,18.0,30.48
E02001745,E02001770,16.82,19.48,32.35
E02001745,E02001771,18.36,21.51,35.59
E02001745,E02001772,16.28,19.0,31.53
E02001745,E02001773,17.14,20.72,33.89
E02001745,E02001774,12.9,14.61,24.54
E02001745,E02001775,18.43,21.65,36.37
E02001745,E02001776,14.04,15.7,26.48
E02001745,E02001777,15.39,17.23,29.03
E02001745,E02001778,15.75,17.85,29.93
E02001745,E02001779,14.75,16.84,28.22
E02001745,E02001780,17.81,20.48,34.46
E02001745,E02001781,14.36,16.33,27.33
E02001745,E02001782,15.58,18.58,30.63
E02001745,E02001783,15.97,17.94,30.13
E02001745,E02001784,14.37,16.04,27.03
E02001745,E02001785,21.53,25.96,43.34
E02001745,E02001786,17.22,19.43,32.56
E02001745,E02001787,15.48,17.63,29.46
E02001745,E02001788,15.77,18.13,30.17
E02001745,E02001789,19.86,22.54,38.26
E02001745,E02001790,18.2,20.43,34.71
E02001745,E02001791,22.12,25.04,42.24
E02001745,E02001792,22.93,26.02,43.94
E02001745,E02001793,19.15,23.21,38.14
E02001745,E02001794,20.68,26.26,42.34
E02001745,E02001795,22.81,25.87,43.91
E02001745,E02001796,23.85,27.41,46.46
E02001745,E02001797,19.26,21.38,35.87
E02001745,E02001798,19.39,22.9,37.65
E02001745,E02001799,20.15,22.39,37.55
E02001745,E02001800,20.01,21.25,36.86
E02001745,E02001801,24.3,28.55,48.63
E02001745,E02001802,23.2,26.81,45.63
E02001745,E02001803,24.56,27.73,47.45
E02001745,E02001804,24.26,27.16,45.56
E02001745,E02001805,24.1,27.01,46.23
E02001745,E02001806,25.92,29.23,49.35
E02001745,E02001807,21.88,23.73,40.18
E02001745,E02001808,25.02,28.02,47.92
E02001745,E02001809,21.6,24.29,41.42
E02001745,E02001810,20.15,23.86,40.13
E02001745,E02001811,23.16,24.55,42.14
E02001745,E02001812,26.1,29.9,50.65
E02001745,E02001813,24.92,27.67,46.59
E02001745,E02001814,27.21,30.95,52.51
E02001745,E02001815,22.7,25.15,43.3
E02001745,E02001816,26.03,29.32,49.62
E02001745,E02001817,27.67,32.34,53.95
E02001745,E02001818,29.18,33.58,56.19
E02001745,E02001819,25.87,28.74,48.88
E02001745,E02001820,24.99,26.68,46.5
E02001745,E02001821,28.23,30.49,51.93
E02001745,E02001822,26.25,28.04,48.8
E02001745,E02001823,28.81,30.37,52.63
E02001745,E02001824,28.97,31.18,53.12
E02001745,E02001825,30.73,32.45,55.71
E02001745,E02001826,32.4,34.22,58.77
E02001745,E02006841,12.17,14.14,23.3
E02001745,E02006842,12.47,14.29,23.83
E02001745,E02006893,12.76,15.13,24.74
E02001746,E02001682,24.67,26.4,45.24
E02001746,E02001683,27.13,29.31,49.99
E02001746,E02001684,15.26,16.7,28.4
E02001746,E02001685,23.04,25.33,42.99
E02001746,E02001686,22.86,24.77,42.26
E02001746,E02001688,17.28,19.26,32.66
E02001746,E02001689,16.82,17.49,30.27
E02001746,E02001690,21.61,23.31,39.92
E02001746,E02001691,17.32,18.73,31.97
E02001746,E02001692,17.76,19.45,33.07
E02001746,E02001693,16.4,18.62,31.18
E02001746,E02001694,19.1,20.72,35.23
E02001746,E02001695,14.72,15.87,27.12
E02001746,E02001696,15.77,17.67,29.7
E02001746,E02001697,18.65,20.39,34.89
E02001746,E02001698,22.62,25.39,42.75
E02001746,E02001699,16.94,19.82,32.77
E02001746,E02001700,21.15,21.79,37.94
E02001746,E02001701,19.34,20.75,35.57
E02001746,E02001702,18.52,21.02,35.12
E02001746,E02001703,26.94,28.2,48.77
E02001746,E02001704,19.4,22.46,37.24
E02001746,E02001705,32.16,38.28,63.73
E02001746,E02001706,21.06,21.35,38.31
E02001746,E02001707,21.58,22.34,39.13
E02001746,E02001708,16.35,20.76,33.58
E02001746,E02001709,13.79,17.04,28.38
E02001746,E02001710,15.18,19.22,31.04
E02001746,E02001711,18.05,21.57,35.8
E02001746,E02001712,12.01,13.82,23.22
E02001746,E02001713,13.5,15.34,25.86
E02001746,E02001714,11.38,13.4,22.51
E02001746,E02001715,15.51,17.96,29.99
E02001746,E02001718,17.05,19.54,32.85
E02001746,E02001719,10.73,12.03,20.22
E02001746,E02001720,13.27,15.71,25.93
E02001746,E02001721,23.08,25.73,43.77
E02001746,E02001722,19.67,23.18,38.5
E02001746,E02001723,16.42,17.61,30.41
E02001746,E02001724,12.66,13.79,23.43
E02001746,E02001725,11.77,12.82,21.83
E02001746,E02001726,17.38,19.03,32.61
E02001746,E02001727,10.58,12.45,20.7
E02001746,E02001728,20.5,23.51,39.56
E02001746,E02001729,16.22,18.02,30.45
E02001746,E02001730,13.56,14.74,25.06
E02001746,E02001731,15.07,16.21,27.72
E02001746,E02001732,19.01,20.74,35.59
E02001746,E02001733,12.79,14.45,24.54
E02001746,E02001734,18.06,19.43,33.24
E02001746,E02001735,12.26,14.62,24.2
E02001746,E02001736,16.96,18.23,31.21
E02001746,E02001737,12.49,14.58,24.34
E02001746,E02001738,2.29,4.55,6.27
E02001746,E02001739,10.7,13.08,21.78
E02001746,E02001740,1.66,3.33,4.58
E02001746,E02001741,13.1,16.41,26.79
E02001746,E02001742,1.18,2.36,3.25
E02001746,E02001743,1.88,2.74,4.14
E02001746,E02001744,4.15,5.67,8.88
E02001746,E02001745,9.76,13.9,21.97
E02001746,E02001746,0.59,1.18,1.63
E02001746,E02001747,1.94,2.57,4.13
E02001746,E02001748,5.14,6.36,10.39
E02001746,E02001749,8.09,10.7,17.32
E02001746,E02001750,2.15,3.27,4.89
E02001746,E02001751,9.16,12.09,19.4
E02001746,E02001752,3.52,4.97,7.76
E02001746,E02001753,3.88,4.82,7.83
E02001746,E02001754,3.41,4.45,7.02
E02001746,E02001755,9.34,12.38,19.87
E02001746,E02001756,10.8,13.03,21.53
E02001746,E02001757,3.88,4.63,7.55
E02001746,E02001758,6.6,8.9,14.24
E02001746,E02001759,4.06,4.9,7.96
E02001746,E02001760,4.81,6.26,10.11
E02001746,E02001761,7.8,9.65,15.85
E02001746,E02001762,9.17,10.9,18.4
E02001746,E02001763,7.36,9.5,15.2
E02001746,E02001764,5.44,6.4,10.53
E02001746,E02001765,7.38,8.83,14.71
E02001746,E02001766,8.76,10.82,17.66
E02001746,E02001767,9.11,11.15,18.52
E02001746,E02001768,14.07,15.76,26.64
E02001746,E02001769,12.71,14.08,23.94
E02001746,E02001770,13.34,15.55,25.81
E02001746,E02001771,14.88,17.58,29.06
E02001746,E02001772,12.8,15.08,24.99
E02001746,E02001773,13.66,16.8,27.35
E02001746,E02001774,9.42,10.69,18.0
E02001746,E02001775,14.96,17.72,29.83
E02001746,E02001776,10.56,11.78,19.94
E02001746,E02001777,11.92,13.3,22.49
E02001746,E02001778,12.27,13.92,23.4
E02001746,E02001779,11.27,12.91,21.68
E02001746,E02001780,14.33,16.55,27.92
E02001746,E02001781,10.88,12.4,20.79
E02001746,E02001782,12.1,14.66,24.1
E02001746,E02001783,12.5,14.02,23.6
E02001746,E02001784,10.89,12.12,20.49
E02001746,E02001785,18.05,22.04,36.81
E02001746,E02001786,13.74,15.51,26.03
E02001746,E02001787,12.0,13.7,22.93
E02001746,E02001788,12.29,14.21,23.64
E02001746,E02001789,16.38,18.62,31.72
E02001746,E02001790,14.72,16.51,28.18
E02001746,E02001791,18.64,21.11,35.71
E02001746,E02001792,19.45,22.09,37.41
E02001746,E02001793,15.68,19.29,31.6
E02001746,E02001794,17.2,22.34,35.8
E02001746,E02001795,19.34,21.95,37.37
E02001746,E02001796,20.37,23.48,39.92
E02001746,E02001797,17.24,18.82,31.95
E02001746,E02001798,15.91,18.98,31.12
E02001746,E02001799,18.13,19.83,33.64
E02001746,E02001800,18.91,18.87,33.26
E02001746,E02001801,20.83,24.62,42.1
E02001746,E02001802,19.72,22.89,39.1
E02001746,E02001803,21.08,23.81,40.91
E02001746,E02001804,20.78,23.24,39.03
E02001746,E02001805,20.63,23.09,39.69
E02001746,E02001806,22.44,25.3,42.82
E02001746,E02001807,19.22,21.16,36.27
E02001746,E02001808,21.54,24.09,41.38
E02001746,E02001809,20.46,21.91,37.82
E02001746,E02001810,20.66,21.48,37.25
E02001746,E02001811,19.68,20.63,35.6
E02001746,E02001812,22.62,25.97,44.11
E02001746,E02001813,21.44,23.74,40.06
E02001746,E02001814,23.73,27.03,45.98
E02001746,E02001815,22.29,22.78,39.7
E02001746,E02001816,22.55,25.39,43.09
E02001746,E02001817,24.19,28.41,47.42
E02001746,E02001818,25.7,29.66,49.66
E02001746,E02001819,22.39,24.82,42.34
E02001746,E02001820,22.68,24.08,41.3
E02001746,E02001821,24.76,26.57,45.4
E02001746,E02001822,23.34,25.2,42.92
E02001746,E02001823,26.5,27.99,49.1
E02001746,E02001824,25.49,27.25,46.58
E02001746,E02001825,27.25,28.52,49.17
E02001746,E02001826,28.92,30.3,52.23
E02001746,E02006841,16.7,17.96,30.65
E02001746,E02006842,17.0,18.12,31.18
E02001746,E02006893,19.17,22.32,37.78
E02001747,E02001682,24.46,25.67,44.41
E02001747,E02001683,26.92,28.58,49.16
E02001747,E02001684,14.87,15.91,27.35
E02001747,E02001685,22.83,24.6,42.16
E02001747,E02001686,22.65,24.04,41.43
E02001747,E02001688,17.06,18.53,31.83
E02001747,E02001689,16.61,16.76,29.44
E02001747,E02001690,21.4,22.58,39.09
E02001747,E02001691,17.11,18.0,31.14
E02001747,E02001692,17.37,18.72,32.24
E02001747,E02001693,16.0,17.82,30.13
E02001747,E02001694,18.88,19.99,34.4
E02001747,E02001695,14.32,15.07,26.06
E02001747,E02001696,15.37,16.87,28.65
E02001747,E02001697,18.41,19.66,34.06
E02001747,E02001698,22.41,24.66,41.92
E02001747,E02001699,16.54,19.03,31.72
E02001747,E02001700,20.94,21.06,37.1
E02001747,E02001701,19.13,20.02,34.74
E02001747,E02001702,18.12,20.23,34.07
E02001747,E02001703,26.73,27.47,47.93
E02001747,E02001704,19.01,21.67,36.19
E02001747,E02001705,31.95,37.55,62.9
E02001747,E02001706,20.66,20.56,37.26
E02001747,E02001707,21.18,21.55,38.08
E02001747,E02001708,17.94,22.02,36.38
E02001747,E02001709,15.28,18.06,30.44
E02001747,E02001710,16.45,20.25,33.05
E02001747,E02001711,19.32,21.83,37.15
E02001747,E02001712,13.28,14.85,25.24
E02001747,E02001713,14.77,16.36,27.87
E02001747,E02001714,11.8,12.67,21.79
E02001747,E02001715,16.79,18.98,32.0
E02001747,E02001718,17.94,18.81,32.49
E02001747,E02001719,10.52,11.3,19.39
E02001747,E02001720,13.22,14.98,25.1
E02001747,E02001721,23.33,25.01,42.93
E02001747,E02001722,20.24,22.45,37.84
E02001747,E02001723,16.67,16.88,29.58
E02001747,E02001724,12.45,13.06,22.6
E02001747,E02001725,11.56,12.09,21.0
E02001747,E02001726,17.62,18.3,31.77
E02001747,E02001727,10.36,11.72,19.87
E02001747,E02001728,20.74,22.78,38.73
E02001747,E02001729,16.01,17.29,29.61
E02001747,E02001730,13.35,14.01,24.23
E02001747,E02001731,14.86,15.48,26.88
E02001747,E02001732,19.25,20.01,34.76
E02001747,E02001733,12.58,13.72,23.7
E02001747,E02001734,17.85,18.7,32.41
E02001747,E02001735,12.05,13.89,23.37
E02001747,E02001736,16.75,17.5,30.38
E02001747,E02001737,12.28,13.85,23.51
E02001747,E02001738,3.3,4.41,7.3
E02001747,E02001739,12.29,14.34,24.58
E02001747,E02001740,2.25,3.12,5.05
E02001747,E02001741,14.69,17.67,29.59
E02001747,E02001742,2.77,4.36,6.8
E02001747,E02001743,1.46,2.08,3.28
E02001747,E02001744,5.74,6.93,11.68
E02001747,E02001745,11.36,15.15,24.77
E02001747,E02001746,1.94,2.57,4.13
E02001747,E02001747,0.73,1.04,1.64
E02001747,E02001748,6.31,7.39,12.4
E02001747,E02001749,9.68,11.96,20.12
E02001747,E02001750,2.45,3.76,6.17
E02001747,E02001751,10.43,13.11,21.41
E02001747,E02001752,4.24,5.19,8.63
E02001747,E02001753,1.93,2.25,3.7
E02001747,E02001754,2.63,3.56,5.89
E02001747,E02001755,10.61,13.4,21.88
E02001747,E02001756,12.07,14.06,23.54
E02001747,E02001757,3.49,3.9,6.72
E02001747,E02001758,6.72,8.17,13.41
E02001747,E02001759,3.52,4.01,6.91
E02001747,E02001760,4.42,5.46,9.06
E02001747,E02001761,7.86,8.92,15.02
E02001747,E02001762,8.99,10.17,17.57
E02001747,E02001763,7.06,8.77,14.37
E02001747,E02001764,4.81,5.51,9.48
E02001747,E02001765,6.99,8.1,13.66
E02001747,E02001766,8.54,10.09,16.82
E02001747,E02001767,8.9,10.42,17.69
E02001747,E02001768,13.68,14.96,25.59
E02001747,E02001769,12.31,13.29,22.89
E02001747,E02001770,12.95,14.76,24.76
E02001747,E02001771,14.49,16.79,28.01
E02001747,E02001772,12.41,14.28,23.94
E02001747,E02001773,13.27,16.0,26.3
E02001747,E02001774,9.03,9.9,16.95
E02001747,E02001775,14.56,16.93,28.78
E02001747,E02001776,10.17,10.98,18.89
E02001747,E02001777,11.52,12.51,21.44
E02001747,E02001778,11.88,13.13,22.35
E02001747,E02001779,10.88,12.12,20.63
E02001747,E02001780,13.94,15.76,26.87
E02001747,E02001781,10.49,11.61,19.74
E02001747,E02001782,11.71,13.87,23.05
E02001747,E02001783,12.1,13.22,22.55
E02001747,E02001784,10.5,11.32,19.44
E02001747,E02001785,17.65,21.25,35.76
E02001747,E02001786,13.35,14.72,24.97
E02001747,E02001787,11.6,12.91,21.88
E02001747,E02001788,11.9,13.42,22.59
E02001747,E02001789,15.99,17.83,30.67
E02001747,E02001790,14.32,15.71,27.12
E02001747,E02001791,18.25,20.32,34.66
E02001747,E02001792,19.06,21.3,36.36
E02001747,E02001793,15.28,18.49,30.55
E02001747,E02001794,16.81,21.54,34.75
E02001747,E02001795,18.94,21.15,36.32
E02001747,E02001796,19.97,22.69,38.87
E02001747,E02001797,16.84,18.02,30.9
E02001747,E02001798,15.52,18.18,30.07
E02001747,E02001799,17.73,19.03,32.59
E02001747,E02001800,18.52,18.08,32.21
E02001747,E02001801,20.43,23.83,41.05
E02001747,E02001802,19.32,22.09,38.05
E02001747,E02001803,20.69,23.02,39.86
E02001747,E02001804,20.38,22.44,37.98
E02001747,E02001805,20.23,22.29,38.64
E02001747,E02001806,22.04,24.51,41.76
E02001747,E02001807,18.83,20.37,35.21
E02001747,E02001808,21.14,23.3,40.33
E02001747,E02001809,20.06,21.12,36.76
E02001747,E02001810,20.27,20.69,36.2
E02001747,E02001811,19.29,19.84,34.55
E02001747,E02001812,22.22,25.18,43.06
E02001747,E02001813,21.05,22.95,39.01
E02001747,E02001814,23.34,26.23,44.93
E02001747,E02001815,21.9,21.98,38.65
E02001747,E02001816,22.16,24.6,42.03
E02001747,E02001817,23.8,27.62,46.37
E02001747,E02001818,25.3,28.87,48.61
E02001747,E02001819,22.0,24.03,41.29
E02001747,E02001820,22.29,23.29,40.25
E02001747,E02001821,24.36,25.77,44.34
E02001747,E02001822,22.95,24.41,41.87
E02001747,E02001823,26.1,27.2,48.05
E02001747,E02001824,25.1,26.46,45.53
E02001747,E02001825,26.86,27.73,48.12
E02001747,E02001826,28.52,29.51,51.18
E02001747,E02006841,16.49,17.24,29.82
E02001747,E02006842,16.79,17.39,30.35
E02001747,E02006893,20.42,21.6,37.12
E02001748,E02001682,20.43,22.24,38.19
E02001748,E02001683,22.89,25.14,42.93
E02001748,E02001684,13.63,14.02,24.46
E02001748,E02001685,18.8,21.17,35.93
E02001748,E02001686,18.62,20.61,35.2
E02001748,E02001688,13.46,15.1,25.61
E02001748,E02001689,12.95,13.33,23.21
E02001748,E02001690,17.77,19.15,32.86
E02001748,E02001691,13.44,14.57,24.91
E02001748,E02001692,13.91,15.29,26.01
E02001748,E02001693,14.77,15.93,27.24
E02001748,E02001694,15.25,16.56,28.17
E02001748,E02001695,13.09,13.18,23.17
E02001748,E02001696,14.14,14.98,25.76
E02001748,E02001697,14.78,16.23,27.83
E02001748,E02001698,18.78,21.22,35.69
E02001748,E02001699,15.31,17.13,28.83
E02001748,E02001700,17.28,17.63,30.88
E02001748,E02001701,15.47,16.59,28.51
E02001748,E02001702,16.39,18.11,30.7
E02001748,E02001703,22.7,24.03,41.61
E02001748,E02001704,16.46,18.36,31.25
E02001748,E02001705,27.92,34.12,56.57
E02001748,E02001706,18.85,18.67,34.37
E02001748,E02001707,19.95,19.65,35.19
E02001748,E02001708,12.19,15.09,24.73
E02001748,E02001709,9.28,11.07,18.68
E02001748,E02001710,10.45,13.26,21.29
E02001748,E02001711,13.32,15.61,26.05
E02001748,E02001712,7.28,7.86,13.47
E02001748,E02001713,8.77,9.38,16.11
E02001748,E02001714,6.66,7.61,12.76
E02001748,E02001715,10.79,11.99,20.24
E02001748,E02001718,12.33,13.64,23.1
E02001748,E02001719,6.98,8.0,13.4
E02001748,E02001720,8.55,9.8,16.5
E02001748,E02001721,18.35,20.15,34.27
E02001748,E02001722,14.95,17.39,28.75
E02001748,E02001723,11.69,12.36,21.31
E02001748,E02001724,8.79,9.63,16.37
E02001748,E02001725,8.02,8.76,14.93
E02001748,E02001726,12.65,13.78,23.5
E02001748,E02001727,7.37,8.54,14.49
E02001748,E02001728,15.77,18.06,30.32
E02001748,E02001729,11.82,13.05,22.09
E02001748,E02001730,9.69,10.58,18.0
E02001748,E02001731,11.19,12.04,20.66
E02001748,E02001732,14.28,15.49,26.48
E02001748,E02001733,9.44,10.39,17.64
E02001748,E02001734,13.69,15.27,25.74
E02001748,E02001735,9.04,10.71,18.0
E02001748,E02001736,12.74,14.06,24.15
E02001748,E02001737,9.44,10.67,18.13
E02001748,E02001738,5.13,6.81,10.65
E02001748,E02001739,7.17,8.36,13.95
E02001748,E02001740,5.26,6.99,10.95
E02001748,E02001741,9.57,10.74,17.94
E02001748,E02001742,3.95,5.42,8.39
E02001748,E02001743,6.23,7.56,12.41
E02001748,E02001744,1.66,3.07,4.32
E02001748,E02001745,6.23,8.23,13.12
E02001748,E02001746,5.14,6.36,10.39
E02001748,E02001747,6.31,7.39,12.4
E02001748,E02001748,0.83,1.54,2.16
E02001748,E02001749,4.21,5.37,8.72
E02001748,E02001750,4.6,5.66,9.22
E02001748,E02001751,4.43,6.12,9.65
E02001748,E02001752,3.42,4.12,6.69
E02001748,E02001753,6.76,7.92,13.31
E02001748,E02001754,5.51,6.85,11.41
E02001748,E02001755,4.61,6.42,10.12
E02001748,E02001756,6.08,7.07,11.78
E02001748,E02001757,4.04,4.56,7.59
E02001748,E02001758,4.12,5.96,9.57
E02001748,E02001759,5.51,6.18,10.33
E02001748,E02001760,4.6,6.19,10.28
E02001748,E02001761,5.31,6.72,11.18
E02001748,E02001762,4.45,5.23,8.72
E02001748,E02001763,4.88,6.67,10.53
E02001748,E02001764,6.34,7.22,12.15
E02001748,E02001765,5.15,6.06,10.42
E02001748,E02001766,6.27,7.97,12.98
E02001748,E02001767,5.83,6.77,11.3
E02001748,E02001768,12.44,13.07,22.7
E02001748,E02001769,11.08,11.39,20.0
E02001748,E02001770,11.71,12.86,21.87
E02001748,E02001771,13.25,14.89,25.12
E02001748,E02001772,11.17,12.39,21.05
E02001748,E02001773,12.03,14.11,23.41
E02001748,E02001774,7.79,8.0,14.06
E02001748,E02001775,13.33,15.04,25.89
E02001748,E02001776,8.93,9.09,16.0
E02001748,E02001777,10.29,10.61,18.55
E02001748,E02001778,10.64,11.23,19.46
E02001748,E02001779,9.64,10.23,17.74
E02001748,E02001780,12.7,13.86,23.98
E02001748,E02001781,9.25,9.71,16.85
E02001748,E02001782,10.47,11.97,20.16
E02001748,E02001783,10.87,11.33,19.66
E02001748,E02001784,9.26,9.43,16.55
E02001748,E02001785,16.42,19.35,32.87
E02001748,E02001786,12.11,12.82,22.08
E02001748,E02001787,10.37,11.02,18.99
E02001748,E02001788,10.66,11.52,19.7
E02001748,E02001789,14.75,15.93,27.78
E02001748,E02001790,13.09,13.82,24.23
E02001748,E02001791,17.01,18.42,31.77
E02001748,E02001792,17.82,19.4,33.47
E02001748,E02001793,14.05,16.6,27.66
E02001748,E02001794,15.57,19.65,31.86
E02001748,E02001795,17.71,19.26,33.43
E02001748,E02001796,18.74,20.79,35.98
E02001748,E02001797,15.61,16.13,28.01
E02001748,E02001798,14.28,16.29,27.18
E02001748,E02001799,16.5,17.14,29.7
E02001748,E02001800,17.28,16.18,29.32
E02001748,E02001801,19.2,21.93,38.16
E02001748,E02001802,18.09,20.2,35.16
E02001748,E02001803,19.45,21.12,36.97
E02001748,E02001804,19.15,20.55,35.09
E02001748,E02001805,19.0,20.4,35.75
E02001748,E02001806,20.81,22.61,38.87
E02001748,E02001807,17.59,18.48,32.32
E02001748,E02001808,19.91,21.41,37.44
E02001748,E02001809,18.83,19.22,33.87
E02001748,E02001810,19.03,18.79,33.31
E02001748,E02001811,18.05,17.94,31.66
E02001748,E02001812,20.99,23.28,40.17
E02001748,E02001813,19.81,21.06,36.12
E02001748,E02001814,22.1,24.34,42.04
E02001748,E02001815,20.66,20.09,35.76
E02001748,E02001816,20.92,22.7,39.14
E02001748,E02001817,22.56,25.72,43.48
E02001748,E02001818,24.07,26.97,45.72
E02001748,E02001819,20.76,22.13,38.4
E02001748,E02001820,21.05,21.39,37.36
E02001748,E02001821,23.13,23.88,41.45
E02001748,E02001822,21.71,22.52,38.98
E02001748,E02001823,24.87,25.3,45.16
E02001748,E02001824,23.86,24.57,42.64
E02001748,E02001825,25.62,25.84,45.23
E02001748,E02001826,27.29,27.61,48.29
E02001748,E02006841,12.83,13.8,23.59
E02001748,E02006842,13.12,13.96,24.12
E02001748,E02006893,14.45,16.53,28.03
E02001749,E02001682,18.78,20.58,35.13
E02001749,E02001683,21.24,23.48,39.88
E02001749,E02001684,13.62,13.99,24.21
E02001749,E02001685,17.15,19.51,32.88
E02001749,E02001686,16.97,18.95,32.14
E02001749,E02001688,11.8,13.44,22.55
E02001749,E02001689,11.29,11.67,20.15
E02001749,E02001690,16.11,17.49,29.8
E02001749,E02001691,11.79,12.91,21.86
E02001749,E02001692,12.26,13.62,22.96
E02001749,E02001693,13.37,14.78,24.95
E02001749,E02001694,13.6,14.9,25.11
E02001749,E02001695,14.93,15.07,26.28
E02001749,E02001696,14.91,15.82,27.01
E02001749,E02001697,13.12,14.57,24.77
E02001749,E02001698,17.12,19.56,32.64
E02001749,E02001699,14.7,16.91,28.26
E02001749,E02001700,15.63,15.97,27.82
E02001749,E02001701,13.82,14.93,25.46
E02001749,E02001702,14.74,16.45,27.64
E02001749,E02001703,21.05,22.37,38.56
E02001749,E02001704,14.8,16.7,28.19
E02001749,E02001705,26.27,32.46,53.52
E02001749,E02001706,17.2,18.38,31.45
E02001749,E02001707,19.38,21.68,36.52
E02001749,E02001708,9.44,13.39,21.6
E02001749,E02001709,6.52,9.18,14.08
E02001749,E02001710,8.11,11.6,18.24
E02001749,E02001711,11.66,13.95,23.0
E02001749,E02001712,5.63,6.2,10.42
E02001749,E02001713,7.12,7.72,13.05
E02001749,E02001714,5.0,5.95,9.7
E02001749,E02001715,9.13,10.33,17.19
E02001749,E02001718,10.67,11.98,20.04
E02001749,E02001719,5.52,6.4,10.62
E02001749,E02001720,6.89,8.14,13.44
E02001749,E02001721,16.7,18.49,31.22
E02001749,E02001722,13.09,15.73,25.7
E02001749,E02001723,10.04,10.7,18.25
E02001749,E02001724,7.13,7.97,13.32
E02001749,E02001725,6.37,7.1,11.87
E02001749,E02001726,11.0,12.12,20.44
E02001749,E02001727,7.11,9.16,15.42
E02001749,E02001728,14.12,16.4,27.26
E02001749,E02001729,10.17,11.39,19.04
E02001749,E02001730,8.03,8.92,14.94
E02001749,E02001731,9.54,10.38,17.6
E02001749,E02001732,12.63,13.83,23.43
E02001749,E02001733,7.8,8.73,14.58
E02001749,E02001734,12.04,13.61,22.69
E02001749,E02001735,7.91,10.03,16.6
E02001749,E02001736,11.08,12.4,21.1
E02001749,E02001737,8.34,11.28,18.89
E02001749,E02001738,8.08,10.12,16.63
E02001749,E02001739,6.14,8.12,13.23
E02001749,E02001740,8.21,10.3,16.93
E02001749,E02001741,7.33,9.05,14.81
E02001749,E02001742,6.9,8.74,14.37
E02001749,E02001743,9.18,12.13,20.13
E02001749,E02001744,5.39,6.71,10.75
E02001749,E02001745,3.66,5.83,8.58
E02001749,E02001746,8.09,10.7,17.32
E02001749,E02001747,9.68,11.96,20.12
E02001749,E02001748,4.21,5.37,8.72
E02001749,E02001749,0.85,1.29,1.93
E02001749,E02001750,8.49,10.63,17.31
E02001749,E02001751,1.69,2.59,3.86
E02001749,E02001752,7.31,9.08,14.77
E02001749,E02001753,10.65,12.88,21.4
E02001749,E02001754,9.4,11.77,19.5
E02001749,E02001755,1.94,2.88,4.34
E02001749,E02001756,3.65,5.41,8.27
E02001749,E02001757,7.93,9.28,15.66
E02001749,E02001758,7.52,9.57,15.4
E02001749,E02001759,9.4,10.91,18.4
E02001749,E02001760,8.44,10.29,17.21
E02001749,E02001761,5.7,8.48,13.27
E02001749,E02001762,4.39,5.84,9.64
E02001749,E02001763,7.86,10.27,16.37
E02001749,E02001764,9.99,11.5,19.23
E02001749,E02001765,8.13,9.66,16.25
E02001749,E02001766,6.43,8.59,13.93
E02001749,E02001767,5.77,7.39,12.22
E02001749,E02001768,15.38,16.67,28.54
E02001749,E02001769,14.01,14.99,25.84
E02001749,E02001770,14.65,16.46,27.71
E02001749,E02001771,16.19,18.5,30.95
E02001749,E02001772,14.11,15.99,26.89
E02001749,E02001773,14.97,17.71,29.25
E02001749,E02001774,10.73,11.6,19.89
E02001749,E02001775,16.26,18.64,31.73
E02001749,E02001776,11.87,12.69,21.83
E02001749,E02001777,13.22,14.22,24.39
E02001749,E02001778,13.58,14.84,25.29
E02001749,E02001779,12.58,13.83,23.57
E02001749,E02001780,15.64,17.47,29.82
E02001749,E02001781,12.18,13.32,22.68
E02001749,E02001782,13.41,15.57,25.99
E02001749,E02001783,13.8,14.93,25.49
E02001749,E02001784,12.2,13.03,22.39
E02001749,E02001785,19.36,22.95,38.7
E02001749,E02001786,15.05,16.42,27.92
E02001749,E02001787,13.3,14.62,24.82
E02001749,E02001788,13.6,15.12,25.53
E02001749,E02001789,17.69,19.53,33.62
E02001749,E02001790,16.02,17.42,30.07
E02001749,E02001791,19.95,22.03,37.6
E02001749,E02001792,20.76,23.01,39.3
E02001749,E02001793,16.98,20.2,33.5
E02001749,E02001794,18.51,23.25,37.7
E02001749,E02001795,20.64,22.86,39.27
E02001749,E02001796,21.67,24.4,41.82
E02001749,E02001797,18.26,19.39,33.1
E02001749,E02001798,17.22,19.89,33.01
E02001749,E02001799,19.15,20.4,34.78
E02001749,E02001800,19.01,19.25,34.1
E02001749,E02001801,22.13,25.53,43.99
E02001749,E02001802,21.02,23.8,40.99
E02001749,E02001803,22.39,24.72,42.8
E02001749,E02001804,22.08,24.15,40.92
E02001749,E02001805,21.93,24.0,41.59
E02001749,E02001806,23.74,26.22,44.71
E02001749,E02001807,20.53,21.74,37.41
E02001749,E02001808,22.84,25.01,43.28
E02001749,E02001809,20.6,22.29,38.65
E02001749,E02001810,19.15,21.86,37.37
E02001749,E02001811,20.99,21.54,37.49
E02001749,E02001812,23.92,26.89,46.01
E02001749,E02001813,22.75,24.66,41.95
E02001749,E02001814,25.04,27.94,47.87
E02001749,E02001815,21.7,23.16,40.54
E02001749,E02001816,23.86,26.31,44.98
E02001749,E02001817,25.5,29.32,49.31
E02001749,E02001818,27.0,30.57,51.55
E02001749,E02001819,23.7,25.73,44.23
E02001749,E02001820,23.99,24.68,43.19
E02001749,E02001821,26.06,27.48,47.29
E02001749,E02001822,24.65,26.04,44.82
E02001749,E02001823,27.8,28.38,49.86
E02001749,E02001824,26.8,28.17,48.48
E02001749,E02001825,28.56,29.44,51.07
E02001749,E02001826,30.22,31.21,54.13
E02001749,E02006841,11.17,12.14,20.53
E02001749,E02006842,11.47,12.3,21.07
E02001749,E02006893,12.79,14.87,24.98
E02001750,E02001682,23.62,24.97,42.88
E02001750,E02001683,26.08,27.88,47.63
E02001750,E02001684,14.03,15.27,26.03
E02001750,E02001685,21.99,23.9,40.63
E02001750,E02001686,21.81,23.34,39.89
E02001750,E02001688,16.22,17.83,30.3
E02001750,E02001689,15.77,16.06,27.9
E02001750,E02001690,20.56,21.88,37.55
E02001750,E02001691,16.26,17.3,29.61
E02001750,E02001692,16.52,18.02,30.71
E02001750,E02001693,15.16,17.19,28.82
E02001750,E02001694,18.04,19.29,32.86
E02001750,E02001695,13.48,14.44,24.75
E02001750,E02001696,14.53,16.24,27.34
E02001750,E02001697,17.57,18.96,32.52
E02001750,E02001698,21.57,23.95,40.39
E02001750,E02001699,15.7,18.39,30.4
E02001750,E02001700,20.1,20.36,35.57
E02001750,E02001701,18.29,19.32,33.21
E02001750,E02001702,17.28,19.59,32.76
E02001750,E02001703,25.89,26.77,46.4
E02001750,E02001704,18.17,21.03,34.88
E02001750,E02001705,31.11,36.85,61.36
E02001750,E02001706,19.82,19.92,35.95
E02001750,E02001707,20.34,20.91,36.77
E02001750,E02001708,16.48,20.35,33.31
E02001750,E02001709,13.56,16.34,27.26
E02001750,E02001710,14.74,18.52,29.88
E02001750,E02001711,17.61,20.87,34.64
E02001750,E02001712,11.57,13.12,22.06
E02001750,E02001713,13.06,14.64,24.69
E02001750,E02001714,10.94,11.97,20.26
E02001750,E02001715,15.07,17.26,28.83
E02001750,E02001718,16.61,18.11,30.95
E02001750,E02001719,9.68,10.6,17.86
E02001750,E02001720,12.38,14.28,23.56
E02001750,E02001721,22.49,24.3,41.4
E02001750,E02001722,19.23,21.75,36.3
E02001750,E02001723,15.83,16.18,28.05
E02001750,E02001724,11.61,12.36,21.07
E02001750,E02001725,10.72,11.38,19.46
E02001750,E02001726,16.78,17.6,30.24
E02001750,E02001727,9.52,11.02,18.33
E02001750,E02001728,19.9,22.08,37.2
E02001750,E02001729,15.17,16.59,28.08
E02001750,E02001730,12.51,13.31,22.69
E02001750,E02001731,14.02,14.77,25.35
E02001750,E02001732,18.41,19.31,33.22
E02001750,E02001733,11.74,13.02,22.17
E02001750,E02001734,17.01,18.0,30.88
E02001750,E02001735,11.21,13.19,21.84
E02001750,E02001736,15.91,16.8,28.85
E02001750,E02001737,11.44,13.15,21.97
E02001750,E02001738,4.42,6.36,10.22
E02001750,E02001739,11.67,13.62,22.54
E02001750,E02001740,3.8,5.5,8.68
E02001750,E02001741,13.88,16.01,26.53
E02001750,E02001742,2.72,3.79,5.91
E02001750,E02001743,3.27,4.46,6.92
E02001750,E02001744,5.22,6.36,10.27
E02001750,E02001745,10.55,13.49,21.71
E02001750,E02001746,2.15,3.27,4.89
E02001750,E02001747,2.46,3.76,6.17
E02001750,E02001748,4.6,5.66,9.22
E02001750,E02001749,8.49,10.63,17.31
E02001750,E02001750,1.08,1.51,2.33
E02001750,E02001751,8.72,11.39,18.23
E02001750,E02001752,2.34,4.26,6.4
E02001750,E02001753,3.28,4.09,6.55
E02001750,E02001754,2.18,3.02,4.66
E02001750,E02001755,8.9,11.68,18.71
E02001750,E02001756,10.36,12.33,20.37
E02001750,E02001757,2.65,3.2,5.18
E02001750,E02001758,5.87,7.47,11.88
E02001750,E02001759,2.82,3.47,5.59
E02001750,E02001760,3.58,4.83,7.75
E02001750,E02001761,7.02,8.22,13.48
E02001750,E02001762,8.15,9.47,16.04
E02001750,E02001763,6.22,8.07,12.84
E02001750,E02001764,4.2,4.97,8.17
E02001750,E02001765,6.15,7.4,12.35
E02001750,E02001766,7.7,9.39,15.29
E02001750,E02001767,8.06,9.72,16.16
E02001750,E02001768,12.84,14.32,24.28
E02001750,E02001769,11.47,12.65,21.58
E02001750,E02001770,12.11,14.12,23.45
E02001750,E02001771,13.65,16.15,26.69
E02001750,E02001772,11.57,13.65,22.63
E02001750,E02001773,12.43,15.36,24.99
E02001750,E02001774,8.19,9.26,15.64
E02001750,E02001775,13.72,16.29,27.47
E02001750,E02001776,9.32,10.34,17.58
E02001750,E02001777,10.68,11.87,20.13
E02001750,E02001778,11.04,12.49,21.03
E02001750,E02001779,10.04,11.48,19.31
E02001750,E02001780,13.1,15.12,25.56
E02001750,E02001781,9.64,10.97,18.43
E02001750,E02001782,10.87,13.23,21.73
E02001750,E02001783,11.26,12.58,21.23
E02001750,E02001784,9.65,10.68,18.13
E02001750,E02001785,16.81,20.61,34.44
E02001750,E02001786,12.5,14.08,23.66
E02001750,E02001787,10.76,12.27,20.56
E02001750,E02001788,11.05,12.78,21.27
E02001750,E02001789,15.15,17.19,29.36
E02001750,E02001790,13.48,15.07,25.81
E02001750,E02001791,17.41,19.68,33.34
E02001750,E02001792,18.22,20.66,35.04
E02001750,E02001793,14.44,17.85,29.24
E02001750,E02001794,15.97,20.91,33.44
E02001750,E02001795,18.1,20.52,35.01
E02001750,E02001796,19.13,22.05,37.56
E02001750,E02001797,16.0,17.39,29.59
E02001750,E02001798,14.68,17.55,28.75
E02001750,E02001799,16.89,18.39,31.27
E02001750,E02001800,17.68,17.44,30.9
E02001750,E02001801,19.59,23.19,39.73
E02001750,E02001802,18.48,21.45,36.73
E02001750,E02001803,19.85,22.38,38.55
E02001750,E02001804,19.54,21.81,36.66
E02001750,E02001805,19.39,21.66,37.33
E02001750,E02001806,21.2,23.87,40.45
E02001750,E02001807,17.99,19.73,33.9
E02001750,E02001808,20.3,22.66,39.02
E02001750,E02001809,19.22,20.48,35.45
E02001750,E02001810,19.42,20.05,34.88
E02001750,E02001811,18.45,19.2,33.24
E02001750,E02001812,21.38,24.54,41.75
E02001750,E02001813,20.21,22.31,37.69
E02001750,E02001814,22.5,25.6,43.61
E02001750,E02001815,21.05,21.35,37.34
E02001750,E02001816,21.32,23.96,40.72
E02001750,E02001817,22.96,26.98,45.05
E02001750,E02001818,24.46,28.23,47.29
E02001750,E02001819,21.16,23.39,39.98
E02001750,E02001820,21.44,22.65,38.94
E02001750,E02001821,23.52,25.14,43.03
E02001750,E02001822,22.11,23.77,40.56
E02001750,E02001823,25.26,26.56,46.73
E02001750,E02001824,24.26,25.82,44.22
E02001750,E02001825,26.02,27.09,46.81
E02001750,E02001826,27.68,28.87,49.87
E02001750,E02006841,15.65,16.53,28.28
E02001750,E02006842,15.95,16.69,28.81
E02001750,E02006893,18.73,20.89,35.58
E02001751,E02001682,17.78,19.75,33.56
E02001751,E02001683,20.24,22.66,38.3
E02001751,E02001684,12.62,13.16,22.64
E02001751,E02001685,16.15,18.68,31.3
E02001751,E02001686,15.97,18.12,30.57
E02001751,E02001688,10.81,12.61,20.98
E02001751,E02001689,10.29,10.85,18.58
E02001751,E02001690,15.12,16.66,28.23
E02001751,E02001691,10.79,12.09,20.28
E02001751,E02001692,11.26,12.8,21.38
E02001751,E02001693,12.37,13.96,23.38
E02001751,E02001694,12.6,14.07,23.54
E02001751,E02001695,13.93,14.24,24.71
E02001751,E02001696,13.91,14.99,25.44
E02001751,E02001697,12.13,13.74,23.2
E02001751,E02001698,16.12,18.74,31.06
E02001751,E02001699,13.7,16.09,26.68
E02001751,E02001700,14.63,15.15,26.25
E02001751,E02001701,12.82,14.1,23.88
E02001751,E02001702,13.74,15.63,26.07
E02001751,E02001703,20.05,21.55,36.98
E02001751,E02001704,13.8,15.88,26.62
E02001751,E02001705,25.27,31.63,51.94
E02001751,E02001706,16.2,17.56,29.88
E02001751,E02001707,18.38,20.86,34.95
E02001751,E02001708,8.45,12.52,19.97
E02001751,E02001709,5.54,8.3,12.45
E02001751,E02001710,7.12,10.77,16.66
E02001751,E02001711,10.67,13.12,21.42
E02001751,E02001712,4.63,5.37,8.85
E02001751,E02001713,6.12,6.89,11.48
E02001751,E02001714,4.01,5.12,8.13
E02001751,E02001715,8.14,9.51,15.61
E02001751,E02001718,9.67,11.15,18.47
E02001751,E02001719,4.52,5.58,9.04
E02001751,E02001720,5.89,7.32,11.87
E02001751,E02001721,15.7,17.66,29.64
E02001751,E02001722,12.1,14.9,24.12
E02001751,E02001723,9.04,9.87,16.68
E02001751,E02001724,6.14,7.14,11.74
E02001751,E02001725,5.37,6.27,10.3
E02001751,E02001726,10.0,11.3,18.87
E02001751,E02001727,6.11,8.54,14.11
E02001751,E02001728,13.12,15.57,25.69
E02001751,E02001729,9.17,10.56,17.46
E02001751,E02001730,7.03,8.09,13.37
E02001751,E02001731,8.54,9.56,16.03
E02001751,E02001732,11.63,13.0,21.85
E02001751,E02001733,6.8,7.9,13.01
E02001751,E02001734,11.04,12.79,21.11
E02001751,E02001735,6.92,9.21,15.02
E02001751,E02001736,10.08,11.58,19.52
E02001751,E02001737,7.35,10.52,17.32
E02001751,E02001738,9.15,12.52,20.08
E02001751,E02001739,5.15,7.25,11.6
E02001751,E02001740,9.28,12.7,20.38
E02001751,E02001741,6.34,8.17,13.18
E02001751,E02001742,7.97,11.14,17.82
E02001751,E02001743,10.25,13.28,21.42
E02001751,E02001744,5.68,9.11,13.75
E02001751,E02001745,2.67,4.95,6.95
E02001751,E02001746,9.16,12.09,19.4
E02001751,E02001747,10.43,13.11,21.41
E02001751,E02001748,4.43,6.12,9.65
E02001751,E02001749,1.69,2.59,3.86
E02001751,E02001750,8.72,11.39,18.23
E02001751,E02001751,0.68,1.28,1.79
E02001751,E02001752,7.54,9.84,15.7
E02001751,E02001753,10.87,13.64,22.32
E02001751,E02001754,9.62,12.53,20.42
E02001751,E02001755,1.36,2.56,3.58
E02001751,E02001756,2.65,4.58,6.7
E02001751,E02001757,8.15,10.04,16.58
E02001751,E02001758,7.18,10.31,16.33
E02001751,E02001759,9.63,11.67,19.33
E02001751,E02001760,8.66,11.05,18.14
E02001751,E02001761,4.98,7.87,11.96
E02001751,E02001762,3.67,5.23,8.33
E02001751,E02001763,7.6,10.87,17.29
E02001751,E02001764,10.21,12.26,20.15
E02001751,E02001765,7.54,9.21,15.21
E02001751,E02001766,5.72,7.98,12.62
E02001751,E02001767,5.05,6.77,10.91
E02001751,E02001768,15.6,17.43,29.46
E02001751,E02001769,14.24,15.75,26.76
E02001751,E02001770,14.87,17.22,28.63
E02001751,E02001771,16.41,19.25,31.88
E02001751,E02001772,14.33,16.75,27.81
E02001751,E02001773,15.19,18.47,30.17
E02001751,E02001774,10.95,12.36,20.82
E02001751,E02001775,16.48,19.4,32.65
E02001751,E02001776,12.09,13.45,22.76
E02001751,E02001777,13.44,14.97,25.31
E02001751,E02001778,13.8,15.59,26.22
E02001751,E02001779,12.8,14.59,24.5
E02001751,E02001780,15.86,18.22,30.74
E02001751,E02001781,12.41,14.07,23.61
E02001751,E02001782,13.63,16.33,26.92
E02001751,E02001783,14.02,15.69,26.41
E02001751,E02001784,12.42,13.79,23.31
E02001751,E02001785,19.58,23.71,39.62
E02001751,E02001786,15.27,17.18,28.84
E02001751,E02001787,13.53,15.38,25.74
E02001751,E02001788,13.82,15.88,26.45
E02001751,E02001789,17.91,20.29,34.54
E02001751,E02001790,16.25,18.18,30.99
E02001751,E02001791,20.17,22.78,38.52
E02001751,E02001792,20.98,23.76,40.23
E02001751,E02001793,17.2,20.96,34.42
E02001751,E02001794,18.73,24.01,38.62
E02001751,E02001795,20.86,23.62,40.19
E02001751,E02001796,21.9,25.15,42.74
E02001751,E02001797,17.26,18.56,31.52
E02001751,E02001798,17.44,20.65,33.94
E02001751,E02001799,18.16,19.57,33.21
E02001751,E02001800,18.01,18.43,32.52
E02001751,E02001801,22.36,26.29,44.91
E02001751,E02001802,21.25,24.56,41.92
E02001751,E02001803,22.61,25.48,43.73
E02001751,E02001804,22.31,24.91,41.85
E02001751,E02001805,22.15,24.76,42.51
E02001751,E02001806,23.97,26.97,45.63
E02001751,E02001807,19.88,20.91,35.84
E02001751,E02001808,23.07,25.77,44.2
E02001751,E02001809,19.61,21.47,37.07
E02001751,E02001810,18.16,21.04,35.79
E02001751,E02001811,21.21,22.3,38.42
E02001751,E02001812,24.15,27.64,46.93
E02001751,E02001813,22.97,25.42,42.88
E02001751,E02001814,25.26,28.7,48.79
E02001751,E02001815,20.71,22.34,38.96
E02001751,E02001816,24.08,27.06,45.9
E02001751,E02001817,25.72,30.08,50.23
E02001751,E02001818,27.23,31.33,52.47
E02001751,E02001819,23.92,26.49,45.16
E02001751,E02001820,23.0,23.86,42.16
E02001751,E02001821,26.28,28.24,48.21
E02001751,E02001822,24.26,25.22,44.46
E02001751,E02001823,26.82,27.55,48.29
E02001751,E02001824,27.02,28.93,49.4
E02001751,E02001825,28.78,30.2,51.99
E02001751,E02001826,30.45,31.81,55.05
E02001751,E02006841,10.18,11.32,18.96
E02001751,E02006842,10.47,11.47,19.49
E02001751,E02006893,11.79,14.04,23.4
E02001752,E02001682,22.28,23.61,40.52
E02001752,E02001683,24.74,26.52,45.27
E02001752,E02001684,13.01,13.93,23.82
E02001752,E02001685,20.66,22.54,38.27
E02001752,E02001686,20.47,21.98,37.53
E02001752,E02001688,14.89,16.47,27.94
E02001752,E02001689,14.43,14.71,25.54
E02001752,E02001690,19.22,20.52,35.19
E02001752,E02001691,14.93,15.95,27.25
E02001752,E02001692,15.4,16.66,28.35
E02001752,E02001693,14.14,15.84,26.61
E02001752,E02001694,16.71,17.93,30.51
E02001752,E02001695,12.46,13.09,22.54
E02001752,E02001696,13.51,14.89,25.13
E02001752,E02001697,16.27,17.6,30.16
E02001752,E02001698,20.23,22.6,38.03
E02001752,E02001699,14.68,17.05,28.19
E02001752,E02001700,18.77,19.01,33.21
E02001752,E02001701,16.96,17.96,30.85
E02001752,E02001702,16.26,18.25,30.55
E02001752,E02001703,24.55,25.41,44.04
E02001752,E02001704,17.15,19.69,32.67
E02001752,E02001705,29.77,35.49,59.0
E02001752,E02001706,18.81,18.58,33.74
E02001752,E02001707,19.32,19.57,34.56
E02001752,E02001708,15.3,18.81,30.77
E02001752,E02001709,12.38,14.79,24.72
E02001752,E02001710,13.56,16.98,27.34
E02001752,E02001711,16.43,19.33,32.1
E02001752,E02001712,10.39,11.58,19.52
E02001752,E02001713,11.88,13.1,22.16
E02001752,E02001714,9.62,10.61,17.9
E02001752,E02001715,13.89,15.71,26.29
E02001752,E02001718,15.43,16.75,28.6
E02001752,E02001719,8.35,9.24,15.5
E02001752,E02001720,11.05,12.92,21.21
E02001752,E02001721,21.15,22.95,39.04
E02001752,E02001722,18.05,20.39,33.94
E02001752,E02001723,14.49,14.82,25.69
E02001752,E02001724,10.28,11.0,18.71
E02001752,E02001725,9.38,10.03,17.11
E02001752,E02001726,15.44,16.24,27.88
E02001752,E02001727,8.19,9.66,15.98
E02001752,E02001728,18.57,20.72,34.84
E02001752,E02001729,13.83,15.23,25.72
E02001752,E02001730,11.17,11.95,20.34
E02001752,E02001731,12.68,13.42,22.99
E02001752,E02001732,17.07,17.95,30.87
E02001752,E02001733,10.4,11.66,19.81
E02001752,E02001734,15.67,16.65,28.52
E02001752,E02001735,9.87,11.83,19.48
E02001752,E02001736,14.58,15.44,26.49
E02001752,E02001737,10.11,11.79,19.62
E02001752,E02001738,5.79,8.06,13.09
E02001752,E02001739,10.49,12.08,20.0
E02001752,E02001740,5.16,7.2,11.55
E02001752,E02001741,12.7,14.46,23.99
E02001752,E02001742,4.05,5.49,8.78
E02001752,E02001743,4.63,6.16,9.78
E02001752,E02001744,4.09,6.22,9.29
E02001752,E02001745,9.37,11.95,19.17
E02001752,E02001746,3.52,4.97,7.76
E02001752,E02001747,4.24,5.19,8.63
E02001752,E02001748,3.42,4.12,6.69
E02001752,E02001749,7.31,9.08,14.77
E02001752,E02001750,2.35,4.26,6.4
E02001752,E02001751,7.54,9.84,15.7
E02001752,E02001752,0.66,0.93,1.42
E02001752,E02001753,4.04,5.52,9.01
E02001752,E02001754,2.79,4.31,6.82
E02001752,E02001755,7.72,10.14,16.17
E02001752,E02001756,9.18,10.79,17.83
E02001752,E02001757,1.32,1.85,2.85
E02001752,E02001758,4.46,6.11,9.52
E02001752,E02001759,2.8,3.48,5.6
E02001752,E02001760,2.44,3.48,5.54
E02001752,E02001761,5.65,6.86,11.13
E02001752,E02001762,6.81,8.11,13.68
E02001752,E02001763,4.89,6.71,10.48
E02001752,E02001764,3.83,4.52,7.41
E02001752,E02001765,5.13,6.04,10.07
E02001752,E02001766,6.37,8.03,12.93
E02001752,E02001767,6.73,8.36,13.8
E02001752,E02001768,11.82,12.98,22.07
E02001752,E02001769,10.45,11.31,19.37
E02001752,E02001770,11.09,12.78,21.24
E02001752,E02001771,12.63,14.81,24.48
E02001752,E02001772,10.55,12.3,20.42
E02001752,E02001773,11.41,14.02,22.78
E02001752,E02001774,7.17,7.91,13.43
E02001752,E02001775,12.7,14.95,25.26
E02001752,E02001776,8.31,9.0,15.37
E02001752,E02001777,9.66,10.53,17.92
E02001752,E02001778,10.02,11.15,18.82
E02001752,E02001779,9.02,10.14,17.11
E02001752,E02001780,12.08,13.78,23.35
E02001752,E02001781,8.62,9.63,16.22
E02001752,E02001782,9.85,11.89,19.53
E02001752,E02001783,10.24,11.24,19.02
E02001752,E02001784,8.64,9.34,15.92
E02001752,E02001785,15.8,19.26,32.23
E02001752,E02001786,11.49,12.74,21.45
E02001752,E02001787,9.74,10.93,18.35
E02001752,E02001788,10.04,11.44,19.06
E02001752,E02001789,14.13,15.85,27.15
E02001752,E02001790,12.46,13.73,23.6
E02001752,E02001791,16.39,18.34,31.13
E02001752,E02001792,17.2,19.32,32.83
E02001752,E02001793,13.42,16.51,27.03
E02001752,E02001794,14.95,19.56,31.23
E02001752,E02001795,17.08,19.17,32.8
E02001752,E02001796,18.11,20.71,35.35
E02001752,E02001797,14.98,16.04,27.38
E02001752,E02001798,13.66,16.2,26.55
E02001752,E02001799,15.87,17.05,29.06
E02001752,E02001800,16.66,16.1,28.69
E02001752,E02001801,18.57,21.85,37.52
E02001752,E02001802,17.46,20.11,34.52
E02001752,E02001803,18.83,21.03,36.34
E02001752,E02001804,18.52,20.46,34.46
E02001752,E02001805,18.37,20.31,35.12
E02001752,E02001806,20.18,22.53,38.24
E02001752,E02001807,16.97,18.39,31.69
E02001752,E02001808,19.28,21.32,36.81
E02001752,E02001809,18.2,19.14,33.24
E02001752,E02001810,18.4,18.71,32.67
E02001752,E02001811,17.43,17.86,31.03
E02001752,E02001812,20.36,23.2,39.54
E02001752,E02001813,19.19,20.97,35.49
E02001752,E02001814,21.48,24.25,41.4
E02001752,E02001815,20.03,20.0,35.13
E02001752,E02001816,20.3,22.62,38.51
E02001752,E02001817,21.94,25.64,42.84
E02001752,E02001818,23.44,26.89,45.08
E02001752,E02001819,20.14,22.05,37.77
E02001752,E02001820,20.43,21.31,36.73
E02001752,E02001821,22.5,23.79,40.82
E02001752,E02001822,21.09,22.43,38.35
E02001752,E02001823,24.24,25.22,44.53
E02001752,E02001824,23.24,24.48,42.01
E02001752,E02001825,25.0,25.75,44.6
E02001752,E02001826,26.66,27.53,47.66
E02001752,E02006841,14.32,15.18,25.93
E02001752,E02006842,14.61,15.33,26.46
E02001752,E02006893,17.55,19.54,33.22
E02001753,E02001682,24.09,26.0,44.79
E02001753,E02001683,26.54,28.9,49.54
E02001753,E02001684,13.87,14.79,25.58
E02001753,E02001685,22.46,24.93,42.54
E02001753,E02001686,22.28,24.37,41.81
E02001753,E02001688,16.35,18.86,32.21
E02001753,E02001689,16.08,17.09,29.82
E02001753,E02001690,20.69,22.9,39.47
E02001753,E02001691,16.58,18.33,31.52
E02001753,E02001692,16.36,19.02,31.78
E02001753,E02001693,15.0,16.71,28.37
E02001753,E02001694,18.17,20.32,34.78
E02001753,E02001695,13.32,13.96,24.3
E02001753,E02001696,14.37,15.76,26.89
E02001753,E02001697,17.41,19.99,34.44
E02001753,E02001698,21.69,24.98,42.3
E02001753,E02001699,15.54,17.91,29.96
E02001753,E02001700,20.41,21.39,37.49
E02001753,E02001701,18.13,20.35,35.12
E02001753,E02001702,17.12,19.11,32.31
E02001753,E02001703,26.02,27.79,48.31
E02001753,E02001704,18.0,20.55,34.43
E02001753,E02001705,31.58,37.88,63.28
E02001753,E02001706,19.66,19.44,35.5
E02001753,E02001707,20.18,20.43,36.32
E02001753,E02001708,18.44,22.61,37.4
E02001753,E02001709,15.61,18.59,31.35
E02001753,E02001710,16.4,20.77,33.97
E02001753,E02001711,19.26,22.16,37.53
E02001753,E02001712,13.23,15.37,26.15
E02001753,E02001713,14.72,16.89,28.78
E02001753,E02001714,11.5,13.0,22.17
E02001753,E02001715,16.73,19.51,32.92
E02001753,E02001718,17.64,19.14,32.87
E02001753,E02001719,10.22,11.62,19.77
E02001753,E02001720,12.92,15.31,25.48
E02001753,E02001721,23.03,25.33,43.32
E02001753,E02001722,19.94,22.78,38.22
E02001753,E02001723,16.37,17.2,29.96
E02001753,E02001724,12.15,13.39,22.98
E02001753,E02001725,11.26,12.41,21.38
E02001753,E02001726,17.32,18.63,32.15
E02001753,E02001727,9.58,10.7,18.26
E02001753,E02001728,20.45,23.1,39.11
E02001753,E02001729,15.71,17.62,29.99
E02001753,E02001730,12.99,14.34,24.46
E02001753,E02001731,14.56,15.8,27.26
E02001753,E02001732,18.95,20.33,35.14
E02001753,E02001733,11.86,13.14,22.42
E02001753,E02001734,17.55,19.03,32.79
E02001753,E02001735,11.32,12.87,21.76
E02001753,E02001736,16.45,17.82,30.76
E02001753,E02001737,11.49,12.83,21.9
E02001753,E02001738,5.24,6.66,11.01
E02001753,E02001739,13.82,15.88,26.62
E02001753,E02001740,4.18,5.37,8.75
E02001753,E02001741,16.03,18.26,30.61
E02001753,E02001742,4.71,6.04,9.94
E02001753,E02001743,3.16,4.33,6.98
E02001753,E02001744,7.42,8.61,14.3
E02001753,E02001745,12.7,15.74,25.8
E02001753,E02001746,3.88,4.82,7.83
E02001753,E02001747,1.93,2.25,3.7
E02001753,E02001748,6.76,7.92,13.31
E02001753,E02001749,10.65,12.88,21.4
E02001753,E02001750,3.28,4.09,6.55
E02001753,E02001751,10.87,13.64,22.32
E02001753,E02001752,4.04,5.52,9.01
E02001753,E02001753,0.65,1.13,1.78
E02001753,E02001754,1.3,2.57,3.55
E02001753,E02001755,11.05,13.93,22.8
E02001753,E02001756,12.02,14.59,24.46
E02001753,E02001757,2.74,4.15,7.08
E02001753,E02001758,6.42,8.5,13.79
E02001753,E02001759,2.19,2.9,4.85
E02001753,E02001760,3.5,4.35,7.3
E02001753,E02001761,7.56,9.25,15.4
E02001753,E02001762,8.69,10.5,17.95
E02001753,E02001763,6.06,7.75,12.64
E02001753,E02001764,3.48,4.21,7.16
E02001753,E02001765,5.99,7.08,11.9
E02001753,E02001766,7.76,9.07,15.21
E02001753,E02001767,8.6,9.87,16.7
E02001753,E02001768,12.68,13.84,23.83
E02001753,E02001769,11.31,12.17,21.13
E02001753,E02001770,11.95,13.64,23.0
E02001753,E02001771,13.49,15.67,26.25
E02001753,E02001772,11.41,13.17,22.18
E02001753,E02001773,12.27,14.88,24.54
E02001753,E02001774,8.03,8.78,15.19
E02001753,E02001775,13.56,15.81,27.02
E02001753,E02001776,9.16,9.86,17.13
E02001753,E02001777,10.52,11.39,19.68
E02001753,E02001778,10.88,12.01,20.59
E02001753,E02001779,9.88,11.0,18.87
E02001753,E02001780,12.94,14.64,25.11
E02001753,E02001781,9.48,10.49,17.98
E02001753,E02001782,10.7,12.75,21.29
E02001753,E02001783,11.1,12.1,20.79
E02001753,E02001784,9.49,10.2,17.68
E02001753,E02001785,16.65,20.13,34.0
E02001753,E02001786,12.34,13.6,23.21
E02001753,E02001787,10.6,11.79,20.11
E02001753,E02001788,10.89,12.3,20.82
E02001753,E02001789,14.99,16.71,28.91
E02001753,E02001790,13.32,14.59,25.36
E02001753,E02001791,17.24,19.2,32.89
E02001753,E02001792,18.06,20.18,34.6
E02001753,E02001793,14.28,17.37,28.79
E02001753,E02001794,15.81,20.43,32.99
E02001753,E02001795,17.94,20.03,34.56
E02001753,E02001796,18.97,21.57,37.11
E02001753,E02001797,15.84,16.91,29.14
E02001753,E02001798,14.51,17.06,28.31
E02001753,E02001799,16.73,17.91,30.83
E02001753,E02001800,17.52,16.96,30.45
E02001753,E02001801,19.43,22.71,39.28
E02001753,E02001802,18.32,20.97,36.29
E02001753,E02001803,19.69,21.9,38.1
E02001753,E02001804,19.38,21.32,36.22
E02001753,E02001805,19.23,21.18,36.88
E02001753,E02001806,21.04,23.39,40.0
E02001753,E02001807,17.82,19.25,33.45
E02001753,E02001808,20.14,22.18,38.57
E02001753,E02001809,19.06,20.0,35.0
E02001753,E02001810,19.26,19.57,34.43
E02001753,E02001811,18.28,18.72,32.79
E02001753,E02001812,21.22,24.06,41.3
E02001753,E02001813,20.05,21.83,37.25
E02001753,E02001814,22.34,25.11,43.17
E02001753,E02001815,20.89,20.86,36.89
E02001753,E02001816,21.16,23.48,40.27
E02001753,E02001817,22.8,26.5,44.61
E02001753,E02001818,24.3,27.75,46.85
E02001753,E02001819,20.99,22.91,39.53
E02001753,E02001820,21.28,22.17,38.49
E02001753,E02001821,23.36,24.66,42.58
E02001753,E02001822,21.94,23.29,40.11
E02001753,E02001823,25.1,26.08,46.29
E02001753,E02001824,24.1,25.34,43.77
E02001753,E02001825,25.86,26.61,46.36
E02001753,E02001826,27.52,28.39,49.42
E02001753,E02006841,15.96,17.56,30.2
E02001753,E02006842,16.26,17.72,30.73
E02001753,E02006893,20.12,21.92,37.5
E02001754,E02001682,22.92,24.8,42.56
E02001754,E02001683,25.37,27.7,47.31
E02001754,E02001684,12.84,13.52,23.28
E02001754,E02001685,21.29,23.73,40.3
E02001754,E02001686,21.11,23.17,39.57
E02001754,E02001688,15.32,17.66,29.98
E02001754,E02001689,15.05,15.89,27.58
E02001754,E02001690,19.66,21.7,37.23
E02001754,E02001691,15.55,17.13,29.28
E02001754,E02001692,15.33,17.75,29.48
E02001754,E02001693,13.97,15.43,26.07
E02001754,E02001694,17.14,19.11,32.54
E02001754,E02001695,12.29,12.68,22.0
E02001754,E02001696,13.34,14.48,24.59
E02001754,E02001697,16.38,18.79,32.2
E02001754,E02001698,20.66,23.78,40.06
E02001754,E02001699,14.51,16.63,27.66
E02001754,E02001700,19.38,20.19,35.25
E02001754,E02001701,17.1,19.15,32.88
E02001754,E02001702,16.09,17.84,30.01
E02001754,E02001703,24.99,26.59,46.08
E02001754,E02001704,16.98,19.28,32.13
E02001754,E02001705,30.4,36.68,61.04
E02001754,E02001706,18.63,18.17,33.2
E02001754,E02001707,19.15,19.16,34.02
E02001754,E02001708,17.19,21.52,35.5
E02001754,E02001709,14.36,17.44,29.45
E02001754,E02001710,15.15,19.63,32.07
E02001754,E02001711,18.02,20.96,35.3
E02001754,E02001712,11.98,14.23,24.25
E02001754,E02001713,13.47,15.75,26.88
E02001754,E02001714,10.25,11.79,19.94
E02001754,E02001715,15.49,18.37,31.02
E02001754,E02001718,16.4,17.94,30.63
E02001754,E02001719,8.98,10.42,17.53
E02001754,E02001720,11.68,14.1,23.24
E02001754,E02001721,21.78,24.13,41.08
E02001754,E02001722,18.7,21.57,35.98
E02001754,E02001723,15.12,16.0,27.73
E02001754,E02001724,10.91,12.18,20.75
E02001754,E02001725,10.01,11.21,19.14
E02001754,E02001726,16.08,17.42,29.92
E02001754,E02001727,8.55,9.43,15.96
E02001754,E02001728,19.2,21.9,36.87
E02001754,E02001729,14.46,16.41,27.76
E02001754,E02001730,11.8,13.08,22.16
E02001754,E02001731,13.31,14.6,25.03
E02001754,E02001732,17.7,19.13,32.9
E02001754,E02001733,10.83,11.87,20.12
E02001754,E02001734,16.3,17.83,30.55
E02001754,E02001735,10.3,11.6,19.46
E02001754,E02001736,15.21,16.62,28.53
E02001754,E02001737,10.47,11.56,19.6
E02001754,E02001738,5.68,7.55,12.35
E02001754,E02001739,12.57,14.81,24.73
E02001754,E02001740,4.88,6.68,10.81
E02001754,E02001741,14.79,17.19,28.72
E02001754,E02001742,3.97,4.98,8.04
E02001754,E02001743,3.93,5.64,9.05
E02001754,E02001744,6.18,7.54,12.4
E02001754,E02001745,11.45,14.68,23.9
E02001754,E02001746,3.41,4.45,7.02
E02001754,E02001747,2.63,3.56,5.89
E02001754,E02001748,5.51,6.85,11.41
E02001754,E02001749,9.4,11.77,19.5
E02001754,E02001750,2.18,3.02,4.66
E02001754,E02001751,9.62,12.53,20.42
E02001754,E02001752,2.79,4.31,6.82
E02001754,E02001753,1.3,2.57,3.55
E02001754,E02001754,0.62,0.81,1.27
E02001754,E02001755,9.81,12.82,20.9
E02001754,E02001756,10.78,13.44,22.56
E02001754,E02001757,1.49,2.87,4.03
E02001754,E02001758,5.17,7.29,11.55
E02001754,E02001759,1.23,1.62,2.55
E02001754,E02001760,2.39,3.07,5.0
E02001754,E02001761,6.31,8.05,13.16
E02001754,E02001762,7.44,9.3,15.71
E02001754,E02001763,5.03,6.48,10.34
E02001754,E02001764,2.57,3.11,5.13
E02001754,E02001765,4.96,5.81,9.6
E02001754,E02001766,6.73,7.8,12.91
E02001754,E02001767,7.36,8.6,14.4
E02001754,E02001768,11.65,12.57,21.53
E02001754,E02001769,10.28,10.89,18.83
E02001754,E02001770,10.92,12.37,20.7
E02001754,E02001771,12.46,14.4,23.95
E02001754,E02001772,10.38,11.89,19.88
E02001754,E02001773,11.24,13.61,22.24
E02001754,E02001774,7.0,7.5,12.89
E02001754,E02001775,12.53,14.54,24.72
E02001754,E02001776,8.13,8.59,14.83
E02001754,E02001777,9.49,10.12,17.38
E02001754,E02001778,9.85,10.74,18.29
E02001754,E02001779,8.85,9.73,16.57
E02001754,E02001780,11.91,13.37,22.81
E02001754,E02001781,8.45,9.22,15.68
E02001754,E02001782,9.68,11.47,18.99
E02001754,E02001783,10.07,10.83,18.49
E02001754,E02001784,8.46,8.93,15.38
E02001754,E02001785,15.62,18.85,31.7
E02001754,E02001786,11.31,12.32,20.91
E02001754,E02001787,9.57,10.52,17.81
E02001754,E02001788,9.86,11.02,18.52
E02001754,E02001789,13.96,15.43,26.61
E02001754,E02001790,12.29,13.32,23.06
E02001754,E02001791,16.22,17.93,30.59
E02001754,E02001792,17.03,18.91,32.3
E02001754,E02001793,13.25,16.1,26.49
E02001754,E02001794,14.78,19.15,30.69
E02001754,E02001795,16.91,18.76,32.26
E02001754,E02001796,17.94,20.3,34.81
E02001754,E02001797,14.81,15.63,26.84
E02001754,E02001798,13.48,15.79,26.01
E02001754,E02001799,15.7,16.64,28.53
E02001754,E02001800,16.49,15.68,28.15
E02001754,E02001801,18.4,21.44,36.98
E02001754,E02001802,17.29,19.7,33.99
E02001754,E02001803,18.66,20.62,35.8
E02001754,E02001804,18.35,20.05,33.92
E02001754,E02001805,18.2,19.9,34.58
E02001754,E02001806,20.01,22.12,37.7
E02001754,E02001807,16.79,17.98,31.15
E02001754,E02001808,19.11,20.91,36.27
E02001754,E02001809,18.03,18.72,32.7
E02001754,E02001810,18.23,18.29,32.13
E02001754,E02001811,17.26,17.44,30.49
E02001754,E02001812,20.19,22.79,39.0
E02001754,E02001813,19.02,20.56,34.95
E02001754,E02001814,21.31,23.84,40.87
E02001754,E02001815,19.86,19.59,34.59
E02001754,E02001816,20.13,22.21,37.97
E02001754,E02001817,21.77,25.23,42.31
E02001754,E02001818,23.27,26.47,44.55
E02001754,E02001819,19.97,21.63,37.23
E02001754,E02001820,20.26,20.89,36.19
E02001754,E02001821,22.33,23.38,40.28
E02001754,E02001822,20.92,22.02,37.81
E02001754,E02001823,24.07,24.81,43.99
E02001754,E02001824,23.07,24.07,41.47
E02001754,E02001825,24.83,25.34,44.06
E02001754,E02001826,26.49,27.11,47.12
E02001754,E02006841,14.93,16.36,27.96
E02001754,E02006842,15.23,16.51,28.49
E02001754,E02006893,18.88,20.72,35.26
E02001755,E02001682,17.62,20.21,33.9
E02001755,E02001683,20.08,23.12,38.65
E02001755,E02001684,12.46,13.62,22.98
E02001755,E02001685,15.99,19.14,31.64
E02001755,E02001686,15.81,18.58,30.91
E02001755,E02001688,10.65,13.07,21.32
E02001755,E02001689,10.14,11.3,18.92
E02001755,E02001690,14.96,17.12,28.57
E02001755,E02001691,10.63,12.54,20.62
E02001755,E02001692,11.1,13.26,21.72
E02001755,E02001693,12.21,14.42,23.72
E02001755,E02001694,12.44,14.53,23.88
E02001755,E02001695,13.77,14.7,25.05
E02001755,E02001696,13.75,15.45,25.78
E02001755,E02001697,11.97,14.2,23.54
E02001755,E02001698,15.97,19.2,31.4
E02001755,E02001699,13.55,16.54,27.02
E02001755,E02001700,14.47,15.6,26.59
E02001755,E02001701,12.66,14.56,24.22
E02001755,E02001702,13.58,16.09,26.41
E02001755,E02001703,19.89,22.01,37.32
E02001755,E02001704,13.65,16.33,26.96
E02001755,E02001705,25.11,32.09,52.28
E02001755,E02001706,16.04,18.02,30.22
E02001755,E02001707,18.22,21.32,35.29
E02001755,E02001708,9.51,14.04,22.22
E02001755,E02001709,6.59,9.05,14.39
E02001755,E02001710,7.64,11.23,17.0
E02001755,E02001711,10.51,13.58,21.76
E02001755,E02001712,4.47,5.83,9.19
E02001755,E02001713,5.96,7.35,11.82
E02001755,E02001714,3.85,5.58,8.47
E02001755,E02001715,7.98,9.97,15.95
E02001755,E02001718,9.52,11.61,18.81
E02001755,E02001719,4.37,6.04,9.39
E02001755,E02001720,5.74,7.78,12.21
E02001755,E02001721,15.55,18.12,29.98
E02001755,E02001722,12.14,15.36,24.46
E02001755,E02001723,8.88,10.33,17.02
E02001755,E02001724,5.98,7.6,12.09
E02001755,E02001725,5.21,6.73,10.64
E02001755,E02001726,9.84,11.76,19.21
E02001755,E02001727,5.95,8.64,13.81
E02001755,E02001728,12.96,16.03,26.03
E02001755,E02001729,9.02,11.02,17.8
E02001755,E02001730,6.88,8.55,13.71
E02001755,E02001731,8.38,10.02,16.37
E02001755,E02001732,11.47,13.46,22.19
E02001755,E02001733,6.64,8.36,13.35
E02001755,E02001734,10.88,13.24,21.45
E02001755,E02001735,6.76,9.67,15.36
E02001755,E02001736,9.93,12.04,19.87
E02001755,E02001737,7.19,10.76,17.45
E02001755,E02001738,9.34,12.81,20.56
E02001755,E02001739,6.41,9.08,14.49
E02001755,E02001740,9.46,13.0,20.85
E02001755,E02001741,7.6,10.01,16.07
E02001755,E02001742,8.16,11.43,18.29
E02001755,E02001743,10.43,13.58,21.9
E02001755,E02001744,5.87,9.4,14.23
E02001755,E02001745,3.93,6.79,9.84
E02001755,E02001746,9.34,12.38,19.87
E02001755,E02001747,10.61,13.41,21.88
E02001755,E02001748,4.61,6.42,10.12
E02001755,E02001749,1.94,2.88,4.34
E02001755,E02001750,8.9,11.68,18.71
E02001755,E02001751,1.36,2.56,3.58
E02001755,E02001752,7.72,10.14,16.17
E02001755,E02001753,11.05,13.93,22.8
E02001755,E02001754,9.81,12.82,20.9
E02001755,E02001755,0.68,1.28,1.79
E02001755,E02001756,3.01,5.04,7.49
E02001755,E02001757,8.34,10.33,17.06
E02001755,E02001758,6.66,10.41,16.26
E02001755,E02001759,9.81,11.96,19.8
E02001755,E02001760,8.84,11.34,18.61
E02001755,E02001761,4.46,7.96,11.66
E02001755,E02001762,3.14,5.32,8.03
E02001755,E02001763,7.07,10.96,17.21
E02001755,E02001764,10.39,12.55,20.63
E02001755,E02001765,7.01,9.3,14.91
E02001755,E02001766,5.19,8.07,12.32
E02001755,E02001767,4.53,6.86,10.61
E02001755,E02001768,15.78,17.72,29.94
E02001755,E02001769,14.42,16.04,27.24
E02001755,E02001770,15.05,17.52,29.11
E02001755,E02001771,16.59,19.55,32.35
E02001755,E02001772,14.51,17.04,28.29
E02001755,E02001773,15.37,18.76,30.65
E02001755,E02001774,11.13,12.65,21.29
E02001755,E02001775,16.66,19.69,33.13
E02001755,E02001776,12.27,13.74,23.23
E02001755,E02001777,13.62,15.27,25.79
E02001755,E02001778,13.98,15.89,26.69
E02001755,E02001779,12.98,14.88,24.97
E02001755,E02001780,16.04,18.52,31.22
E02001755,E02001781,12.59,14.37,24.08
E02001755,E02001782,13.81,16.62,27.39
E02001755,E02001783,14.2,15.98,26.89
E02001755,E02001784,12.6,14.08,23.79
E02001755,E02001785,19.76,24.0,40.1
E02001755,E02001786,15.45,17.47,29.32
E02001755,E02001787,13.7,15.67,26.22
E02001755,E02001788,14.0,16.17,26.93
E02001755,E02001789,18.09,20.58,35.02
E02001755,E02001790,16.43,18.47,31.47
E02001755,E02001791,20.35,23.08,39.0
E02001755,E02001792,21.16,24.06,40.7
E02001755,E02001793,17.38,21.25,34.9
E02001755,E02001794,18.91,24.3,39.09
E02001755,E02001795,21.04,23.91,40.67
E02001755,E02001796,22.08,25.45,43.22
E02001755,E02001797,17.11,19.02,31.87
E02001755,E02001798,17.62,20.94,34.41
E02001755,E02001799,18.0,20.03,33.55
E02001755,E02001800,17.85,18.89,32.86
E02001755,E02001801,22.53,26.59,45.39
E02001755,E02001802,21.43,24.85,42.39
E02001755,E02001803,22.79,25.77,44.2
E02001755,E02001804,22.49,25.2,42.32
E02001755,E02001805,22.33,25.05,42.99
E02001755,E02001806,24.15,27.27,46.11
E02001755,E02001807,19.73,21.37,36.18
E02001755,E02001808,23.25,26.06,44.68
E02001755,E02001809,19.45,21.93,37.41
E02001755,E02001810,18.0,21.5,36.13
E02001755,E02001811,21.39,22.59,38.89
E02001755,E02001812,24.32,27.94,47.41
E02001755,E02001813,23.15,25.71,43.35
E02001755,E02001814,25.44,28.99,49.27
E02001755,E02001815,20.55,22.79,39.3
E02001755,E02001816,24.26,27.36,46.38
E02001755,E02001817,25.9,30.38,50.71
E02001755,E02001818,27.41,31.62,52.95
E02001755,E02001819,24.1,26.78,45.63
E02001755,E02001820,22.84,24.32,42.5
E02001755,E02001821,26.46,28.53,48.69
E02001755,E02001822,24.1,25.68,44.8
E02001755,E02001823,26.66,28.01,48.63
E02001755,E02001824,27.2,29.22,49.88
E02001755,E02001825,28.96,30.49,52.47
E02001755,E02001826,30.62,32.26,55.53
E02001755,E02006841,10.02,11.78,19.3
E02001755,E02006842,10.31,11.93,19.83
E02001755,E02006893,11.64,14.5,23.74
E02001756,E02001682,15.77,17.78,30.34
E02001756,E02001683,18.23,20.68,35.09
E02001756,E02001684,10.97,11.18,19.42
E02001756,E02001685,14.14,16.71,28.09
E02001756,E02001686,13.96,16.15,27.35
E02001756,E02001688,9.15,10.64,17.76
E02001756,E02001689,8.64,8.87,15.36
E02001756,E02001690,13.46,14.68,25.01
E02001756,E02001691,9.14,10.11,17.07
E02001756,E02001692,9.61,10.82,18.17
E02001756,E02001693,10.72,11.98,20.16
E02001756,E02001694,10.95,12.09,20.32
E02001756,E02001695,12.28,12.27,21.49
E02001756,E02001696,12.26,13.02,22.22
E02001756,E02001697,10.47,11.77,19.98
E02001756,E02001698,14.47,16.76,27.85
E02001756,E02001699,12.05,14.11,23.46
E02001756,E02001700,12.98,13.17,23.03
E02001756,E02001701,11.17,12.13,20.67
E02001756,E02001702,12.09,13.65,22.85
E02001756,E02001703,18.04,19.57,33.76
E02001756,E02001704,12.15,13.9,23.4
E02001756,E02001705,23.26,29.66,48.73
E02001756,E02001706,14.55,15.58,26.66
E02001756,E02001707,16.73,18.88,31.73
E02001756,E02001708,6.79,11.61,18.26
E02001756,E02001709,3.87,6.61,9.81
E02001756,E02001710,5.12,8.8,13.45
E02001756,E02001711,8.66,11.15,18.2
E02001756,E02001712,2.62,3.4,5.63
E02001756,E02001713,4.11,4.91,8.26
E02001756,E02001714,2.35,3.15,4.91
E02001756,E02001715,6.13,7.53,12.4
E02001756,E02001718,7.67,9.17,15.25
E02001756,E02001719,2.96,3.6,5.83
E02001756,E02001720,3.89,5.34,8.65
E02001756,E02001721,13.7,15.69,26.43
E02001756,E02001722,10.29,12.92,20.91
E02001756,E02001723,7.03,7.9,13.46
E02001756,E02001724,4.48,5.17,8.53
E02001756,E02001725,3.72,4.29,7.08
E02001756,E02001726,7.99,9.32,15.65
E02001756,E02001727,5.03,6.81,11.48
E02001756,E02001728,11.11,13.6,22.47
E02001756,E02001729,7.16,8.58,14.25
E02001756,E02001730,5.38,6.12,10.15
E02001756,E02001731,6.89,7.58,12.81
E02001756,E02001732,9.62,11.03,18.64
E02001756,E02001733,5.15,5.93,9.79
E02001756,E02001734,9.03,10.81,17.9
E02001756,E02001735,5.83,7.23,11.8
E02001756,E02001736,8.08,9.6,16.31
E02001756,E02001737,6.26,8.54,14.1
E02001756,E02001738,10.8,13.46,22.23
E02001756,E02001739,6.19,7.33,11.97
E02001756,E02001740,10.93,13.65,22.53
E02001756,E02001741,6.58,8.26,13.45
E02001756,E02001742,9.62,12.08,19.97
E02001756,E02001743,11.89,14.23,23.56
E02001756,E02001744,7.33,10.06,15.9
E02001756,E02001745,4.48,6.47,9.86
E02001756,E02001746,10.8,13.03,21.53
E02001756,E02001747,12.07,14.06,23.54
E02001756,E02001748,6.08,7.07,11.78
E02001756,E02001749,3.65,5.41,8.27
E02001756,E02001750,10.36,12.33,20.37
E02001756,E02001751,2.65,4.58,6.7
E02001756,E02001752,9.18,10.79,17.83
E02001756,E02001753,12.02,14.59,24.46
E02001756,E02001754,10.78,13.44,22.56
E02001756,E02001755,3.01,5.04,7.49
E02001756,E02001756,1.18,1.57,2.46
E02001756,E02001757,9.31,10.96,18.72
E02001756,E02001758,7.2,9.94,16.27
E02001756,E02001759,10.78,12.58,21.46
E02001756,E02001760,9.51,11.91,19.96
E02001756,E02001761,5.01,7.57,11.68
E02001756,E02001762,3.69,4.93,8.05
E02001756,E02001763,7.62,10.57,17.23
E02001756,E02001764,10.95,13.06,21.96
E02001756,E02001765,7.56,8.91,14.93
E02001756,E02001766,5.74,7.68,12.34
E02001756,E02001767,5.07,6.47,10.63
E02001756,E02001768,16.33,17.9,30.67
E02001756,E02001769,14.96,16.23,27.98
E02001756,E02001770,15.6,17.7,29.85
E02001756,E02001771,17.14,19.73,33.09
E02001756,E02001772,15.06,17.23,29.02
E02001756,E02001773,15.92,18.94,31.39
E02001756,E02001774,11.68,12.84,22.03
E02001756,E02001775,17.21,19.87,33.86
E02001756,E02001776,12.82,13.92,23.97
E02001756,E02001777,14.17,14.77,25.65
E02001756,E02001778,14.53,16.07,27.43
E02001756,E02001779,13.53,15.06,25.71
E02001756,E02001780,16.59,18.7,31.95
E02001756,E02001781,13.14,14.55,24.82
E02001756,E02001782,14.15,14.95,25.58
E02001756,E02001783,14.75,16.16,27.63
E02001756,E02001784,13.15,14.26,24.52
E02001756,E02001785,20.31,24.19,40.84
E02001756,E02001786,16.0,17.66,30.06
E02001756,E02001787,14.25,15.85,26.96
E02001756,E02001788,14.55,16.36,27.67
E02001756,E02001789,18.64,20.77,35.76
E02001756,E02001790,16.98,18.65,32.21
E02001756,E02001791,20.9,23.26,39.74
E02001756,E02001792,21.71,24.24,41.44
E02001756,E02001793,17.93,21.43,35.64
E02001756,E02001794,19.46,24.49,39.83
E02001756,E02001795,21.59,24.09,41.41
E02001756,E02001796,22.63,25.63,43.96
E02001756,E02001797,15.61,16.59,28.31
E02001756,E02001798,18.17,21.01,35.15
E02001756,E02001799,16.5,17.6,29.99
E02001756,E02001800,16.36,16.45,29.31
E02001756,E02001801,23.08,26.61,46.13
E02001756,E02001802,21.98,24.88,43.13
E02001756,E02001803,23.34,25.96,44.94
E02001756,E02001804,23.03,25.23,43.06
E02001756,E02001805,22.88,25.08,43.73
E02001756,E02001806,24.7,27.45,46.85
E02001756,E02001807,18.23,18.93,32.62
E02001756,E02001808,23.79,26.09,45.42
E02001756,E02001809,17.95,19.49,33.86
E02001756,E02001810,16.5,19.06,32.58
E02001756,E02001811,21.94,22.62,39.63
E02001756,E02001812,24.87,27.96,48.14
E02001756,E02001813,23.7,25.74,44.09
E02001756,E02001814,25.99,29.17,50.01
E02001756,E02001815,19.05,20.36,35.75
E02001756,E02001816,24.81,27.38,47.12
E02001756,E02001817,26.45,30.4,51.45
E02001756,E02001818,27.96,31.65,53.69
E02001756,E02001819,24.65,26.81,46.37
E02001756,E02001820,21.35,21.88,38.94
E02001756,E02001821,27.01,28.56,49.43
E02001756,E02001822,22.6,23.24,41.24
E02001756,E02001823,25.16,25.57,45.07
E02001756,E02001824,25.98,27.18,48.02
E02001756,E02001825,27.66,28.34,50.41
E02001756,E02001826,29.32,29.84,52.59
E02001756,E02006841,8.52,9.34,15.74
E02001756,E02006842,8.82,9.49,16.27
E02001756,E02006893,9.79,12.07,20.19
E02001757,E02001682,21.45,22.31,38.59
E02001757,E02001683,23.91,25.22,43.34
E02001757,E02001684,11.69,12.07,20.97
E02001757,E02001685,19.82,21.24,36.34
E02001757,E02001686,19.64,20.68,35.6
E02001757,E02001688,14.05,15.17,26.01
E02001757,E02001689,13.6,13.4,23.61
E02001757,E02001690,18.39,19.22,33.26
E02001757,E02001691,14.09,14.64,25.32
E02001757,E02001692,14.19,15.36,26.42
E02001757,E02001693,12.82,13.99,23.76
E02001757,E02001694,15.87,16.63,28.57
E02001757,E02001695,11.14,11.24,19.69
E02001757,E02001696,12.19,13.04,22.28
E02001757,E02001697,15.23,16.3,28.23
E02001757,E02001698,19.4,21.29,36.1
E02001757,E02001699,13.36,15.19,25.35
E02001757,E02001700,17.93,17.7,31.28
E02001757,E02001701,15.95,16.66,28.92
E02001757,E02001702,14.94,16.4,27.7
E02001757,E02001703,23.72,24.11,42.11
E02001757,E02001704,15.83,17.84,29.82
E02001757,E02001705,28.94,34.19,57.07
E02001757,E02001706,17.49,16.72,30.89
E02001757,E02001707,18.0,17.71,31.71
E02001757,E02001708,15.72,19.04,31.68
E02001757,E02001709,12.89,14.96,25.61
E02001757,E02001710,13.68,17.14,28.23
E02001757,E02001711,16.55,18.47,31.33
E02001757,E02001712,10.51,11.74,20.41
E02001757,E02001713,12.0,13.26,23.04
E02001757,E02001714,8.78,9.31,15.97
E02001757,E02001715,14.02,15.88,27.18
E02001757,E02001718,14.93,15.45,26.67
E02001757,E02001719,7.51,7.94,13.57
E02001757,E02001720,10.21,11.62,19.27
E02001757,E02001721,20.32,21.64,37.11
E02001757,E02001722,17.23,19.09,32.01
E02001757,E02001723,13.65,13.52,23.76
E02001757,E02001724,9.44,9.7,16.78
E02001757,E02001725,8.54,8.72,15.18
E02001757,E02001726,14.61,14.94,25.95
E02001757,E02001727,7.35,7.99,13.65
E02001757,E02001728,17.73,19.42,32.91
E02001757,E02001729,13.0,13.93,23.79
E02001757,E02001730,10.34,10.65,18.4
E02001757,E02001731,11.84,12.11,21.06
E02001757,E02001732,16.24,16.65,28.94
E02001757,E02001733,9.56,10.36,17.81
E02001757,E02001734,14.84,15.34,26.59
E02001757,E02001735,9.03,10.16,17.15
E02001757,E02001736,13.74,14.14,24.56
E02001757,E02001737,9.27,10.11,17.29
E02001757,E02001738,6.15,7.72,12.88
E02001757,E02001739,11.1,12.43,20.9
E02001757,E02001740,5.52,6.86,11.34
E02001757,E02001741,13.32,14.81,24.89
E02001757,E02001742,4.44,5.15,8.57
E02001757,E02001743,4.95,5.83,9.57
E02001757,E02001744,4.71,6.66,10.19
E02001757,E02001745,9.98,12.29,20.07
E02001757,E02001746,3.88,4.63,7.55
E02001757,E02001747,3.49,3.9,6.72
E02001757,E02001748,4.04,4.56,7.59
E02001757,E02001749,7.93,9.28,15.66
E02001757,E02001750,2.65,3.2,5.18
E02001757,E02001751,8.15,10.04,16.58
E02001757,E02001752,1.32,1.85,2.85
E02001757,E02001753,2.74,4.15,7.08
E02001757,E02001754,1.49,2.87,4.03
E02001757,E02001755,8.34,10.33,17.06
E02001757,E02001756,9.31,10.96,18.72
E02001757,E02001757,0.55,0.81,1.35
E02001757,E02001758,3.7,4.81,7.59
E02001757,E02001759,1.47,1.62,2.75
E02001757,E02001760,1.11,1.63,2.69
E02001757,E02001761,4.84,5.56,9.19
E02001757,E02001762,5.98,6.81,11.75
E02001757,E02001763,3.88,5.03,8.03
E02001757,E02001764,2.51,2.66,4.56
E02001757,E02001765,3.81,4.36,7.29
E02001757,E02001766,5.53,6.36,10.6
E02001757,E02001767,5.89,7.05,11.87
E02001757,E02001768,10.5,11.13,19.22
E02001757,E02001769,9.13,9.45,16.52
E02001757,E02001770,9.77,10.92,18.39
E02001757,E02001771,11.31,12.95,21.64
E02001757,E02001772,9.23,10.45,17.57
E02001757,E02001773,10.09,12.17,19.93
E02001757,E02001774,5.85,6.06,10.58
E02001757,E02001775,11.38,13.1,22.41
E02001757,E02001776,6.98,7.15,12.52
E02001757,E02001777,8.34,8.67,15.07
E02001757,E02001778,8.7,9.29,15.98
E02001757,E02001779,7.7,8.29,14.26
E02001757,E02001780,10.76,11.92,20.5
E02001757,E02001781,7.3,7.77,13.37
E02001757,E02001782,8.53,10.03,16.68
E02001757,E02001783,8.92,9.39,16.18
E02001757,E02001784,7.32,7.49,13.07
E02001757,E02001785,14.48,17.41,29.39
E02001757,E02001786,10.17,10.88,18.6
E02001757,E02001787,8.42,9.07,15.5
E02001757,E02001788,8.72,9.58,16.22
E02001757,E02001789,12.81,13.99,24.3
E02001757,E02001790,11.14,11.88,20.75
E02001757,E02001791,15.07,16.48,28.28
E02001757,E02001792,15.88,17.46,29.99
E02001757,E02001793,12.1,14.66,24.18
E02001757,E02001794,13.63,17.71,28.38
E02001757,E02001795,15.76,17.32,29.95
E02001757,E02001796,16.79,18.85,32.5
E02001757,E02001797,13.66,14.19,24.53
E02001757,E02001798,12.34,14.35,23.7
E02001757,E02001799,14.55,15.2,26.22
E02001757,E02001800,15.34,14.24,25.84
E02001757,E02001801,17.25,19.99,34.67
E02001757,E02001802,16.14,18.26,31.68
E02001757,E02001803,17.51,19.18,33.49
E02001757,E02001804,17.2,18.61,31.61
E02001757,E02001805,17.05,18.46,32.27
E02001757,E02001806,18.86,20.67,35.39
E02001757,E02001807,15.65,16.53,28.84
E02001757,E02001808,17.96,19.47,33.96
E02001757,E02001809,16.88,17.28,30.39
E02001757,E02001810,17.08,16.85,29.82
E02001757,E02001811,16.11,16.0,28.18
E02001757,E02001812,19.04,21.34,36.69
E02001757,E02001813,17.87,19.12,32.64
E02001757,E02001814,20.16,22.4,38.56
E02001757,E02001815,18.71,18.15,32.28
E02001757,E02001816,18.98,20.76,35.66
E02001757,E02001817,20.62,23.78,40.0
E02001757,E02001818,22.12,25.03,42.24
E02001757,E02001819,18.82,20.19,34.92
E02001757,E02001820,19.11,19.45,33.88
E02001757,E02001821,21.18,21.94,37.97
E02001757,E02001822,19.77,20.58,35.5
E02001757,E02001823,22.92,23.36,41.68
E02001757,E02001824,21.92,22.62,39.16
E02001757,E02001825,23.68,23.9,41.75
E02001757,E02001826,25.34,25.67,44.81
E02001757,E02006841,13.48,13.87,23.99
E02001757,E02006842,13.77,14.03,24.52
E02001757,E02006893,17.41,18.23,31.29
E02001758,E02001682,19.41,21.29,36.05
E02001758,E02001683,21.87,24.2,40.8
E02001758,E02001684,11.93,13.09,22.09
E02001758,E02001685,17.79,20.22,33.8
E02001758,E02001686,17.6,19.66,33.06
E02001758,E02001688,12.02,14.15,23.47
E02001758,E02001689,11.56,12.38,21.07
E02001758,E02001690,16.36,18.2,30.72
E02001758,E02001691,12.06,13.62,22.78
E02001758,E02001692,12.53,14.34,23.87
E02001758,E02001693,13.06,15.01,24.87
E02001758,E02001694,13.84,15.61,26.03
E02001758,E02001695,11.38,12.26,20.81
E02001758,E02001696,12.43,14.06,23.39
E02001758,E02001697,13.4,15.28,25.69
E02001758,E02001698,17.36,20.28,33.55
E02001758,E02001699,13.6,16.21,26.46
E02001758,E02001700,15.9,16.68,28.74
E02001758,E02001701,14.09,15.64,26.37
E02001758,E02001702,15.01,17.17,28.56
E02001758,E02001703,21.68,23.09,39.57
E02001758,E02001704,15.07,17.41,29.11
E02001758,E02001705,26.9,33.17,54.53
E02001758,E02001706,17.47,17.74,32.0
E02001758,E02001707,18.24,18.73,32.82
E02001758,E02001708,13.62,18.02,29.46
E02001758,E02001709,10.79,13.94,23.17
E02001758,E02001710,11.58,16.13,25.78
E02001758,E02001711,14.45,17.45,28.79
E02001758,E02001712,8.41,10.73,17.97
E02001758,E02001713,9.9,12.24,20.6
E02001758,E02001714,6.75,8.29,13.43
E02001758,E02001715,11.91,14.86,24.73
E02001758,E02001718,12.9,14.43,24.12
E02001758,E02001719,5.48,6.92,11.02
E02001758,E02001720,8.18,10.6,16.73
E02001758,E02001721,18.29,20.62,34.57
E02001758,E02001722,15.2,18.07,29.47
E02001758,E02001723,11.62,12.5,21.22
E02001758,E02001724,7.41,8.68,14.24
E02001758,E02001725,6.51,7.7,12.63
E02001758,E02001726,12.58,13.92,23.41
E02001758,E02001727,5.32,7.47,11.5
E02001758,E02001728,15.7,18.4,30.36
E02001758,E02001729,10.96,12.91,21.25
E02001758,E02001730,8.31,9.63,15.86
E02001758,E02001731,9.81,11.1,18.52
E02001758,E02001732,14.2,15.63,26.39
E02001758,E02001733,7.53,9.34,15.34
E02001758,E02001734,12.8,14.32,24.05
E02001758,E02001735,7.0,9.63,15.0
E02001758,E02001736,11.71,13.12,22.02
E02001758,E02001737,7.24,9.59,15.14
E02001758,E02001738,8.24,11.99,19.58
E02001758,E02001739,10.81,12.71,20.87
E02001758,E02001740,7.61,11.14,18.03
E02001758,E02001741,12.94,15.1,24.86
E02001758,E02001742,6.22,9.42,15.26
E02001758,E02001743,7.72,10.1,16.27
E02001758,E02001744,5.41,8.98,13.72
E02001758,E02001745,9.69,12.58,20.05
E02001758,E02001746,6.61,8.9,14.24
E02001758,E02001747,6.72,8.17,13.41
E02001758,E02001748,4.12,5.97,9.57
E02001758,E02001749,7.52,9.57,15.4
E02001758,E02001750,5.87,7.47,11.88
E02001758,E02001751,7.18,10.31,16.33
E02001758,E02001752,4.46,6.11,9.52
E02001758,E02001753,6.42,8.5,13.79
E02001758,E02001754,5.17,7.29,11.55
E02001758,E02001755,6.66,10.41,16.26
E02001758,E02001756,7.2,9.94,16.27
E02001758,E02001757,3.7,4.81,7.59
E02001758,E02001758,1.05,2.11,2.9
E02001758,E02001759,5.18,6.43,10.33
E02001758,E02001760,3.9,5.76,9.01
E02001758,E02001761,2.48,4.54,6.65
E02001758,E02001762,3.87,5.79,9.2
E02001758,E02001763,2.11,4.22,5.8
E02001758,E02001764,5.35,6.98,11.02
E02001758,E02001765,2.38,4.49,6.27
E02001758,E02001766,3.5,5.84,8.46
E02001758,E02001767,3.86,6.04,9.32
E02001758,E02001768,10.74,12.14,20.33
E02001758,E02001769,9.37,10.47,17.63
E02001758,E02001770,10.01,11.94,19.5
E02001758,E02001771,11.55,13.97,22.75
E02001758,E02001772,9.47,11.47,18.68
E02001758,E02001773,10.33,13.18,21.04
E02001758,E02001774,6.09,7.08,11.69
E02001758,E02001775,11.62,14.11,23.52
E02001758,E02001776,7.22,8.16,13.63
E02001758,E02001777,8.58,9.69,16.18
E02001758,E02001778,8.94,10.31,17.09
E02001758,E02001779,7.94,9.3,15.37
E02001758,E02001780,11.0,12.94,21.61
E02001758,E02001781,7.54,8.79,14.48
E02001758,E02001782,8.76,11.05,17.79
E02001758,E02001783,9.16,10.4,17.29
E02001758,E02001784,7.55,8.5,14.18
E02001758,E02001785,14.71,18.43,30.5
E02001758,E02001786,10.4,11.9,19.72
E02001758,E02001787,8.66,10.09,16.62
E02001758,E02001788,8.95,10.6,17.33
E02001758,E02001789,13.05,15.01,25.41
E02001758,E02001790,11.38,12.89,21.87
E02001758,E02001791,15.31,17.5,29.4
E02001758,E02001792,16.12,18.48,31.1
E02001758,E02001793,12.34,15.67,25.29
E02001758,E02001794,13.87,18.73,29.49
E02001758,E02001795,16.0,18.34,31.06
E02001758,E02001796,17.03,19.87,33.61
E02001758,E02001797,13.9,15.21,25.64
E02001758,E02001798,12.57,15.37,24.81
E02001758,E02001799,14.79,16.21,27.33
E02001758,E02001800,15.58,15.26,26.95
E02001758,E02001801,17.49,21.01,35.79
E02001758,E02001802,16.38,19.27,32.79
E02001758,E02001803,17.75,20.2,34.6
E02001758,E02001804,17.44,19.63,32.72
E02001758,E02001805,17.29,19.48,33.38
E02001758,E02001806,19.1,21.69,36.51
E02001758,E02001807,15.88,17.55,29.96
E02001758,E02001808,18.2,20.48,35.07
E02001758,E02001809,17.12,18.3,31.51
E02001758,E02001810,17.32,17.87,30.94
E02001758,E02001811,16.34,17.02,29.29
E02001758,E02001812,19.28,22.36,37.8
E02001758,E02001813,18.11,20.13,33.75
E02001758,E02001814,20.4,23.42,39.67
E02001758,E02001815,18.95,19.17,33.39
E02001758,E02001816,19.22,21.78,36.78
E02001758,E02001817,20.86,24.8,41.11
E02001758,E02001818,22.36,26.05,43.35
E02001758,E02001819,19.05,21.21,36.03
E02001758,E02001820,19.34,20.47,34.99
E02001758,E02001821,21.42,22.96,39.09
E02001758,E02001822,20.0,21.59,36.61
E02001758,E02001823,23.16,24.38,42.79
E02001758,E02001824,22.16,23.64,40.27
E02001758,E02001825,23.92,24.91,42.86
E02001758,E02001826,25.58,26.69,45.92
E02001758,E02006841,11.45,12.85,21.45
E02001758,E02006842,11.74,13.01,21.98
E02001758,E02006893,15.38,17.21,28.75
E02001759,E02001682,22.08,23.94,40.74
E02001759,E02001683,24.54,26.84,45.49
E02001759,E02001684,11.86,12.27,21.25
E02001759,E02001685,20.45,22.87,38.49
E02001759,E02001686,20.27,22.31,37.75
E02001759,E02001688,14.34,16.8,28.16
E02001759,E02001689,14.07,15.03,25.76
E02001759,E02001690,18.68,20.84,35.41
E02001759,E02001691,14.57,16.27,27.47
E02001759,E02001692,14.36,16.5,27.44
E02001759,E02001693,12.99,14.18,24.03
E02001759,E02001694,16.16,18.25,30.72
E02001759,E02001695,11.31,11.43,19.97
E02001759,E02001696,12.36,13.23,22.55
E02001759,E02001697,15.4,17.93,30.38
E02001759,E02001698,19.69,22.92,38.25
E02001759,E02001699,13.53,15.38,25.62
E02001759,E02001700,18.4,19.33,33.43
E02001759,E02001701,16.12,18.29,31.07
E02001759,E02001702,15.11,16.59,27.97
E02001759,E02001703,24.01,25.73,44.26
E02001759,E02001704,16.0,18.03,30.09
E02001759,E02001705,29.57,35.82,59.22
E02001759,E02001706,17.66,16.92,31.16
E02001759,E02001707,18.17,17.91,31.98
E02001759,E02001708,17.2,20.66,34.42
E02001759,E02001709,14.36,16.58,28.36
E02001759,E02001710,15.15,18.77,30.97
E02001759,E02001711,18.02,20.1,34.08
E02001759,E02001712,11.99,13.37,23.16
E02001759,E02001713,13.47,14.89,25.79
E02001759,E02001714,10.26,10.93,18.72
E02001759,E02001715,15.49,17.51,29.92
E02001759,E02001718,16.4,17.08,29.41
E02001759,E02001719,8.98,9.56,16.31
E02001759,E02001720,11.68,13.24,22.02
E02001759,E02001721,21.79,23.27,39.86
E02001759,E02001722,18.7,20.71,34.76
E02001759,E02001723,15.13,15.14,26.51
E02001759,E02001724,10.91,11.32,19.53
E02001759,E02001725,9.57,10.07,17.27
E02001759,E02001726,15.98,16.56,28.7
E02001759,E02001727,7.57,8.18,13.92
E02001759,E02001728,19.2,21.04,35.65
E02001759,E02001729,13.97,15.55,26.48
E02001759,E02001730,10.98,11.83,20.12
E02001759,E02001731,12.82,13.74,23.81
E02001759,E02001732,17.31,18.27,31.68
E02001759,E02001733,9.85,10.62,18.08
E02001759,E02001734,15.71,16.97,28.89
E02001759,E02001735,9.32,10.35,17.42
E02001759,E02001736,14.62,15.76,26.86
E02001759,E02001737,9.49,10.31,17.56
E02001759,E02001738,6.33,8.0,13.29
E02001759,E02001739,12.58,14.05,23.65
E02001759,E02001740,5.7,7.13,11.75
E02001759,E02001741,14.79,16.44,27.64
E02001759,E02001742,4.62,5.43,8.98
E02001759,E02001743,4.82,6.09,9.98
E02001759,E02001744,6.18,7.99,12.94
E02001759,E02001745,11.46,13.92,22.82
E02001759,E02001746,4.06,4.9,7.96
E02001759,E02001747,3.51,4.01,6.91
E02001759,E02001748,5.51,6.18,10.33
E02001759,E02001749,9.4,10.91,18.4
E02001759,E02001750,2.82,3.47,5.59
E02001759,E02001751,9.63,11.67,19.33
E02001759,E02001752,2.8,3.48,5.6
E02001759,E02001753,2.19,2.9,4.85
E02001759,E02001754,1.23,1.62,2.55
E02001759,E02001755,9.81,11.96,19.8
E02001759,E02001756,10.78,12.58,21.46
E02001759,E02001757,1.47,1.63,2.75
E02001759,E02001758,5.18,6.43,10.33
E02001759,E02001759,0.62,0.81,1.27
E02001759,E02001760,1.5,1.82,2.96
E02001759,E02001761,6.32,7.19,11.94
E02001759,E02001762,7.45,8.44,14.49
E02001759,E02001763,4.05,5.23,8.3
E02001759,E02001764,1.67,1.87,3.12
E02001759,E02001765,3.98,4.56,7.56
E02001759,E02001766,5.75,6.55,10.88
E02001759,E02001767,6.61,7.35,12.36
E02001759,E02001768,10.67,11.32,19.49
E02001759,E02001769,9.3,9.64,16.8
E02001759,E02001770,9.94,11.12,18.66
E02001759,E02001771,11.48,13.15,21.91
E02001759,E02001772,9.4,10.64,17.84
E02001759,E02001773,10.26,12.36,20.2
E02001759,E02001774,6.02,6.25,10.85
E02001759,E02001775,11.55,13.29,22.68
E02001759,E02001776,7.15,7.34,12.79
E02001759,E02001777,8.51,8.87,15.34
E02001759,E02001778,8.87,9.49,16.25
E02001759,E02001779,7.87,8.48,14.53
E02001759,E02001780,10.93,12.12,20.77
E02001759,E02001781,7.48,7.97,13.64
E02001759,E02001782,8.7,10.22,16.95
E02001759,E02001783,9.09,9.58,16.45
E02001759,E02001784,7.48,7.68,13.34
E02001759,E02001785,14.64,17.6,29.66
E02001759,E02001786,10.34,11.07,18.88
E02001759,E02001787,8.59,9.27,15.78
E02001759,E02001788,8.89,9.77,16.49
E02001759,E02001789,12.98,14.18,24.57
E02001759,E02001790,11.31,12.07,21.03
E02001759,E02001791,15.24,16.68,28.56
E02001759,E02001792,16.05,17.66,30.26
E02001759,E02001793,12.27,14.85,24.46
E02001759,E02001794,13.8,17.9,28.65
E02001759,E02001795,15.93,17.51,30.22
E02001759,E02001796,16.96,19.05,32.77
E02001759,E02001797,13.83,14.38,24.81
E02001759,E02001798,12.51,14.54,23.97
E02001759,E02001799,14.72,15.39,26.49
E02001759,E02001800,15.51,14.43,26.12
E02001759,E02001801,17.42,20.19,34.95
E02001759,E02001802,16.31,18.45,31.95
E02001759,E02001803,17.68,19.37,33.76
E02001759,E02001804,17.37,18.8,31.88
E02001759,E02001805,17.22,18.65,32.54
E02001759,E02001806,19.03,20.87,35.67
E02001759,E02001807,15.82,16.73,29.12
E02001759,E02001808,18.13,19.66,34.23
E02001759,E02001809,17.05,17.47,30.67
E02001759,E02001810,17.26,17.04,30.1
E02001759,E02001811,16.28,16.19,28.45
E02001759,E02001812,19.21,21.54,36.96
E02001759,E02001813,18.04,19.31,32.91
E02001759,E02001814,20.33,22.59,38.83
E02001759,E02001815,18.88,18.34,32.55
E02001759,E02001816,19.15,20.96,35.94
E02001759,E02001817,20.79,23.98,40.27
E02001759,E02001818,22.3,25.22,42.51
E02001759,E02001819,18.99,20.38,35.19
E02001759,E02001820,19.28,19.64,34.15
E02001759,E02001821,21.35,22.13,38.25
E02001759,E02001822,19.94,20.77,35.77
E02001759,E02001823,23.09,23.56,41.95
E02001759,E02001824,22.09,22.82,39.43
E02001759,E02001825,23.85,24.09,42.03
E02001759,E02001826,25.51,25.86,45.09
E02001759,E02006841,13.95,15.5,26.14
E02001759,E02006842,14.25,15.65,26.67
E02001759,E02006893,18.88,19.86,34.04
E02001760,E02001682,20.96,22.9,38.82
E02001760,E02001683,23.42,25.8,43.56
E02001760,E02001684,10.74,11.2,19.32
E02001760,E02001685,19.33,21.83,36.56
E02001760,E02001686,19.15,21.27,35.83
E02001760,E02001688,13.22,15.76,26.24
E02001760,E02001689,12.95,13.99,23.84
E02001760,E02001690,17.56,19.8,33.49
E02001760,E02001691,13.45,15.23,25.54
E02001760,E02001692,13.24,15.43,25.52
E02001760,E02001693,11.87,13.12,22.11
E02001760,E02001694,15.04,17.21,28.8
E02001760,E02001695,10.2,10.36,18.04
E02001760,E02001696,11.24,12.16,20.63
E02001760,E02001697,14.28,16.89,28.46
E02001760,E02001698,18.57,21.88,36.32
E02001760,E02001699,12.41,14.32,23.69
E02001760,E02001700,17.28,18.29,31.51
E02001760,E02001701,15.0,17.25,29.14
E02001760,E02001702,14.0,15.52,26.05
E02001760,E02001703,22.89,24.69,42.34
E02001760,E02001704,14.88,16.96,28.17
E02001760,E02001705,28.45,34.78,57.3
E02001760,E02001706,16.54,15.85,29.24
E02001760,E02001707,17.05,16.84,30.06
E02001760,E02001708,15.92,19.99,33.42
E02001760,E02001709,13.09,15.91,26.85
E02001760,E02001710,13.88,18.1,29.46
E02001760,E02001711,16.75,19.43,32.75
E02001760,E02001712,10.71,12.7,21.65
E02001760,E02001713,12.2,14.22,24.28
E02001760,E02001714,8.98,10.27,17.39
E02001760,E02001715,14.22,16.83,28.41
E02001760,E02001718,15.13,16.41,28.09
E02001760,E02001719,7.71,8.89,14.99
E02001760,E02001720,10.41,12.57,20.7
E02001760,E02001721,20.52,22.6,38.53
E02001760,E02001722,17.43,20.04,33.43
E02001760,E02001723,13.85,14.47,25.18
E02001760,E02001724,9.64,10.66,18.2
E02001760,E02001725,8.45,9.01,15.34
E02001760,E02001726,14.81,15.89,27.37
E02001760,E02001727,6.45,7.11,12.0
E02001760,E02001728,17.93,20.34,34.32
E02001760,E02001729,12.85,14.56,24.55
E02001760,E02001730,9.86,10.77,18.2
E02001760,E02001731,11.7,12.96,21.99
E02001760,E02001732,16.19,17.6,30.14
E02001760,E02001733,8.73,9.55,16.16
E02001760,E02001734,14.59,15.93,26.97
E02001760,E02001735,8.2,9.28,15.5
E02001760,E02001736,13.5,14.72,24.94
E02001760,E02001737,8.37,9.24,15.64
E02001760,E02001738,7.08,9.35,15.45
E02001760,E02001739,11.66,13.43,22.68
E02001760,E02001740,6.46,8.49,13.9
E02001760,E02001741,13.88,15.82,26.67
E02001760,E02001742,5.38,6.78,11.13
E02001760,E02001743,5.88,7.45,12.14
E02001760,E02001744,5.27,8.29,12.88
E02001760,E02001745,10.54,13.3,21.85
E02001760,E02001746,4.81,6.26,10.11
E02001760,E02001747,4.42,5.46,9.06
E02001760,E02001748,4.6,6.19,10.28
E02001760,E02001749,8.44,10.29,17.21
E02001760,E02001750,3.58,4.83,7.75
E02001760,E02001751,8.66,11.05,18.14
E02001760,E02001752,2.43,3.48,5.54
E02001760,E02001753,3.5,4.35,7.3
E02001760,E02001754,2.39,3.07,5.0
E02001760,E02001755,8.84,11.34,18.61
E02001760,E02001756,9.51,11.91,19.96
E02001760,E02001757,1.11,1.63,2.69
E02001760,E02001758,3.9,5.76,9.01
E02001760,E02001759,1.5,1.82,2.96
E02001760,E02001760,0.55,0.81,1.35
E02001760,E02001761,5.04,6.52,10.62
E02001760,E02001762,6.18,7.7,12.88
E02001760,E02001763,2.93,4.16,6.38
E02001760,E02001764,2.4,2.86,4.78
E02001760,E02001765,2.86,3.49,5.64
E02001760,E02001766,4.63,5.48,8.95
E02001760,E02001767,5.49,6.28,10.44
E02001760,E02001768,9.55,10.25,17.57
E02001760,E02001769,8.18,8.58,14.87
E02001760,E02001770,8.82,10.05,16.74
E02001760,E02001771,10.36,12.08,19.98
E02001760,E02001772,8.28,9.58,15.92
E02001760,E02001773,9.14,11.29,18.28
E02001760,E02001774,4.9,5.19,8.93
E02001760,E02001775,10.43,12.22,20.76
E02001760,E02001776,6.04,6.27,10.87
E02001760,E02001777,7.39,7.8,13.42
E02001760,E02001778,7.75,8.42,14.32
E02001760,E02001779,6.75,7.41,12.61
E02001760,E02001780,9.81,11.05,18.85
E02001760,E02001781,6.36,6.9,11.72
E02001760,E02001782,7.58,9.16,15.03
E02001760,E02001783,7.97,8.51,14.52
E02001760,E02001784,6.37,6.61,11.42
E02001760,E02001785,13.53,16.54,27.73
E02001760,E02001786,9.22,10.01,16.95
E02001760,E02001787,7.47,8.2,13.85
E02001760,E02001788,7.77,8.71,14.56
E02001760,E02001789,11.86,13.12,22.65
E02001760,E02001790,10.2,11.0,19.1
E02001760,E02001791,14.12,15.61,26.63
E02001760,E02001792,14.93,16.59,28.34
E02001760,E02001793,11.15,13.78,22.53
E02001760,E02001794,12.68,16.84,26.73
E02001760,E02001795,14.81,16.44,28.3
E02001760,E02001796,15.84,17.98,30.85
E02001760,E02001797,12.71,13.32,22.88
E02001760,E02001798,11.39,13.47,22.05
E02001760,E02001799,13.6,14.32,24.56
E02001760,E02001800,14.39,13.37,24.19
E02001760,E02001801,16.3,19.12,33.02
E02001760,E02001802,15.19,17.38,30.03
E02001760,E02001803,16.56,18.31,31.84
E02001760,E02001804,16.25,17.73,29.96
E02001760,E02001805,16.1,17.59,30.62
E02001760,E02001806,17.92,19.8,33.74
E02001760,E02001807,14.7,15.66,27.19
E02001760,E02001808,17.01,18.59,32.31
E02001760,E02001809,15.93,16.41,28.74
E02001760,E02001810,16.14,15.98,28.17
E02001760,E02001811,15.16,15.13,26.53
E02001760,E02001812,18.09,20.47,35.04
E02001760,E02001813,16.92,18.24,30.99
E02001760,E02001814,19.21,21.52,36.9
E02001760,E02001815,17.77,17.27,30.63
E02001760,E02001816,18.03,19.89,34.01
E02001760,E02001817,19.67,22.91,38.34
E02001760,E02001818,21.18,24.16,40.58
E02001760,E02001819,17.87,19.32,33.27
E02001760,E02001820,18.16,18.58,32.23
E02001760,E02001821,20.23,21.07,36.32
E02001760,E02001822,18.82,19.7,33.85
E02001760,E02001823,21.97,22.49,40.03
E02001760,E02001824,20.97,21.75,37.51
E02001760,E02001825,22.73,23.02,40.1
E02001760,E02001826,24.39,24.8,43.16
E02001760,E02006841,12.83,14.46,24.22
E02001760,E02006842,13.13,14.61,24.75
E02001760,E02006893,17.61,19.19,32.71
E02001761,E02001682,17.6,19.49,33.16
E02001761,E02001683,20.06,22.39,37.91
E02001761,E02001684,12.08,12.9,22.24
E02001761,E02001685,15.97,18.42,30.91
E02001761,E02001686,15.79,17.86,30.18
E02001761,E02001688,10.23,12.35,20.58
E02001761,E02001689,9.75,10.58,18.19
E02001761,E02001690,14.56,16.4,27.84
E02001761,E02001691,10.25,11.82,19.89
E02001761,E02001692,10.72,12.54,20.99
E02001761,E02001693,11.83,13.69,22.99
E02001761,E02001694,12.04,13.81,23.15
E02001761,E02001695,12.51,13.01,22.41
E02001761,E02001696,13.37,14.73,25.0
E02001761,E02001697,11.59,13.48,22.81
E02001761,E02001698,15.57,18.47,30.67
E02001761,E02001699,13.16,15.82,26.29
E02001761,E02001700,14.09,14.88,25.86
E02001761,E02001701,12.28,13.84,23.49
E02001761,E02001702,13.2,15.36,25.68
E02001761,E02001703,19.87,21.28,36.68
E02001761,E02001704,13.26,15.61,26.22
E02001761,E02001705,25.09,31.37,51.65
E02001761,E02001706,15.66,17.29,29.48
E02001761,E02001707,17.84,19.48,34.43
E02001761,E02001708,11.42,16.22,26.4
E02001761,E02001709,8.59,11.57,18.57
E02001761,E02001710,9.38,13.76,21.19
E02001761,E02001711,12.25,15.65,25.9
E02001761,E02001712,6.21,8.36,13.37
E02001761,E02001713,7.7,9.88,16.0
E02001761,E02001714,4.94,6.49,10.54
E02001761,E02001715,9.72,12.49,20.14
E02001761,E02001718,11.09,12.63,21.24
E02001761,E02001719,3.67,5.11,8.14
E02001761,E02001720,6.37,8.8,13.85
E02001761,E02001721,16.47,18.82,31.69
E02001761,E02001722,13.38,16.27,26.59
E02001761,E02001723,9.81,10.7,18.33
E02001761,E02001724,5.6,6.88,11.35
E02001761,E02001725,4.7,5.9,9.75
E02001761,E02001726,10.76,12.12,20.52
E02001761,E02001727,3.54,5.76,8.64
E02001761,E02001728,13.89,16.6,27.48
E02001761,E02001729,9.15,11.11,18.37
E02001761,E02001730,6.49,7.83,12.98
E02001761,E02001731,8.0,9.29,15.64
E02001761,E02001732,12.39,13.83,23.51
E02001761,E02001733,5.74,7.54,12.45
E02001761,E02001734,10.99,12.52,21.16
E02001761,E02001735,5.21,7.93,12.14
E02001761,E02001736,9.9,11.31,19.13
E02001761,E02001737,5.61,7.89,12.28
E02001761,E02001738,9.43,12.75,21.18
E02001761,E02001739,10.03,13.23,21.35
E02001761,E02001740,8.8,11.89,19.64
E02001761,E02001741,10.75,14.15,22.83
E02001761,E02001742,7.41,10.17,16.87
E02001761,E02001743,8.91,10.85,17.87
E02001761,E02001744,6.6,9.73,15.32
E02001761,E02001745,7.55,12.37,18.65
E02001761,E02001746,7.8,9.65,15.85
E02001761,E02001747,7.86,8.92,15.02
E02001761,E02001748,5.31,6.72,11.18
E02001761,E02001749,5.7,8.48,13.27
E02001761,E02001750,7.02,8.22,13.48
E02001761,E02001751,4.98,7.87,11.96
E02001761,E02001752,5.65,6.86,11.13
E02001761,E02001753,7.56,9.25,15.4
E02001761,E02001754,6.31,8.05,13.16
E02001761,E02001755,4.46,7.96,11.66
E02001761,E02001756,5.01,7.57,11.68
E02001761,E02001757,4.84,5.56,9.19
E02001761,E02001758,2.48,4.54,6.65
E02001761,E02001759,6.32,7.19,11.94
E02001761,E02001760,5.04,6.52,10.62
E02001761,E02001761,0.84,1.67,2.3
E02001761,E02001762,1.67,3.35,4.6
E02001761,E02001763,3.16,5.24,7.61
E02001761,E02001764,6.49,7.73,12.63
E02001761,E02001765,3.37,5.42,8.06
E02001761,E02001766,2.08,4.16,5.71
E02001761,E02001767,2.06,4.12,5.67
E02001761,E02001768,11.87,12.9,21.94
E02001761,E02001769,10.5,11.22,19.24
E02001761,E02001770,11.14,12.69,21.11
E02001761,E02001771,12.68,14.72,24.35
E02001761,E02001772,10.6,12.22,20.29
E02001761,E02001773,11.46,13.94,22.65
E02001761,E02001774,7.22,7.83,13.3
E02001761,E02001775,12.75,14.87,25.13
E02001761,E02001776,8.35,8.92,15.24
E02001761,E02001777,9.71,10.44,17.79
E02001761,E02001778,10.07,11.06,18.69
E02001761,E02001779,9.07,10.06,16.98
E02001761,E02001780,12.13,13.69,23.22
E02001761,E02001781,8.67,9.54,16.09
E02001761,E02001782,9.89,11.8,19.4
E02001761,E02001783,10.29,11.16,18.89
E02001761,E02001784,8.68,9.26,15.79
E02001761,E02001785,15.84,19.18,32.1
E02001761,E02001786,11.53,12.65,21.32
E02001761,E02001787,9.79,10.84,18.22
E02001761,E02001788,10.08,11.35,18.93
E02001761,E02001789,14.18,15.76,27.02
E02001761,E02001790,12.51,13.65,23.47
E02001761,E02001791,16.43,18.25,31.0
E02001761,E02001792,17.25,19.23,32.7
E02001761,E02001793,13.47,16.43,26.9
E02001761,E02001794,15.0,19.48,31.1
E02001761,E02001795,17.13,19.09,32.67
E02001761,E02001796,18.16,20.62,35.22
E02001761,E02001797,15.03,15.96,27.25
E02001761,E02001798,13.7,16.12,26.42
E02001761,E02001799,15.92,16.97,28.93
E02001761,E02001800,16.71,16.01,28.56
E02001761,E02001801,18.62,21.76,37.39
E02001761,E02001802,17.51,20.03,34.4
E02001761,E02001803,18.88,20.95,36.21
E02001761,E02001804,18.57,20.38,34.33
E02001761,E02001805,18.42,20.23,34.99
E02001761,E02001806,20.23,22.44,38.11
E02001761,E02001807,17.01,18.3,31.56
E02001761,E02001808,19.33,21.24,36.68
E02001761,E02001809,18.25,19.05,33.11
E02001761,E02001810,17.62,18.62,32.54
E02001761,E02001811,17.47,17.77,30.9
E02001761,E02001812,20.41,23.11,39.41
E02001761,E02001813,19.24,20.89,35.36
E02001761,E02001814,21.53,24.17,41.27
E02001761,E02001815,20.08,19.92,35.0
E02001761,E02001816,20.35,22.53,38.38
E02001761,E02001817,21.99,25.55,42.71
E02001761,E02001818,23.49,26.8,44.95
E02001761,E02001819,20.18,21.96,37.64
E02001761,E02001820,20.47,21.22,36.6
E02001761,E02001821,22.55,23.71,40.69
E02001761,E02001822,21.14,22.35,38.22
E02001761,E02001823,24.29,25.13,44.4
E02001761,E02001824,23.29,24.39,41.88
E02001761,E02001825,25.05,25.67,44.47
E02001761,E02001826,26.71,27.44,47.53
E02001761,E02006841,9.64,11.05,18.57
E02001761,E02006842,9.93,11.21,19.1
E02001761,E02006893,13.37,15.41,25.87
E02001762,E02001682,16.83,17.86,30.68
E02001762,E02001683,19.29,20.77,35.43
E02001762,E02001684,11.31,11.27,19.76
E02001762,E02001685,15.2,16.79,28.43
E02001762,E02001686,15.02,16.23,27.69
E02001762,E02001688,9.49,10.72,18.1
E02001762,E02001689,8.98,8.95,15.7
E02001762,E02001690,13.8,14.77,25.35
E02001762,E02001691,9.48,10.19,17.41
E02001762,E02001692,9.95,10.91,18.5
E02001762,E02001693,11.06,12.06,20.5
E02001762,E02001694,11.28,12.18,20.66
E02001762,E02001695,12.62,12.35,21.83
E02001762,E02001696,12.59,13.1,22.56
E02001762,E02001697,10.81,11.85,20.32
E02001762,E02001698,14.81,16.85,28.19
E02001762,E02001699,12.39,14.19,23.8
E02001762,E02001700,13.31,13.25,23.37
E02001762,E02001701,11.5,12.21,21.01
E02001762,E02001702,12.42,13.74,23.19
E02001762,E02001703,19.1,19.66,34.2
E02001762,E02001704,12.49,13.98,23.74
E02001762,E02001705,24.32,29.74,49.16
E02001762,E02001706,14.88,15.67,27.0
E02001762,E02001707,17.07,18.97,32.07
E02001762,E02001708,10.11,13.93,22.77
E02001762,E02001709,7.27,8.93,14.94
E02001762,E02001710,8.06,11.12,17.56
E02001762,E02001711,10.93,13.47,22.31
E02001762,E02001712,4.9,5.72,9.74
E02001762,E02001713,6.38,7.24,12.37
E02001762,E02001714,4.17,4.86,8.06
E02001762,E02001715,8.4,9.85,16.51
E02001762,E02001718,9.94,11.0,18.75
E02001762,E02001719,2.89,3.49,5.65
E02001762,E02001720,5.59,7.17,11.36
E02001762,E02001721,15.7,17.19,29.2
E02001762,E02001722,12.56,14.64,24.1
E02001762,E02001723,9.04,9.07,15.85
E02001762,E02001724,4.82,5.25,8.87
E02001762,E02001725,3.93,4.27,7.26
E02001762,E02001726,9.99,10.49,18.04
E02001762,E02001727,3.28,4.02,6.75
E02001762,E02001728,13.12,14.97,25.0
E02001762,E02001729,8.38,9.48,15.88
E02001762,E02001730,5.72,6.2,10.49
E02001762,E02001731,7.23,7.67,13.15
E02001762,E02001732,11.62,12.2,21.02
E02001762,E02001733,5.35,5.91,9.97
E02001762,E02001734,10.22,10.89,18.68
E02001762,E02001735,4.95,6.19,10.25
E02001762,E02001736,9.12,9.69,16.65
E02001762,E02001737,5.35,6.15,10.39
E02001762,E02001738,9.17,11.62,19.16
E02001762,E02001739,8.72,10.59,17.72
E02001762,E02001740,9.3,11.81,19.46
E02001762,E02001741,9.43,11.51,19.2
E02001762,E02001742,7.99,10.24,16.9
E02001762,E02001743,10.26,12.1,20.43
E02001762,E02001744,5.7,8.21,12.83
E02001762,E02001745,6.24,9.73,15.02
E02001762,E02001746,9.17,10.9,18.4
E02001762,E02001747,8.99,10.17,17.57
E02001762,E02001748,4.45,5.23,8.72
E02001762,E02001749,4.39,5.84,9.64
E02001762,E02001750,8.15,9.47,16.04
E02001762,E02001751,3.67,5.23,8.33
E02001762,E02001752,6.81,8.11,13.68
E02001762,E02001753,8.69,10.5,17.95
E02001762,E02001754,7.44,9.3,15.71
E02001762,E02001755,3.14,5.32,8.03
E02001762,E02001756,3.69,4.93,8.05
E02001762,E02001757,5.98,6.81,11.75
E02001762,E02001758,3.87,5.79,9.2
E02001762,E02001759,7.45,8.44,14.49
E02001762,E02001760,6.17,7.69,12.88
E02001762,E02001761,1.67,3.35,4.6
E02001762,E02001762,0.84,1.12,1.78
E02001762,E02001763,4.29,6.35,10.16
E02001762,E02001764,7.62,8.84,14.89
E02001762,E02001765,4.22,4.69,7.86
E02001762,E02001766,2.4,3.45,5.26
E02001762,E02001767,1.74,2.25,3.55
E02001762,E02001768,13.0,13.68,23.6
E02001762,E02001769,11.63,12.01,20.9
E02001762,E02001770,12.27,13.48,22.77
E02001762,E02001771,13.81,15.51,26.02
E02001762,E02001772,11.73,13.0,21.95
E02001762,E02001773,12.59,14.72,24.31
E02001762,E02001774,8.35,8.61,14.96
E02001762,E02001775,13.88,15.65,26.79
E02001762,E02001776,9.48,9.7,16.9
E02001762,E02001777,10.84,11.23,19.45
E02001762,E02001778,11.2,11.85,20.36
E02001762,E02001779,10.2,10.84,18.64
E02001762,E02001780,13.26,14.48,24.88
E02001762,E02001781,9.8,10.33,17.75
E02001762,E02001782,11.03,12.59,21.06
E02001762,E02001783,11.42,11.94,20.56
E02001762,E02001784,9.81,10.04,17.45
E02001762,E02001785,16.97,19.96,33.77
E02001762,E02001786,12.66,13.44,22.98
E02001762,E02001787,10.92,11.63,19.88
E02001762,E02001788,11.21,12.14,20.6
E02001762,E02001789,15.31,16.55,28.68
E02001762,E02001790,13.64,14.43,25.13
E02001762,E02001791,17.57,19.04,32.66
E02001762,E02001792,18.38,20.02,34.37
E02001762,E02001793,14.6,17.21,28.56
E02001762,E02001794,16.13,20.26,32.76
E02001762,E02001795,18.26,19.87,34.33
E02001762,E02001796,19.29,21.41,36.88
E02001762,E02001797,15.95,16.67,28.65
E02001762,E02001798,14.84,16.9,28.08
E02001762,E02001799,16.84,17.68,30.33
E02001762,E02001800,16.7,16.54,29.65
E02001762,E02001801,19.75,22.55,39.05
E02001762,E02001802,18.64,20.81,36.06
E02001762,E02001803,20.01,21.73,37.87
E02001762,E02001804,19.7,21.16,35.99
E02001762,E02001805,19.55,21.01,36.65
E02001762,E02001806,21.36,23.23,39.77
E02001762,E02001807,18.15,19.02,32.96
E02001762,E02001808,20.46,22.02,38.34
E02001762,E02001809,18.29,19.58,34.2
E02001762,E02001810,16.84,19.15,32.91
E02001762,E02001811,18.61,18.56,32.56
E02001762,E02001812,21.54,23.9,41.07
E02001762,E02001813,20.37,21.67,37.02
E02001762,E02001814,22.66,24.95,42.94
E02001762,E02001815,19.39,20.44,36.08
E02001762,E02001816,21.48,23.32,40.04
E02001762,E02001817,23.12,26.34,44.38
E02001762,E02001818,24.62,27.59,46.62
E02001762,E02001819,21.32,22.75,39.3
E02001762,E02001820,21.6,21.96,38.26
E02001762,E02001821,23.68,24.49,42.35
E02001762,E02001822,22.27,23.13,39.88
E02001762,E02001823,25.42,25.66,45.41
E02001762,E02001824,24.42,25.18,43.54
E02001762,E02001825,26.18,26.45,46.13
E02001762,E02001826,27.84,28.23,49.19
E02001762,E02006841,8.86,9.42,16.08
E02001762,E02006842,9.16,9.58,16.61
E02001762,E02006893,12.06,13.78,23.38
E02001763,E02001682,19.31,21.55,36.31
E02001763,E02001683,21.77,24.46,41.06
E02001763,E02001684,10.38,11.22,19.08
E02001763,E02001685,17.68,20.48,34.06
E02001763,E02001686,17.5,19.92,33.32
E02001763,E02001688,11.57,14.41,23.73
E02001763,E02001689,11.3,12.64,21.33
E02001763,E02001690,15.91,18.46,30.98
E02001763,E02001691,11.8,13.88,23.04
E02001763,E02001692,12.27,14.6,24.14
E02001763,E02001693,11.52,13.14,21.86
E02001763,E02001694,13.39,15.87,26.29
E02001763,E02001695,9.84,10.39,17.8
E02001763,E02001696,10.89,12.19,20.38
E02001763,E02001697,13.13,15.54,25.95
E02001763,E02001698,16.92,20.53,33.82
E02001763,E02001699,12.06,14.34,23.45
E02001763,E02001700,15.64,16.94,29.0
E02001763,E02001701,13.83,15.9,26.64
E02001763,E02001702,13.64,15.54,25.8
E02001763,E02001703,21.25,23.34,39.83
E02001763,E02001704,14.52,16.98,27.92
E02001763,E02001705,26.8,33.43,54.79
E02001763,E02001706,16.18,15.87,28.99
E02001763,E02001707,16.7,16.86,29.81
E02001763,E02001708,14.04,18.71,30.41
E02001763,E02001709,11.21,14.57,24.12
E02001763,E02001710,11.99,16.76,26.74
E02001763,E02001711,14.86,18.15,29.74
E02001763,E02001712,8.83,11.36,18.92
E02001763,E02001713,10.31,12.88,21.55
E02001763,E02001714,7.1,8.99,14.38
E02001763,E02001715,12.33,15.5,25.69
E02001763,E02001718,13.24,15.13,25.08
E02001763,E02001719,5.82,7.61,11.98
E02001763,E02001720,8.52,11.29,17.69
E02001763,E02001721,18.63,21.32,35.52
E02001763,E02001722,15.54,18.77,30.42
E02001763,E02001723,11.97,13.19,22.17
E02001763,E02001724,7.75,9.38,15.19
E02001763,E02001725,6.8,7.66,12.84
E02001763,E02001726,12.92,14.62,24.36
E02001763,E02001727,4.8,5.77,9.49
E02001763,E02001728,16.05,18.99,31.32
E02001763,E02001729,11.2,13.22,22.05
E02001763,E02001730,8.21,9.42,15.69
E02001763,E02001731,10.05,11.61,19.47
E02001763,E02001732,14.54,16.32,27.35
E02001763,E02001733,7.09,8.21,13.65
E02001763,E02001734,12.94,14.58,24.46
E02001763,E02001735,6.55,7.94,12.99
E02001763,E02001736,11.85,13.37,22.43
E02001763,E02001737,6.72,7.9,13.13
E02001763,E02001738,9.0,12.59,20.54
E02001763,E02001739,11.16,13.42,21.84
E02001763,E02001740,8.37,11.74,18.99
E02001763,E02001741,13.36,15.8,25.83
E02001763,E02001742,6.98,10.02,16.22
E02001763,E02001743,8.48,10.7,17.23
E02001763,E02001744,6.17,9.68,14.68
E02001763,E02001745,10.04,13.28,21.01
E02001763,E02001746,7.37,9.5,15.2
E02001763,E02001747,7.06,8.77,14.37
E02001763,E02001748,4.88,6.67,10.53
E02001763,E02001749,7.86,10.27,16.37
E02001763,E02001750,6.22,8.07,12.84
E02001763,E02001751,7.6,10.87,17.29
E02001763,E02001752,4.89,6.71,10.48
E02001763,E02001753,6.06,7.75,12.64
E02001763,E02001754,5.03,6.48,10.34
E02001763,E02001755,7.07,10.96,17.21
E02001763,E02001756,7.62,10.57,17.23
E02001763,E02001757,3.88,5.03,8.03
E02001763,E02001758,2.11,4.22,5.8
E02001763,E02001759,4.05,5.23,8.3
E02001763,E02001760,2.93,4.16,6.38
E02001763,E02001761,3.16,5.24,7.61
E02001763,E02001762,4.29,6.35,10.16
E02001763,E02001763,0.64,1.07,1.57
E02001763,E02001764,3.85,5.37,8.38
E02001763,E02001765,1.28,2.15,3.13
E02001763,E02001766,2.98,4.14,6.45
E02001763,E02001767,3.84,4.94,7.93
E02001763,E02001768,9.19,10.28,17.32
E02001763,E02001769,7.83,8.6,14.62
E02001763,E02001770,8.46,10.07,16.49
E02001763,E02001771,10.01,12.1,19.74
E02001763,E02001772,7.92,9.6,15.67
E02001763,E02001773,8.78,11.32,18.03
E02001763,E02001774,4.54,5.21,8.68
E02001763,E02001775,10.08,12.24,20.51
E02001763,E02001776,5.68,6.3,10.62
E02001763,E02001777,7.04,7.82,13.17
E02001763,E02001778,7.39,8.44,14.08
E02001763,E02001779,6.39,7.43,12.36
E02001763,E02001780,9.45,11.07,18.6
E02001763,E02001781,6.0,6.92,11.47
E02001763,E02001782,7.22,9.18,14.78
E02001763,E02001783,7.62,8.54,14.28
E02001763,E02001784,6.01,6.63,11.17
E02001763,E02001785,13.17,16.56,27.49
E02001763,E02001786,8.86,10.03,16.71
E02001763,E02001787,7.12,8.22,13.61
E02001763,E02001788,7.41,8.73,14.32
E02001763,E02001789,11.5,13.14,22.4
E02001763,E02001790,9.84,11.03,18.86
E02001763,E02001791,13.76,15.63,26.39
E02001763,E02001792,14.58,16.61,28.09
E02001763,E02001793,10.8,13.81,22.28
E02001763,E02001794,12.32,16.86,26.48
E02001763,E02001795,14.46,16.47,28.05
E02001763,E02001796,15.49,18.0,30.6
E02001763,E02001797,12.36,13.34,22.64
E02001763,E02001798,11.03,13.5,21.8
E02001763,E02001799,13.25,14.35,24.32
E02001763,E02001800,14.03,13.39,23.94
E02001763,E02001801,15.95,19.14,32.78
E02001763,E02001802,14.84,17.41,29.78
E02001763,E02001803,16.2,18.33,31.59
E02001763,E02001804,15.9,17.76,29.71
E02001763,E02001805,15.75,17.61,30.37
E02001763,E02001806,17.56,19.82,33.5
E02001763,E02001807,14.34,15.68,26.95
E02001763,E02001808,16.66,18.61,32.06
E02001763,E02001809,15.58,16.43,28.5
E02001763,E02001810,15.78,16.0,27.93
E02001763,E02001811,14.8,15.15,26.28
E02001763,E02001812,17.74,20.49,34.79
E02001763,E02001813,16.56,18.26,30.74
E02001763,E02001814,18.86,21.55,36.66
E02001763,E02001815,17.41,17.3,30.38
E02001763,E02001816,17.68,19.91,33.77
E02001763,E02001817,19.31,22.93,38.1
E02001763,E02001818,20.82,24.18,40.34
E02001763,E02001819,17.51,19.34,33.02
E02001763,E02001820,17.8,18.6,31.98
E02001763,E02001821,19.88,21.09,36.08
E02001763,E02001822,18.46,19.72,33.6
E02001763,E02001823,21.62,22.51,39.78
E02001763,E02001824,20.61,21.77,37.26
E02001763,E02001825,22.38,23.04,39.85
E02001763,E02001826,24.04,24.82,42.91
E02001763,E02006841,11.18,13.11,21.71
E02001763,E02006842,11.48,13.27,22.24
E02001763,E02006893,15.72,17.91,29.71
E02001764,E02001682,21.82,23.66,40.26
E02001764,E02001683,24.28,26.57,45.01
E02001764,E02001684,10.68,11.43,19.64
E02001764,E02001685,20.19,22.59,38.01
E02001764,E02001686,20.01,22.03,37.28
E02001764,E02001688,14.06,16.52,27.68
E02001764,E02001689,13.82,14.75,25.28
E02001764,E02001690,18.4,20.57,34.94
E02001764,E02001691,14.31,15.99,26.99
E02001764,E02001692,13.18,15.66,25.83
E02001764,E02001693,11.82,13.34,22.42
E02001764,E02001694,15.88,17.98,30.25
E02001764,E02001695,10.14,10.59,18.36
E02001764,E02001696,11.19,12.39,20.94
E02001764,E02001697,14.22,17.65,28.84
E02001764,E02001698,19.41,22.65,37.77
E02001764,E02001699,12.36,14.54,24.01
E02001764,E02001700,18.15,19.05,32.95
E02001764,E02001701,14.95,18.01,30.59
E02001764,E02001702,13.94,15.75,26.36
E02001764,E02001703,23.74,25.46,43.78
E02001764,E02001704,14.82,17.19,28.48
E02001764,E02001705,29.31,35.54,58.75
E02001764,E02001706,16.48,16.08,29.55
E02001764,E02001707,17.0,17.07,30.37
E02001764,E02001708,17.37,21.21,35.44
E02001764,E02001709,14.53,17.07,28.85
E02001764,E02001710,15.32,19.25,31.47
E02001764,E02001711,18.19,20.64,34.76
E02001764,E02001712,12.16,13.85,23.65
E02001764,E02001713,13.64,15.37,26.29
E02001764,E02001714,10.43,11.48,19.4
E02001764,E02001715,15.66,17.99,30.42
E02001764,E02001718,16.57,17.62,30.1
E02001764,E02001719,9.15,10.1,17.0
E02001764,E02001720,11.85,13.79,22.71
E02001764,E02001721,21.67,23.59,39.97
E02001764,E02001722,18.87,21.09,35.44
E02001764,E02001723,15.3,15.69,27.2
E02001764,E02001724,11.08,11.87,20.21
E02001764,E02001725,9.37,10.16,17.35
E02001764,E02001726,15.73,17.11,29.39
E02001764,E02001727,7.16,7.74,13.12
E02001764,E02001728,19.08,21.11,35.77
E02001764,E02001729,13.71,15.33,26.0
E02001764,E02001730,10.72,11.53,19.65
E02001764,E02001731,12.56,13.72,23.43
E02001764,E02001732,17.05,18.5,31.59
E02001764,E02001733,9.46,10.31,17.47
E02001764,E02001734,15.46,16.69,28.41
E02001764,E02001735,8.9,9.91,16.62
E02001764,E02001736,14.36,15.49,26.38
E02001764,E02001737,9.07,9.87,16.76
E02001764,E02001738,7.71,9.49,15.87
E02001764,E02001739,13.28,14.65,24.7
E02001764,E02001740,7.06,8.62,14.32
E02001764,E02001741,15.49,17.03,28.68
E02001764,E02001742,6.0,6.92,11.55
E02001764,E02001743,6.11,7.58,12.56
E02001764,E02001744,7.01,9.32,14.75
E02001764,E02001745,12.16,14.51,23.87
E02001764,E02001746,5.44,6.4,10.53
E02001764,E02001747,4.81,5.51,9.48
E02001764,E02001748,6.34,7.22,12.15
E02001764,E02001749,9.99,11.5,19.23
E02001764,E02001750,4.2,4.97,8.17
E02001764,E02001751,10.21,12.26,20.15
E02001764,E02001752,3.83,4.52,7.41
E02001764,E02001753,3.48,4.22,7.15
E02001764,E02001754,2.57,3.11,5.13
E02001764,E02001755,10.4,12.55,20.63
E02001764,E02001756,10.95,13.06,21.96
E02001764,E02001757,2.51,2.66,4.56
E02001764,E02001758,5.35,6.98,11.02
E02001764,E02001759,1.67,1.86,3.12
E02001764,E02001760,2.41,2.86,4.78
E02001764,E02001761,6.49,7.73,12.63
E02001764,E02001762,7.62,8.84,14.89
E02001764,E02001763,3.85,5.37,8.38
E02001764,E02001764,0.84,0.93,1.56
E02001764,E02001765,3.78,4.7,7.64
E02001764,E02001766,5.55,6.63,10.96
E02001764,E02001767,6.41,7.43,12.44
E02001764,E02001768,9.49,10.48,17.88
E02001764,E02001769,8.13,8.8,15.18
E02001764,E02001770,8.76,10.28,17.05
E02001764,E02001771,10.3,12.31,20.3
E02001764,E02001772,8.22,9.8,16.23
E02001764,E02001773,9.08,11.52,18.59
E02001764,E02001774,4.84,5.41,9.24
E02001764,E02001775,10.38,12.45,21.07
E02001764,E02001776,5.98,6.5,11.18
E02001764,E02001777,7.34,8.03,13.73
E02001764,E02001778,7.69,8.65,14.64
E02001764,E02001779,6.69,7.64,12.92
E02001764,E02001780,9.75,11.28,19.16
E02001764,E02001781,6.3,7.13,12.03
E02001764,E02001782,7.52,9.38,15.34
E02001764,E02001783,7.92,8.74,14.84
E02001764,E02001784,6.31,6.84,11.73
E02001764,E02001785,13.47,16.76,28.05
E02001764,E02001786,9.16,10.24,17.27
E02001764,E02001787,7.42,8.43,14.17
E02001764,E02001788,7.71,8.94,14.88
E02001764,E02001789,11.8,13.34,22.96
E02001764,E02001790,10.14,11.23,19.42
E02001764,E02001791,14.06,15.84,26.95
E02001764,E02001792,14.87,16.82,28.65
E02001764,E02001793,11.1,14.01,22.84
E02001764,E02001794,12.62,17.06,27.04
E02001764,E02001795,14.76,16.67,28.61
E02001764,E02001796,15.79,18.21,31.16
E02001764,E02001797,12.66,13.54,23.19
E02001764,E02001798,11.33,13.7,22.36
E02001764,E02001799,13.55,14.55,24.88
E02001764,E02001800,14.33,13.6,24.5
E02001764,E02001801,16.25,19.35,33.34
E02001764,E02001802,15.14,17.61,30.34
E02001764,E02001803,16.5,18.53,32.15
E02001764,E02001804,16.2,17.96,30.27
E02001764,E02001805,16.05,17.81,30.93
E02001764,E02001806,17.86,20.03,34.06
E02001764,E02001807,14.64,15.89,27.51
E02001764,E02001808,16.96,18.82,32.62
E02001764,E02001809,15.88,16.64,29.06
E02001764,E02001810,16.08,16.2,28.49
E02001764,E02001811,15.1,15.36,26.84
E02001764,E02001812,18.04,20.7,35.35
E02001764,E02001813,16.86,18.47,31.3
E02001764,E02001814,19.15,21.75,37.22
E02001764,E02001815,17.71,17.5,30.94
E02001764,E02001816,17.97,20.12,34.33
E02001764,E02001817,19.61,23.14,38.66
E02001764,E02001818,21.12,24.38,40.9
E02001764,E02001819,17.81,19.55,33.58
E02001764,E02001820,18.1,18.81,32.54
E02001764,E02001821,20.18,21.29,36.64
E02001764,E02001822,18.76,19.93,34.16
E02001764,E02001823,21.92,22.72,40.34
E02001764,E02001824,20.91,21.98,37.82
E02001764,E02001825,22.67,23.25,40.41
E02001764,E02001826,24.34,25.03,43.47
E02001764,E02006841,13.63,14.99,25.4
E02001764,E02006842,13.68,15.38,26.2
E02001764,E02006893,19.05,20.4,34.73
E02001765,E02001682,18.27,19.89,33.79
E02001765,E02001683,20.73,22.79,38.54
E02001765,E02001684,10.31,10.55,18.34
E02001765,E02001685,16.64,18.82,31.54
E02001765,E02001686,16.46,18.26,30.8
E02001765,E02001688,10.53,12.75,21.21
E02001765,E02001689,10.26,10.98,18.81
E02001765,E02001690,14.87,16.79,28.46
E02001765,E02001691,10.76,12.22,20.52
E02001765,E02001692,11.23,12.93,21.62
E02001765,E02001693,11.44,12.47,21.12
E02001765,E02001694,12.35,14.21,23.77
E02001765,E02001695,9.77,9.72,17.06
E02001765,E02001696,10.81,11.52,19.64
E02001765,E02001697,12.09,13.88,23.43
E02001765,E02001698,15.88,18.87,31.3
E02001765,E02001699,11.98,13.67,22.71
E02001765,E02001700,14.59,15.28,26.48
E02001765,E02001701,12.78,14.24,24.12
E02001765,E02001702,13.57,14.87,25.06
E02001765,E02001703,20.2,21.68,37.31
E02001765,E02001704,13.77,16.01,26.85
E02001765,E02001705,25.76,31.77,52.27
E02001765,E02001706,16.11,15.2,28.25
E02001765,E02001707,16.63,16.19,29.07
E02001765,E02001708,13.98,17.29,28.8
E02001765,E02001709,11.14,12.91,21.82
E02001765,E02001710,11.93,15.1,24.44
E02001765,E02001711,14.8,16.72,28.13
E02001765,E02001712,8.77,9.7,16.62
E02001765,E02001713,10.25,11.22,19.26
E02001765,E02001714,6.85,7.56,12.77
E02001765,E02001715,12.27,13.83,23.39
E02001765,E02001718,12.99,13.7,23.46
E02001765,E02001719,5.57,6.18,10.36
E02001765,E02001720,8.27,9.87,16.07
E02001765,E02001721,18.11,19.82,33.5
E02001765,E02001722,15.29,17.32,28.81
E02001765,E02001723,11.72,11.77,20.56
E02001765,E02001724,7.5,7.95,13.58
E02001765,E02001725,5.76,6.0,10.32
E02001765,E02001726,12.17,13.19,22.75
E02001765,E02001727,3.76,4.11,6.97
E02001765,E02001728,15.53,17.33,29.3
E02001765,E02001729,10.16,11.55,19.53
E02001765,E02001730,7.17,7.76,13.17
E02001765,E02001731,9.01,9.95,16.96
E02001765,E02001732,13.5,14.72,25.12
E02001765,E02001733,6.04,6.54,11.13
E02001765,E02001734,11.9,12.92,21.94
E02001765,E02001735,5.51,6.28,10.47
E02001765,E02001736,10.81,11.71,19.91
E02001765,E02001737,5.68,6.23,10.61
E02001765,E02001738,9.27,11.92,20.04
E02001765,E02001739,11.42,12.81,21.72
E02001765,E02001740,8.64,11.07,18.5
E02001765,E02001741,13.3,15.19,25.71
E02001765,E02001742,7.24,9.35,15.73
E02001765,E02001743,8.45,10.03,16.74
E02001765,E02001744,6.44,9.07,14.57
E02001765,E02001745,10.11,12.67,20.89
E02001765,E02001746,7.38,8.83,14.71
E02001765,E02001747,6.99,8.1,13.66
E02001765,E02001748,5.15,6.06,10.42
E02001765,E02001749,8.13,9.66,16.25
E02001765,E02001750,6.15,7.4,12.35
E02001765,E02001751,7.54,9.21,15.21
E02001765,E02001752,5.13,6.04,10.07
E02001765,E02001753,5.99,7.08,11.9
E02001765,E02001754,4.96,5.81,9.6
E02001765,E02001755,7.01,9.3,14.91
E02001765,E02001756,7.56,8.91,14.93
E02001765,E02001757,3.81,4.36,7.29
E02001765,E02001758,2.38,4.49,6.27
E02001765,E02001759,3.98,4.56,7.56
E02001765,E02001760,2.86,3.49,5.64
E02001765,E02001761,3.37,5.42,8.06
E02001765,E02001762,4.22,4.69,7.86
E02001765,E02001763,1.28,2.15,3.13
E02001765,E02001764,3.78,4.7,7.64
E02001765,E02001765,0.64,1.07,1.57
E02001765,E02001766,1.94,2.48,3.93
E02001765,E02001767,2.8,3.28,5.41
E02001765,E02001768,9.12,9.61,16.58
E02001765,E02001769,7.76,7.93,13.88
E02001765,E02001770,8.39,9.4,15.75
E02001765,E02001771,9.93,11.43,19.0
E02001765,E02001772,7.85,8.93,14.93
E02001765,E02001773,8.71,10.65,17.29
E02001765,E02001774,4.47,4.54,7.94
E02001765,E02001775,10.0,11.57,19.77
E02001765,E02001776,5.61,5.63,9.88
E02001765,E02001777,6.96,7.15,12.43
E02001765,E02001778,7.32,7.77,13.34
E02001765,E02001779,6.32,6.76,11.62
E02001765,E02001780,9.38,10.4,17.86
E02001765,E02001781,5.93,6.25,10.73
E02001765,E02001782,7.15,8.51,14.04
E02001765,E02001783,7.54,7.87,13.54
E02001765,E02001784,5.94,5.96,10.43
E02001765,E02001785,13.1,15.89,26.75
E02001765,E02001786,8.79,9.36,15.97
E02001765,E02001787,7.04,7.55,12.87
E02001765,E02001788,7.34,8.06,13.58
E02001765,E02001789,11.43,12.47,21.66
E02001765,E02001790,9.77,10.36,18.12
E02001765,E02001791,13.69,14.96,25.65
E02001765,E02001792,14.5,15.94,27.35
E02001765,E02001793,10.72,13.14,21.54
E02001765,E02001794,12.25,16.19,25.74
E02001765,E02001795,14.38,15.8,27.31
E02001765,E02001796,15.42,17.33,29.86
E02001765,E02001797,12.29,12.67,21.89
E02001765,E02001798,10.96,12.83,21.06
E02001765,E02001799,13.18,13.68,23.58
E02001765,E02001800,13.96,12.72,23.2
E02001765,E02001801,15.87,18.47,32.04
E02001765,E02001802,14.77,16.74,29.04
E02001765,E02001803,16.13,17.66,30.85
E02001765,E02001804,15.83,17.09,28.97
E02001765,E02001805,15.67,16.94,29.63
E02001765,E02001806,17.49,19.15,32.75
E02001765,E02001807,14.27,15.01,26.21
E02001765,E02001808,16.59,17.94,31.32
E02001765,E02001809,15.51,15.76,27.75
E02001765,E02001810,15.71,15.33,27.19
E02001765,E02001811,14.73,14.48,25.54
E02001765,E02001812,17.67,19.82,34.05
E02001765,E02001813,16.49,17.59,30.0
E02001765,E02001814,18.78,20.88,35.92
E02001765,E02001815,17.34,16.63,29.64
E02001765,E02001816,17.6,19.24,33.03
E02001765,E02001817,19.24,22.26,37.36
E02001765,E02001818,20.75,23.51,39.6
E02001765,E02001819,17.44,18.67,32.28
E02001765,E02001820,17.73,17.93,31.24
E02001765,E02001821,19.8,20.42,35.34
E02001765,E02001822,18.39,19.05,32.86
E02001765,E02001823,21.55,21.84,39.04
E02001765,E02001824,20.54,21.1,36.52
E02001765,E02001825,22.3,22.37,39.11
E02001765,E02001826,23.96,24.15,42.17
E02001765,E02006841,10.14,11.45,19.2
E02001765,E02006842,10.44,11.61,19.73
E02001765,E02006893,15.48,16.48,28.09
E02001766,E02001682,16.82,18.66,31.52
E02001766,E02001683,19.28,21.56,36.27
E02001766,E02001684,11.14,12.06,20.6
E02001766,E02001685,15.19,17.59,29.27
E02001766,E02001686,15.01,17.03,28.53
E02001766,E02001688,9.09,11.52,18.94
E02001766,E02001689,8.82,9.75,16.54
E02001766,E02001690,13.42,15.56,26.19
E02001766,E02001691,9.31,10.99,18.25
E02001766,E02001692,9.78,11.7,19.35
E02001766,E02001693,10.89,12.86,21.34
E02001766,E02001694,10.91,12.97,21.5
E02001766,E02001695,11.42,11.58,20.15
E02001766,E02001696,12.43,13.38,22.73
E02001766,E02001697,10.65,12.65,21.16
E02001766,E02001698,14.43,17.64,29.03
E02001766,E02001699,12.23,14.99,24.64
E02001766,E02001700,13.15,14.05,24.21
E02001766,E02001701,11.34,13.01,21.85
E02001766,E02001702,12.26,14.53,24.03
E02001766,E02001703,18.76,20.45,35.04
E02001766,E02001704,12.33,14.78,24.58
E02001766,E02001705,24.31,30.54,50.0
E02001766,E02001706,14.72,16.46,27.84
E02001766,E02001707,16.9,18.06,32.16
E02001766,E02001708,12.15,16.05,26.21
E02001766,E02001709,9.32,11.68,19.23
E02001766,E02001710,10.11,13.86,21.85
E02001766,E02001711,12.98,15.49,25.53
E02001766,E02001712,6.94,8.46,14.03
E02001766,E02001713,8.43,9.98,16.66
E02001766,E02001714,5.03,6.33,10.17
E02001766,E02001715,10.45,12.6,20.8
E02001766,E02001718,11.17,12.47,20.87
E02001766,E02001719,3.75,4.95,7.77
E02001766,E02001720,6.45,8.63,13.48
E02001766,E02001721,16.56,18.59,31.23
E02001766,E02001722,13.47,16.09,26.22
E02001766,E02001723,9.9,10.53,17.96
E02001766,E02001724,5.68,6.72,10.98
E02001766,E02001725,4.31,4.77,8.05
E02001766,E02001726,10.73,11.96,20.16
E02001766,E02001727,2.34,2.97,4.87
E02001766,E02001728,13.98,16.1,27.03
E02001766,E02001729,8.71,10.32,17.26
E02001766,E02001730,5.72,6.53,10.9
E02001766,E02001731,7.56,8.72,14.69
E02001766,E02001732,12.05,13.49,22.85
E02001766,E02001733,4.6,5.31,8.86
E02001766,E02001734,10.46,11.69,19.67
E02001766,E02001735,4.07,5.14,8.37
E02001766,E02001736,9.36,10.48,17.64
E02001766,E02001737,4.31,5.1,8.51
E02001766,E02001738,10.39,13.92,22.99
E02001766,E02001739,10.76,13.33,22.01
E02001766,E02001740,9.76,13.06,21.44
E02001766,E02001741,11.48,14.26,23.48
E02001766,E02001742,8.37,11.34,18.67
E02001766,E02001743,9.87,12.02,19.68
E02001766,E02001744,7.56,10.96,17.12
E02001766,E02001745,8.28,12.47,19.31
E02001766,E02001746,8.76,10.82,17.66
E02001766,E02001747,8.54,10.09,16.82
E02001766,E02001748,6.27,7.97,12.98
E02001766,E02001749,6.43,8.59,13.93
E02001766,E02001750,7.7,9.39,15.29
E02001766,E02001751,5.72,7.98,12.62
E02001766,E02001752,6.37,8.03,12.93
E02001766,E02001753,7.76,9.07,15.21
E02001766,E02001754,6.73,7.8,12.91
E02001766,E02001755,5.19,8.07,12.32
E02001766,E02001756,5.74,7.68,12.34
E02001766,E02001757,5.53,6.36,10.6
E02001766,E02001758,3.5,5.84,8.46
E02001766,E02001759,5.75,6.55,10.88
E02001766,E02001760,4.63,5.48,8.95
E02001766,E02001761,2.08,4.16,5.71
E02001766,E02001762,2.4,3.45,5.26
E02001766,E02001763,2.98,4.14,6.45
E02001766,E02001764,5.55,6.63,10.96
E02001766,E02001765,1.94,2.48,3.93
E02001766,E02001766,0.51,1.02,1.41
E02001766,E02001767,1.03,2.04,2.82
E02001766,E02001768,10.77,11.47,19.67
E02001766,E02001769,9.4,9.79,16.97
E02001766,E02001770,10.04,11.27,18.84
E02001766,E02001771,11.58,13.3,22.09
E02001766,E02001772,9.5,10.79,18.02
E02001766,E02001773,10.36,12.51,20.38
E02001766,E02001774,6.12,6.4,11.03
E02001766,E02001775,11.65,13.44,22.86
E02001766,E02001776,7.26,7.49,12.97
E02001766,E02001777,8.61,9.02,15.52
E02001766,E02001778,8.97,9.64,16.43
E02001766,E02001779,7.97,8.63,14.71
E02001766,E02001780,11.03,12.27,20.95
E02001766,E02001781,7.58,8.12,13.82
E02001766,E02001782,8.8,10.37,17.13
E02001766,E02001783,9.19,9.73,16.63
E02001766,E02001784,7.59,7.83,13.52
E02001766,E02001785,14.74,17.75,29.84
E02001766,E02001786,10.44,11.22,19.06
E02001766,E02001787,8.69,9.42,15.96
E02001766,E02001788,8.99,9.92,16.67
E02001766,E02001789,13.08,14.33,24.75
E02001766,E02001790,11.41,12.22,21.21
E02001766,E02001791,15.34,16.83,28.74
E02001766,E02001792,16.15,17.81,30.44
E02001766,E02001793,12.37,15.0,24.63
E02001766,E02001794,13.9,18.05,28.83
E02001766,E02001795,16.03,17.66,30.4
E02001766,E02001796,17.06,19.2,32.95
E02001766,E02001797,13.93,14.53,24.99
E02001766,E02001798,12.61,14.69,24.15
E02001766,E02001799,14.82,15.54,26.67
E02001766,E02001800,15.61,14.58,26.29
E02001766,E02001801,17.52,20.34,35.13
E02001766,E02001802,16.41,18.6,32.13
E02001766,E02001803,17.78,19.52,33.94
E02001766,E02001804,17.47,18.95,32.06
E02001766,E02001805,17.32,18.8,32.72
E02001766,E02001806,19.13,21.02,35.85
E02001766,E02001807,15.92,16.88,29.3
E02001766,E02001808,18.23,19.81,34.41
E02001766,E02001809,17.15,17.62,30.85
E02001766,E02001810,16.68,17.19,30.28
E02001766,E02001811,16.38,16.34,28.63
E02001766,E02001812,19.31,21.69,37.14
E02001766,E02001813,18.14,19.46,33.09
E02001766,E02001814,20.43,22.74,39.01
E02001766,E02001815,18.98,18.49,32.73
E02001766,E02001816,19.25,21.11,36.12
E02001766,E02001817,20.89,24.13,40.45
E02001766,E02001818,22.39,25.37,42.69
E02001766,E02001819,19.09,20.53,35.37
E02001766,E02001820,19.38,19.79,34.33
E02001766,E02001821,21.45,22.28,38.43
E02001766,E02001822,20.04,20.92,35.95
E02001766,E02001823,23.19,23.71,42.13
E02001766,E02001824,22.19,22.97,39.61
E02001766,E02001825,23.95,24.24,42.2
E02001766,E02001826,25.61,26.01,45.26
E02001766,E02006841,8.7,10.22,16.92
E02001766,E02006842,9.0,10.37,17.45
E02001766,E02006893,13.65,15.25,25.5
E02001767,E02001682,16.03,17.95,30.18
E02001767,E02001683,18.49,20.85,34.93
E02001767,E02001684,10.34,11.35,19.26
E02001767,E02001685,14.4,16.88,27.93
E02001767,E02001686,14.22,16.32,27.2
E02001767,E02001688,8.29,10.81,17.6
E02001767,E02001689,8.02,9.04,15.21
E02001767,E02001690,12.63,14.85,24.86
E02001767,E02001691,8.52,10.28,16.91
E02001767,E02001692,8.99,10.99,18.01
E02001767,E02001693,10.09,12.15,20.01
E02001767,E02001694,10.11,12.26,20.17
E02001767,E02001695,11.66,12.38,21.33
E02001767,E02001696,11.63,13.19,22.07
E02001767,E02001697,9.85,11.94,19.83
E02001767,E02001698,13.64,16.93,27.69
E02001767,E02001699,11.43,14.28,23.31
E02001767,E02001700,12.35,13.34,22.88
E02001767,E02001701,10.54,12.3,20.51
E02001767,E02001702,11.46,13.82,22.7
E02001767,E02001703,17.96,19.74,33.7
E02001767,E02001704,11.53,14.07,23.24
E02001767,E02001705,23.52,29.83,48.67
E02001767,E02001706,13.92,15.75,26.5
E02001767,E02001707,16.1,18.86,31.57
E02001767,E02001708,11.49,14.85,24.5
E02001767,E02001709,8.66,10.47,17.52
E02001767,E02001710,9.45,12.66,20.14
E02001767,E02001711,12.32,14.28,23.83
E02001767,E02001712,6.28,7.26,12.32
E02001767,E02001713,7.77,8.78,14.95
E02001767,E02001714,4.36,5.12,8.46
E02001767,E02001715,9.79,11.4,19.09
E02001767,E02001718,10.51,11.26,19.16
E02001767,E02001719,3.09,3.75,6.06
E02001767,E02001720,5.79,7.43,11.77
E02001767,E02001721,15.87,17.45,29.61
E02001767,E02001722,12.81,14.9,24.51
E02001767,E02001723,9.23,9.33,16.26
E02001767,E02001724,5.02,5.51,9.27
E02001767,E02001725,3.52,4.06,6.71
E02001767,E02001726,9.93,10.75,18.45
E02001767,E02001727,1.6,2.45,3.67
E02001767,E02001728,13.29,15.23,25.4
E02001767,E02001729,7.92,9.61,15.92
E02001767,E02001730,4.93,5.82,9.57
E02001767,E02001731,6.76,7.93,13.35
E02001767,E02001732,11.26,12.46,21.43
E02001767,E02001733,3.8,4.6,7.53
E02001767,E02001734,9.66,10.98,18.33
E02001767,E02001735,3.27,4.78,7.81
E02001767,E02001736,8.57,9.77,16.3
E02001767,E02001737,3.68,4.74,7.95
E02001767,E02001738,10.55,13.16,21.75
E02001767,E02001739,10.1,12.13,20.3
E02001767,E02001740,10.12,13.35,22.04
E02001767,E02001741,10.82,13.06,21.78
E02001767,E02001742,8.73,11.67,19.48
E02001767,E02001743,10.23,12.34,20.55
E02001767,E02001744,7.09,9.76,15.41
E02001767,E02001745,7.62,11.27,17.6
E02001767,E02001746,9.11,11.15,18.52
E02001767,E02001747,8.9,10.42,17.69
E02001767,E02001748,5.83,6.77,11.3
E02001767,E02001749,5.77,7.39,12.22
E02001767,E02001750,8.06,9.72,16.15
E02001767,E02001751,5.05,6.77,10.91
E02001767,E02001752,6.73,8.36,13.8
E02001767,E02001753,8.61,9.87,16.7
E02001767,E02001754,7.36,8.6,14.4
E02001767,E02001755,4.53,6.86,10.61
E02001767,E02001756,5.07,6.47,10.63
E02001767,E02001757,5.89,7.06,11.87
E02001767,E02001758,3.86,6.04,9.32
E02001767,E02001759,6.61,7.35,12.36
E02001767,E02001760,5.49,6.28,10.44
E02001767,E02001761,2.06,4.12,5.67
E02001767,E02001762,1.74,2.25,3.55
E02001767,E02001763,3.84,4.94,7.93
E02001767,E02001764,6.41,7.43,12.44
E02001767,E02001765,2.8,3.28,5.41
E02001767,E02001766,1.03,2.04,2.82
E02001767,E02001767,0.51,1.02,1.41
E02001767,E02001768,11.61,12.27,21.16
E02001767,E02001769,10.24,10.59,18.46
E02001767,E02001770,10.88,12.07,20.33
E02001767,E02001771,12.42,14.1,23.57
E02001767,E02001772,10.34,11.59,19.51
E02001767,E02001773,11.2,13.31,21.87
E02001767,E02001774,6.96,7.2,12.51
E02001767,E02001775,12.49,14.24,24.35
E02001767,E02001776,8.09,8.29,14.45
E02001767,E02001777,9.45,9.82,17.01
E02001767,E02001778,9.81,10.44,17.91
E02001767,E02001779,8.81,9.43,16.19
E02001767,E02001780,11.87,13.07,22.44
E02001767,E02001781,8.41,8.92,15.3
E02001767,E02001782,9.64,11.17,18.61
E02001767,E02001783,10.03,10.53,18.11
E02001767,E02001784,8.42,8.63,15.01
E02001767,E02001785,15.58,18.55,31.32
E02001767,E02001786,11.27,12.03,20.54
E02001767,E02001787,9.53,10.22,17.44
E02001767,E02001788,9.82,10.73,18.15
E02001767,E02001789,13.92,15.13,26.24
E02001767,E02001790,12.25,13.02,22.69
E02001767,E02001791,16.18,17.63,30.22
E02001767,E02001792,16.99,18.61,31.92
E02001767,E02001793,13.21,15.8,26.12
E02001767,E02001794,14.74,18.85,30.32
E02001767,E02001795,16.87,18.46,31.89
E02001767,E02001796,17.9,20.0,34.44
E02001767,E02001797,14.77,15.33,26.47
E02001767,E02001798,13.44,15.49,25.63
E02001767,E02001799,15.66,16.34,28.15
E02001767,E02001800,15.74,15.39,27.78
E02001767,E02001801,18.36,21.14,36.61
E02001767,E02001802,17.25,19.4,33.61
E02001767,E02001803,18.62,20.32,35.42
E02001767,E02001804,18.31,19.75,33.54
E02001767,E02001805,18.16,19.6,34.21
E02001767,E02001806,19.97,21.82,37.33
E02001767,E02001807,16.76,17.68,30.78
E02001767,E02001808,19.07,20.61,35.9
E02001767,E02001809,17.33,18.43,32.33
E02001767,E02001810,15.88,17.99,31.76
E02001767,E02001811,17.22,17.15,30.11
E02001767,E02001812,20.15,22.49,38.63
E02001767,E02001813,18.98,20.26,34.57
E02001767,E02001814,21.27,23.54,40.49
E02001767,E02001815,18.43,19.29,34.22
E02001767,E02001816,20.09,21.91,37.6
E02001767,E02001817,21.73,24.93,41.93
E02001767,E02001818,23.23,26.17,44.17
E02001767,E02001819,19.92,21.34,36.86
E02001767,E02001820,20.21,20.6,35.81
E02001767,E02001821,22.29,23.08,39.91
E02001767,E02001822,20.88,21.72,37.44
E02001767,E02001823,24.03,24.51,43.61
E02001767,E02001824,23.03,23.77,41.1
E02001767,E02001825,24.79,25.04,43.69
E02001767,E02001826,26.45,26.82,46.75
E02001767,E02006841,7.9,9.51,15.59
E02001767,E02006842,8.2,9.66,16.12
E02001767,E02006893,12.99,14.04,23.79
E02001768,E02001682,26.04,28.24,48.03
E02001768,E02001683,28.5,31.14,52.78
E02001768,E02001684,11.9,13.08,22.09
E02001768,E02001685,23.78,26.88,45.31
E02001768,E02001686,24.23,26.61,45.04
E02001768,E02001688,17.37,20.03,33.44
E02001768,E02001689,15.55,17.83,30.17
E02001768,E02001690,21.31,24.07,40.69
E02001768,E02001691,15.13,18.83,31.07
E02001768,E02001692,13.87,17.22,28.04
E02001768,E02001693,12.5,14.9,24.63
E02001768,E02001694,18.79,21.49,36.0
E02001768,E02001695,10.02,11.08,18.68
E02001768,E02001696,11.07,12.88,21.26
E02001768,E02001697,14.91,19.2,31.06
E02001768,E02001698,22.15,26.15,43.53
E02001768,E02001699,12.75,15.69,25.57
E02001768,E02001700,19.93,22.56,38.22
E02001768,E02001701,15.64,19.22,32.31
E02001768,E02001702,13.82,16.24,26.69
E02001768,E02001703,26.62,29.08,49.86
E02001768,E02001704,14.71,17.68,28.81
E02001768,E02001705,33.05,39.16,64.82
E02001768,E02001706,16.36,16.56,29.87
E02001768,E02001707,16.88,17.55,30.69
E02001768,E02001708,22.75,26.21,44.51
E02001768,E02001709,19.91,21.91,37.57
E02001768,E02001710,20.7,24.09,40.18
E02001768,E02001711,23.57,25.64,43.84
E02001768,E02001712,17.54,18.69,32.37
E02001768,E02001713,19.02,20.21,35.0
E02001768,E02001714,15.66,16.55,28.51
E02001768,E02001715,21.04,22.83,39.13
E02001768,E02001718,21.72,22.62,39.17
E02001768,E02001719,14.38,15.18,26.11
E02001768,E02001720,17.08,18.86,31.82
E02001768,E02001721,26.05,28.17,48.01
E02001768,E02001722,23.35,25.88,43.48
E02001768,E02001723,20.45,20.68,36.27
E02001768,E02001724,16.31,16.94,29.32
E02001768,E02001725,14.57,14.99,26.06
E02001768,E02001726,20.42,22.11,37.82
E02001768,E02001727,12.13,12.58,21.8
E02001768,E02001728,23.47,25.68,43.58
E02001768,E02001729,18.45,20.12,34.04
E02001768,E02001730,15.7,16.37,28.33
E02001768,E02001731,17.16,18.51,31.47
E02001768,E02001732,21.44,23.29,39.63
E02001768,E02001733,14.43,15.15,26.16
E02001768,E02001734,19.84,21.49,36.45
E02001768,E02001735,13.88,14.75,25.31
E02001768,E02001736,18.75,20.28,34.42
E02001768,E02001737,14.05,14.71,25.44
E02001768,E02001738,16.29,18.85,31.98
E02001768,E02001739,18.67,19.81,34.01
E02001768,E02001740,15.66,17.99,30.43
E02001768,E02001741,20.88,22.2,37.99
E02001768,E02001742,14.27,16.28,27.66
E02001768,E02001743,15.14,16.95,28.67
E02001768,E02001744,13.67,16.08,26.85
E02001768,E02001745,17.55,19.68,33.18
E02001768,E02001746,14.07,15.76,26.64
E02001768,E02001747,13.68,14.96,25.59
E02001768,E02001748,12.44,13.07,22.7
E02001768,E02001749,15.38,16.67,28.54
E02001768,E02001750,12.84,14.32,24.28
E02001768,E02001751,15.6,17.43,29.46
E02001768,E02001752,11.82,12.98,22.07
E02001768,E02001753,12.68,13.84,23.83
E02001768,E02001754,11.65,12.57,21.53
E02001768,E02001755,15.78,17.72,29.94
E02001768,E02001756,16.33,17.9,30.67
E02001768,E02001757,10.5,11.13,19.22
E02001768,E02001758,10.74,12.14,20.33
E02001768,E02001759,10.67,11.32,19.49
E02001768,E02001760,9.55,10.25,17.57
E02001768,E02001761,11.87,12.9,21.94
E02001768,E02001762,13.0,13.68,23.6
E02001768,E02001763,9.19,10.28,17.32
E02001768,E02001764,9.49,10.48,17.88
E02001768,E02001765,9.12,9.61,16.58
E02001768,E02001766,10.77,11.47,19.67
E02001768,E02001767,11.61,12.27,21.16
E02001768,E02001768,0.79,0.97,1.56
E02001768,E02001769,1.58,1.94,3.13
E02001768,E02001770,1.6,2.08,3.38
E02001768,E02001771,3.34,4.12,6.62
E02001768,E02001772,3.18,4.45,6.88
E02001768,E02001773,3.07,4.25,6.57
E02001768,E02001774,6.06,7.07,11.69
E02001768,E02001775,4.15,5.42,8.54
E02001768,E02001776,7.19,8.16,13.63
E02001768,E02001777,8.55,9.68,16.19
E02001768,E02001778,3.32,4.33,6.82
E02001768,E02001779,4.13,5.06,8.25
E02001768,E02001780,4.05,5.15,8.34
E02001768,E02001781,5.25,6.35,10.36
E02001768,E02001782,8.57,11.04,17.79
E02001768,E02001783,5.02,6.36,10.13
E02001768,E02001784,6.19,7.33,12.05
E02001768,E02001785,6.85,9.43,15.44
E02001768,E02001786,5.24,6.83,10.77
E02001768,E02001787,7.24,8.8,14.31
E02001768,E02001788,7.51,9.3,15.02
E02001768,E02001789,6.97,8.31,13.84
E02001768,E02001790,7.65,10.36,16.15
E02001768,E02001791,8.44,9.84,16.3
E02001768,E02001792,9.38,11.2,18.6
E02001768,E02001793,10.66,14.38,22.99
E02001768,E02001794,11.62,14.41,23.27
E02001768,E02001795,9.85,11.06,18.57
E02001768,E02001796,10.29,12.59,21.12
E02001768,E02001797,12.54,14.03,23.52
E02001768,E02001798,11.13,14.07,22.5
E02001768,E02001799,13.43,15.04,25.2
E02001768,E02001800,14.22,14.08,24.83
E02001768,E02001801,12.61,14.26,23.85
E02001768,E02001802,13.43,15.97,26.7
E02001768,E02001803,11.98,12.92,22.1
E02001768,E02001804,14.84,18.13,30.39
E02001768,E02001805,13.73,14.84,25.36
E02001768,E02001806,12.59,14.41,24.01
E02001768,E02001807,14.44,16.38,27.83
E02001768,E02001808,13.12,14.21,24.19
E02001768,E02001809,15.68,17.12,29.38
E02001768,E02001810,15.96,16.69,28.81
E02001768,E02001811,14.9,15.72,26.98
E02001768,E02001812,13.54,15.76,26.31
E02001768,E02001813,15.44,16.6,28.33
E02001768,E02001814,14.12,16.13,27.17
E02001768,E02001815,17.59,17.99,31.27
E02001768,E02001816,16.4,18.12,30.58
E02001768,E02001817,16.11,19.47,31.71
E02001768,E02001818,16.29,18.95,31.67
E02001768,E02001819,17.43,19.78,33.36
E02001768,E02001820,17.9,19.18,32.68
E02001768,E02001821,17.2,21.66,35.54
E02001768,E02001822,18.56,20.3,34.3
E02001768,E02001823,21.72,23.2,40.48
E02001768,E02001824,20.71,22.35,37.96
E02001768,E02001825,22.48,23.62,40.56
E02001768,E02001826,24.14,25.4,43.62
E02001768,E02006841,14.66,16.57,27.66
E02001768,E02006842,14.37,17.66,29.07
E02001768,E02006893,24.2,25.4,43.8
E02001769,E02001682,24.68,26.56,45.34
E02001769,E02001683,27.14,29.46,50.08
E02001769,E02001684,10.53,11.41,19.39
E02001769,E02001685,22.42,25.2,42.61
E02001769,E02001686,22.87,24.93,42.35
E02001769,E02001688,16.01,18.35,30.74
E02001769,E02001689,14.18,16.15,27.47
E02001769,E02001690,19.94,22.4,38.0
E02001769,E02001691,13.77,17.15,28.38
E02001769,E02001692,12.51,15.54,25.35
E02001769,E02001693,11.14,13.22,21.94
E02001769,E02001694,17.43,19.81,33.31
E02001769,E02001695,8.66,9.4,15.98
E02001769,E02001696,9.71,11.2,18.57
E02001769,E02001697,13.55,17.53,28.36
E02001769,E02001698,20.78,24.48,40.83
E02001769,E02001699,11.39,14.02,22.87
E02001769,E02001700,18.57,20.88,35.52
E02001769,E02001701,14.27,17.55,29.61
E02001769,E02001702,12.46,14.56,23.99
E02001769,E02001703,25.25,27.4,47.17
E02001769,E02001704,13.34,16.0,26.11
E02001769,E02001705,31.68,37.49,62.13
E02001769,E02001706,15.0,14.89,27.18
E02001769,E02001707,15.52,15.88,28.0
E02001769,E02001708,21.38,24.53,41.81
E02001769,E02001709,18.55,20.23,34.87
E02001769,E02001710,19.34,22.42,37.49
E02001769,E02001711,22.21,23.96,41.14
E02001769,E02001712,16.17,17.02,29.67
E02001769,E02001713,17.66,18.53,32.3
E02001769,E02001714,14.3,14.88,25.81
E02001769,E02001715,19.68,21.15,36.44
E02001769,E02001718,20.36,20.94,36.48
E02001769,E02001719,13.02,13.5,23.41
E02001769,E02001720,15.72,17.18,29.12
E02001769,E02001721,24.69,26.49,45.32
E02001769,E02001722,21.98,24.21,40.79
E02001769,E02001723,19.08,19.01,33.57
E02001769,E02001724,14.95,15.27,26.62
E02001769,E02001725,13.2,13.32,23.36
E02001769,E02001726,19.06,20.43,35.12
E02001769,E02001727,10.76,10.9,19.11
E02001769,E02001728,22.1,24.0,40.89
E02001769,E02001729,17.08,18.44,31.34
E02001769,E02001730,14.33,14.7,25.64
E02001769,E02001731,15.8,16.84,28.77
E02001769,E02001732,20.07,21.61,36.93
E02001769,E02001733,13.07,13.47,23.46
E02001769,E02001734,18.48,19.81,33.75
E02001769,E02001735,12.51,13.07,22.61
E02001769,E02001736,17.38,18.6,31.72
E02001769,E02001737,12.68,13.03,22.75
E02001769,E02001738,14.93,17.17,29.28
E02001769,E02001739,17.31,18.14,31.31
E02001769,E02001740,14.3,16.31,27.73
E02001769,E02001741,19.52,20.52,35.3
E02001769,E02001742,12.9,14.6,24.96
E02001769,E02001743,13.77,15.28,25.97
E02001769,E02001744,12.31,14.4,24.15
E02001769,E02001745,16.19,18.0,30.48
E02001769,E02001746,12.71,14.08,23.94
E02001769,E02001747,12.31,13.29,22.89
E02001769,E02001748,11.08,11.39,20.0
E02001769,E02001749,14.01,14.99,25.84
E02001769,E02001750,11.47,12.65,21.58
E02001769,E02001751,14.24,15.75,26.76
E02001769,E02001752,10.45,11.31,19.37
E02001769,E02001753,11.31,12.17,21.13
E02001769,E02001754,10.28,10.89,18.83
E02001769,E02001755,14.42,16.04,27.24
E02001769,E02001756,14.97,16.23,27.98
E02001769,E02001757,9.13,9.45,16.52
E02001769,E02001758,9.37,10.47,17.63
E02001769,E02001759,9.3,9.64,16.8
E02001769,E02001760,8.19,8.58,14.87
E02001769,E02001761,10.5,11.22,19.24
E02001769,E02001762,11.63,12.01,20.9
E02001769,E02001763,7.83,8.6,14.62
E02001769,E02001764,8.13,8.8,15.18
E02001769,E02001765,7.76,7.93,13.88
E02001769,E02001766,9.4,9.79,16.97
E02001769,E02001767,10.24,10.59,18.46
E02001769,E02001768,1.58,1.94,3.13
E02001769,E02001769,0.6,0.74,1.19
E02001769,E02001770,1.2,1.47,2.37
E02001769,E02001771,2.76,3.5,5.62
E02001769,E02001772,1.93,2.9,4.38
E02001769,E02001773,2.23,3.4,5.14
E02001769,E02001774,4.69,5.39,9.0
E02001769,E02001775,3.37,4.81,7.53
E02001769,E02001776,5.83,6.48,10.94
E02001769,E02001777,7.19,8.01,13.49
E02001769,E02001778,2.07,2.77,4.32
E02001769,E02001779,2.76,3.39,5.55
E02001769,E02001780,3.06,4.3,6.91
E02001769,E02001781,3.88,4.67,7.67
E02001769,E02001782,7.21,9.36,15.1
E02001769,E02001783,3.77,4.8,7.62
E02001769,E02001784,4.83,5.65,9.36
E02001769,E02001785,6.37,9.15,14.52
E02001769,E02001786,3.99,5.27,8.26
E02001769,E02001787,5.88,7.12,11.61
E02001769,E02001788,6.15,7.63,12.32
E02001769,E02001789,5.98,7.46,12.41
E02001769,E02001790,6.39,8.79,13.64
E02001769,E02001791,7.46,8.98,14.87
E02001769,E02001792,8.39,10.35,17.17
E02001769,E02001793,9.41,12.7,20.29
E02001769,E02001794,10.63,13.56,21.84
E02001769,E02001795,8.86,10.2,17.14
E02001769,E02001796,9.31,11.74,19.69
E02001769,E02001797,11.18,12.35,20.82
E02001769,E02001798,9.77,12.4,19.81
E02001769,E02001799,12.07,13.36,22.5
E02001769,E02001800,12.85,12.41,22.13
E02001769,E02001801,11.63,13.41,22.42
E02001769,E02001802,12.44,15.12,25.27
E02001769,E02001803,11.0,12.06,20.67
E02001769,E02001804,13.86,16.65,27.72
E02001769,E02001805,12.75,13.98,23.93
E02001769,E02001806,11.6,13.56,22.58
E02001769,E02001807,13.08,14.7,25.13
E02001769,E02001808,12.14,13.35,22.76
E02001769,E02001809,14.31,15.45,26.68
E02001769,E02001810,14.6,15.02,26.11
E02001769,E02001811,13.54,14.05,24.29
E02001769,E02001812,12.55,14.9,24.88
E02001769,E02001813,14.46,15.74,26.91
E02001769,E02001814,13.14,15.28,25.74
E02001769,E02001815,16.23,16.31,28.57
E02001769,E02001816,15.42,17.27,29.15
E02001769,E02001817,15.13,18.62,30.28
E02001769,E02001818,15.31,18.1,30.24
E02001769,E02001819,16.25,18.24,31.03
E02001769,E02001820,16.54,17.5,29.99
E02001769,E02001821,16.22,19.99,34.08
E02001769,E02001822,17.2,18.62,31.61
E02001769,E02001823,20.35,21.53,37.79
E02001769,E02001824,19.35,20.67,35.27
E02001769,E02001825,21.11,21.94,37.86
E02001769,E02001826,22.77,23.72,40.92
E02001769,E02006841,13.3,14.89,24.97
E02001769,E02006842,13.01,15.98,26.38
E02001769,E02006893,22.84,23.73,41.1
E02001770,E02001682,25.31,28.03,47.2
E02001770,E02001683,27.77,30.94,51.95
E02001770,E02001684,11.17,12.88,21.26
E02001770,E02001685,23.05,26.68,44.48
E02001770,E02001686,23.5,26.4,44.22
E02001770,E02001688,16.64,19.83,32.61
E02001770,E02001689,14.82,17.63,29.34
E02001770,E02001690,20.58,23.87,39.87
E02001770,E02001691,14.4,18.62,30.25
E02001770,E02001692,13.14,17.01,27.21
E02001770,E02001693,11.78,14.7,23.8
E02001770,E02001694,18.06,21.28,35.18
E02001770,E02001695,9.29,10.87,17.85
E02001770,E02001696,10.34,12.67,20.44
E02001770,E02001697,14.18,19.0,30.23
E02001770,E02001698,21.42,25.95,42.7
E02001770,E02001699,12.02,15.49,24.74
E02001770,E02001700,19.2,22.36,37.39
E02001770,E02001701,14.91,19.02,31.48
E02001770,E02001702,13.09,16.03,25.86
E02001770,E02001703,25.89,28.87,49.04
E02001770,E02001704,13.98,17.47,27.98
E02001770,E02001705,32.32,38.96,64.0
E02001770,E02001706,15.63,16.36,29.05
E02001770,E02001707,16.15,17.35,29.87
E02001770,E02001708,22.02,26.0,43.68
E02001770,E02001709,19.18,21.7,36.74
E02001770,E02001710,19.97,23.89,39.35
E02001770,E02001711,22.84,25.43,43.01
E02001770,E02001712,16.8,18.49,31.54
E02001770,E02001713,18.29,20.01,34.17
E02001770,E02001714,14.93,16.35,27.68
E02001770,E02001715,20.31,22.62,38.3
E02001770,E02001718,20.99,22.41,38.34
E02001770,E02001719,13.65,14.97,25.28
E02001770,E02001720,16.35,18.66,30.99
E02001770,E02001721,25.32,27.96,47.18
E02001770,E02001722,22.62,25.68,42.65
E02001770,E02001723,19.72,20.48,35.44
E02001770,E02001724,15.58,16.74,28.49
E02001770,E02001725,13.84,14.79,25.23
E02001770,E02001726,19.69,21.9,36.99
E02001770,E02001727,11.4,12.38,20.98
E02001770,E02001728,22.74,25.47,42.75
E02001770,E02001729,17.72,19.92,33.21
E02001770,E02001730,14.97,16.17,27.51
E02001770,E02001731,16.43,18.31,30.64
E02001770,E02001732,20.71,23.09,38.8
E02001770,E02001733,13.7,14.94,25.33
E02001770,E02001734,19.11,21.28,35.62
E02001770,E02001735,13.15,14.54,24.48
E02001770,E02001736,18.02,20.07,33.59
E02001770,E02001737,13.32,14.5,24.62
E02001770,E02001738,15.56,18.64,31.15
E02001770,E02001739,17.94,19.61,33.18
E02001770,E02001740,14.94,17.79,29.6
E02001770,E02001741,20.15,21.99,37.17
E02001770,E02001742,13.54,16.07,26.83
E02001770,E02001743,14.41,16.75,27.84
E02001770,E02001744,12.94,15.87,26.02
E02001770,E02001745,16.82,19.48,32.35
E02001770,E02001746,13.34,15.55,25.81
E02001770,E02001747,12.95,14.76,24.76
E02001770,E02001748,11.71,12.86,21.87
E02001770,E02001749,14.65,16.46,27.71
E02001770,E02001750,12.11,14.12,23.45
E02001770,E02001751,14.87,17.22,28.63
E02001770,E02001752,11.09,12.78,21.24
E02001770,E02001753,11.95,13.64,23.0
E02001770,E02001754,10.92,12.37,20.7
E02001770,E02001755,15.05,17.52,29.11
E02001770,E02001756,15.6,17.7,29.85
E02001770,E02001757,9.77,10.92,18.39
E02001770,E02001758,10.01,11.94,19.5
E02001770,E02001759,9.94,11.12,18.66
E02001770,E02001760,8.82,10.05,16.74
E02001770,E02001761,11.14,12.69,21.11
E02001770,E02001762,12.27,13.48,22.77
E02001770,E02001763,8.46,10.07,16.49
E02001770,E02001764,8.76,10.28,17.05
E02001770,E02001765,8.39,9.4,15.75
E02001770,E02001766,10.04,11.27,18.84
E02001770,E02001767,10.88,12.07,20.33
E02001770,E02001768,1.6,2.08,3.38
E02001770,E02001769,1.2,1.47,2.37
E02001770,E02001770,0.6,0.74,1.19
E02001770,E02001771,1.74,2.28,3.59
E02001770,E02001772,2.02,3.06,4.64
E02001770,E02001773,1.84,2.87,4.26
E02001770,E02001774,5.33,6.86,10.87
E02001770,E02001775,2.55,3.59,5.51
E02001770,E02001776,6.46,7.95,12.81
E02001770,E02001777,7.82,9.48,15.36
E02001770,E02001778,2.41,3.35,5.25
E02001770,E02001779,3.4,4.86,7.42
E02001770,E02001780,2.82,3.77,6.04
E02001770,E02001781,4.52,6.14,9.54
E02001770,E02001782,7.84,10.84,16.96
E02001770,E02001783,4.12,5.38,8.55
E02001770,E02001784,5.46,7.12,11.23
E02001770,E02001785,5.36,7.93,12.5
E02001770,E02001786,4.34,5.73,9.19
E02001770,E02001787,6.51,8.59,13.48
E02001770,E02001788,6.78,9.1,14.19
E02001770,E02001789,5.74,6.93,11.54
E02001770,E02001790,6.74,9.19,14.57
E02001770,E02001791,7.21,8.46,13.99
E02001770,E02001792,8.15,9.82,16.3
E02001770,E02001793,9.75,14.07,22.09
E02001770,E02001794,10.39,13.03,20.97
E02001770,E02001795,8.62,9.67,16.26
E02001770,E02001796,9.06,11.21,18.81
E02001770,E02001797,11.81,13.82,22.69
E02001770,E02001798,10.4,13.87,21.67
E02001770,E02001799,12.7,14.83,24.37
E02001770,E02001800,13.49,13.88,24.0
E02001770,E02001801,11.38,12.88,21.55
E02001770,E02001802,12.2,14.59,24.4
E02001770,E02001803,10.75,11.54,19.8
E02001770,E02001804,13.62,16.74,28.09
E02001770,E02001805,12.5,13.46,23.06
E02001770,E02001806,11.36,13.03,21.7
E02001770,E02001807,13.71,16.17,27.0
E02001770,E02001808,11.89,12.83,21.88
E02001770,E02001809,14.95,16.92,28.55
E02001770,E02001810,15.23,16.49,27.98
E02001770,E02001811,14.17,15.2,26.15
E02001770,E02001812,12.31,14.37,24.0
E02001770,E02001813,14.21,15.22,26.03
E02001770,E02001814,12.89,14.75,24.87
E02001770,E02001815,16.86,17.78,30.44
E02001770,E02001816,15.17,16.74,28.27
E02001770,E02001817,14.88,18.09,29.41
E02001770,E02001818,15.06,17.57,29.36
E02001770,E02001819,16.2,18.39,31.05
E02001770,E02001820,17.17,18.97,31.86
E02001770,E02001821,15.97,20.57,33.23
E02001770,E02001822,17.83,20.09,33.48
E02001770,E02001823,20.99,23.0,39.65
E02001770,E02001824,19.98,22.14,37.14
E02001770,E02001825,21.74,23.41,39.73
E02001770,E02001826,23.41,25.19,42.79
E02001770,E02006841,13.93,16.36,26.84
E02001770,E02006842,13.64,17.45,28.24
E02001770,E02006893,23.47,25.2,42.97
E02001771,E02001682,26.74,30.02,50.45
E02001771,E02001683,29.19,32.92,55.2
E02001771,E02001684,12.59,14.91,24.51
E02001771,E02001685,24.47,28.66,47.72
E02001771,E02001686,24.93,28.39,47.46
E02001771,E02001688,18.06,21.81,35.86
E02001771,E02001689,16.24,19.61,32.59
E02001771,E02001690,22.0,25.86,43.11
E02001771,E02001691,15.82,20.61,33.49
E02001771,E02001692,14.56,19.0,30.46
E02001771,E02001693,13.2,16.68,27.05
E02001771,E02001694,19.48,23.27,38.42
E02001771,E02001695,10.72,12.86,21.1
E02001771,E02001696,11.76,14.66,23.68
E02001771,E02001697,15.6,20.98,33.47
E02001771,E02001698,22.84,27.94,45.94
E02001771,E02001699,13.44,17.48,27.99
E02001771,E02001700,20.62,24.34,40.63
E02001771,E02001701,16.33,21.01,34.72
E02001771,E02001702,14.51,18.02,29.1
E02001771,E02001703,27.31,30.86,52.28
E02001771,E02001704,15.4,19.46,31.22
E02001771,E02001705,33.74,40.95,67.24
E02001771,E02001706,17.06,18.35,32.29
E02001771,E02001707,17.57,19.34,33.11
E02001771,E02001708,23.56,28.03,46.92
E02001771,E02001709,20.72,23.73,39.98
E02001771,E02001710,21.51,25.92,42.6
E02001771,E02001711,24.38,27.47,46.25
E02001771,E02001712,18.35,20.52,34.78
E02001771,E02001713,19.83,22.04,37.42
E02001771,E02001714,16.47,18.38,30.93
E02001771,E02001715,21.85,24.65,41.55
E02001771,E02001718,22.53,24.45,41.59
E02001771,E02001719,15.2,17.0,28.52
E02001771,E02001720,17.9,20.69,34.23
E02001771,E02001721,26.74,29.95,50.43
E02001771,E02001722,24.04,27.67,45.9
E02001771,E02001723,21.19,22.51,38.68
E02001771,E02001724,17.13,18.77,31.74
E02001771,E02001725,15.38,16.82,28.48
E02001771,E02001726,21.12,23.93,40.24
E02001771,E02001727,12.94,14.41,24.22
E02001771,E02001728,24.16,27.46,46.0
E02001771,E02001729,19.14,21.9,36.45
E02001771,E02001730,16.51,18.2,30.75
E02001771,E02001731,17.86,20.3,33.89
E02001771,E02001732,22.13,25.07,42.04
E02001771,E02001733,15.24,16.97,28.58
E02001771,E02001734,20.53,23.27,38.87
E02001771,E02001735,14.69,16.58,27.72
E02001771,E02001736,19.44,22.06,36.84
E02001771,E02001737,14.86,16.53,27.86
E02001771,E02001738,17.1,20.68,34.39
E02001771,E02001739,19.48,21.64,36.42
E02001771,E02001740,16.48,19.82,32.85
E02001771,E02001741,21.7,24.02,40.41
E02001771,E02001742,15.08,18.11,30.08
E02001771,E02001743,15.95,18.78,31.08
E02001771,E02001744,14.48,17.9,29.27
E02001771,E02001745,18.36,21.51,35.59
E02001771,E02001746,14.88,17.58,29.06
E02001771,E02001747,14.49,16.79,28.01
E02001771,E02001748,13.25,14.89,25.12
E02001771,E02001749,16.19,18.5,30.95
E02001771,E02001750,13.65,16.15,26.69
E02001771,E02001751,16.41,19.25,31.88
E02001771,E02001752,12.63,14.81,24.48
E02001771,E02001753,13.49,15.67,26.25
E02001771,E02001754,12.46,14.4,23.95
E02001771,E02001755,16.59,19.55,32.35
E02001771,E02001756,17.14,19.73,33.09
E02001771,E02001757,11.31,12.95,21.64
E02001771,E02001758,11.55,13.97,22.75
E02001771,E02001759,11.48,13.15,21.91
E02001771,E02001760,10.36,12.08,19.98
E02001771,E02001761,12.68,14.72,24.35
E02001771,E02001762,13.81,15.51,26.02
E02001771,E02001763,10.01,12.1,19.74
E02001771,E02001764,10.3,12.31,20.3
E02001771,E02001765,9.93,11.43,19.0
E02001771,E02001766,11.58,13.3,22.09
E02001771,E02001767,12.42,14.1,23.57
E02001771,E02001768,3.34,4.12,6.62
E02001771,E02001769,2.76,3.5,5.62
E02001771,E02001770,1.74,2.28,3.59
E02001771,E02001771,0.57,1.01,1.44
E02001771,E02001772,2.4,4.55,6.56
E02001771,E02001773,1.41,2.83,3.89
E02001771,E02001774,6.87,8.9,14.11
E02001771,E02001775,1.14,2.02,2.89
E02001771,E02001776,8.01,9.98,16.05
E02001771,E02001777,9.36,11.51,18.6
E02001771,E02001778,3.55,5.38,8.49
E02001771,E02001779,4.84,6.89,10.66
E02001771,E02001780,2.09,3.86,5.44
E02001771,E02001781,5.45,7.75,12.07
E02001771,E02001782,9.27,12.87,20.21
E02001771,E02001783,4.71,6.61,10.16
E02001771,E02001784,6.89,9.11,14.47
E02001771,E02001785,3.92,6.35,9.88
E02001771,E02001786,4.73,6.91,10.56
E02001771,E02001787,7.93,10.58,16.73
E02001771,E02001788,8.2,11.09,17.44
E02001771,E02001789,5.24,8.01,12.59
E02001771,E02001790,7.21,10.27,15.94
E02001771,E02001791,6.72,9.54,15.04
E02001771,E02001792,7.65,9.86,16.22
E02001771,E02001793,10.15,15.15,23.44
E02001771,E02001794,9.89,14.11,22.02
E02001771,E02001795,8.12,10.75,17.31
E02001771,E02001796,8.56,11.22,18.42
E02001771,E02001797,13.23,15.81,25.93
E02001771,E02001798,11.05,15.85,24.92
E02001771,E02001799,14.12,16.82,27.62
E02001771,E02001800,14.91,15.87,27.24
E02001771,E02001801,10.89,13.96,22.59
E02001771,E02001802,11.7,15.67,25.45
E02001771,E02001803,10.26,12.62,20.85
E02001771,E02001804,13.12,17.82,29.14
E02001771,E02001805,12.0,14.54,24.1
E02001771,E02001806,10.86,14.11,22.75
E02001771,E02001807,15.13,18.16,30.25
E02001771,E02001808,11.39,13.91,22.93
E02001771,E02001809,16.37,18.91,31.79
E02001771,E02001810,16.66,18.47,31.23
E02001771,E02001811,13.94,16.28,27.21
E02001771,E02001812,11.81,15.45,25.05
E02001771,E02001813,13.72,16.3,27.08
E02001771,E02001814,12.39,15.83,25.91
E02001771,E02001815,18.28,19.77,33.68
E02001771,E02001816,14.67,17.82,29.32
E02001771,E02001817,14.38,19.17,30.45
E02001771,E02001818,14.57,18.65,30.41
E02001771,E02001819,15.71,19.48,32.1
E02001771,E02001820,18.56,20.96,35.1
E02001771,E02001821,15.47,21.65,34.28
E02001771,E02001822,18.87,22.08,36.72
E02001771,E02001823,21.52,24.99,41.85
E02001771,E02001824,20.23,23.67,39.33
E02001771,E02001825,21.99,24.94,41.92
E02001771,E02001826,23.65,26.71,44.98
E02001771,E02006841,15.35,18.35,30.08
E02001771,E02006842,15.07,19.44,31.49
E02001771,E02006893,25.01,27.23,46.22
E02001772,E02001682,24.78,27.56,46.38
E02001772,E02001683,27.23,30.46,51.13
E02001772,E02001684,10.63,12.41,20.44
E02001772,E02001685,22.52,26.2,43.66
E02001772,E02001686,22.97,25.93,43.39
E02001772,E02001688,16.1,19.35,31.79
E02001772,E02001689,14.28,17.15,28.52
E02001772,E02001690,20.04,23.4,39.04
E02001772,E02001691,13.86,18.15,29.42
E02001772,E02001692,12.6,16.54,26.39
E02001772,E02001693,11.24,14.22,22.98
E02001772,E02001694,17.52,20.81,34.35
E02001772,E02001695,8.76,10.4,17.03
E02001772,E02001696,9.8,12.2,19.61
E02001772,E02001697,13.64,18.52,29.41
E02001772,E02001698,20.88,25.47,41.88
E02001772,E02001699,11.49,15.02,23.92
E02001772,E02001700,18.66,21.88,36.57
E02001772,E02001701,14.37,18.54,30.66
E02001772,E02001702,12.55,15.56,25.04
E02001772,E02001703,25.35,28.4,48.21
E02001772,E02001704,13.44,17.0,27.16
E02001772,E02001705,31.78,38.49,63.17
E02001772,E02001706,15.1,15.89,28.22
E02001772,E02001707,15.61,16.88,29.04
E02001772,E02001708,21.48,25.53,42.86
E02001772,E02001709,18.64,21.23,35.92
E02001772,E02001710,19.43,23.41,38.53
E02001772,E02001711,22.3,24.96,42.19
E02001772,E02001712,16.27,18.01,30.72
E02001772,E02001713,17.75,19.53,33.35
E02001772,E02001714,14.39,15.87,26.86
E02001772,E02001715,19.77,22.15,37.48
E02001772,E02001718,20.45,21.94,37.52
E02001772,E02001719,13.11,14.5,24.46
E02001772,E02001720,15.82,18.18,30.17
E02001772,E02001721,24.78,27.49,46.36
E02001772,E02001722,22.08,25.21,41.83
E02001772,E02001723,19.18,20.01,34.62
E02001772,E02001724,15.04,16.26,27.67
E02001772,E02001725,13.3,14.32,24.41
E02001772,E02001726,19.16,21.43,36.17
E02001772,E02001727,10.86,11.9,20.15
E02001772,E02001728,22.2,25.0,41.93
E02001772,E02001729,17.18,19.44,32.39
E02001772,E02001730,14.43,15.69,26.68
E02001772,E02001731,15.9,17.84,29.82
E02001772,E02001732,20.17,22.61,37.98
E02001772,E02001733,13.16,14.47,24.51
E02001772,E02001734,18.57,20.81,34.8
E02001772,E02001735,12.61,14.07,23.66
E02001772,E02001736,17.48,19.6,32.77
E02001772,E02001737,12.78,14.03,23.79
E02001772,E02001738,15.02,18.17,30.33
E02001772,E02001739,17.4,19.14,32.36
E02001772,E02001740,14.4,17.31,28.78
E02001772,E02001741,19.61,21.52,36.34
E02001772,E02001742,13.0,15.6,26.01
E02001772,E02001743,13.87,16.27,27.02
E02001772,E02001744,12.4,15.4,25.2
E02001772,E02001745,16.28,19.0,31.53
E02001772,E02001746,12.8,15.08,24.99
E02001772,E02001747,12.41,14.28,23.94
E02001772,E02001748,11.17,12.39,21.05
E02001772,E02001749,14.11,15.99,26.89
E02001772,E02001750,11.57,13.65,22.63
E02001772,E02001751,14.33,16.75,27.81
E02001772,E02001752,10.55,12.3,20.42
E02001772,E02001753,11.41,13.17,22.18
E02001772,E02001754,10.38,11.89,19.88
E02001772,E02001755,14.51,17.04,28.29
E02001772,E02001756,15.06,17.23,29.02
E02001772,E02001757,9.23,10.45,17.57
E02001772,E02001758,9.47,11.47,18.68
E02001772,E02001759,9.4,10.64,17.84
E02001772,E02001760,8.28,9.58,15.92
E02001772,E02001761,10.6,12.22,20.29
E02001772,E02001762,11.73,13.0,21.95
E02001772,E02001763,7.93,9.6,15.67
E02001772,E02001764,8.22,9.8,16.23
E02001772,E02001765,7.85,8.93,14.93
E02001772,E02001766,9.5,10.79,18.02
E02001772,E02001767,10.34,11.59,19.51
E02001772,E02001768,3.18,4.45,6.88
E02001772,E02001769,1.93,2.9,4.38
E02001772,E02001770,2.02,3.06,4.64
E02001772,E02001771,2.4,4.55,6.56
E02001772,E02001772,0.62,1.24,1.71
E02001772,E02001773,1.24,2.48,3.41
E02001772,E02001774,4.79,6.39,10.04
E02001772,E02001775,2.48,4.48,6.76
E02001772,E02001776,5.93,7.48,11.98
E02001772,E02001777,7.28,9.0,14.54
E02001772,E02001778,1.47,2.59,3.69
E02001772,E02001779,2.86,4.38,6.6
E02001772,E02001780,1.96,3.3,4.87
E02001772,E02001781,3.76,5.67,8.71
E02001772,E02001782,7.31,10.36,16.14
E02001772,E02001783,3.05,4.62,7.0
E02001772,E02001784,4.93,6.65,10.4
E02001772,E02001785,5.57,8.79,13.75
E02001772,E02001786,3.27,5.09,7.64
E02001772,E02001787,5.97,8.12,12.66
E02001772,E02001788,6.24,8.63,13.37
E02001772,E02001789,4.8,6.46,10.37
E02001772,E02001790,5.67,8.62,13.01
E02001772,E02001791,6.27,7.99,12.82
E02001772,E02001792,7.21,9.35,15.13
E02001772,E02001793,8.68,13.6,20.53
E02001772,E02001794,9.45,12.56,19.8
E02001772,E02001795,7.68,9.21,15.1
E02001772,E02001796,8.12,10.74,17.65
E02001772,E02001797,11.27,13.35,21.87
E02001772,E02001798,9.58,13.39,20.85
E02001772,E02001799,12.16,14.36,23.55
E02001772,E02001800,12.95,13.4,23.18
E02001772,E02001801,10.44,12.41,20.38
E02001772,E02001802,11.26,14.12,23.23
E02001772,E02001803,9.81,11.07,18.63
E02001772,E02001804,12.67,16.28,26.92
E02001772,E02001805,11.56,12.99,21.89
E02001772,E02001806,10.42,12.56,20.54
E02001772,E02001807,13.17,15.7,26.18
E02001772,E02001808,10.95,12.36,20.72
E02001772,E02001809,14.41,16.44,27.73
E02001772,E02001810,14.7,16.01,27.16
E02001772,E02001811,13.5,14.73,25.0
E02001772,E02001812,11.37,13.91,22.83
E02001772,E02001813,13.27,14.75,24.86
E02001772,E02001814,11.95,14.29,23.7
E02001772,E02001815,16.33,17.31,29.62
E02001772,E02001816,14.23,16.27,27.1
E02001772,E02001817,13.94,17.62,28.24
E02001772,E02001818,14.12,17.1,28.2
E02001772,E02001819,15.26,17.93,29.89
E02001772,E02001820,16.63,18.5,31.03
E02001772,E02001821,15.03,20.1,32.06
E02001772,E02001822,17.29,19.62,32.65
E02001772,E02001823,20.45,22.53,38.83
E02001772,E02001824,19.44,21.67,36.31
E02001772,E02001825,21.21,22.94,38.91
E02001772,E02001826,22.87,24.72,41.97
E02001772,E02006841,13.39,15.89,26.01
E02001772,E02006842,13.11,16.98,27.42
E02001772,E02006893,22.93,24.72,42.15
E02001773,E02001682,25.51,27.99,47.53
E02001773,E02001683,27.97,30.89,52.27
E02001773,E02001684,11.37,12.95,21.71
E02001773,E02001685,23.25,26.63,44.8
E02001773,E02001686,23.7,26.36,44.54
E02001773,E02001688,16.84,19.78,32.94
E02001773,E02001689,15.02,17.58,29.66
E02001773,E02001690,20.78,23.82,40.19
E02001773,E02001691,14.6,18.58,30.57
E02001773,E02001692,13.34,16.97,27.54
E02001773,E02001693,11.97,14.65,24.13
E02001773,E02001694,18.26,21.24,35.5
E02001773,E02001695,9.49,10.83,18.17
E02001773,E02001696,10.54,12.63,20.76
E02001773,E02001697,14.38,18.95,30.55
E02001773,E02001698,21.62,25.9,43.02
E02001773,E02001699,12.22,15.44,25.06
E02001773,E02001700,19.4,22.31,37.71
E02001773,E02001701,15.1,18.97,31.8
E02001773,E02001702,13.29,15.99,26.18
E02001773,E02001703,26.09,28.83,49.36
E02001773,E02001704,14.18,17.43,28.3
E02001773,E02001705,32.52,38.91,64.32
E02001773,E02001706,15.83,16.31,29.37
E02001773,E02001707,16.35,17.3,30.19
E02001773,E02001708,22.34,26.49,44.7
E02001773,E02001709,19.5,22.95,38.28
E02001773,E02001710,20.29,25.13,40.89
E02001773,E02001711,23.16,25.92,44.03
E02001773,E02001712,17.12,19.73,33.08
E02001773,E02001713,18.61,21.25,35.71
E02001773,E02001714,15.25,17.59,29.22
E02001773,E02001715,20.63,23.87,39.84
E02001773,E02001718,21.31,22.9,39.37
E02001773,E02001719,13.97,16.22,26.82
E02001773,E02001720,16.67,19.45,32.53
E02001773,E02001721,25.52,27.92,47.51
E02001773,E02001722,22.81,25.63,42.98
E02001773,E02001723,19.96,20.97,36.46
E02001773,E02001724,15.9,17.98,30.03
E02001773,E02001725,14.16,16.03,26.77
E02001773,E02001726,19.89,21.99,37.31
E02001773,E02001727,11.72,13.62,22.52
E02001773,E02001728,22.94,25.43,43.08
E02001773,E02001729,17.92,19.87,33.53
E02001773,E02001730,15.29,17.41,29.05
E02001773,E02001731,16.63,18.26,30.97
E02001773,E02001732,20.91,23.04,39.12
E02001773,E02001733,14.02,16.19,26.87
E02001773,E02001734,19.31,21.24,35.95
E02001773,E02001735,13.47,15.79,26.02
E02001773,E02001736,18.22,20.03,33.92
E02001773,E02001737,13.64,15.75,26.16
E02001773,E02001738,15.88,19.89,32.69
E02001773,E02001739,18.26,20.85,34.72
E02001773,E02001740,15.26,19.03,31.14
E02001773,E02001741,20.47,23.24,38.71
E02001773,E02001742,13.86,17.32,28.37
E02001773,E02001743,14.73,17.99,29.38
E02001773,E02001744,13.26,17.12,27.56
E02001773,E02001745,17.14,20.72,33.89
E02001773,E02001746,13.66,16.8,27.35
E02001773,E02001747,13.27,16.0,26.3
E02001773,E02001748,12.03,14.11,23.41
E02001773,E02001749,14.97,17.71,29.25
E02001773,E02001750,12.43,15.36,24.99
E02001773,E02001751,15.19,18.47,30.17
E02001773,E02001752,11.41,14.02,22.78
E02001773,E02001753,12.27,14.88,24.54
E02001773,E02001754,11.24,13.61,22.24
E02001773,E02001755,15.37,18.76,30.65
E02001773,E02001756,15.92,18.94,31.39
E02001773,E02001757,10.09,12.17,19.93
E02001773,E02001758,10.33,13.18,21.04
E02001773,E02001759,10.26,12.36,20.2
E02001773,E02001760,9.14,11.29,18.28
E02001773,E02001761,11.46,13.94,22.65
E02001773,E02001762,12.59,14.72,24.31
E02001773,E02001763,8.78,11.32,18.03
E02001773,E02001764,9.08,11.52,18.59
E02001773,E02001765,8.71,10.65,17.29
E02001773,E02001766,10.36,12.51,20.38
E02001773,E02001767,11.2,13.31,21.87
E02001773,E02001768,3.07,4.25,6.57
E02001773,E02001769,2.23,3.4,5.14
E02001773,E02001770,1.84,2.87,4.26
E02001773,E02001771,1.41,2.83,3.89
E02001773,E02001772,1.24,2.48,3.41
E02001773,E02001773,0.62,1.24,1.71
E02001773,E02001774,5.65,8.11,12.41
E02001773,E02001775,1.46,2.91,4.0
E02001773,E02001776,6.78,9.2,14.35
E02001773,E02001777,8.14,10.72,16.9
E02001773,E02001778,2.32,4.31,6.05
E02001773,E02001779,3.62,6.1,8.96
E02001773,E02001780,1.37,2.73,3.76
E02001773,E02001781,4.22,5.71,9.11
E02001773,E02001782,8.04,11.3,17.95
E02001773,E02001783,3.49,4.58,7.2
E02001773,E02001784,5.66,7.08,11.55
E02001773,E02001785,4.55,7.76,11.72
E02001773,E02001786,3.63,4.87,7.59
E02001773,E02001787,6.71,8.55,13.8
E02001773,E02001788,6.98,9.05,14.51
E02001773,E02001789,4.29,6.07,9.84
E02001773,E02001790,6.03,8.33,12.97
E02001773,E02001791,5.76,7.6,12.29
E02001773,E02001792,6.7,8.97,14.6
E02001773,E02001793,9.05,13.21,20.49
E02001773,E02001794,8.94,12.18,19.27
E02001773,E02001795,7.17,8.82,14.56
E02001773,E02001796,7.61,10.35,17.11
E02001773,E02001797,12.01,13.78,23.01
E02001773,E02001798,9.94,13.82,22.0
E02001773,E02001799,12.9,14.79,24.69
E02001773,E02001800,13.69,13.83,24.32
E02001773,E02001801,9.94,12.03,19.84
E02001773,E02001802,10.75,13.73,22.7
E02001773,E02001803,9.3,10.68,18.1
E02001773,E02001804,12.17,15.89,26.39
E02001773,E02001805,11.05,12.6,21.36
E02001773,E02001806,9.91,12.18,20.0
E02001773,E02001807,13.91,16.13,27.32
E02001773,E02001808,10.44,11.97,20.18
E02001773,E02001809,15.15,16.87,28.87
E02001773,E02001810,15.43,16.44,28.3
E02001773,E02001811,12.99,14.34,24.46
E02001773,E02001812,10.86,13.52,22.3
E02001773,E02001813,12.76,14.36,24.33
E02001773,E02001814,11.44,13.9,23.17
E02001773,E02001815,17.06,17.74,30.76
E02001773,E02001816,13.72,15.89,26.57
E02001773,E02001817,13.43,17.24,27.7
E02001773,E02001818,13.61,16.71,27.66
E02001773,E02001819,14.75,17.54,29.35
E02001773,E02001820,17.37,18.93,32.18
E02001773,E02001821,14.52,19.72,31.53
E02001773,E02001822,17.92,20.05,33.8
E02001773,E02001823,20.56,22.95,39.1
E02001773,E02001824,19.27,21.73,36.58
E02001773,E02001825,21.04,23.0,39.17
E02001773,E02001826,22.7,24.78,42.23
E02001773,E02006841,14.13,16.32,27.16
E02001773,E02006842,13.84,17.41,28.57
E02001773,E02006893,23.79,25.68,43.99
E02001774,E02001682,20.56,22.06,37.66
E02001774,E02001683,23.02,24.96,42.41
E02001774,E02001684,6.26,6.86,11.56
E02001774,E02001685,18.57,20.7,34.93
E02001774,E02001686,18.75,20.43,34.67
E02001774,E02001688,12.05,13.85,23.07
E02001774,E02001689,10.44,11.66,19.8
E02001774,E02001690,15.99,17.9,30.32
E02001774,E02001691,10.02,12.67,20.73
E02001774,E02001692,8.76,11.09,17.75
E02001774,E02001693,7.4,8.77,14.34
E02001774,E02001694,13.47,15.31,25.63
E02001774,E02001695,6.0,7.4,12.53
E02001774,E02001696,7.05,8.85,14.56
E02001774,E02001697,9.8,13.26,20.77
E02001774,E02001698,17.0,19.98,33.15
E02001774,E02001699,7.94,9.98,15.93
E02001774,E02001700,14.82,16.39,27.84
E02001774,E02001701,10.53,14.13,22.83
E02001774,E02001702,9.8,12.55,20.53
E02001774,E02001703,21.41,22.9,39.49
E02001774,E02001704,10.6,13.99,22.65
E02001774,E02001705,27.84,32.99,54.45
E02001774,E02001706,12.34,12.88,23.72
E02001774,E02001707,12.86,13.87,24.54
E02001774,E02001708,18.1,20.56,34.84
E02001774,E02001709,15.26,16.84,28.93
E02001774,E02001710,16.05,19.02,31.54
E02001774,E02001711,18.4,20.0,34.16
E02001774,E02001712,12.88,13.62,23.72
E02001774,E02001713,14.37,15.14,26.36
E02001774,E02001714,11.01,11.49,19.87
E02001774,E02001715,16.39,17.76,30.49
E02001774,E02001718,16.52,16.98,29.5
E02001774,E02001719,9.73,10.11,17.47
E02001774,E02001720,12.43,13.52,23.17
E02001774,E02001721,20.56,21.99,37.64
E02001774,E02001722,17.86,19.71,33.11
E02001774,E02001723,15.01,15.04,26.59
E02001774,E02001724,11.66,11.88,20.68
E02001774,E02001725,9.92,9.93,17.42
E02001774,E02001726,14.94,16.07,27.45
E02001774,E02001727,7.48,7.51,13.16
E02001774,E02001728,17.98,19.5,33.21
E02001774,E02001729,12.96,13.94,23.66
E02001774,E02001730,11.05,11.3,19.69
E02001774,E02001731,11.68,12.34,21.1
E02001774,E02001732,15.95,17.12,29.25
E02001774,E02001733,9.78,10.08,17.52
E02001774,E02001734,14.36,15.31,26.08
E02001774,E02001735,9.23,9.68,16.66
E02001774,E02001736,13.26,14.1,24.05
E02001774,E02001737,9.4,9.64,16.8
E02001774,E02001738,11.64,13.78,23.33
E02001774,E02001739,14.02,14.75,25.36
E02001774,E02001740,11.01,12.92,21.79
E02001774,E02001741,16.23,17.13,29.35
E02001774,E02001742,9.62,11.21,19.02
E02001774,E02001743,10.49,11.88,20.03
E02001774,E02001744,9.02,11.01,18.21
E02001774,E02001745,12.9,14.61,24.54
E02001774,E02001746,9.42,10.69,18.0
E02001774,E02001747,9.03,9.9,16.95
E02001774,E02001748,7.79,8.0,14.06
E02001774,E02001749,10.73,11.6,19.89
E02001774,E02001750,8.19,9.26,15.64
E02001774,E02001751,10.95,12.36,20.82
E02001774,E02001752,7.17,7.91,13.43
E02001774,E02001753,8.02,8.78,15.19
E02001774,E02001754,7.0,7.5,12.89
E02001774,E02001755,11.13,12.65,21.29
E02001774,E02001756,11.68,12.84,22.03
E02001774,E02001757,5.85,6.06,10.58
E02001774,E02001758,6.08,7.08,11.69
E02001774,E02001759,6.02,6.25,10.85
E02001774,E02001760,4.9,5.19,8.93
E02001774,E02001761,7.22,7.83,13.3
E02001774,E02001762,8.35,8.61,14.96
E02001774,E02001763,4.54,5.21,8.68
E02001774,E02001764,4.84,5.41,9.24
E02001774,E02001765,4.47,4.54,7.94
E02001774,E02001766,6.12,6.4,11.03
E02001774,E02001767,6.96,7.2,12.51
E02001774,E02001768,6.06,7.07,11.69
E02001774,E02001769,4.69,5.39,9.0
E02001774,E02001770,5.33,6.86,10.87
E02001774,E02001771,6.87,8.9,14.11
E02001774,E02001772,4.79,6.39,10.04
E02001774,E02001773,5.65,8.11,12.41
E02001774,E02001774,0.78,0.97,1.55
E02001774,E02001775,6.94,9.25,15.09
E02001774,E02001776,1.56,1.93,3.1
E02001774,E02001777,2.92,3.46,5.65
E02001774,E02001778,4.26,5.24,8.45
E02001774,E02001779,3.26,4.23,6.73
E02001774,E02001780,6.32,8.08,13.18
E02001774,E02001781,2.99,3.93,6.2
E02001774,E02001782,3.16,4.82,7.26
E02001774,E02001783,4.61,5.55,9.01
E02001774,E02001784,1.98,3.65,5.46
E02001774,E02001785,10.03,13.57,22.07
E02001774,E02001786,5.72,7.04,11.44
E02001774,E02001787,3.84,5.23,8.34
E02001774,E02001788,4.4,5.74,9.05
E02001774,E02001789,8.49,10.15,17.13
E02001774,E02001790,6.83,8.04,13.59
E02001774,E02001791,10.63,12.64,20.97
E02001774,E02001792,11.56,13.62,22.82
E02001774,E02001793,7.79,10.82,17.02
E02001774,E02001794,9.31,13.87,21.21
E02001774,E02001795,11.45,13.48,22.78
E02001774,E02001796,12.47,15.01,25.33
E02001774,E02001797,8.52,10.35,17.37
E02001774,E02001798,8.02,10.51,16.53
E02001774,E02001799,9.41,11.36,19.05
E02001774,E02001800,10.19,10.4,18.67
E02001774,E02001801,12.94,16.15,27.51
E02001774,E02001802,11.83,14.42,24.51
E02001774,E02001803,13.19,15.34,26.32
E02001774,E02001804,12.89,14.77,24.44
E02001774,E02001805,12.74,14.62,25.1
E02001774,E02001806,14.55,16.83,28.23
E02001774,E02001807,11.14,12.69,21.68
E02001774,E02001808,13.65,15.62,26.79
E02001774,E02001809,11.89,13.44,23.23
E02001774,E02001810,11.94,13.01,22.66
E02001774,E02001811,11.79,12.16,21.01
E02001774,E02001812,14.73,17.5,29.52
E02001774,E02001813,13.55,15.27,25.47
E02001774,E02001814,15.85,18.56,31.39
E02001774,E02001815,13.57,14.31,25.11
E02001774,E02001816,14.66,16.92,28.5
E02001774,E02001817,16.3,19.94,32.83
E02001774,E02001818,17.81,21.19,35.07
E02001774,E02001819,14.5,16.35,27.75
E02001774,E02001820,14.79,15.61,26.71
E02001774,E02001821,16.86,18.1,30.81
E02001774,E02001822,15.45,16.73,28.33
E02001774,E02001823,18.61,19.52,34.51
E02001774,E02001824,17.6,18.78,31.99
E02001774,E02001825,19.36,20.06,34.58
E02001774,E02001826,21.03,21.83,37.64
E02001774,E02006841,9.21,10.42,17.32
E02001774,E02006842,9.27,11.5,18.73
E02001774,E02006893,18.87,19.76,34.13
E02001775,E02001682,26.39,28.87,48.98
E02001775,E02001683,28.85,31.78,53.73
E02001775,E02001684,12.25,13.83,23.16
E02001775,E02001685,24.13,27.52,46.26
E02001775,E02001686,24.58,27.24,45.99
E02001775,E02001688,17.72,20.67,34.39
E02001775,E02001689,15.9,18.47,31.12
E02001775,E02001690,21.66,24.71,41.64
E02001775,E02001691,15.48,19.46,32.02
E02001775,E02001692,14.22,17.85,28.99
E02001775,E02001693,12.85,15.54,25.58
E02001775,E02001694,19.14,22.12,36.96
E02001775,E02001695,10.37,11.71,19.63
E02001775,E02001696,11.42,13.51,22.21
E02001775,E02001697,15.26,19.84,32.01
E02001775,E02001698,22.5,26.79,44.48
E02001775,E02001699,13.1,16.33,26.52
E02001775,E02001700,20.28,23.2,39.17
E02001775,E02001701,15.98,19.86,33.26
E02001775,E02001702,14.17,16.87,27.64
E02001775,E02001703,26.97,29.71,50.81
E02001775,E02001704,15.06,18.31,29.76
E02001775,E02001705,33.4,39.8,65.77
E02001775,E02001706,16.71,17.2,30.82
E02001775,E02001707,17.23,18.19,31.65
E02001775,E02001708,23.63,27.37,46.16
E02001775,E02001709,20.8,23.87,40.76
E02001775,E02001710,21.58,26.06,43.37
E02001775,E02001711,24.23,26.81,45.49
E02001775,E02001712,18.42,20.66,35.56
E02001775,E02001713,19.91,22.18,38.19
E02001775,E02001714,16.54,18.52,31.7
E02001775,E02001715,21.92,24.8,42.11
E02001775,E02001718,22.36,23.79,40.82
E02001775,E02001719,15.27,17.15,29.3
E02001775,E02001720,17.97,20.34,34.81
E02001775,E02001721,26.4,28.8,48.96
E02001775,E02001722,23.69,26.52,44.43
E02001775,E02001723,20.84,21.85,37.92
E02001775,E02001724,17.2,18.91,32.51
E02001775,E02001725,15.45,16.96,29.25
E02001775,E02001726,20.77,22.88,38.77
E02001775,E02001727,13.01,14.55,24.99
E02001775,E02001728,23.82,26.31,44.53
E02001775,E02001729,18.8,20.76,34.99
E02001775,E02001730,16.58,18.34,31.52
E02001775,E02001731,17.51,19.15,32.42
E02001775,E02001732,21.79,23.93,40.58
E02001775,E02001733,15.32,17.11,29.35
E02001775,E02001734,20.19,22.12,37.4
E02001775,E02001735,14.76,16.72,28.5
E02001775,E02001736,19.1,20.91,35.37
E02001775,E02001737,14.93,16.68,28.63
E02001775,E02001738,17.18,20.82,35.17
E02001775,E02001739,19.55,21.78,37.2
E02001775,E02001740,16.55,19.96,33.62
E02001775,E02001741,21.77,24.17,41.19
E02001775,E02001742,15.15,18.25,30.85
E02001775,E02001743,16.02,18.92,31.86
E02001775,E02001744,14.55,18.05,30.04
E02001775,E02001745,18.43,21.65,36.37
E02001775,E02001746,14.96,17.72,29.83
E02001775,E02001747,14.56,16.93,28.78
E02001775,E02001748,13.33,15.04,25.89
E02001775,E02001749,16.26,18.64,31.73
E02001775,E02001750,13.72,16.29,27.47
E02001775,E02001751,16.48,19.4,32.65
E02001775,E02001752,12.7,14.95,25.26
E02001775,E02001753,13.56,15.81,27.02
E02001775,E02001754,12.53,14.54,24.72
E02001775,E02001755,16.66,19.69,33.13
E02001775,E02001756,17.21,19.87,33.86
E02001775,E02001757,11.38,13.1,22.41
E02001775,E02001758,11.62,14.11,23.52
E02001775,E02001759,11.55,13.29,22.68
E02001775,E02001760,10.43,12.22,20.76
E02001775,E02001761,12.75,14.87,25.13
E02001775,E02001762,13.88,15.65,26.79
E02001775,E02001763,10.08,12.24,20.51
E02001775,E02001764,10.38,12.45,21.07
E02001775,E02001765,10.0,11.57,19.77
E02001775,E02001766,11.65,13.44,22.86
E02001775,E02001767,12.49,14.24,24.35
E02001775,E02001768,4.15,5.42,8.54
E02001775,E02001769,3.37,4.81,7.53
E02001775,E02001770,2.55,3.59,5.51
E02001775,E02001771,1.14,2.02,2.89
E02001775,E02001772,2.47,4.48,6.76
E02001775,E02001773,1.46,2.91,4.0
E02001775,E02001774,6.94,9.25,15.09
E02001775,E02001775,0.57,1.01,1.44
E02001775,E02001776,8.08,10.34,17.03
E02001775,E02001777,9.44,11.87,19.58
E02001775,E02001778,3.62,6.03,9.42
E02001775,E02001779,4.8,7.17,10.92
E02001775,E02001780,1.43,2.59,3.74
E02001775,E02001781,5.1,6.6,10.56
E02001775,E02001782,8.92,12.18,19.41
E02001775,E02001783,4.07,5.46,8.65
E02001775,E02001784,6.54,7.96,13.0
E02001775,E02001785,3.56,6.15,9.38
E02001775,E02001786,4.09,5.76,9.05
E02001775,E02001787,7.59,9.43,15.26
E02001775,E02001788,7.59,9.94,15.97
E02001775,E02001789,4.44,6.86,11.08
E02001775,E02001790,6.41,9.12,14.43
E02001775,E02001791,5.82,8.39,13.53
E02001775,E02001792,6.76,9.66,15.72
E02001775,E02001793,9.35,14.0,21.93
E02001775,E02001794,9.0,12.96,20.51
E02001775,E02001795,7.23,9.61,15.8
E02001775,E02001796,7.67,11.02,17.92
E02001775,E02001797,12.89,14.67,24.47
E02001775,E02001798,10.25,14.71,23.45
E02001775,E02001799,13.78,15.67,26.15
E02001775,E02001800,14.57,14.72,25.78
E02001775,E02001801,10.0,12.81,21.09
E02001775,E02001802,10.81,14.52,23.94
E02001775,E02001803,9.36,11.47,19.34
E02001775,E02001804,12.23,16.68,27.63
E02001775,E02001805,11.11,13.39,22.6
E02001775,E02001806,9.97,12.96,21.24
E02001775,E02001807,14.42,17.01,28.78
E02001775,E02001808,10.5,12.76,21.42
E02001775,E02001809,15.66,17.76,30.33
E02001775,E02001810,16.31,17.33,29.76
E02001775,E02001811,13.05,15.13,25.71
E02001775,E02001812,10.92,14.31,23.54
E02001775,E02001813,12.82,15.15,25.57
E02001775,E02001814,11.5,14.69,24.41
E02001775,E02001815,17.94,18.62,32.22
E02001775,E02001816,13.78,16.67,27.81
E02001775,E02001817,13.49,18.02,28.95
E02001775,E02001818,13.67,17.5,28.9
E02001775,E02001819,14.81,18.33,30.59
E02001775,E02001820,17.76,19.81,33.63
E02001775,E02001821,14.58,20.5,32.77
E02001775,E02001822,17.98,20.93,35.25
E02001775,E02001823,20.62,23.84,40.34
E02001775,E02001824,19.33,22.52,37.82
E02001775,E02001825,21.1,23.79,40.41
E02001775,E02001826,22.76,25.57,43.47
E02001775,E02006841,15.01,17.2,28.61
E02001775,E02006842,14.72,18.29,30.02
E02001775,E02006893,24.71,26.57,45.45
E02001776,E02001682,19.17,20.47,35.02
E02001776,E02001683,21.63,23.37,39.77
E02001776,E02001684,4.87,5.27,8.92
E02001776,E02001685,17.18,19.11,32.3
E02001776,E02001686,17.36,18.84,32.04
E02001776,E02001688,10.66,12.26,20.43
E02001776,E02001689,9.05,10.06,17.16
E02001776,E02001690,14.6,16.31,27.69
E02001776,E02001691,8.63,11.08,18.1
E02001776,E02001692,7.37,9.5,15.12
E02001776,E02001693,6.01,7.18,11.71
E02001776,E02001694,12.08,13.72,23.0
E02001776,E02001695,4.76,6.51,10.15
E02001776,E02001696,5.89,7.26,11.93
E02001776,E02001697,8.41,11.67,18.13
E02001776,E02001698,15.61,18.39,30.52
E02001776,E02001699,6.55,8.38,13.29
E02001776,E02001700,13.43,14.79,25.21
E02001776,E02001701,9.14,12.54,20.19
E02001776,E02001702,8.92,11.56,18.93
E02001776,E02001703,20.02,21.31,36.86
E02001776,E02001704,9.21,13.0,20.48
E02001776,E02001705,26.45,31.4,51.82
E02001776,E02001706,11.7,12.26,22.63
E02001776,E02001707,12.51,13.25,23.45
E02001776,E02001708,17.48,18.97,32.2
E02001776,E02001709,15.34,15.65,27.16
E02001776,E02001710,15.69,17.84,29.77
E02001776,E02001711,17.01,18.4,31.53
E02001776,E02001712,13.43,13.74,24.02
E02001776,E02001713,13.85,13.96,24.59
E02001776,E02001714,12.15,12.57,21.81
E02001776,E02001715,15.39,16.58,28.15
E02001776,E02001718,15.13,15.38,26.87
E02001776,E02001719,10.87,11.2,19.41
E02001776,E02001720,11.81,11.93,20.86
E02001776,E02001721,19.18,20.4,35.01
E02001776,E02001722,16.47,18.12,30.47
E02001776,E02001723,13.62,13.45,23.96
E02001776,E02001724,11.19,10.94,19.33
E02001776,E02001725,11.05,11.01,19.36
E02001776,E02001726,13.55,14.48,24.81
E02001776,E02001727,8.62,8.6,15.1
E02001776,E02001728,16.59,17.91,30.57
E02001776,E02001729,11.57,12.35,21.03
E02001776,E02001730,10.15,10.22,17.91
E02001776,E02001731,10.29,10.75,18.46
E02001776,E02001732,14.56,15.52,26.62
E02001776,E02001733,10.92,11.17,19.46
E02001776,E02001734,12.97,13.72,23.44
E02001776,E02001735,10.36,10.77,18.61
E02001776,E02001736,11.87,12.51,21.41
E02001776,E02001737,10.53,10.73,18.74
E02001776,E02001738,12.78,14.87,25.28
E02001776,E02001739,15.16,15.83,27.3
E02001776,E02001740,12.15,14.01,23.73
E02001776,E02001741,17.37,18.22,31.29
E02001776,E02001742,10.76,12.3,20.96
E02001776,E02001743,11.62,12.97,21.97
E02001776,E02001744,10.16,12.1,20.15
E02001776,E02001745,14.04,15.7,26.48
E02001776,E02001746,10.56,11.78,19.94
E02001776,E02001747,10.17,10.98,18.89
E02001776,E02001748,8.93,9.09,16.0
E02001776,E02001749,11.87,12.69,21.83
E02001776,E02001750,9.32,10.34,17.58
E02001776,E02001751,12.09,13.45,22.76
E02001776,E02001752,8.31,9.0,15.37
E02001776,E02001753,9.16,9.86,17.13
E02001776,E02001754,8.13,8.59,14.83
E02001776,E02001755,12.27,13.74,23.23
E02001776,E02001756,12.82,13.92,23.97
E02001776,E02001757,6.98,7.15,12.52
E02001776,E02001758,7.22,8.16,13.63
E02001776,E02001759,7.15,7.34,12.79
E02001776,E02001760,6.04,6.27,10.87
E02001776,E02001761,8.35,8.92,15.24
E02001776,E02001762,9.48,9.7,16.9
E02001776,E02001763,5.68,6.3,10.62
E02001776,E02001764,5.98,6.5,11.18
E02001776,E02001765,5.61,5.63,9.88
E02001776,E02001766,7.25,7.49,12.97
E02001776,E02001767,8.09,8.29,14.45
E02001776,E02001768,7.2,8.16,13.63
E02001776,E02001769,5.83,6.48,10.94
E02001776,E02001770,6.47,7.95,12.81
E02001776,E02001771,8.01,9.98,16.05
E02001776,E02001772,5.93,7.48,11.98
E02001776,E02001773,6.79,9.2,14.35
E02001776,E02001774,1.56,1.93,3.1
E02001776,E02001775,8.08,10.34,17.03
E02001776,E02001776,0.68,0.93,1.51
E02001776,E02001777,1.36,1.87,3.02
E02001776,E02001778,5.4,6.32,10.39
E02001776,E02001779,4.4,5.31,8.67
E02001776,E02001780,7.46,9.17,15.12
E02001776,E02001781,4.13,5.02,8.14
E02001776,E02001782,1.86,3.22,4.63
E02001776,E02001783,5.74,6.63,10.95
E02001776,E02001784,2.75,3.71,5.78
E02001776,E02001785,11.17,14.65,24.01
E02001776,E02001786,6.86,8.13,13.38
E02001776,E02001787,4.63,6.32,10.21
E02001776,E02001788,5.29,6.83,10.99
E02001776,E02001789,9.39,11.24,19.07
E02001776,E02001790,7.72,9.12,15.53
E02001776,E02001791,11.76,13.73,22.91
E02001776,E02001792,12.46,14.71,24.76
E02001776,E02001793,8.68,11.9,18.96
E02001776,E02001794,10.21,14.95,23.15
E02001776,E02001795,12.34,14.56,24.72
E02001776,E02001796,13.37,16.1,27.27
E02001776,E02001797,8.17,9.72,16.27
E02001776,E02001798,9.16,11.59,18.47
E02001776,E02001799,9.06,10.73,17.96
E02001776,E02001800,9.85,9.78,17.58
E02001776,E02001801,13.83,17.24,29.45
E02001776,E02001802,12.72,15.5,26.45
E02001776,E02001803,14.09,16.43,28.26
E02001776,E02001804,13.94,15.85,26.38
E02001776,E02001805,13.63,15.7,27.04
E02001776,E02001806,15.44,17.92,30.17
E02001776,E02001807,10.79,12.07,20.58
E02001776,E02001808,14.54,16.71,28.74
E02001776,E02001809,11.54,12.82,22.13
E02001776,E02001810,11.6,12.39,21.57
E02001776,E02001811,12.93,13.25,22.95
E02001776,E02001812,15.62,18.59,31.46
E02001776,E02001813,14.69,16.36,27.41
E02001776,E02001814,16.74,19.64,33.33
E02001776,E02001815,13.23,13.68,24.02
E02001776,E02001816,15.8,18.01,30.44
E02001776,E02001817,17.44,21.03,34.77
E02001776,E02001818,18.7,22.28,37.01
E02001776,E02001819,15.64,17.44,29.69
E02001776,E02001820,15.45,15.2,27.22
E02001776,E02001821,18.0,19.19,32.75
E02001776,E02001822,16.59,16.56,29.52
E02001776,E02001823,19.27,18.9,34.75
E02001776,E02001824,18.74,19.87,33.93
E02001776,E02001825,20.5,21.14,36.53
E02001776,E02001826,22.16,22.92,39.59
E02001776,E02006841,7.82,8.82,14.69
E02001776,E02006842,7.88,9.91,16.1
E02001776,E02006893,17.48,18.17,31.49
E02001777,E02001682,18.29,20.03,34.03
E02001777,E02001683,20.75,22.93,38.78
E02001777,E02001684,3.99,4.82,7.93
E02001777,E02001685,16.3,18.67,31.31
E02001777,E02001686,16.48,18.4,31.05
E02001777,E02001688,9.79,11.82,19.44
E02001777,E02001689,8.17,9.62,16.17
E02001777,E02001690,13.72,15.87,26.7
E02001777,E02001691,7.75,10.64,17.11
E02001777,E02001692,6.49,9.05,14.13
E02001777,E02001693,5.13,6.74,10.72
E02001777,E02001694,11.21,13.28,22.01
E02001777,E02001695,3.89,6.07,9.16
E02001777,E02001696,5.01,6.82,10.94
E02001777,E02001697,7.53,11.23,17.14
E02001777,E02001698,14.73,17.94,29.53
E02001777,E02001699,5.67,7.94,12.3
E02001777,E02001700,12.55,14.35,24.22
E02001777,E02001701,8.26,12.1,19.2
E02001777,E02001702,8.04,11.11,17.94
E02001777,E02001703,19.14,20.87,35.87
E02001777,E02001704,8.33,12.55,19.49
E02001777,E02001705,25.57,30.95,50.83
E02001777,E02001706,10.82,11.82,21.64
E02001777,E02001707,11.82,12.81,22.46
E02001777,E02001708,16.6,18.53,31.21
E02001777,E02001709,14.46,15.21,26.17
E02001777,E02001710,14.81,17.4,28.78
E02001777,E02001711,16.13,17.96,30.54
E02001777,E02001712,12.55,13.3,23.02
E02001777,E02001713,12.97,13.51,23.6
E02001777,E02001714,12.73,13.13,22.81
E02001777,E02001715,14.51,16.13,27.16
E02001777,E02001718,14.25,14.94,25.87
E02001777,E02001719,11.81,12.03,21.01
E02001777,E02001720,10.93,11.49,19.86
E02001777,E02001721,18.3,19.96,34.01
E02001777,E02001722,15.59,17.68,29.48
E02001777,E02001723,12.74,13.01,22.97
E02001777,E02001724,10.31,10.5,18.34
E02001777,E02001725,11.25,12.19,20.99
E02001777,E02001726,12.67,14.03,23.82
E02001777,E02001727,9.97,10.13,17.65
E02001777,E02001728,15.71,17.47,29.58
E02001777,E02001729,10.69,11.91,20.04
E02001777,E02001730,9.27,9.78,16.92
E02001777,E02001731,9.41,10.31,17.47
E02001777,E02001732,13.68,15.08,25.63
E02001777,E02001733,10.88,12.02,20.71
E02001777,E02001734,12.09,13.28,22.45
E02001777,E02001735,11.39,12.3,21.16
E02001777,E02001736,10.99,12.07,20.42
E02001777,E02001737,11.89,12.25,21.29
E02001777,E02001738,14.14,16.4,27.83
E02001777,E02001739,16.51,17.36,29.86
E02001777,E02001740,13.51,15.54,26.28
E02001777,E02001741,17.46,18.89,32.1
E02001777,E02001742,12.11,13.82,23.51
E02001777,E02001743,12.98,14.5,24.52
E02001777,E02001744,11.52,13.62,22.7
E02001777,E02001745,15.39,17.23,29.03
E02001777,E02001746,11.92,13.3,22.49
E02001777,E02001747,11.52,12.51,21.44
E02001777,E02001748,10.29,10.61,18.55
E02001777,E02001749,13.22,14.22,24.39
E02001777,E02001750,10.68,11.87,20.13
E02001777,E02001751,13.45,14.97,25.31
E02001777,E02001752,9.66,10.53,17.92
E02001777,E02001753,10.52,11.39,19.68
E02001777,E02001754,9.49,10.12,17.38
E02001777,E02001755,13.62,15.27,25.79
E02001777,E02001756,14.17,14.77,25.65
E02001777,E02001757,8.34,8.67,15.07
E02001777,E02001758,8.58,9.69,16.18
E02001777,E02001759,8.51,8.87,15.34
E02001777,E02001760,7.39,7.8,13.42
E02001777,E02001761,9.71,10.44,17.79
E02001777,E02001762,10.84,11.23,19.45
E02001777,E02001763,7.04,7.82,13.17
E02001777,E02001764,7.34,8.03,13.73
E02001777,E02001765,6.96,7.15,12.43
E02001777,E02001766,8.61,9.02,15.52
E02001777,E02001767,9.45,9.82,17.01
E02001777,E02001768,8.55,9.68,16.19
E02001777,E02001769,7.19,8.01,13.49
E02001777,E02001770,7.82,9.48,15.36
E02001777,E02001771,9.36,11.51,18.6
E02001777,E02001772,7.28,9.0,14.54
E02001777,E02001773,8.14,10.72,16.9
E02001777,E02001774,2.92,3.46,5.65
E02001777,E02001775,9.44,11.87,19.58
E02001777,E02001776,1.36,1.87,3.02
E02001777,E02001777,0.68,0.93,1.51
E02001777,E02001778,6.75,7.85,12.94
E02001777,E02001779,5.75,6.84,11.22
E02001777,E02001780,8.81,10.69,17.67
E02001777,E02001781,5.48,6.55,10.69
E02001777,E02001782,2.21,3.72,5.38
E02001777,E02001783,7.1,8.16,13.5
E02001777,E02001784,3.75,5.23,8.33
E02001777,E02001785,12.53,16.18,26.56
E02001777,E02001786,8.22,9.66,15.93
E02001777,E02001787,5.18,7.24,11.24
E02001777,E02001788,6.42,8.35,13.54
E02001777,E02001789,10.51,12.76,21.49
E02001777,E02001790,8.85,10.65,17.94
E02001777,E02001791,13.0,15.25,25.46
E02001777,E02001792,13.58,16.24,27.17
E02001777,E02001793,9.8,13.43,21.37
E02001777,E02001794,11.33,16.48,25.57
E02001777,E02001795,13.47,16.09,27.14
E02001777,E02001796,14.5,17.63,29.69
E02001777,E02001797,7.65,9.28,15.28
E02001777,E02001798,10.02,12.95,20.57
E02001777,E02001799,8.54,10.29,16.96
E02001777,E02001800,9.16,9.33,16.59
E02001777,E02001801,14.96,18.55,31.46
E02001777,E02001802,13.85,16.81,28.47
E02001777,E02001803,15.21,17.95,30.63
E02001777,E02001804,14.83,17.16,28.4
E02001777,E02001805,14.76,17.01,29.06
E02001777,E02001806,16.57,19.45,32.58
E02001777,E02001807,10.26,11.63,19.59
E02001777,E02001808,15.67,18.02,30.75
E02001777,E02001809,11.01,12.37,21.14
E02001777,E02001810,10.9,11.94,20.57
E02001777,E02001811,13.73,14.56,24.97
E02001777,E02001812,16.75,19.9,33.48
E02001777,E02001813,15.5,17.67,29.43
E02001777,E02001814,17.86,21.17,35.74
E02001777,E02001815,12.53,13.24,23.03
E02001777,E02001816,16.61,19.32,32.45
E02001777,E02001817,18.24,22.34,36.78
E02001777,E02001818,19.83,23.59,39.03
E02001777,E02001819,16.44,18.75,31.71
E02001777,E02001820,14.76,14.76,26.22
E02001777,E02001821,18.81,20.49,34.76
E02001777,E02001822,16.02,16.12,28.53
E02001777,E02001823,18.58,18.46,33.76
E02001777,E02001824,19.39,20.06,35.31
E02001777,E02001825,21.07,21.23,37.72
E02001777,E02001826,22.73,22.72,40.78
E02001777,E02006841,6.94,8.38,13.7
E02001777,E02006842,7.0,9.47,15.11
E02001777,E02006893,16.6,17.72,30.5
E02001778,E02001682,24.25,26.4,44.79
E02001778,E02001683,26.7,29.31,49.54
E02001778,E02001684,10.1,11.25,18.85
E02001778,E02001685,21.99,25.05,42.06
E02001778,E02001686,22.44,24.77,41.8
E02001778,E02001688,15.57,18.2,30.2
E02001778,E02001689,13.75,16.0,26.93
E02001778,E02001690,19.51,22.24,37.45
E02001778,E02001691,13.33,16.99,27.83
E02001778,E02001692,12.07,15.38,24.8
E02001778,E02001693,10.71,13.07,21.39
E02001778,E02001694,16.99,19.65,32.76
E02001778,E02001695,8.22,9.25,15.43
E02001778,E02001696,9.27,11.05,18.02
E02001778,E02001697,13.11,17.37,27.81
E02001778,E02001698,20.35,24.32,40.28
E02001778,E02001699,10.96,13.86,22.33
E02001778,E02001700,18.13,20.73,34.97
E02001778,E02001701,13.84,17.39,29.06
E02001778,E02001702,12.02,14.4,23.44
E02001778,E02001703,24.82,27.24,46.62
E02001778,E02001704,12.91,15.84,25.56
E02001778,E02001705,31.25,37.33,61.58
E02001778,E02001706,14.57,14.73,26.63
E02001778,E02001707,15.08,15.72,27.45
E02001778,E02001708,20.95,24.37,41.26
E02001778,E02001709,18.11,20.07,34.32
E02001778,E02001710,18.9,22.26,36.94
E02001778,E02001711,21.77,23.81,40.59
E02001778,E02001712,15.74,16.86,29.12
E02001778,E02001713,17.22,18.38,31.76
E02001778,E02001714,13.86,14.72,25.27
E02001778,E02001715,19.24,20.99,35.89
E02001778,E02001718,19.92,20.79,35.93
E02001778,E02001719,12.58,13.34,22.86
E02001778,E02001720,15.29,17.03,28.57
E02001778,E02001721,24.25,26.33,44.77
E02001778,E02001722,21.55,24.05,40.24
E02001778,E02001723,18.65,18.85,33.02
E02001778,E02001724,14.51,15.11,26.08
E02001778,E02001725,12.77,13.16,22.82
E02001778,E02001726,18.63,20.27,34.58
E02001778,E02001727,10.33,10.75,18.56
E02001778,E02001728,21.67,23.85,40.34
E02001778,E02001729,16.65,18.29,30.79
E02001778,E02001730,13.9,14.54,25.09
E02001778,E02001731,15.37,16.68,28.23
E02001778,E02001732,19.64,21.46,36.38
E02001778,E02001733,12.63,13.31,22.92
E02001778,E02001734,18.04,19.65,33.21
E02001778,E02001735,12.08,12.92,22.06
E02001778,E02001736,16.95,18.45,31.18
E02001778,E02001737,12.25,12.87,22.2
E02001778,E02001738,14.49,17.02,28.73
E02001778,E02001739,16.87,17.98,30.76
E02001778,E02001740,13.87,16.16,27.19
E02001778,E02001741,19.08,20.36,34.75
E02001778,E02001742,12.47,14.45,24.42
E02001778,E02001743,13.34,15.12,25.42
E02001778,E02001744,11.87,14.24,23.61
E02001778,E02001745,15.75,17.85,29.93
E02001778,E02001746,12.27,13.92,23.4
E02001778,E02001747,11.88,13.13,22.35
E02001778,E02001748,10.64,11.23,19.46
E02001778,E02001749,13.58,14.84,25.29
E02001778,E02001750,11.04,12.49,21.03
E02001778,E02001751,13.8,15.59,26.21
E02001778,E02001752,10.02,11.15,18.82
E02001778,E02001753,10.88,12.01,20.59
E02001778,E02001754,9.85,10.74,18.29
E02001778,E02001755,13.98,15.89,26.69
E02001778,E02001756,14.53,16.07,27.43
E02001778,E02001757,8.7,9.29,15.98
E02001778,E02001758,8.94,10.31,17.09
E02001778,E02001759,8.87,9.49,16.25
E02001778,E02001760,7.75,8.42,14.32
E02001778,E02001761,10.07,11.06,18.69
E02001778,E02001762,11.2,11.85,20.36
E02001778,E02001763,7.4,8.44,14.08
E02001778,E02001764,7.69,8.65,14.64
E02001778,E02001765,7.32,7.77,13.34
E02001778,E02001766,8.97,9.64,16.43
E02001778,E02001767,9.81,10.44,17.91
E02001778,E02001768,3.32,4.33,6.82
E02001778,E02001769,2.07,2.77,4.32
E02001778,E02001770,2.41,3.35,5.25
E02001778,E02001771,3.55,5.38,8.49
E02001778,E02001772,1.47,2.59,3.69
E02001778,E02001773,2.33,4.31,6.05
E02001778,E02001774,4.26,5.24,8.45
E02001778,E02001775,3.62,6.03,9.42
E02001778,E02001776,5.4,6.32,10.39
E02001778,E02001777,6.75,7.85,12.94
E02001778,E02001778,0.73,1.3,1.84
E02001778,E02001779,2.33,3.23,5.0
E02001778,E02001780,2.99,4.86,7.51
E02001778,E02001781,3.06,4.51,7.12
E02001778,E02001782,6.78,9.21,14.55
E02001778,E02001783,2.34,3.47,5.28
E02001778,E02001784,4.4,5.49,8.81
E02001778,E02001785,6.71,10.35,16.39
E02001778,E02001786,2.56,3.94,5.92
E02001778,E02001787,5.44,6.97,11.07
E02001778,E02001788,5.71,7.47,11.78
E02001778,E02001789,5.83,7.89,12.9
E02001778,E02001790,4.96,7.46,11.3
E02001778,E02001791,7.3,9.42,15.36
E02001778,E02001792,8.24,10.79,17.66
E02001778,E02001793,7.98,12.55,18.82
E02001778,E02001794,9.5,14.0,22.33
E02001778,E02001795,8.71,10.64,17.63
E02001778,E02001796,9.15,12.17,20.18
E02001778,E02001797,10.74,12.2,20.27
E02001778,E02001798,8.88,12.24,19.26
E02001778,E02001799,11.63,13.2,21.96
E02001778,E02001800,12.42,12.25,21.58
E02001778,E02001801,11.48,13.85,22.91
E02001778,E02001802,12.02,15.55,25.76
E02001778,E02001803,10.84,12.5,21.16
E02001778,E02001804,13.24,16.5,27.17
E02001778,E02001805,12.59,14.42,24.42
E02001778,E02001806,11.45,14.0,23.07
E02001778,E02001807,12.64,14.54,24.58
E02001778,E02001808,11.98,13.79,23.25
E02001778,E02001809,13.88,15.29,26.13
E02001778,E02001810,14.16,14.86,25.57
E02001778,E02001811,13.1,13.89,23.74
E02001778,E02001812,12.4,15.34,25.37
E02001778,E02001813,14.3,16.18,27.39
E02001778,E02001814,12.98,15.72,26.23
E02001778,E02001815,15.8,16.16,28.02
E02001778,E02001816,15.26,17.71,29.64
E02001778,E02001817,14.97,19.06,30.77
E02001778,E02001818,15.15,18.53,30.73
E02001778,E02001819,15.81,18.08,30.48
E02001778,E02001820,16.1,17.34,29.44
E02001778,E02001821,16.06,19.83,33.54
E02001778,E02001822,16.76,18.47,31.06
E02001778,E02001823,19.92,21.37,37.24
E02001778,E02001824,18.91,20.52,34.72
E02001778,E02001825,20.68,21.79,37.31
E02001778,E02001826,22.34,23.56,40.37
E02001778,E02006841,12.86,14.74,24.42
E02001778,E02006842,12.58,15.82,25.83
E02001778,E02006893,22.4,23.57,40.56
E02001779,E02001682,22.47,24.3,41.33
E02001779,E02001683,24.93,27.2,46.08
E02001779,E02001684,8.32,9.26,15.51
E02001779,E02001685,20.21,22.94,38.61
E02001779,E02001686,20.66,22.67,38.34
E02001779,E02001688,13.79,16.09,26.74
E02001779,E02001689,11.97,13.89,23.47
E02001779,E02001690,17.73,20.14,33.99
E02001779,E02001691,11.56,14.89,24.37
E02001779,E02001692,10.29,13.28,21.34
E02001779,E02001693,8.93,10.96,17.93
E02001779,E02001694,15.21,17.55,29.3
E02001779,E02001695,6.45,7.14,11.98
E02001779,E02001696,7.49,8.94,14.56
E02001779,E02001697,11.33,15.26,24.35
E02001779,E02001698,18.57,22.22,36.83
E02001779,E02001699,9.18,11.76,18.87
E02001779,E02001700,16.35,18.62,31.51
E02001779,E02001701,12.06,15.29,25.61
E02001779,E02001702,10.25,12.3,19.98
E02001779,E02001703,23.04,25.14,43.16
E02001779,E02001704,11.13,13.74,22.1
E02001779,E02001705,29.47,35.23,58.12
E02001779,E02001706,12.79,12.63,23.17
E02001779,E02001707,13.3,13.62,23.99
E02001779,E02001708,19.95,22.8,38.51
E02001779,E02001709,17.11,19.06,32.61
E02001779,E02001710,17.9,21.25,35.22
E02001779,E02001711,20.31,22.23,37.83
E02001779,E02001712,14.74,15.85,27.4
E02001779,E02001713,16.22,17.37,30.04
E02001779,E02001714,12.86,13.71,23.55
E02001779,E02001715,18.24,19.99,34.17
E02001779,E02001718,18.43,19.21,33.17
E02001779,E02001719,11.58,12.34,21.15
E02001779,E02001720,14.28,15.76,26.85
E02001779,E02001721,22.48,24.23,41.31
E02001779,E02001722,19.77,21.95,36.78
E02001779,E02001723,16.92,17.28,30.27
E02001779,E02001724,13.51,14.1,24.36
E02001779,E02001725,11.77,12.15,21.1
E02001779,E02001726,16.85,18.31,31.12
E02001779,E02001727,9.33,9.74,16.84
E02001779,E02001728,19.89,21.74,36.88
E02001779,E02001729,14.87,16.18,27.34
E02001779,E02001730,12.9,13.53,23.37
E02001779,E02001731,13.59,14.58,24.77
E02001779,E02001732,17.86,19.35,32.92
E02001779,E02001733,11.63,12.3,21.2
E02001779,E02001734,16.27,17.55,29.75
E02001779,E02001735,11.08,11.91,20.34
E02001779,E02001736,15.17,16.34,27.72
E02001779,E02001737,11.25,11.87,20.48
E02001779,E02001738,13.49,16.01,27.01
E02001779,E02001739,15.87,16.97,29.04
E02001779,E02001740,12.87,15.15,25.47
E02001779,E02001741,18.08,19.36,33.03
E02001779,E02001742,11.47,13.44,22.7
E02001779,E02001743,12.34,14.11,23.71
E02001779,E02001744,10.87,13.24,21.89
E02001779,E02001745,14.75,16.84,28.22
E02001779,E02001746,11.27,12.91,21.68
E02001779,E02001747,10.88,12.12,20.63
E02001779,E02001748,9.64,10.23,17.74
E02001779,E02001749,12.58,13.83,23.57
E02001779,E02001750,10.04,11.48,19.31
E02001779,E02001751,12.8,14.59,24.5
E02001779,E02001752,9.02,10.14,17.11
E02001779,E02001753,9.88,11.0,18.87
E02001779,E02001754,8.85,9.73,16.57
E02001779,E02001755,12.98,14.88,24.97
E02001779,E02001756,13.53,15.06,25.71
E02001779,E02001757,7.7,8.29,14.26
E02001779,E02001758,7.94,9.3,15.37
E02001779,E02001759,7.87,8.48,14.53
E02001779,E02001760,6.75,7.41,12.61
E02001779,E02001761,9.07,10.06,16.98
E02001779,E02001762,10.2,10.84,18.64
E02001779,E02001763,6.39,7.43,12.36
E02001779,E02001764,6.69,7.64,12.92
E02001779,E02001765,6.32,6.76,11.62
E02001779,E02001766,7.97,8.63,14.71
E02001779,E02001767,8.81,9.43,16.19
E02001779,E02001768,4.13,5.06,8.25
E02001779,E02001769,2.76,3.39,5.55
E02001779,E02001770,3.4,4.86,7.42
E02001779,E02001771,4.84,6.89,10.66
E02001779,E02001772,2.86,4.38,6.6
E02001779,E02001773,3.62,6.1,8.96
E02001779,E02001774,3.26,4.23,6.73
E02001779,E02001775,4.8,7.17,10.92
E02001779,E02001776,4.39,5.32,8.67
E02001779,E02001777,5.75,6.84,11.22
E02001779,E02001778,2.33,3.23,5.0
E02001779,E02001779,0.7,1.2,1.83
E02001779,E02001780,3.99,6.0,9.01
E02001779,E02001781,1.4,2.41,3.66
E02001779,E02001782,5.0,7.61,11.76
E02001779,E02001783,2.09,3.46,5.03
E02001779,E02001784,2.62,3.39,5.35
E02001779,E02001785,7.84,11.49,17.9
E02001779,E02001786,2.91,4.96,7.28
E02001779,E02001787,3.66,4.86,7.61
E02001779,E02001788,3.93,5.37,8.32
E02001779,E02001789,6.22,9.03,14.34
E02001779,E02001790,5.2,7.66,12.48
E02001779,E02001791,7.99,10.56,16.8
E02001779,E02001792,8.92,11.92,19.1
E02001779,E02001793,7.32,10.44,16.29
E02001779,E02001794,8.85,13.5,20.48
E02001779,E02001795,9.39,11.78,19.07
E02001779,E02001796,9.84,13.31,21.62
E02001779,E02001797,8.97,10.09,16.82
E02001779,E02001798,7.55,10.13,15.8
E02001779,E02001799,9.86,11.1,18.5
E02001779,E02001800,10.64,10.15,18.13
E02001779,E02001801,12.16,14.99,24.35
E02001779,E02001802,11.36,14.04,23.78
E02001779,E02001803,11.53,13.64,22.6
E02001779,E02001804,12.42,14.39,23.71
E02001779,E02001805,12.27,14.24,24.37
E02001779,E02001806,12.13,15.13,24.51
E02001779,E02001807,10.86,12.44,21.13
E02001779,E02001808,12.66,14.93,24.69
E02001779,E02001809,12.1,13.18,22.68
E02001779,E02001810,12.39,12.75,22.11
E02001779,E02001811,11.32,11.79,20.28
E02001779,E02001812,13.08,16.48,26.81
E02001779,E02001813,13.09,14.9,24.74
E02001779,E02001814,13.67,16.86,27.67
E02001779,E02001815,14.02,14.05,24.56
E02001779,E02001816,14.2,16.55,27.77
E02001779,E02001817,15.66,19.57,32.1
E02001779,E02001818,15.84,19.67,32.17
E02001779,E02001819,14.03,15.98,27.02
E02001779,E02001820,14.32,15.24,25.98
E02001779,E02001821,16.4,17.73,30.08
E02001779,E02001822,14.98,16.36,27.6
E02001779,E02001823,18.14,19.27,33.78
E02001779,E02001824,17.14,18.41,31.26
E02001779,E02001825,18.9,19.68,33.86
E02001779,E02001826,20.56,21.46,36.92
E02001779,E02006841,11.08,12.63,20.96
E02001779,E02006842,10.8,13.72,22.37
E02001779,E02006893,20.78,22.0,37.8
E02001780,E02001682,25.59,27.7,47.07
E02001780,E02001683,28.05,30.6,51.82
E02001780,E02001684,11.45,12.66,21.25
E02001780,E02001685,23.33,26.34,44.35
E02001780,E02001686,23.78,26.07,44.08
E02001780,E02001688,16.92,19.49,32.48
E02001780,E02001689,15.09,17.29,29.21
E02001780,E02001690,20.85,23.54,39.73
E02001780,E02001691,14.68,18.29,30.11
E02001780,E02001692,13.42,16.68,27.08
E02001780,E02001693,12.05,14.36,23.67
E02001780,E02001694,18.34,20.95,35.04
E02001780,E02001695,9.57,10.54,17.72
E02001780,E02001696,10.62,12.34,20.3
E02001780,E02001697,14.46,18.66,30.1
E02001780,E02001698,21.69,25.62,42.57
E02001780,E02001699,12.3,15.16,24.61
E02001780,E02001700,19.48,22.02,37.26
E02001780,E02001701,15.18,18.69,31.35
E02001780,E02001702,13.37,15.7,25.73
E02001780,E02001703,26.16,28.54,48.9
E02001780,E02001704,14.25,17.14,27.85
E02001780,E02001705,32.59,38.63,63.86
E02001780,E02001706,15.91,16.03,28.91
E02001780,E02001707,16.43,17.02,29.73
E02001780,E02001708,23.01,26.2,44.25
E02001780,E02001709,20.17,22.7,38.85
E02001780,E02001710,20.96,24.89,41.46
E02001780,E02001711,23.43,25.63,43.58
E02001780,E02001712,17.79,19.49,33.65
E02001780,E02001713,19.28,21.01,36.28
E02001780,E02001714,15.92,17.35,29.79
E02001780,E02001715,21.3,23.62,40.2
E02001780,E02001718,21.55,22.61,38.91
E02001780,E02001719,14.64,15.97,27.39
E02001780,E02001720,17.34,19.16,32.9
E02001780,E02001721,25.6,27.63,47.05
E02001780,E02001722,22.89,25.35,42.52
E02001780,E02001723,20.04,20.68,36.01
E02001780,E02001724,16.57,17.74,30.6
E02001780,E02001725,14.83,15.79,27.34
E02001780,E02001726,19.97,21.71,36.86
E02001780,E02001727,12.39,13.38,23.08
E02001780,E02001728,23.01,25.14,42.62
E02001780,E02001729,17.99,19.58,33.08
E02001780,E02001730,15.96,17.17,29.61
E02001780,E02001731,16.71,17.98,30.51
E02001780,E02001732,20.98,22.75,38.67
E02001780,E02001733,14.69,15.94,27.44
E02001780,E02001734,19.39,20.95,35.49
E02001780,E02001735,14.14,15.54,26.59
E02001780,E02001736,18.29,19.74,33.46
E02001780,E02001737,14.31,15.5,26.72
E02001780,E02001738,16.55,19.64,33.26
E02001780,E02001739,18.93,20.61,35.29
E02001780,E02001740,15.92,18.79,31.71
E02001780,E02001741,21.14,22.99,39.27
E02001780,E02001742,14.53,17.07,28.94
E02001780,E02001743,15.4,17.75,29.95
E02001780,E02001744,13.93,16.87,28.13
E02001780,E02001745,17.81,20.48,34.46
E02001780,E02001746,14.33,16.55,27.92
E02001780,E02001747,13.94,15.76,26.87
E02001780,E02001748,12.7,13.86,23.98
E02001780,E02001749,15.64,17.47,29.82
E02001780,E02001750,13.1,15.12,25.56
E02001780,E02001751,15.86,18.22,30.74
E02001780,E02001752,12.08,13.78,23.35
E02001780,E02001753,12.94,14.64,25.11
E02001780,E02001754,11.91,13.37,22.81
E02001780,E02001755,16.04,18.52,31.22
E02001780,E02001756,16.59,18.7,31.95
E02001780,E02001757,10.76,11.92,20.5
E02001780,E02001758,11.0,12.94,21.61
E02001780,E02001759,10.93,12.12,20.77
E02001780,E02001760,9.81,11.05,18.85
E02001780,E02001761,12.13,13.69,23.22
E02001780,E02001762,13.26,14.48,24.88
E02001780,E02001763,9.45,11.07,18.6
E02001780,E02001764,9.75,11.28,19.16
E02001780,E02001765,9.38,10.4,17.86
E02001780,E02001766,11.03,12.27,20.95
E02001780,E02001767,11.87,13.07,22.44
E02001780,E02001768,4.05,5.15,8.34
E02001780,E02001769,3.06,4.3,6.91
E02001780,E02001770,2.82,3.77,6.04
E02001780,E02001771,2.09,3.86,5.44
E02001780,E02001772,1.96,3.31,4.87
E02001780,E02001773,1.37,2.73,3.76
E02001780,E02001774,6.32,8.08,13.18
E02001780,E02001775,1.43,2.59,3.74
E02001780,E02001776,7.45,9.17,15.12
E02001780,E02001777,8.81,10.69,17.67
E02001780,E02001778,2.99,4.86,7.51
E02001780,E02001779,3.99,6.0,9.01
E02001780,E02001780,0.68,1.29,1.87
E02001780,E02001781,4.3,5.43,8.65
E02001780,E02001782,8.12,11.01,17.5
E02001780,E02001783,3.27,4.29,6.74
E02001780,E02001784,5.74,6.79,11.09
E02001780,E02001785,4.27,6.9,10.69
E02001780,E02001786,2.83,4.59,7.14
E02001780,E02001787,6.78,8.26,13.35
E02001780,E02001788,6.38,8.77,14.06
E02001780,E02001789,3.23,5.0,7.6
E02001780,E02001790,5.2,7.26,11.35
E02001780,E02001791,4.71,6.53,10.06
E02001780,E02001792,5.64,7.89,12.36
E02001780,E02001793,8.14,12.14,18.45
E02001780,E02001794,7.88,11.1,17.03
E02001780,E02001795,6.11,7.74,12.33
E02001780,E02001796,6.55,9.28,14.88
E02001780,E02001797,12.09,13.49,22.56
E02001780,E02001798,9.04,13.53,20.93
E02001780,E02001799,12.89,14.5,24.24
E02001780,E02001800,13.76,13.55,23.87
E02001780,E02001801,8.88,10.95,17.61
E02001780,E02001802,9.69,12.66,20.46
E02001780,E02001803,8.25,9.61,15.86
E02001780,E02001804,11.11,14.81,24.15
E02001780,E02001805,9.99,11.53,19.12
E02001780,E02001806,8.85,11.1,17.77
E02001780,E02001807,13.21,15.84,26.87
E02001780,E02001808,9.38,10.9,17.95
E02001780,E02001809,14.45,16.58,28.42
E02001780,E02001810,15.51,16.15,27.85
E02001780,E02001811,11.93,13.27,22.23
E02001780,E02001812,9.8,12.44,20.07
E02001780,E02001813,11.71,13.29,22.1
E02001780,E02001814,10.38,12.82,20.93
E02001780,E02001815,16.81,17.45,30.31
E02001780,E02001816,12.66,14.81,24.34
E02001780,E02001817,12.38,16.16,25.47
E02001780,E02001818,12.56,15.64,25.43
E02001780,E02001819,13.7,16.47,27.12
E02001780,E02001820,16.55,18.64,31.4
E02001780,E02001821,13.46,18.64,29.3
E02001780,E02001822,16.86,19.5,32.17
E02001780,E02001823,19.51,22.12,36.86
E02001780,E02001824,18.22,20.66,34.35
E02001780,E02001825,19.98,21.93,36.94
E02001780,E02001826,21.64,23.7,40.0
E02001780,E02006841,14.21,16.03,26.7
E02001780,E02006842,13.92,17.12,28.11
E02001780,E02006893,23.9,25.4,43.54
E02001781,E02001682,21.59,23.55,39.94
E02001781,E02001683,24.05,26.45,44.69
E02001781,E02001684,7.45,8.51,14.12
E02001781,E02001685,19.33,22.19,37.22
E02001781,E02001686,19.78,21.92,36.95
E02001781,E02001688,12.91,15.34,25.35
E02001781,E02001689,11.09,13.14,22.08
E02001781,E02001690,16.85,19.39,32.6
E02001781,E02001691,10.68,14.14,22.98
E02001781,E02001692,9.41,12.53,19.95
E02001781,E02001693,8.05,10.21,16.54
E02001781,E02001694,14.33,16.8,27.91
E02001781,E02001695,5.57,6.39,10.59
E02001781,E02001696,6.62,8.19,13.17
E02001781,E02001697,10.45,14.51,22.96
E02001781,E02001698,17.69,21.47,35.44
E02001781,E02001699,8.3,11.01,17.48
E02001781,E02001700,15.48,17.87,30.12
E02001781,E02001701,11.18,14.54,24.22
E02001781,E02001702,9.37,11.55,18.59
E02001781,E02001703,22.16,24.39,41.77
E02001781,E02001704,10.25,12.99,20.71
E02001781,E02001705,28.59,34.48,56.73
E02001781,E02001706,11.91,11.88,21.78
E02001781,E02001707,12.43,12.87,22.6
E02001781,E02001708,19.55,22.05,37.12
E02001781,E02001709,16.72,18.55,31.72
E02001781,E02001710,17.51,20.74,34.33
E02001781,E02001711,19.43,21.48,36.44
E02001781,E02001712,14.34,15.34,26.51
E02001781,E02001713,15.83,16.86,29.15
E02001781,E02001714,12.47,13.2,22.66
E02001781,E02001715,17.81,19.47,33.07
E02001781,E02001718,17.55,18.46,31.78
E02001781,E02001719,11.19,11.82,20.26
E02001781,E02001720,13.89,15.01,25.77
E02001781,E02001721,21.6,23.48,39.92
E02001781,E02001722,18.89,21.2,35.39
E02001781,E02001723,16.04,16.53,28.88
E02001781,E02001724,13.12,13.59,23.47
E02001781,E02001725,11.37,11.64,20.21
E02001781,E02001726,15.97,17.56,29.73
E02001781,E02001727,8.94,9.23,15.95
E02001781,E02001728,19.01,20.99,35.49
E02001781,E02001729,13.99,15.43,25.95
E02001781,E02001730,12.5,13.02,22.48
E02001781,E02001731,12.71,13.83,23.38
E02001781,E02001732,16.98,18.6,31.54
E02001781,E02001733,11.24,11.79,20.31
E02001781,E02001734,15.39,16.8,28.36
E02001781,E02001735,10.68,11.39,19.46
E02001781,E02001736,14.29,15.59,26.33
E02001781,E02001737,10.85,11.35,19.59
E02001781,E02001738,13.1,15.49,26.13
E02001781,E02001739,15.48,16.46,28.15
E02001781,E02001740,12.47,14.64,24.58
E02001781,E02001741,17.69,18.84,32.14
E02001781,E02001742,11.08,12.92,21.81
E02001781,E02001743,11.94,13.6,22.82
E02001781,E02001744,10.48,12.72,21.0
E02001781,E02001745,14.36,16.33,27.33
E02001781,E02001746,10.88,12.4,20.79
E02001781,E02001747,10.49,11.61,19.74
E02001781,E02001748,9.25,9.71,16.85
E02001781,E02001749,12.19,13.32,22.68
E02001781,E02001750,9.64,10.97,18.43
E02001781,E02001751,12.41,14.07,23.61
E02001781,E02001752,8.63,9.63,16.22
E02001781,E02001753,9.48,10.49,17.98
E02001781,E02001754,8.45,9.22,15.68
E02001781,E02001755,12.59,14.37,24.08
E02001781,E02001756,13.14,14.55,24.82
E02001781,E02001757,7.3,7.77,13.37
E02001781,E02001758,7.54,8.79,14.48
E02001781,E02001759,7.48,7.97,13.64
E02001781,E02001760,6.36,6.9,11.72
E02001781,E02001761,8.67,9.54,16.09
E02001781,E02001762,9.8,10.33,17.75
E02001781,E02001763,6.0,6.92,11.47
E02001781,E02001764,6.3,7.13,12.03
E02001781,E02001765,5.93,6.25,10.73
E02001781,E02001766,7.57,8.12,13.82
E02001781,E02001767,8.41,8.92,15.3
E02001781,E02001768,5.25,6.35,10.36
E02001781,E02001769,3.88,4.67,7.67
E02001781,E02001770,4.52,6.14,9.54
E02001781,E02001771,5.45,7.75,12.07
E02001781,E02001772,3.76,5.67,8.71
E02001781,E02001773,4.22,5.71,9.11
E02001781,E02001774,2.99,3.93,6.2
E02001781,E02001775,5.1,6.6,10.56
E02001781,E02001776,4.13,5.02,8.14
E02001781,E02001777,5.48,6.55,10.69
E02001781,E02001778,3.06,4.51,7.12
E02001781,E02001779,1.4,2.41,3.66
E02001781,E02001780,4.3,5.43,8.65
E02001781,E02001781,0.7,1.2,1.83
E02001781,E02001782,4.12,6.86,10.37
E02001781,E02001783,1.92,2.89,4.33
E02001781,E02001784,1.74,2.64,3.96
E02001781,E02001785,8.15,10.91,17.54
E02001781,E02001786,3.16,4.39,6.76
E02001781,E02001787,2.78,4.11,6.22
E02001781,E02001788,3.05,4.62,6.93
E02001781,E02001789,6.05,8.46,13.98
E02001781,E02001790,5.02,6.91,11.47
E02001781,E02001791,8.24,9.99,16.44
E02001781,E02001792,9.17,11.35,18.74
E02001781,E02001793,6.44,9.69,14.9
E02001781,E02001794,7.97,12.74,19.09
E02001781,E02001795,9.64,11.2,18.71
E02001781,E02001796,10.08,12.74,21.26
E02001781,E02001797,8.09,9.34,15.43
E02001781,E02001798,6.67,9.38,14.41
E02001781,E02001799,8.98,10.35,17.11
E02001781,E02001800,9.76,9.4,16.74
E02001781,E02001801,11.59,14.41,23.99
E02001781,E02001802,10.48,13.29,22.39
E02001781,E02001803,11.77,13.07,22.24
E02001781,E02001804,11.54,13.64,22.32
E02001781,E02001805,11.39,13.49,22.98
E02001781,E02001806,12.38,14.56,24.15
E02001781,E02001807,9.98,11.69,19.74
E02001781,E02001808,12.3,14.36,24.33
E02001781,E02001809,11.22,12.43,21.29
E02001781,E02001810,11.51,12.0,20.72
E02001781,E02001811,10.44,11.04,18.89
E02001781,E02001812,13.33,15.9,26.45
E02001781,E02001813,12.21,14.15,23.35
E02001781,E02001814,13.91,16.28,27.31
E02001781,E02001815,13.14,13.3,23.17
E02001781,E02001816,13.32,15.8,26.38
E02001781,E02001817,14.96,18.82,30.71
E02001781,E02001818,16.09,19.1,31.81
E02001781,E02001819,13.16,15.23,25.63
E02001781,E02001820,13.44,14.49,24.59
E02001781,E02001821,15.52,16.98,28.69
E02001781,E02001822,14.11,15.61,26.21
E02001781,E02001823,17.26,18.52,32.39
E02001781,E02001824,16.26,17.66,29.87
E02001781,E02001825,18.02,18.93,32.47
E02001781,E02001826,19.68,20.71,35.53
E02001781,E02006841,10.2,11.88,19.57
E02001781,E02006842,9.92,12.97,20.98
E02001781,E02006893,19.9,21.25,36.41
E02001782,E02001682,18.1,20.21,33.96
E02001782,E02001683,20.56,23.11,38.71
E02001782,E02001684,3.81,5.01,7.86
E02001782,E02001685,16.12,18.85,31.24
E02001782,E02001686,16.29,18.58,30.97
E02001782,E02001688,9.6,12.0,19.37
E02001782,E02001689,7.98,9.8,16.1
E02001782,E02001690,13.53,16.05,26.62
E02001782,E02001691,7.57,10.82,17.04
E02001782,E02001692,6.3,9.24,14.06
E02001782,E02001693,4.94,6.92,10.65
E02001782,E02001694,11.02,13.46,21.94
E02001782,E02001695,3.7,4.89,7.74
E02001782,E02001696,4.82,6.69,10.33
E02001782,E02001697,7.34,11.41,17.07
E02001782,E02001698,14.54,18.12,29.46
E02001782,E02001699,5.48,8.12,12.23
E02001782,E02001700,12.37,14.53,24.15
E02001782,E02001701,8.07,12.28,19.13
E02001782,E02001702,7.6,10.05,15.75
E02001782,E02001703,18.95,21.05,35.79
E02001782,E02001704,8.14,11.49,17.87
E02001782,E02001705,25.38,31.14,50.75
E02001782,E02001706,10.14,10.38,18.94
E02001782,E02001707,10.66,11.37,19.76
E02001782,E02001708,16.41,18.71,31.14
E02001782,E02001709,14.27,15.39,26.09
E02001782,E02001710,14.62,17.58,28.71
E02001782,E02001711,15.94,18.14,30.47
E02001782,E02001712,12.36,13.48,22.95
E02001782,E02001713,12.78,13.7,23.53
E02001782,E02001714,12.54,13.31,22.73
E02001782,E02001715,14.32,16.31,27.09
E02001782,E02001718,14.06,15.12,25.8
E02001782,E02001719,11.62,12.22,20.94
E02001782,E02001720,10.74,11.67,19.79
E02001782,E02001721,18.11,20.14,33.94
E02001782,E02001722,15.4,17.86,29.41
E02001782,E02001723,12.55,13.19,22.9
E02001782,E02001724,10.12,10.68,18.27
E02001782,E02001725,11.06,12.37,20.91
E02001782,E02001726,12.48,14.22,23.75
E02001782,E02001727,10.16,11.48,19.26
E02001782,E02001728,15.52,17.65,29.51
E02001782,E02001729,10.5,12.09,19.97
E02001782,E02001730,9.08,9.96,16.84
E02001782,E02001731,9.22,10.49,17.4
E02001782,E02001732,13.49,15.26,25.56
E02001782,E02001733,10.69,12.2,20.64
E02001782,E02001734,11.9,13.46,22.38
E02001782,E02001735,11.21,13.51,22.65
E02001782,E02001736,10.8,12.25,20.35
E02001782,E02001737,12.0,13.37,22.58
E02001782,E02001738,14.32,17.75,29.43
E02001782,E02001739,16.7,18.72,31.46
E02001782,E02001740,13.69,16.89,27.89
E02001782,E02001741,17.28,19.07,32.03
E02001782,E02001742,12.3,15.18,25.12
E02001782,E02001743,13.17,15.86,26.12
E02001782,E02001744,11.7,14.98,24.31
E02001782,E02001745,15.58,18.58,30.63
E02001782,E02001746,12.1,14.66,24.1
E02001782,E02001747,11.71,13.87,23.05
E02001782,E02001748,10.47,11.97,20.16
E02001782,E02001749,13.41,15.57,25.99
E02001782,E02001750,10.87,13.23,21.73
E02001782,E02001751,13.63,16.33,26.92
E02001782,E02001752,9.85,11.89,19.53
E02001782,E02001753,10.7,12.75,21.29
E02001782,E02001754,9.68,11.47,18.99
E02001782,E02001755,13.81,16.62,27.39
E02001782,E02001756,14.15,14.95,25.58
E02001782,E02001757,8.53,10.03,16.68
E02001782,E02001758,8.76,11.05,17.79
E02001782,E02001759,8.7,10.22,16.95
E02001782,E02001760,7.58,9.16,15.03
E02001782,E02001761,9.9,11.8,19.4
E02001782,E02001762,11.03,12.59,21.06
E02001782,E02001763,7.22,9.18,14.78
E02001782,E02001764,7.52,9.38,15.34
E02001782,E02001765,7.15,8.51,14.04
E02001782,E02001766,8.8,10.37,17.13
E02001782,E02001767,9.64,11.17,18.61
E02001782,E02001768,8.57,11.04,17.79
E02001782,E02001769,7.21,9.36,15.1
E02001782,E02001770,7.84,10.84,16.96
E02001782,E02001771,9.27,12.87,20.21
E02001782,E02001772,7.31,10.36,16.14
E02001782,E02001773,8.04,11.3,17.95
E02001782,E02001774,3.16,4.81,7.26
E02001782,E02001775,8.92,12.18,19.41
E02001782,E02001776,1.86,3.22,4.63
E02001782,E02001777,2.21,3.72,5.38
E02001782,E02001778,6.78,9.21,14.55
E02001782,E02001779,5.0,7.61,11.76
E02001782,E02001780,8.12,11.01,17.5
E02001782,E02001781,4.12,6.86,10.37
E02001782,E02001782,0.93,1.61,2.31
E02001782,E02001783,5.74,8.47,13.17
E02001782,E02001784,2.38,4.62,6.4
E02001782,E02001785,11.97,16.5,26.38
E02001782,E02001786,6.98,9.97,15.6
E02001782,E02001787,3.65,5.8,8.54
E02001782,E02001788,5.05,8.42,12.84
E02001782,E02001789,9.14,11.38,18.79
E02001782,E02001790,7.48,9.27,15.24
E02001782,E02001791,11.63,14.04,23.12
E02001782,E02001792,12.21,14.85,24.47
E02001782,E02001793,8.43,12.05,18.67
E02001782,E02001794,9.96,15.1,22.87
E02001782,E02001795,12.08,14.71,24.44
E02001782,E02001796,13.13,16.24,26.99
E02001782,E02001797,6.32,7.85,12.58
E02001782,E02001798,8.48,11.51,17.87
E02001782,E02001799,7.21,8.85,14.26
E02001782,E02001800,7.99,7.9,13.89
E02001782,E02001801,13.52,17.11,28.76
E02001782,E02001802,12.41,15.37,25.77
E02001782,E02001803,13.78,16.52,27.93
E02001782,E02001804,13.29,15.73,25.7
E02001782,E02001805,13.32,15.58,26.36
E02001782,E02001806,15.14,18.06,29.88
E02001782,E02001807,8.94,10.19,16.89
E02001782,E02001808,14.23,16.58,28.05
E02001782,E02001809,9.69,10.94,18.44
E02001782,E02001810,9.74,10.51,17.87
E02001782,E02001811,12.2,13.12,22.27
E02001782,E02001812,15.31,18.46,30.78
E02001782,E02001813,13.96,16.23,26.73
E02001782,E02001814,16.43,19.77,33.04
E02001782,E02001815,11.37,11.8,20.33
E02001782,E02001816,15.07,17.88,29.75
E02001782,E02001817,16.71,20.9,34.08
E02001782,E02001818,18.4,22.15,36.33
E02001782,E02001819,14.91,17.31,29.01
E02001782,E02001820,13.59,13.33,23.52
E02001782,E02001821,17.27,19.06,32.06
E02001782,E02001822,14.85,14.69,25.83
E02001782,E02001823,17.41,17.02,31.06
E02001782,E02001824,18.01,18.62,32.61
E02001782,E02001825,19.77,19.79,35.02
E02001782,E02001826,21.43,21.28,38.08
E02001782,E02006841,6.75,8.56,13.63
E02001782,E02006842,6.81,9.65,15.03
E02001782,E02006893,16.41,17.91,30.43
E02001783,E02001682,23.21,25.16,42.75
E02001783,E02001683,25.66,28.07,47.5
E02001783,E02001684,9.06,10.12,16.93
E02001783,E02001685,20.95,23.81,40.02
E02001783,E02001686,21.4,23.53,39.76
E02001783,E02001688,14.53,16.96,28.16
E02001783,E02001689,12.71,14.76,24.88
E02001783,E02001690,18.47,21.0,35.41
E02001783,E02001691,12.29,15.75,25.79
E02001783,E02001692,11.03,14.14,22.76
E02001783,E02001693,9.67,11.83,19.35
E02001783,E02001694,15.95,18.41,30.72
E02001783,E02001695,7.18,8.01,13.39
E02001783,E02001696,8.23,9.81,15.98
E02001783,E02001697,12.07,16.13,25.77
E02001783,E02001698,19.31,23.08,38.24
E02001783,E02001699,9.92,12.62,20.29
E02001783,E02001700,17.09,19.49,32.93
E02001783,E02001701,12.8,16.15,27.02
E02001783,E02001702,10.98,13.16,21.4
E02001783,E02001703,23.78,26.0,44.58
E02001783,E02001704,11.87,14.6,23.52
E02001783,E02001705,30.21,36.09,59.54
E02001783,E02001706,13.53,13.49,24.59
E02001783,E02001707,14.04,14.48,25.41
E02001783,E02001708,21.17,23.67,39.92
E02001783,E02001709,18.34,20.17,34.52
E02001783,E02001710,19.12,22.35,37.14
E02001783,E02001711,21.04,23.1,39.25
E02001783,E02001712,15.96,16.95,29.32
E02001783,E02001713,17.45,18.47,31.96
E02001783,E02001714,14.08,14.81,25.47
E02001783,E02001715,19.43,21.09,35.88
E02001783,E02001718,19.17,20.08,34.59
E02001783,E02001719,12.81,13.44,23.06
E02001783,E02001720,15.51,16.63,28.58
E02001783,E02001721,23.21,25.09,42.73
E02001783,E02001722,20.51,22.81,38.2
E02001783,E02001723,17.66,18.14,31.68
E02001783,E02001724,14.74,15.2,26.28
E02001783,E02001725,12.99,13.25,23.02
E02001783,E02001726,17.59,19.17,32.54
E02001783,E02001727,10.55,10.84,18.76
E02001783,E02001728,20.63,22.61,38.3
E02001783,E02001729,15.61,17.05,28.75
E02001783,E02001730,14.12,14.63,25.29
E02001783,E02001731,14.33,15.44,26.19
E02001783,E02001732,18.6,20.22,34.34
E02001783,E02001733,12.86,13.41,23.12
E02001783,E02001734,17.0,18.41,31.17
E02001783,E02001735,12.3,13.01,22.26
E02001783,E02001736,15.91,17.21,29.14
E02001783,E02001737,12.47,12.97,22.4
E02001783,E02001738,14.72,17.11,28.93
E02001783,E02001739,17.09,18.07,30.96
E02001783,E02001740,14.09,16.25,27.39
E02001783,E02001741,19.31,20.46,34.95
E02001783,E02001742,12.69,14.54,24.62
E02001783,E02001743,13.56,15.21,25.62
E02001783,E02001744,12.1,14.34,23.81
E02001783,E02001745,15.97,17.94,30.13
E02001783,E02001746,12.5,14.02,23.6
E02001783,E02001747,12.1,13.22,22.55
E02001783,E02001748,10.87,11.33,19.66
E02001783,E02001749,13.8,14.93,25.49
E02001783,E02001750,11.26,12.58,21.23
E02001783,E02001751,14.03,15.69,26.41
E02001783,E02001752,10.24,11.24,19.02
E02001783,E02001753,11.1,12.1,20.79
E02001783,E02001754,10.07,10.83,18.49
E02001783,E02001755,14.2,15.98,26.89
E02001783,E02001756,14.75,16.16,27.63
E02001783,E02001757,8.92,9.39,16.18
E02001783,E02001758,9.16,10.4,17.29
E02001783,E02001759,9.09,9.58,16.45
E02001783,E02001760,7.97,8.51,14.52
E02001783,E02001761,10.29,11.16,18.89
E02001783,E02001762,11.42,11.94,20.56
E02001783,E02001763,7.62,8.54,14.28
E02001783,E02001764,7.92,8.74,14.84
E02001783,E02001765,7.54,7.87,13.54
E02001783,E02001766,9.19,9.73,16.63
E02001783,E02001767,10.03,10.53,18.11
E02001783,E02001768,5.02,6.36,10.13
E02001783,E02001769,3.77,4.8,7.62
E02001783,E02001770,4.11,5.38,8.55
E02001783,E02001771,4.71,6.61,10.16
E02001783,E02001772,3.05,4.62,7.0
E02001783,E02001773,3.49,4.58,7.2
E02001783,E02001774,4.61,5.55,9.01
E02001783,E02001775,4.07,5.46,8.65
E02001783,E02001776,5.74,6.63,10.95
E02001783,E02001777,7.1,8.16,13.5
E02001783,E02001778,2.34,3.47,5.28
E02001783,E02001779,2.09,3.46,5.03
E02001783,E02001780,3.27,4.29,6.74
E02001783,E02001781,1.92,2.89,4.33
E02001783,E02001782,5.74,8.47,13.17
E02001783,E02001783,0.89,1.44,2.16
E02001783,E02001784,3.35,4.25,6.77
E02001783,E02001785,7.12,9.78,15.63
E02001783,E02001786,1.79,3.21,4.55
E02001783,E02001787,4.4,5.72,9.02
E02001783,E02001788,4.47,6.23,9.74
E02001783,E02001789,4.44,7.32,11.11
E02001783,E02001790,3.41,5.72,8.28
E02001783,E02001791,6.86,8.85,14.53
E02001783,E02001792,7.8,10.21,16.83
E02001783,E02001793,6.42,10.9,15.8
E02001783,E02001794,7.95,13.43,19.99
E02001783,E02001795,8.27,10.07,16.8
E02001783,E02001796,8.71,11.6,19.35
E02001783,E02001797,9.7,10.96,18.23
E02001783,E02001798,7.32,11.0,17.22
E02001783,E02001799,10.59,11.96,19.92
E02001783,E02001800,11.38,11.01,19.54
E02001783,E02001801,11.04,13.28,22.08
E02001783,E02001802,10.47,14.91,24.94
E02001783,E02001803,10.4,11.93,20.33
E02001783,E02001804,11.69,15.26,25.13
E02001783,E02001805,11.37,13.85,23.59
E02001783,E02001806,11.01,13.42,22.24
E02001783,E02001807,11.46,13.3,22.54
E02001783,E02001808,11.54,13.22,22.42
E02001783,E02001809,12.7,14.05,24.09
E02001783,E02001810,13.12,13.62,23.53
E02001783,E02001811,11.8,12.65,21.7
E02001783,E02001812,11.96,14.77,24.54
E02001783,E02001813,12.82,15.61,26.16
E02001783,E02001814,12.54,15.15,25.4
E02001783,E02001815,14.76,14.92,25.98
E02001783,E02001816,14.07,17.13,28.81
E02001783,E02001817,14.53,18.48,29.94
E02001783,E02001818,14.71,17.96,29.9
E02001783,E02001819,14.51,16.84,28.44
E02001783,E02001820,14.8,16.1,27.4
E02001783,E02001821,15.62,18.59,31.49
E02001783,E02001822,15.46,17.23,29.02
E02001783,E02001823,18.62,20.13,35.2
E02001783,E02001824,17.61,19.27,32.68
E02001783,E02001825,19.38,20.55,35.27
E02001783,E02001826,21.04,22.32,38.33
E02001783,E02006841,11.82,13.49,22.38
E02001783,E02006842,11.54,14.58,23.79
E02001783,E02006893,21.52,22.86,39.22
E02001784,E02001682,20.13,21.7,36.98
E02001784,E02001683,22.59,24.61,41.73
E02001784,E02001684,5.99,6.66,11.16
E02001784,E02001685,17.87,20.35,34.26
E02001784,E02001686,18.32,20.07,33.99
E02001784,E02001688,11.46,13.5,22.39
E02001784,E02001689,9.64,11.3,19.12
E02001784,E02001690,15.4,17.54,29.64
E02001784,E02001691,9.22,12.29,20.02
E02001784,E02001692,7.96,10.68,16.99
E02001784,E02001693,6.59,8.37,13.58
E02001784,E02001694,12.88,14.95,24.95
E02001784,E02001695,4.11,4.54,7.63
E02001784,E02001696,5.16,6.34,10.21
E02001784,E02001697,9.0,12.67,20.01
E02001784,E02001698,16.24,19.62,32.48
E02001784,E02001699,6.84,9.16,14.52
E02001784,E02001700,14.02,16.03,27.17
E02001784,E02001701,9.72,12.69,21.26
E02001784,E02001702,7.91,9.7,15.64
E02001784,E02001703,20.71,22.54,38.81
E02001784,E02001704,8.79,11.14,17.76
E02001784,E02001705,27.14,32.63,53.77
E02001784,E02001706,10.45,10.03,18.82
E02001784,E02001707,10.97,11.02,19.64
E02001784,E02001708,18.44,20.2,34.16
E02001784,E02001709,16.3,16.89,29.11
E02001784,E02001710,16.66,19.07,31.73
E02001784,E02001711,17.97,19.64,33.49
E02001784,E02001712,14.35,14.97,25.97
E02001784,E02001713,14.81,15.19,26.55
E02001784,E02001714,12.48,12.91,22.36
E02001784,E02001715,16.36,17.81,30.11
E02001784,E02001718,16.1,16.62,28.82
E02001784,E02001719,11.2,11.54,19.96
E02001784,E02001720,12.78,13.17,22.81
E02001784,E02001721,20.14,21.63,36.96
E02001784,E02001722,17.43,19.35,32.43
E02001784,E02001723,14.58,14.68,25.92
E02001784,E02001724,12.16,12.17,21.29
E02001784,E02001725,11.38,11.35,19.91
E02001784,E02001726,14.51,15.71,26.77
E02001784,E02001727,8.95,8.94,15.65
E02001784,E02001728,17.56,19.14,32.53
E02001784,E02001729,12.54,13.59,22.99
E02001784,E02001730,11.12,11.45,19.86
E02001784,E02001731,11.25,11.98,20.42
E02001784,E02001732,15.53,16.76,28.58
E02001784,E02001733,11.25,11.5,20.01
E02001784,E02001734,13.93,14.95,25.4
E02001784,E02001735,10.69,11.11,19.16
E02001784,E02001736,12.84,13.74,23.37
E02001784,E02001737,10.86,11.07,19.29
E02001784,E02001738,13.11,15.21,25.83
E02001784,E02001739,15.49,16.17,27.86
E02001784,E02001740,12.48,14.35,24.28
E02001784,E02001741,17.7,18.56,31.84
E02001784,E02001742,11.09,12.64,21.51
E02001784,E02001743,11.95,13.31,22.52
E02001784,E02001744,10.49,12.44,20.7
E02001784,E02001745,14.37,16.04,27.03
E02001784,E02001746,10.89,12.12,20.49
E02001784,E02001747,10.5,11.32,19.44
E02001784,E02001748,9.26,9.43,16.55
E02001784,E02001749,12.2,13.03,22.39
E02001784,E02001750,9.65,10.68,18.13
E02001784,E02001751,12.42,13.79,23.31
E02001784,E02001752,8.64,9.34,15.92
E02001784,E02001753,9.49,10.2,17.68
E02001784,E02001754,8.46,8.93,15.38
E02001784,E02001755,12.6,14.08,23.79
E02001784,E02001756,13.15,14.26,24.52
E02001784,E02001757,7.32,7.49,13.07
E02001784,E02001758,7.55,8.5,14.18
E02001784,E02001759,7.48,7.68,13.34
E02001784,E02001760,6.37,6.61,11.42
E02001784,E02001761,8.68,9.26,15.79
E02001784,E02001762,9.81,10.04,17.45
E02001784,E02001763,6.01,6.63,11.17
E02001784,E02001764,6.31,6.84,11.73
E02001784,E02001765,5.94,5.96,10.43
E02001784,E02001766,7.58,7.83,13.52
E02001784,E02001767,8.42,8.63,15.01
E02001784,E02001768,6.19,7.33,12.05
E02001784,E02001769,4.83,5.65,9.36
E02001784,E02001770,5.46,7.12,11.23
E02001784,E02001771,6.89,9.11,14.47
E02001784,E02001772,4.93,6.65,10.4
E02001784,E02001773,5.66,7.08,11.55
E02001784,E02001774,1.98,3.65,5.46
E02001784,E02001775,6.54,7.96,13.0
E02001784,E02001776,2.75,3.71,5.78
E02001784,E02001777,3.75,5.23,8.33
E02001784,E02001778,4.4,5.49,8.81
E02001784,E02001779,2.62,3.39,5.35
E02001784,E02001780,5.74,6.79,11.09
E02001784,E02001781,1.74,2.64,3.96
E02001784,E02001782,2.38,4.62,6.4
E02001784,E02001783,3.36,4.25,6.77
E02001784,E02001784,0.87,1.32,1.98
E02001784,E02001785,9.59,12.28,19.98
E02001784,E02001786,4.6,5.75,9.2
E02001784,E02001787,2.0,3.69,5.33
E02001784,E02001788,2.67,4.2,6.43
E02001784,E02001789,6.76,8.61,14.52
E02001784,E02001790,5.1,6.49,10.97
E02001784,E02001791,9.25,11.26,18.85
E02001784,E02001792,9.83,12.08,20.2
E02001784,E02001793,6.05,9.27,14.4
E02001784,E02001794,7.58,12.32,18.6
E02001784,E02001795,9.71,11.93,20.17
E02001784,E02001796,10.75,13.47,22.72
E02001784,E02001797,6.63,7.49,12.47
E02001784,E02001798,6.56,8.96,13.91
E02001784,E02001799,7.52,8.5,14.15
E02001784,E02001800,8.31,7.55,13.78
E02001784,E02001801,11.2,14.61,24.89
E02001784,E02001802,10.1,12.87,21.89
E02001784,E02001803,11.46,13.8,23.71
E02001784,E02001804,11.32,13.22,21.82
E02001784,E02001805,11.0,13.07,22.49
E02001784,E02001806,12.82,15.29,25.61
E02001784,E02001807,9.25,9.84,16.78
E02001784,E02001808,11.91,14.08,24.18
E02001784,E02001809,10.0,10.59,18.33
E02001784,E02001810,10.05,10.16,17.76
E02001784,E02001811,10.33,10.62,18.4
E02001784,E02001812,12.99,15.96,26.91
E02001784,E02001813,12.09,13.73,22.85
E02001784,E02001814,14.11,17.01,28.77
E02001784,E02001815,11.68,11.45,20.22
E02001784,E02001816,13.2,15.38,25.88
E02001784,E02001817,14.84,18.4,30.21
E02001784,E02001818,16.08,19.65,32.45
E02001784,E02001819,13.04,14.81,25.14
E02001784,E02001820,13.33,12.98,23.41
E02001784,E02001821,15.4,16.55,28.19
E02001784,E02001822,13.99,14.34,25.71
E02001784,E02001823,17.15,16.67,30.94
E02001784,E02001824,16.14,17.24,29.38
E02001784,E02001825,17.9,18.51,31.97
E02001784,E02001826,19.57,20.29,35.03
E02001784,E02006841,8.75,10.03,16.61
E02001784,E02006842,8.46,11.12,18.02
E02001784,E02006893,18.45,19.4,33.45
E02001785,E02001682,28.45,31.9,53.58
E02001785,E02001683,30.91,34.8,58.33
E02001785,E02001684,14.31,16.86,27.76
E02001785,E02001685,26.19,30.54,50.85
E02001785,E02001686,26.64,30.27,50.59
E02001785,E02001688,19.78,23.69,38.99
E02001785,E02001689,17.95,21.49,35.72
E02001785,E02001690,23.71,27.74,46.24
E02001785,E02001691,17.54,22.49,36.62
E02001785,E02001692,16.28,20.88,33.59
E02001785,E02001693,14.91,18.56,30.18
E02001785,E02001694,21.2,25.15,41.55
E02001785,E02001695,12.43,14.74,24.22
E02001785,E02001696,13.48,16.54,26.81
E02001785,E02001697,17.32,22.7,36.6
E02001785,E02001698,24.55,29.82,49.07
E02001785,E02001699,15.16,19.2,31.06
E02001785,E02001700,22.34,26.22,43.76
E02001785,E02001701,18.04,22.72,37.8
E02001785,E02001702,16.19,19.74,32.18
E02001785,E02001703,29.02,32.74,55.41
E02001785,E02001704,17.07,21.18,34.3
E02001785,E02001705,35.45,42.83,70.37
E02001785,E02001706,18.73,20.06,35.17
E02001785,E02001707,19.17,21.05,35.99
E02001785,E02001708,26.72,30.4,50.75
E02001785,E02001709,23.89,27.08,45.71
E02001785,E02001710,24.68,29.27,48.32
E02001785,E02001711,26.29,29.83,50.08
E02001785,E02001712,21.51,24.97,42.53
E02001785,E02001713,23.0,25.39,43.14
E02001785,E02001714,19.64,22.84,38.68
E02001785,E02001715,24.68,28.01,46.71
E02001785,E02001718,24.41,26.81,45.42
E02001785,E02001719,18.36,21.46,36.27
E02001785,E02001720,21.06,23.36,39.41
E02001785,E02001721,28.46,31.83,53.56
E02001785,E02001722,25.75,29.55,49.03
E02001785,E02001723,22.9,24.88,42.51
E02001785,E02001724,20.29,22.37,37.88
E02001785,E02001725,18.54,21.28,36.23
E02001785,E02001726,22.83,25.91,43.37
E02001785,E02001727,16.11,18.86,31.97
E02001785,E02001728,25.88,29.34,49.13
E02001785,E02001729,20.85,23.78,39.58
E02001785,E02001730,19.43,21.65,36.46
E02001785,E02001731,19.57,22.18,37.02
E02001785,E02001732,23.84,26.95,45.17
E02001785,E02001733,18.41,21.43,36.32
E02001785,E02001734,22.25,25.15,42.0
E02001785,E02001735,17.86,21.03,35.47
E02001785,E02001736,21.15,23.94,39.97
E02001785,E02001737,18.02,20.99,35.61
E02001785,E02001738,20.27,25.13,42.14
E02001785,E02001739,22.65,26.1,44.17
E02001785,E02001740,19.64,24.27,40.6
E02001785,E02001741,24.86,28.48,48.16
E02001785,E02001742,18.25,22.56,37.83
E02001785,E02001743,19.11,23.23,38.83
E02001785,E02001744,17.65,22.36,37.02
E02001785,E02001745,21.53,25.96,43.34
E02001785,E02001746,18.05,22.04,36.81
E02001785,E02001747,17.66,21.25,35.76
E02001785,E02001748,16.42,19.35,32.87
E02001785,E02001749,19.35,22.95,38.7
E02001785,E02001750,16.81,20.61,34.44
E02001785,E02001751,19.58,23.71,39.62
E02001785,E02001752,15.8,19.26,32.23
E02001785,E02001753,16.65,20.13,34.0
E02001785,E02001754,15.62,18.85,31.7
E02001785,E02001755,19.76,24.0,40.1
E02001785,E02001756,20.31,24.19,40.84
E02001785,E02001757,14.47,17.41,29.39
E02001785,E02001758,14.71,18.43,30.5
E02001785,E02001759,14.64,17.6,29.66
E02001785,E02001760,13.53,16.54,27.73
E02001785,E02001761,15.84,19.18,32.1
E02001785,E02001762,16.97,19.96,33.77
E02001785,E02001763,13.17,16.56,27.49
E02001785,E02001764,13.47,16.76,28.05
E02001785,E02001765,13.1,15.89,26.75
E02001785,E02001766,14.74,17.75,29.84
E02001785,E02001767,15.58,18.55,31.32
E02001785,E02001768,6.85,9.43,15.44
E02001785,E02001769,6.37,9.15,14.52
E02001785,E02001770,5.36,7.93,12.5
E02001785,E02001771,3.92,6.35,9.88
E02001785,E02001772,5.57,8.79,13.75
E02001785,E02001773,4.55,7.76,11.72
E02001785,E02001774,10.03,13.57,22.07
E02001785,E02001775,3.56,6.15,9.38
E02001785,E02001776,11.17,14.65,24.01
E02001785,E02001777,12.53,16.18,26.56
E02001785,E02001778,6.71,10.35,16.39
E02001785,E02001779,7.84,11.49,17.9
E02001785,E02001780,4.27,6.9,10.69
E02001785,E02001781,8.15,10.91,17.54
E02001785,E02001782,11.97,16.5,26.38
E02001785,E02001783,7.12,9.78,15.63
E02001785,E02001784,9.59,12.28,19.98
E02001785,E02001785,1.78,2.87,4.45
E02001785,E02001786,5.98,9.89,14.94
E02001785,E02001787,9.4,13.75,22.23
E02001785,E02001788,7.55,11.81,18.31
E02001785,E02001789,4.4,6.46,9.9
E02001785,E02001790,6.36,8.72,13.65
E02001785,E02001791,4.53,6.07,9.51
E02001785,E02001792,4.11,5.74,8.91
E02001785,E02001793,9.29,13.6,20.75
E02001785,E02001794,7.7,11.21,17.07
E02001785,E02001795,5.93,7.85,12.37
E02001785,E02001796,5.12,7.1,11.11
E02001785,E02001797,14.83,17.53,28.81
E02001785,E02001798,9.93,15.14,23.06
E02001785,E02001799,14.05,17.8,29.09
E02001785,E02001800,15.61,17.58,30.12
E02001785,E02001801,8.31,10.24,16.52
E02001785,E02001802,9.51,12.76,20.51
E02001785,E02001803,7.67,8.9,14.77
E02001785,E02001804,10.93,14.11,23.1
E02001785,E02001805,9.54,10.82,18.03
E02001785,E02001806,8.28,10.39,16.68
E02001785,E02001807,14.36,18.07,29.07
E02001785,E02001808,8.81,10.19,16.85
E02001785,E02001809,15.6,19.69,31.73
E02001785,E02001810,17.04,20.19,34.03
E02001785,E02001811,11.38,12.56,21.14
E02001785,E02001812,9.23,11.74,18.97
E02001785,E02001813,11.13,12.58,21.0
E02001785,E02001814,9.81,12.11,19.84
E02001785,E02001815,17.67,20.95,35.14
E02001785,E02001816,12.09,14.1,23.24
E02001785,E02001817,11.8,15.45,24.38
E02001785,E02001818,11.99,14.93,24.34
E02001785,E02001819,13.13,15.76,26.02
E02001785,E02001820,16.3,18.04,30.3
E02001785,E02001821,12.89,17.93,28.2
E02001785,E02001822,16.29,18.79,31.08
E02001785,E02001823,18.94,21.41,35.77
E02001785,E02001824,17.65,19.95,33.25
E02001785,E02001825,19.41,21.22,35.85
E02001785,E02001826,21.07,22.99,38.91
E02001785,E02006841,17.07,20.23,33.21
E02001785,E02006842,16.78,21.32,34.62
E02001785,E02006893,26.76,29.6,50.05
E02001786,E02001682,24.45,26.66,45.18
E02001786,E02001683,26.91,29.56,49.92
E02001786,E02001684,10.31,11.62,19.36
E02001786,E02001685,22.19,25.3,42.45
E02001786,E02001686,22.64,25.03,42.19
E02001786,E02001688,15.78,18.45,30.58
E02001786,E02001689,13.95,16.25,27.31
E02001786,E02001690,19.71,22.5,37.84
E02001786,E02001691,13.54,17.25,28.22
E02001786,E02001692,12.27,15.64,25.19
E02001786,E02001693,10.91,13.32,21.78
E02001786,E02001694,17.2,19.91,33.15
E02001786,E02001695,8.43,9.5,15.82
E02001786,E02001696,9.48,11.3,18.41
E02001786,E02001697,13.32,17.62,28.2
E02001786,E02001698,20.55,24.57,40.67
E02001786,E02001699,11.16,14.12,22.71
E02001786,E02001700,18.34,20.98,35.36
E02001786,E02001701,14.04,17.65,29.45
E02001786,E02001702,12.23,14.66,23.83
E02001786,E02001703,25.02,27.5,47.01
E02001786,E02001704,13.11,16.1,25.95
E02001786,E02001705,31.45,37.59,61.97
E02001786,E02001706,14.77,14.99,27.02
E02001786,E02001707,15.29,15.98,27.84
E02001786,E02001708,22.41,25.16,42.35
E02001786,E02001709,19.58,21.66,36.95
E02001786,E02001710,20.37,23.85,39.57
E02001786,E02001711,22.29,24.59,41.68
E02001786,E02001712,17.2,18.45,31.75
E02001786,E02001713,18.69,19.96,34.38
E02001786,E02001714,15.33,16.31,27.89
E02001786,E02001715,20.68,22.58,38.3
E02001786,E02001718,20.41,21.57,37.02
E02001786,E02001719,14.05,14.93,25.49
E02001786,E02001720,16.75,18.12,31.01
E02001786,E02001721,24.46,26.59,45.16
E02001786,E02001722,21.75,24.31,40.63
E02001786,E02001723,18.9,19.64,34.11
E02001786,E02001724,15.98,16.7,28.7
E02001786,E02001725,14.23,14.75,25.44
E02001786,E02001726,18.83,20.67,34.96
E02001786,E02001727,11.8,12.34,21.19
E02001786,E02001728,21.87,24.1,40.73
E02001786,E02001729,16.85,18.54,31.18
E02001786,E02001730,15.36,16.13,27.72
E02001786,E02001731,15.57,16.94,28.61
E02001786,E02001732,19.84,21.71,36.77
E02001786,E02001733,14.1,14.9,25.54
E02001786,E02001734,18.25,19.91,33.59
E02001786,E02001735,13.55,14.5,24.69
E02001786,E02001736,17.15,18.7,31.56
E02001786,E02001737,13.72,14.46,24.83
E02001786,E02001738,15.96,18.6,31.36
E02001786,E02001739,18.34,19.57,33.39
E02001786,E02001740,15.33,17.75,29.81
E02001786,E02001741,20.55,21.95,37.38
E02001786,E02001742,13.94,16.03,27.04
E02001786,E02001743,14.8,16.71,28.05
E02001786,E02001744,13.34,15.83,26.23
E02001786,E02001745,17.22,19.43,32.56
E02001786,E02001746,13.74,15.51,26.03
E02001786,E02001747,13.35,14.72,24.97
E02001786,E02001748,12.11,12.82,22.08
E02001786,E02001749,15.05,16.42,27.92
E02001786,E02001750,12.5,14.08,23.66
E02001786,E02001751,15.27,17.18,28.84
E02001786,E02001752,11.49,12.74,21.45
E02001786,E02001753,12.34,13.6,23.21
E02001786,E02001754,11.31,12.32,20.91
E02001786,E02001755,15.45,17.47,29.32
E02001786,E02001756,16.0,17.66,30.06
E02001786,E02001757,10.17,10.88,18.6
E02001786,E02001758,10.4,11.9,19.72
E02001786,E02001759,10.34,11.07,18.88
E02001786,E02001760,9.22,10.01,16.95
E02001786,E02001761,11.53,12.65,21.32
E02001786,E02001762,12.66,13.44,22.98
E02001786,E02001763,8.86,10.03,16.71
E02001786,E02001764,9.16,10.24,17.27
E02001786,E02001765,8.79,9.36,15.97
E02001786,E02001766,10.44,11.22,19.06
E02001786,E02001767,11.27,12.03,20.54
E02001786,E02001768,5.24,6.83,10.77
E02001786,E02001769,3.99,5.27,8.26
E02001786,E02001770,4.34,5.73,9.19
E02001786,E02001771,4.73,6.91,10.56
E02001786,E02001772,3.27,5.09,7.64
E02001786,E02001773,3.63,4.87,7.59
E02001786,E02001774,5.73,7.04,11.44
E02001786,E02001775,4.09,5.76,9.05
E02001786,E02001776,6.86,8.13,13.38
E02001786,E02001777,8.22,9.66,15.93
E02001786,E02001778,2.56,3.94,5.92
E02001786,E02001779,2.91,4.96,7.28
E02001786,E02001780,2.83,4.59,7.14
E02001786,E02001781,3.16,4.39,6.76
E02001786,E02001782,6.98,9.97,15.6
E02001786,E02001783,1.79,3.21,4.55
E02001786,E02001784,4.6,5.75,9.2
E02001786,E02001785,5.99,9.89,14.94
E02001786,E02001786,0.89,1.61,2.28
E02001786,E02001787,5.64,7.22,11.45
E02001786,E02001788,4.62,6.6,10.07
E02001786,E02001789,4.25,6.52,9.89
E02001786,E02001790,3.57,5.67,8.35
E02001786,E02001791,5.72,8.05,12.34
E02001786,E02001792,6.66,9.41,14.65
E02001786,E02001793,6.58,10.85,15.87
E02001786,E02001794,8.11,12.62,19.32
E02001786,E02001795,7.13,9.27,14.61
E02001786,E02001796,7.57,10.8,17.16
E02001786,E02001797,10.95,12.45,20.66
E02001786,E02001798,7.48,12.49,18.34
E02001786,E02001799,11.31,13.46,22.34
E02001786,E02001800,12.62,12.5,21.97
E02001786,E02001801,9.9,12.47,19.89
E02001786,E02001802,10.62,14.18,22.75
E02001786,E02001803,9.26,11.13,18.15
E02001786,E02001804,11.85,16.34,26.44
E02001786,E02001805,11.01,13.05,21.4
E02001786,E02001806,9.87,12.62,20.05
E02001786,E02001807,11.62,14.8,24.97
E02001786,E02001808,10.4,12.42,20.23
E02001786,E02001809,12.86,15.54,26.52
E02001786,E02001810,14.3,15.11,25.95
E02001786,E02001811,11.96,14.15,24.13
E02001786,E02001812,10.82,13.97,22.35
E02001786,E02001813,12.72,14.81,24.38
E02001786,E02001814,11.4,14.34,23.21
E02001786,E02001815,15.22,16.41,28.41
E02001786,E02001816,13.68,16.33,26.62
E02001786,E02001817,13.39,17.68,27.75
E02001786,E02001818,13.57,17.16,27.71
E02001786,E02001819,14.67,17.99,29.4
E02001786,E02001820,14.96,17.6,29.83
E02001786,E02001821,14.48,20.08,31.58
E02001786,E02001822,15.62,18.72,31.45
E02001786,E02001823,18.78,21.63,37.63
E02001786,E02001824,17.77,20.77,35.11
E02001786,E02001825,19.53,22.04,37.7
E02001786,E02001826,21.2,23.82,40.76
E02001786,E02006841,13.06,14.99,24.81
E02001786,E02006842,12.78,16.08,26.22
E02001786,E02006893,22.76,24.36,41.64
E02001787,E02001682,20.01,22.49,37.68
E02001787,E02001683,22.47,25.4,42.43
E02001787,E02001684,5.87,7.45,11.86
E02001787,E02001685,17.75,21.14,34.96
E02001787,E02001686,18.2,20.86,34.7
E02001787,E02001688,11.34,14.29,23.09
E02001787,E02001689,9.52,12.09,19.82
E02001787,E02001690,15.28,18.33,30.35
E02001787,E02001691,9.1,13.08,20.72
E02001787,E02001692,7.84,11.47,17.69
E02001787,E02001693,6.47,9.16,14.28
E02001787,E02001694,12.76,15.74,25.66
E02001787,E02001695,3.99,5.33,8.33
E02001787,E02001696,5.04,7.13,10.92
E02001787,E02001697,8.88,13.46,20.71
E02001787,E02001698,16.12,20.41,33.18
E02001787,E02001699,6.72,9.95,15.22
E02001787,E02001700,13.9,16.82,27.87
E02001787,E02001701,9.61,13.48,21.96
E02001787,E02001702,7.79,10.49,16.34
E02001787,E02001703,20.59,23.33,39.51
E02001787,E02001704,8.68,11.93,18.46
E02001787,E02001705,27.02,33.42,54.48
E02001787,E02001706,10.33,10.82,19.53
E02001787,E02001707,10.85,11.81,20.35
E02001787,E02001708,18.33,20.99,34.86
E02001787,E02001709,16.19,17.68,29.82
E02001787,E02001710,16.54,19.86,32.43
E02001787,E02001711,17.85,20.43,34.19
E02001787,E02001712,14.28,15.76,26.67
E02001787,E02001713,14.69,15.98,27.25
E02001787,E02001714,13.58,14.5,24.79
E02001787,E02001715,16.24,18.6,30.81
E02001787,E02001718,15.98,17.41,29.52
E02001787,E02001719,12.31,13.13,22.39
E02001787,E02001720,12.66,13.96,23.51
E02001787,E02001721,20.02,22.42,37.66
E02001787,E02001722,17.32,20.14,33.13
E02001787,E02001723,14.46,15.47,26.62
E02001787,E02001724,12.04,12.96,21.99
E02001787,E02001725,12.49,12.94,22.35
E02001787,E02001726,14.4,16.5,27.47
E02001787,E02001727,10.05,10.53,18.09
E02001787,E02001728,17.44,19.93,33.23
E02001787,E02001729,12.42,14.38,23.69
E02001787,E02001730,11.0,12.24,20.57
E02001787,E02001731,11.14,12.77,21.12
E02001787,E02001732,15.41,17.55,29.28
E02001787,E02001733,12.36,13.09,22.44
E02001787,E02001734,13.81,15.74,26.1
E02001787,E02001735,11.8,12.7,21.59
E02001787,E02001736,12.72,14.53,24.07
E02001787,E02001737,11.97,12.66,21.73
E02001787,E02001738,14.22,16.8,28.26
E02001787,E02001739,16.59,17.76,30.29
E02001787,E02001740,13.59,15.94,26.72
E02001787,E02001741,18.81,20.15,34.28
E02001787,E02001742,12.19,14.23,23.95
E02001787,E02001743,13.06,14.9,24.95
E02001787,E02001744,11.6,14.03,23.13
E02001787,E02001745,15.47,17.63,29.46
E02001787,E02001746,12.0,13.7,22.93
E02001787,E02001747,11.6,12.91,21.88
E02001787,E02001748,10.37,11.02,18.99
E02001787,E02001749,13.3,14.62,24.82
E02001787,E02001750,10.76,12.27,20.56
E02001787,E02001751,13.53,15.38,25.74
E02001787,E02001752,9.74,10.93,18.35
E02001787,E02001753,10.6,11.79,20.11
E02001787,E02001754,9.57,10.52,17.81
E02001787,E02001755,13.7,15.67,26.22
E02001787,E02001756,14.25,15.85,26.96
E02001787,E02001757,8.42,9.07,15.5
E02001787,E02001758,8.66,10.09,16.62
E02001787,E02001759,8.59,9.27,15.78
E02001787,E02001760,7.47,8.2,13.85
E02001787,E02001761,9.79,10.84,18.22
E02001787,E02001762,10.92,11.63,19.88
E02001787,E02001763,7.12,8.22,13.61
E02001787,E02001764,7.42,8.43,14.17
E02001787,E02001765,7.04,7.55,12.87
E02001787,E02001766,8.69,9.42,15.96
E02001787,E02001767,9.53,10.22,17.44
E02001787,E02001768,7.24,8.8,14.31
E02001787,E02001769,5.88,7.12,11.61
E02001787,E02001770,6.51,8.59,13.48
E02001787,E02001771,7.93,10.58,16.73
E02001787,E02001772,5.97,8.12,12.66
E02001787,E02001773,6.71,8.55,13.8
E02001787,E02001774,3.84,5.23,8.34
E02001787,E02001775,7.59,9.43,15.26
E02001787,E02001776,4.63,6.32,10.21
E02001787,E02001777,5.18,7.24,11.24
E02001787,E02001778,5.44,6.97,11.07
E02001787,E02001779,3.66,4.86,7.61
E02001787,E02001780,6.79,8.26,13.35
E02001787,E02001781,2.78,4.11,6.22
E02001787,E02001782,3.65,5.8,8.54
E02001787,E02001783,4.4,5.72,9.02
E02001787,E02001784,2.0,3.69,5.33
E02001787,E02001785,9.4,13.75,22.24
E02001787,E02001786,5.64,7.22,11.45
E02001787,E02001787,0.93,1.85,2.55
E02001787,E02001788,1.86,3.71,5.11
E02001787,E02001789,5.95,8.25,13.53
E02001787,E02001790,4.29,6.14,9.98
E02001787,E02001791,8.44,10.91,17.86
E02001787,E02001792,9.02,11.73,19.21
E02001787,E02001793,5.24,8.92,13.41
E02001787,E02001794,6.77,11.97,17.6
E02001787,E02001795,8.9,11.58,19.18
E02001787,E02001796,9.94,13.11,21.73
E02001787,E02001797,6.51,8.29,13.17
E02001787,E02001798,5.75,8.61,12.92
E02001787,E02001799,7.4,9.29,14.85
E02001787,E02001800,8.19,8.34,14.48
E02001787,E02001801,10.39,14.25,23.9
E02001787,E02001802,9.29,12.52,20.9
E02001787,E02001803,10.65,13.44,22.71
E02001787,E02001804,10.51,12.87,20.83
E02001787,E02001805,10.19,12.72,21.5
E02001787,E02001806,12.01,14.94,24.62
E02001787,E02001807,9.06,10.63,17.48
E02001787,E02001808,11.1,13.73,23.19
E02001787,E02001809,9.88,11.38,19.03
E02001787,E02001810,9.93,10.95,18.46
E02001787,E02001811,9.52,10.26,17.4
E02001787,E02001812,12.18,15.6,25.92
E02001787,E02001813,11.28,13.38,21.86
E02001787,E02001814,13.3,16.66,27.78
E02001787,E02001815,11.56,12.24,20.92
E02001787,E02001816,12.39,15.02,24.89
E02001787,E02001817,14.03,18.04,29.22
E02001787,E02001818,15.27,19.29,31.46
E02001787,E02001819,12.23,14.45,24.14
E02001787,E02001820,12.52,13.71,23.1
E02001787,E02001821,14.59,16.2,27.2
E02001787,E02001822,13.18,14.84,24.72
E02001787,E02001823,16.34,17.46,30.9
E02001787,E02001824,15.33,16.89,28.38
E02001787,E02001825,17.09,18.16,30.98
E02001787,E02001826,18.76,19.93,34.04
E02001787,E02006841,8.63,10.82,17.32
E02001787,E02006842,8.34,11.91,18.72
E02001787,E02006893,18.33,20.19,34.15
E02001788,E02001682,21.64,23.37,39.78
E02001788,E02001683,24.1,26.27,44.52
E02001788,E02001684,7.5,8.33,13.96
E02001788,E02001685,19.38,22.01,37.05
E02001788,E02001686,19.83,21.74,36.79
E02001788,E02001688,12.97,15.16,25.19
E02001788,E02001689,11.14,12.96,21.91
E02001788,E02001690,16.9,19.2,32.44
E02001788,E02001691,10.73,13.95,22.82
E02001788,E02001692,9.46,12.35,19.79
E02001788,E02001693,8.1,10.03,16.38
E02001788,E02001694,14.39,16.62,27.75
E02001788,E02001695,5.62,6.21,10.42
E02001788,E02001696,6.67,8.01,13.01
E02001788,E02001697,10.51,14.17,22.8
E02001788,E02001698,17.74,21.28,35.27
E02001788,E02001699,8.35,10.66,17.26
E02001788,E02001700,15.53,17.69,29.96
E02001788,E02001701,11.23,14.19,24.0
E02001788,E02001702,9.38,11.2,18.38
E02001788,E02001703,22.21,24.21,41.61
E02001788,E02001704,10.26,12.64,20.5
E02001788,E02001705,28.64,34.29,56.57
E02001788,E02001706,11.92,11.53,21.37
E02001788,E02001707,12.36,12.52,22.19
E02001788,E02001708,19.95,21.87,36.95
E02001788,E02001709,17.81,18.55,31.91
E02001788,E02001710,18.17,20.74,34.52
E02001788,E02001711,19.48,21.3,36.28
E02001788,E02001712,15.75,16.63,28.77
E02001788,E02001713,16.32,16.85,29.34
E02001788,E02001714,13.88,15.01,25.51
E02001788,E02001715,17.87,19.47,32.91
E02001788,E02001718,17.6,18.28,31.62
E02001788,E02001719,12.6,13.63,23.1
E02001788,E02001720,14.28,14.83,25.61
E02001788,E02001721,21.65,23.29,39.76
E02001788,E02001722,18.94,21.01,35.23
E02001788,E02001723,16.09,16.35,28.71
E02001788,E02001724,13.66,13.84,24.08
E02001788,E02001725,12.78,13.45,23.06
E02001788,E02001726,16.02,17.37,29.56
E02001788,E02001727,10.35,11.04,18.8
E02001788,E02001728,19.06,20.81,35.33
E02001788,E02001729,14.04,15.25,25.78
E02001788,E02001730,12.62,13.12,22.66
E02001788,E02001731,12.76,13.64,23.21
E02001788,E02001732,17.03,18.42,31.37
E02001788,E02001733,12.65,13.6,23.15
E02001788,E02001734,15.44,16.62,28.2
E02001788,E02001735,12.09,13.2,22.3
E02001788,E02001736,14.34,15.41,26.17
E02001788,E02001737,12.26,13.16,22.44
E02001788,E02001738,14.51,17.3,28.97
E02001788,E02001739,16.89,18.27,31.0
E02001788,E02001740,13.88,16.45,27.43
E02001788,E02001741,19.1,20.65,34.99
E02001788,E02001742,12.49,14.73,24.66
E02001788,E02001743,13.35,15.41,25.66
E02001788,E02001744,11.89,14.53,23.85
E02001788,E02001745,15.77,18.13,30.17
E02001788,E02001746,12.29,14.21,23.64
E02001788,E02001747,11.9,13.42,22.59
E02001788,E02001748,10.66,11.52,19.7
E02001788,E02001749,13.6,15.12,25.53
E02001788,E02001750,11.05,12.78,21.27
E02001788,E02001751,13.82,15.88,26.45
E02001788,E02001752,10.04,11.44,19.06
E02001788,E02001753,10.89,12.3,20.82
E02001788,E02001754,9.86,11.02,18.52
E02001788,E02001755,14.0,16.17,26.93
E02001788,E02001756,14.55,16.36,27.67
E02001788,E02001757,8.72,9.58,16.22
E02001788,E02001758,8.95,10.6,17.33
E02001788,E02001759,8.88,9.77,16.49
E02001788,E02001760,7.77,8.71,14.56
E02001788,E02001761,10.08,11.35,18.93
E02001788,E02001762,11.21,12.14,20.6
E02001788,E02001763,7.41,8.73,14.32
E02001788,E02001764,7.71,8.94,14.88
E02001788,E02001765,7.34,8.06,13.58
E02001788,E02001766,8.98,9.92,16.67
E02001788,E02001767,9.82,10.73,18.15
E02001788,E02001768,7.51,9.31,15.02
E02001788,E02001769,6.15,7.63,12.32
E02001788,E02001770,6.78,9.1,14.19
E02001788,E02001771,8.2,11.09,17.44
E02001788,E02001772,6.24,8.63,13.37
E02001788,E02001773,6.98,9.06,14.51
E02001788,E02001774,4.4,5.74,9.05
E02001788,E02001775,7.59,9.94,15.97
E02001788,E02001776,5.29,6.83,10.99
E02001788,E02001777,6.42,8.36,13.54
E02001788,E02001778,5.71,7.47,11.78
E02001788,E02001779,3.93,5.37,8.32
E02001788,E02001780,6.38,8.77,14.06
E02001788,E02001781,3.05,4.62,6.93
E02001788,E02001782,5.05,8.42,12.84
E02001788,E02001783,4.47,6.23,9.74
E02001788,E02001784,2.67,4.2,6.43
E02001788,E02001785,7.55,11.81,18.31
E02001788,E02001786,4.62,6.6,10.07
E02001788,E02001787,1.86,3.71,5.11
E02001788,E02001788,0.93,1.84,2.55
E02001788,E02001789,4.09,6.04,9.37
E02001788,E02001790,2.43,3.68,5.5
E02001788,E02001791,6.58,8.7,13.7
E02001788,E02001792,7.16,9.52,15.05
E02001788,E02001793,3.39,6.71,9.25
E02001788,E02001794,4.91,9.76,13.44
E02001788,E02001795,7.05,9.37,15.02
E02001788,E02001796,8.08,10.9,17.57
E02001788,E02001797,8.02,8.99,15.01
E02001788,E02001798,4.29,7.31,10.9
E02001788,E02001799,7.89,9.26,15.29
E02001788,E02001800,9.45,9.05,16.32
E02001788,E02001801,8.54,12.58,20.3
E02001788,E02001802,7.43,11.35,18.47
E02001788,E02001803,8.79,11.23,18.55
E02001788,E02001804,8.65,11.7,18.95
E02001788,E02001805,8.34,11.55,19.62
E02001788,E02001806,10.15,12.73,20.46
E02001788,E02001807,8.21,10.15,16.83
E02001788,E02001808,9.25,12.52,20.64
E02001788,E02001809,9.45,11.76,19.06
E02001788,E02001810,10.88,11.66,20.3
E02001788,E02001811,8.58,9.09,15.52
E02001788,E02001812,10.33,14.07,22.76
E02001788,E02001813,9.78,12.2,19.98
E02001788,E02001814,11.45,14.45,23.62
E02001788,E02001815,11.81,12.95,22.76
E02001788,E02001816,11.04,13.85,23.01
E02001788,E02001817,12.37,16.87,27.34
E02001788,E02001818,13.41,17.26,28.12
E02001788,E02001819,11.29,13.28,22.27
E02001788,E02001820,11.58,12.54,21.22
E02001788,E02001821,13.65,15.03,25.32
E02001788,E02001822,12.24,13.66,22.85
E02001788,E02001823,15.4,17.17,29.02
E02001788,E02001824,14.39,15.71,26.51
E02001788,E02001825,16.15,16.99,29.1
E02001788,E02001826,17.81,18.76,32.16
E02001788,E02006841,10.26,11.7,19.41
E02001788,E02006842,9.97,12.78,20.82
E02001788,E02006893,19.95,21.06,36.24
E02001789,E02001682,24.43,26.14,44.64
E02001789,E02001683,26.89,29.04,49.39
E02001789,E02001684,10.28,11.1,18.82
E02001789,E02001685,22.17,24.78,41.91
E02001789,E02001686,22.62,24.51,41.65
E02001789,E02001688,15.75,17.93,30.05
E02001789,E02001689,13.93,15.73,26.78
E02001789,E02001690,19.69,21.98,37.3
E02001789,E02001691,13.52,16.73,27.68
E02001789,E02001692,12.25,15.12,24.65
E02001789,E02001693,10.89,12.8,21.24
E02001789,E02001694,17.17,19.39,32.61
E02001789,E02001695,8.41,8.98,15.29
E02001789,E02001696,9.45,10.78,17.87
E02001789,E02001697,13.29,16.94,27.66
E02001789,E02001698,20.53,24.05,40.13
E02001789,E02001699,11.14,13.43,22.12
E02001789,E02001700,18.31,20.46,34.82
E02001789,E02001701,14.02,16.96,28.86
E02001789,E02001702,12.16,13.98,23.24
E02001789,E02001703,25.0,26.98,46.47
E02001789,E02001704,13.05,15.42,25.36
E02001789,E02001705,31.43,37.07,61.43
E02001789,E02001706,14.71,14.3,26.23
E02001789,E02001707,15.15,15.29,27.05
E02001789,E02001708,22.74,24.64,41.82
E02001789,E02001709,20.6,21.32,36.77
E02001789,E02001710,20.95,23.51,39.39
E02001789,E02001711,22.27,24.07,41.14
E02001789,E02001712,18.69,19.41,33.63
E02001789,E02001713,19.11,19.63,34.2
E02001789,E02001714,17.97,19.24,33.41
E02001789,E02001715,20.65,22.24,37.77
E02001789,E02001718,20.39,21.05,36.48
E02001789,E02001719,16.69,18.04,31.19
E02001789,E02001720,17.07,17.6,30.47
E02001789,E02001721,24.44,26.07,44.62
E02001789,E02001722,21.73,23.79,40.09
E02001789,E02001723,18.88,19.12,33.57
E02001789,E02001724,16.45,16.61,28.95
E02001789,E02001725,16.88,17.86,31.14
E02001789,E02001726,18.81,20.14,34.43
E02001789,E02001727,14.44,15.44,26.89
E02001789,E02001728,21.85,23.58,40.19
E02001789,E02001729,16.83,18.02,30.64
E02001789,E02001730,15.41,15.89,27.52
E02001789,E02001731,15.55,16.42,28.08
E02001789,E02001732,19.82,21.19,36.23
E02001789,E02001733,16.74,18.01,31.24
E02001789,E02001734,18.23,19.39,33.06
E02001789,E02001735,16.19,17.61,30.39
E02001789,E02001736,17.13,18.18,31.03
E02001789,E02001737,16.36,17.57,30.53
E02001789,E02001738,18.6,21.71,37.06
E02001789,E02001739,20.98,22.68,39.09
E02001789,E02001740,17.98,20.86,35.51
E02001789,E02001741,23.19,25.0,42.7
E02001789,E02001742,16.58,19.14,32.74
E02001789,E02001743,17.45,19.82,33.75
E02001789,E02001744,15.98,18.94,31.93
E02001789,E02001745,19.86,22.54,38.26
E02001789,E02001746,16.38,18.62,31.72
E02001789,E02001747,15.99,17.83,30.67
E02001789,E02001748,14.75,15.93,27.78
E02001789,E02001749,17.69,19.53,33.62
E02001789,E02001750,15.15,17.19,29.36
E02001789,E02001751,17.91,20.29,34.54
E02001789,E02001752,14.13,15.85,27.15
E02001789,E02001753,14.99,16.71,28.91
E02001789,E02001754,13.96,15.43,26.61
E02001789,E02001755,18.09,20.58,35.02
E02001789,E02001756,18.64,20.77,35.76
E02001789,E02001757,12.81,13.99,24.3
E02001789,E02001758,13.05,15.01,25.41
E02001789,E02001759,12.98,14.18,24.57
E02001789,E02001760,11.86,13.12,22.65
E02001789,E02001761,14.18,15.76,27.02
E02001789,E02001762,15.31,16.55,28.68
E02001789,E02001763,11.5,13.14,22.4
E02001789,E02001764,11.8,13.34,22.96
E02001789,E02001765,11.43,12.47,21.66
E02001789,E02001766,13.08,14.33,24.75
E02001789,E02001767,13.92,15.13,26.24
E02001789,E02001768,6.97,8.31,13.84
E02001789,E02001769,5.98,7.46,12.41
E02001789,E02001770,5.74,6.93,11.54
E02001789,E02001771,5.24,8.01,12.59
E02001789,E02001772,4.8,6.46,10.37
E02001789,E02001773,4.29,6.07,9.84
E02001789,E02001774,8.49,10.15,17.13
E02001789,E02001775,4.44,6.86,11.08
E02001789,E02001776,9.39,11.24,19.07
E02001789,E02001777,10.51,12.76,21.49
E02001789,E02001778,5.83,7.89,12.9
E02001789,E02001779,6.22,9.03,14.34
E02001789,E02001780,3.23,5.0,7.6
E02001789,E02001781,6.05,8.46,13.98
E02001789,E02001782,9.14,11.38,18.79
E02001789,E02001783,4.44,7.32,11.11
E02001789,E02001784,6.76,8.61,14.52
E02001789,E02001785,4.4,6.46,9.9
E02001789,E02001786,4.25,6.52,9.89
E02001789,E02001787,5.95,8.25,13.53
E02001789,E02001788,4.09,6.04,9.37
E02001789,E02001789,1.17,1.48,2.35
E02001789,E02001790,2.33,2.96,4.71
E02001789,E02001791,3.42,4.62,7.3
E02001789,E02001792,4.35,5.98,9.61
E02001789,E02001793,5.27,7.84,11.81
E02001789,E02001794,6.6,9.19,14.28
E02001789,E02001795,4.82,5.84,9.57
E02001789,E02001796,5.27,7.37,12.12
E02001789,E02001797,10.81,11.77,19.88
E02001789,E02001798,6.17,9.64,14.29
E02001789,E02001799,10.02,12.04,20.15
E02001789,E02001800,11.58,11.82,21.18
E02001789,E02001801,7.59,9.04,14.85
E02001789,E02001802,8.4,10.75,17.71
E02001789,E02001803,6.96,7.7,13.11
E02001789,E02001804,9.82,12.91,21.4
E02001789,E02001805,8.71,9.62,16.36
E02001789,E02001806,7.56,9.19,15.01
E02001789,E02001807,10.34,12.92,21.69
E02001789,E02001808,8.1,8.99,15.19
E02001789,E02001809,11.58,14.54,23.93
E02001789,E02001810,13.01,14.43,25.17
E02001789,E02001811,10.64,11.36,19.47
E02001789,E02001812,8.51,10.54,17.31
E02001789,E02001813,10.42,11.38,19.34
E02001789,E02001814,9.1,10.92,18.17
E02001789,E02001815,13.94,15.73,27.62
E02001789,E02001816,11.38,12.9,21.58
E02001789,E02001817,11.09,14.25,22.71
E02001789,E02001818,11.27,13.73,22.67
E02001789,E02001819,12.41,14.56,24.36
E02001789,E02001820,13.68,15.31,26.09
E02001789,E02001821,12.18,16.73,26.54
E02001789,E02001822,14.34,16.44,27.71
E02001789,E02001823,17.49,19.95,33.89
E02001789,E02001824,16.49,18.49,31.37
E02001789,E02001825,18.25,19.76,33.96
E02001789,E02001826,19.91,21.53,37.02
E02001789,E02006841,13.04,14.47,24.27
E02001789,E02006842,12.76,15.56,25.68
E02001789,E02006893,22.74,23.84,41.11
E02001790,E02001682,22.52,24.02,41.09
E02001790,E02001683,24.98,26.93,45.84
E02001790,E02001684,8.37,8.98,15.27
E02001790,E02001685,20.26,22.67,38.37
E02001790,E02001686,20.71,22.39,38.1
E02001790,E02001688,13.84,15.82,26.5
E02001790,E02001689,12.02,13.62,23.23
E02001790,E02001690,17.78,19.86,33.75
E02001790,E02001691,11.6,14.61,24.13
E02001790,E02001692,10.34,13.0,21.1
E02001790,E02001693,8.98,10.69,17.69
E02001790,E02001694,15.26,17.27,29.06
E02001790,E02001695,6.5,6.87,11.74
E02001790,E02001696,7.54,8.67,14.32
E02001790,E02001697,11.38,14.83,24.11
E02001790,E02001698,18.62,21.94,36.59
E02001790,E02001699,9.23,11.32,18.58
E02001790,E02001700,16.4,18.35,31.27
E02001790,E02001701,12.11,14.85,25.32
E02001790,E02001702,10.25,11.86,19.69
E02001790,E02001703,23.09,24.86,42.92
E02001790,E02001704,11.14,13.3,21.81
E02001790,E02001705,29.52,34.95,57.88
E02001790,E02001706,12.79,12.19,22.68
E02001790,E02001707,13.24,13.18,23.5
E02001790,E02001708,20.83,22.53,38.27
E02001790,E02001709,18.69,19.21,33.22
E02001790,E02001710,19.04,21.39,35.84
E02001790,E02001711,20.36,21.96,37.6
E02001790,E02001712,16.78,17.29,30.08
E02001790,E02001713,17.19,17.51,30.65
E02001790,E02001714,16.31,17.12,29.86
E02001790,E02001715,18.74,20.13,34.22
E02001790,E02001718,18.48,18.94,32.93
E02001790,E02001719,15.03,15.93,27.64
E02001790,E02001720,15.16,15.49,26.92
E02001790,E02001721,22.52,23.95,41.07
E02001790,E02001722,19.82,21.67,36.54
E02001790,E02001723,16.97,17.0,30.03
E02001790,E02001724,14.54,14.49,25.4
E02001790,E02001725,15.21,15.74,27.59
E02001790,E02001726,16.9,18.03,30.88
E02001790,E02001727,12.77,13.33,23.34
E02001790,E02001728,19.94,21.47,36.64
E02001790,E02001729,14.92,15.91,27.1
E02001790,E02001730,13.5,13.77,23.97
E02001790,E02001731,13.64,14.3,24.53
E02001790,E02001732,17.91,19.08,32.69
E02001790,E02001733,15.08,15.9,27.69
E02001790,E02001734,16.31,17.27,29.51
E02001790,E02001735,14.52,15.5,26.84
E02001790,E02001736,15.22,16.07,27.48
E02001790,E02001737,14.69,15.46,26.98
E02001790,E02001738,16.94,19.6,33.51
E02001790,E02001739,19.32,20.56,35.54
E02001790,E02001740,16.31,18.74,31.96
E02001790,E02001741,21.53,22.88,39.15
E02001790,E02001742,14.91,17.03,29.19
E02001790,E02001743,15.78,17.7,30.2
E02001790,E02001744,14.32,16.83,28.38
E02001790,E02001745,18.2,20.43,34.71
E02001790,E02001746,14.72,16.51,28.18
E02001790,E02001747,14.32,15.71,27.12
E02001790,E02001748,13.09,13.82,24.23
E02001790,E02001749,16.02,17.42,30.07
E02001790,E02001750,13.48,15.07,25.81
E02001790,E02001751,16.25,18.18,30.99
E02001790,E02001752,12.46,13.73,23.6
E02001790,E02001753,13.32,14.59,25.36
E02001790,E02001754,12.29,13.32,23.06
E02001790,E02001755,16.43,18.47,31.47
E02001790,E02001756,16.97,18.65,32.21
E02001790,E02001757,11.14,11.88,20.75
E02001790,E02001758,11.38,12.89,21.87
E02001790,E02001759,11.31,12.07,21.03
E02001790,E02001760,10.19,11.0,19.1
E02001790,E02001761,12.51,13.65,23.47
E02001790,E02001762,13.64,14.43,25.13
E02001790,E02001763,9.84,11.03,18.86
E02001790,E02001764,10.14,11.23,19.42
E02001790,E02001765,9.77,10.36,18.12
E02001790,E02001766,11.41,12.22,21.21
E02001790,E02001767,12.25,13.02,22.69
E02001790,E02001768,7.65,10.36,16.15
E02001790,E02001769,6.39,8.79,13.64
E02001790,E02001770,6.74,9.19,14.57
E02001790,E02001771,7.21,10.27,15.94
E02001790,E02001772,5.67,8.62,13.01
E02001790,E02001773,6.03,8.33,12.97
E02001790,E02001774,6.83,8.04,13.59
E02001790,E02001775,6.41,9.12,14.43
E02001790,E02001776,7.72,9.12,15.53
E02001790,E02001777,8.85,10.65,17.94
E02001790,E02001778,4.96,7.46,11.3
E02001790,E02001779,5.2,7.66,12.48
E02001790,E02001780,5.2,7.26,11.35
E02001790,E02001781,5.02,6.91,11.47
E02001790,E02001782,7.48,9.27,15.24
E02001790,E02001783,3.41,5.72,8.28
E02001790,E02001784,5.1,6.49,10.97
E02001790,E02001785,6.36,8.72,13.65
E02001790,E02001786,3.57,5.67,8.35
E02001790,E02001787,4.29,6.14,9.98
E02001790,E02001788,2.43,3.68,5.5
E02001790,E02001789,2.33,2.96,4.71
E02001790,E02001790,1.17,1.48,2.35
E02001790,E02001791,4.56,5.62,9.04
E02001790,E02001792,5.15,6.43,10.39
E02001790,E02001793,3.39,5.72,8.26
E02001790,E02001794,4.91,8.78,12.46
E02001790,E02001795,5.43,6.29,10.36
E02001790,E02001796,6.06,7.82,12.91
E02001790,E02001797,8.9,9.65,16.33
E02001790,E02001798,4.29,7.52,10.74
E02001790,E02001799,8.11,9.92,16.6
E02001790,E02001800,9.67,9.71,17.64
E02001790,E02001801,8.2,9.49,15.64
E02001790,E02001802,7.43,11.2,17.49
E02001790,E02001803,7.56,8.15,13.89
E02001790,E02001804,8.65,12.35,20.27
E02001790,E02001805,8.34,10.07,17.15
E02001790,E02001806,8.17,9.64,15.8
E02001790,E02001807,8.43,10.81,18.14
E02001790,E02001808,8.7,9.44,15.98
E02001790,E02001809,9.66,12.42,20.38
E02001790,E02001810,11.1,12.31,21.62
E02001790,E02001811,8.76,9.75,16.84
E02001790,E02001812,9.12,10.99,18.1
E02001790,E02001813,9.78,11.83,20.13
E02001790,E02001814,9.7,11.36,18.96
E02001790,E02001815,12.03,13.61,24.08
E02001790,E02001816,11.04,13.35,22.37
E02001790,E02001817,11.69,14.7,23.5
E02001790,E02001818,11.88,14.18,23.46
E02001790,E02001819,11.47,13.94,23.58
E02001790,E02001820,11.76,13.2,22.54
E02001790,E02001821,12.78,15.69,26.64
E02001790,E02001822,12.42,14.32,24.16
E02001790,E02001823,15.58,17.83,30.34
E02001790,E02001824,14.58,16.37,27.82
E02001790,E02001825,16.34,17.64,30.41
E02001790,E02001826,18.0,19.42,33.47
E02001790,E02006841,11.13,12.36,20.72
E02001790,E02006842,10.85,13.44,22.13
E02001790,E02006893,20.83,21.72,37.56
E02001791,E02001682,26.66,28.8,48.97
E02001791,E02001683,29.12,31.7,53.72
E02001791,E02001684,12.52,13.75,23.15
E02001791,E02001685,24.4,27.44,46.25
E02001791,E02001686,24.85,27.17,45.98
E02001791,E02001688,17.99,20.59,34.38
E02001791,E02001689,16.16,18.39,31.11
E02001791,E02001690,21.92,24.63,41.63
E02001791,E02001691,15.75,19.38,32.01
E02001791,E02001692,14.48,17.77,28.98
E02001791,E02001693,13.12,15.46,25.57
E02001791,E02001694,19.41,22.05,36.94
E02001791,E02001695,10.64,11.64,19.62
E02001791,E02001696,11.69,13.44,22.2
E02001791,E02001697,15.53,19.6,31.99
E02001791,E02001698,22.76,26.71,44.47
E02001791,E02001699,13.37,16.09,26.46
E02001791,E02001700,20.55,23.12,39.15
E02001791,E02001701,16.25,19.62,33.2
E02001791,E02001702,14.4,16.63,27.57
E02001791,E02001703,27.23,29.64,50.8
E02001791,E02001704,15.28,18.07,29.69
E02001791,E02001705,33.66,39.72,65.76
E02001791,E02001706,15.8,16.96,29.51
E02001791,E02001707,15.63,17.95,30.52
E02001791,E02001708,24.97,27.3,46.15
E02001791,E02001709,22.83,23.98,41.1
E02001791,E02001710,23.18,26.17,43.72
E02001791,E02001711,24.5,26.73,45.48
E02001791,E02001712,20.92,22.06,37.96
E02001791,E02001713,21.34,22.28,38.53
E02001791,E02001714,20.23,21.89,37.57
E02001791,E02001715,22.89,24.9,42.1
E02001791,E02001718,22.62,23.71,40.81
E02001791,E02001719,18.95,20.53,35.17
E02001791,E02001720,19.3,20.26,34.8
E02001791,E02001721,26.67,28.72,48.95
E02001791,E02001722,23.96,26.44,44.42
E02001791,E02001723,21.11,21.78,37.91
E02001791,E02001724,18.68,19.27,33.28
E02001791,E02001725,19.14,20.35,35.13
E02001791,E02001726,21.04,22.8,38.76
E02001791,E02001727,16.7,17.94,30.87
E02001791,E02001728,24.08,26.24,44.52
E02001791,E02001729,19.06,20.68,34.98
E02001791,E02001730,17.64,18.55,31.85
E02001791,E02001731,17.78,19.07,32.41
E02001791,E02001732,22.05,23.85,40.57
E02001791,E02001733,19.0,20.5,35.22
E02001791,E02001734,20.46,22.05,37.39
E02001791,E02001735,18.45,20.11,34.37
E02001791,E02001736,19.36,20.84,35.36
E02001791,E02001737,18.62,20.06,34.51
E02001791,E02001738,20.86,24.21,41.04
E02001791,E02001739,23.24,25.17,43.07
E02001791,E02001740,20.23,23.35,39.5
E02001791,E02001741,25.45,27.55,47.03
E02001791,E02001742,18.84,21.63,36.72
E02001791,E02001743,19.71,22.31,37.73
E02001791,E02001744,18.24,21.43,35.91
E02001791,E02001745,22.12,25.04,42.24
E02001791,E02001746,18.64,21.11,35.71
E02001791,E02001747,18.25,20.32,34.66
E02001791,E02001748,17.01,18.42,31.77
E02001791,E02001749,19.95,22.03,37.6
E02001791,E02001750,17.41,19.68,33.34
E02001791,E02001751,20.17,22.78,38.52
E02001791,E02001752,16.39,18.34,31.13
E02001791,E02001753,17.24,19.2,32.89
E02001791,E02001754,16.22,17.93,30.59
E02001791,E02001755,20.35,23.08,39.0
E02001791,E02001756,20.9,23.26,39.74
E02001791,E02001757,15.07,16.48,28.28
E02001791,E02001758,15.3,17.5,29.4
E02001791,E02001759,15.24,16.68,28.56
E02001791,E02001760,14.12,15.61,26.63
E02001791,E02001761,16.44,18.25,31.0
E02001791,E02001762,17.57,19.04,32.66
E02001791,E02001763,13.76,15.63,26.39
E02001791,E02001764,14.06,15.84,26.95
E02001791,E02001765,13.69,14.96,25.65
E02001791,E02001766,15.34,16.83,28.74
E02001791,E02001767,16.18,17.63,30.22
E02001791,E02001768,8.44,9.84,16.3
E02001791,E02001769,7.46,8.98,14.87
E02001791,E02001770,7.21,8.46,13.99
E02001791,E02001771,6.72,9.54,15.04
E02001791,E02001772,6.27,7.99,12.82
E02001791,E02001773,5.76,7.6,12.29
E02001791,E02001774,10.63,12.64,20.97
E02001791,E02001775,5.82,8.39,13.53
E02001791,E02001776,11.76,13.73,22.91
E02001791,E02001777,13.0,15.25,25.46
E02001791,E02001778,7.3,9.42,15.36
E02001791,E02001779,7.99,10.56,16.8
E02001791,E02001780,4.71,6.53,10.06
E02001791,E02001781,8.24,9.99,16.44
E02001791,E02001782,11.63,14.04,23.12
E02001791,E02001783,6.86,8.85,14.53
E02001791,E02001784,9.25,11.26,18.85
E02001791,E02001785,4.53,6.07,9.51
E02001791,E02001786,5.72,8.05,12.34
E02001791,E02001787,8.44,10.91,17.86
E02001791,E02001788,6.58,8.7,13.7
E02001791,E02001789,3.42,4.62,7.3
E02001791,E02001790,4.57,5.62,9.04
E02001791,E02001791,0.54,0.98,1.39
E02001791,E02001792,1.09,1.97,2.78
E02001791,E02001793,5.64,9.79,14.42
E02001791,E02001794,3.44,5.89,8.49
E02001791,E02001795,1.66,2.54,3.79
E02001791,E02001796,2.0,3.8,5.3
E02001791,E02001797,12.8,14.42,24.21
E02001791,E02001798,5.66,9.83,14.48
E02001791,E02001799,11.25,13.33,21.84
E02001791,E02001800,11.98,14.48,23.9
E02001791,E02001801,4.43,5.74,9.07
E02001791,E02001802,5.24,7.45,11.92
E02001791,E02001803,3.8,4.4,7.32
E02001791,E02001804,6.66,9.61,15.61
E02001791,E02001805,5.55,6.32,10.58
E02001791,E02001806,4.4,5.89,9.23
E02001791,E02001807,10.14,12.76,20.48
E02001791,E02001808,4.94,5.69,9.4
E02001791,E02001809,11.37,14.37,23.14
E02001791,E02001810,13.01,15.68,25.45
E02001791,E02001811,7.48,8.06,13.69
E02001791,E02001812,5.35,7.24,11.52
E02001791,E02001813,7.26,8.08,13.55
E02001791,E02001814,5.94,7.62,12.39
E02001791,E02001815,13.4,16.45,27.69
E02001791,E02001816,8.22,9.6,15.79
E02001791,E02001817,7.93,10.95,16.93
E02001791,E02001818,8.11,10.43,16.89
E02001791,E02001819,9.25,11.26,18.57
E02001791,E02001820,12.34,13.54,22.86
E02001791,E02001821,9.02,13.43,20.75
E02001791,E02001822,12.41,14.29,23.63
E02001791,E02001823,15.06,16.91,28.32
E02001791,E02001824,13.77,15.45,25.8
E02001791,E02001825,15.53,16.72,28.4
E02001791,E02001826,17.19,18.5,31.46
E02001791,E02006841,15.27,17.13,28.6
E02001791,E02006842,14.99,18.21,30.01
E02001791,E02006893,24.97,26.49,45.44
E02001792,E02001682,27.24,29.61,50.32
E02001792,E02001683,29.7,32.51,55.07
E02001792,E02001684,13.1,14.57,24.5
E02001792,E02001685,24.98,28.25,47.6
E02001792,E02001686,25.43,27.98,47.34
E02001792,E02001688,18.57,21.4,35.73
E02001792,E02001689,16.75,19.21,32.46
E02001792,E02001690,22.51,25.45,42.98
E02001792,E02001691,16.33,20.2,33.36
E02001792,E02001692,15.07,18.59,30.33
E02001792,E02001693,13.71,16.28,26.92
E02001792,E02001694,19.99,22.86,38.3
E02001792,E02001695,11.22,12.45,20.97
E02001792,E02001696,12.27,14.25,23.55
E02001792,E02001697,16.11,20.41,33.35
E02001792,E02001698,23.35,27.53,45.82
E02001792,E02001699,13.95,16.91,27.81
E02001792,E02001700,21.13,23.94,40.51
E02001792,E02001701,16.84,20.43,34.53
E02001792,E02001702,14.98,17.45,28.92
E02001792,E02001703,27.82,30.45,52.15
E02001792,E02001704,15.86,18.89,31.04
E02001792,E02001705,34.25,40.54,67.12
E02001792,E02001706,16.14,17.78,30.24
E02001792,E02001707,15.97,18.76,31.25
E02001792,E02001708,25.56,28.11,47.5
E02001792,E02001709,23.42,24.79,42.45
E02001792,E02001710,23.77,26.98,45.07
E02001792,E02001711,25.08,27.55,46.83
E02001792,E02001712,21.51,22.88,39.31
E02001792,E02001713,21.92,23.1,39.89
E02001792,E02001714,21.04,22.71,39.09
E02001792,E02001715,23.47,25.72,43.45
E02001792,E02001718,23.21,24.53,42.16
E02001792,E02001719,19.76,21.51,36.87
E02001792,E02001720,19.89,21.07,36.15
E02001792,E02001721,27.25,29.54,50.3
E02001792,E02001722,24.54,27.26,45.77
E02001792,E02001723,21.69,22.59,39.26
E02001792,E02001724,19.27,20.08,34.63
E02001792,E02001725,19.95,21.33,36.83
E02001792,E02001726,21.62,23.62,40.11
E02001792,E02001727,17.51,18.92,32.57
E02001792,E02001728,24.67,27.05,45.87
E02001792,E02001729,19.65,21.49,36.33
E02001792,E02001730,18.23,19.36,33.2
E02001792,E02001731,18.36,19.89,33.76
E02001792,E02001732,22.64,24.67,41.92
E02001792,E02001733,19.81,21.48,36.93
E02001792,E02001734,21.04,22.86,38.74
E02001792,E02001735,19.26,21.09,36.07
E02001792,E02001736,19.95,21.65,36.71
E02001792,E02001737,19.43,21.04,36.21
E02001792,E02001738,21.67,25.19,42.74
E02001792,E02001739,24.05,26.15,44.77
E02001792,E02001740,21.05,24.33,41.2
E02001792,E02001741,26.26,28.47,48.39
E02001792,E02001742,19.65,22.62,38.43
E02001792,E02001743,20.52,23.29,39.43
E02001792,E02001744,19.05,22.41,37.62
E02001792,E02001745,22.93,26.02,43.94
E02001792,E02001746,19.45,22.09,37.41
E02001792,E02001747,19.06,21.3,36.36
E02001792,E02001748,17.82,19.4,33.47
E02001792,E02001749,20.76,23.01,39.3
E02001792,E02001750,18.22,20.66,35.04
E02001792,E02001751,20.98,23.76,40.23
E02001792,E02001752,17.2,19.32,32.83
E02001792,E02001753,18.06,20.18,34.6
E02001792,E02001754,17.03,18.91,32.3
E02001792,E02001755,21.16,24.06,40.7
E02001792,E02001756,21.71,24.24,41.44
E02001792,E02001757,15.88,17.46,29.99
E02001792,E02001758,16.12,18.48,31.1
E02001792,E02001759,16.05,17.66,30.26
E02001792,E02001760,14.93,16.59,28.34
E02001792,E02001761,17.25,19.23,32.7
E02001792,E02001762,18.38,20.02,34.37
E02001792,E02001763,14.57,16.61,28.09
E02001792,E02001764,14.87,16.82,28.65
E02001792,E02001765,14.5,15.94,27.35
E02001792,E02001766,16.15,17.81,30.44
E02001792,E02001767,16.99,18.61,31.92
E02001792,E02001768,9.37,11.2,18.6
E02001792,E02001769,8.39,10.35,17.17
E02001792,E02001770,8.14,9.82,16.3
E02001792,E02001771,7.65,9.86,16.22
E02001792,E02001772,7.2,9.35,15.13
E02001792,E02001773,6.7,8.97,14.6
E02001792,E02001774,11.56,13.62,22.82
E02001792,E02001775,6.76,9.66,15.72
E02001792,E02001776,12.46,14.71,24.76
E02001792,E02001777,13.58,16.24,27.17
E02001792,E02001778,8.24,10.79,17.66
E02001792,E02001779,8.92,11.92,19.1
E02001792,E02001780,5.64,7.89,12.36
E02001792,E02001781,9.17,11.35,18.74
E02001792,E02001782,12.21,14.85,24.47
E02001792,E02001783,7.8,10.21,16.83
E02001792,E02001784,9.83,12.08,20.2
E02001792,E02001785,4.11,5.74,8.91
E02001792,E02001786,6.66,9.41,14.65
E02001792,E02001787,9.02,11.73,19.21
E02001792,E02001788,7.16,9.52,15.05
E02001792,E02001789,4.35,5.98,9.61
E02001792,E02001790,5.15,6.43,10.39
E02001792,E02001791,1.09,1.97,2.78
E02001792,E02001792,0.54,0.98,1.39
E02001792,E02001793,5.98,10.26,15.16
E02001792,E02001794,3.78,6.37,9.22
E02001792,E02001795,2.01,3.01,4.52
E02001792,E02001796,1.48,2.95,4.06
E02001792,E02001797,13.15,15.24,25.56
E02001792,E02001798,6.0,10.3,15.21
E02001792,E02001799,11.59,13.8,22.57
E02001792,E02001800,12.32,14.99,24.64
E02001792,E02001801,4.57,6.22,9.8
E02001792,E02001802,5.58,7.93,12.65
E02001792,E02001803,3.93,4.87,8.05
E02001792,E02001804,7.0,10.08,16.34
E02001792,E02001805,5.8,6.8,11.31
E02001792,E02001806,4.54,6.37,9.96
E02001792,E02001807,10.48,13.24,21.22
E02001792,E02001808,5.07,6.16,10.14
E02001792,E02001809,11.72,14.85,23.87
E02001792,E02001810,13.35,16.16,26.18
E02001792,E02001811,7.64,8.54,14.42
E02001792,E02001812,5.49,7.71,12.26
E02001792,E02001813,7.39,8.56,14.28
E02001792,E02001814,6.07,8.09,13.12
E02001792,E02001815,13.74,16.93,28.42
E02001792,E02001816,8.35,10.08,16.53
E02001792,E02001817,8.06,11.43,17.66
E02001792,E02001818,8.25,10.91,17.62
E02001792,E02001819,9.39,11.73,19.31
E02001792,E02001820,12.56,14.02,23.59
E02001792,E02001821,9.15,13.91,21.49
E02001792,E02001822,12.55,14.77,24.36
E02001792,E02001823,15.19,17.38,29.05
E02001792,E02001824,13.9,15.92,26.54
E02001792,E02001825,15.67,17.2,29.13
E02001792,E02001826,17.33,18.97,32.19
E02001792,E02006841,15.86,17.94,29.95
E02001792,E02006842,15.57,19.03,31.36
E02001792,E02006893,25.56,27.31,46.79
E02001793,E02001682,23.38,26.8,44.52
E02001793,E02001683,25.84,29.71,49.27
E02001793,E02001684,9.24,11.76,18.7
E02001793,E02001685,21.12,25.45,41.8
E02001793,E02001686,21.57,25.17,41.53
E02001793,E02001688,14.71,18.6,29.93
E02001793,E02001689,12.88,16.4,26.66
E02001793,E02001690,18.64,22.64,37.18
E02001793,E02001691,12.47,17.39,27.56
E02001793,E02001692,11.21,15.78,24.53
E02001793,E02001693,9.84,13.47,21.12
E02001793,E02001694,16.13,20.05,32.49
E02001793,E02001695,7.36,9.65,15.17
E02001793,E02001696,8.41,11.45,17.75
E02001793,E02001697,12.25,17.61,27.54
E02001793,E02001698,19.48,24.72,40.02
E02001793,E02001699,10.09,14.1,22.01
E02001793,E02001700,17.27,21.13,34.7
E02001793,E02001701,12.97,17.63,28.74
E02001793,E02001702,11.12,14.64,23.12
E02001793,E02001703,23.96,27.64,46.35
E02001793,E02001704,12.0,16.08,25.24
E02001793,E02001705,30.38,37.73,61.31
E02001793,E02001706,12.7,14.97,25.19
E02001793,E02001707,12.53,15.96,26.21
E02001793,E02001708,21.69,25.31,41.7
E02001793,E02001709,19.55,21.99,36.65
E02001793,E02001710,19.91,24.17,39.27
E02001793,E02001711,21.22,24.74,41.02
E02001793,E02001712,17.65,20.07,33.51
E02001793,E02001713,18.06,20.29,34.08
E02001793,E02001714,17.26,19.9,33.29
E02001793,E02001715,19.61,22.91,37.65
E02001793,E02001718,19.35,21.72,36.36
E02001793,E02001719,15.99,18.71,31.07
E02001793,E02001720,16.02,18.27,30.35
E02001793,E02001721,23.39,26.73,44.5
E02001793,E02001722,20.68,24.45,39.97
E02001793,E02001723,17.83,19.78,33.46
E02001793,E02001724,15.4,17.27,28.83
E02001793,E02001725,16.17,18.52,31.02
E02001793,E02001726,17.76,20.81,34.31
E02001793,E02001727,13.73,16.11,26.77
E02001793,E02001728,20.81,24.25,40.07
E02001793,E02001729,15.78,18.69,30.53
E02001793,E02001730,14.36,16.55,27.4
E02001793,E02001731,14.5,17.08,27.96
E02001793,E02001732,18.77,21.86,36.11
E02001793,E02001733,15.97,18.68,31.12
E02001793,E02001734,17.18,20.05,32.94
E02001793,E02001735,15.48,18.28,30.27
E02001793,E02001736,16.08,18.85,30.91
E02001793,E02001737,15.65,18.24,30.41
E02001793,E02001738,17.89,22.38,36.94
E02001793,E02001739,20.27,23.34,38.97
E02001793,E02001740,17.27,21.52,35.39
E02001793,E02001741,22.49,25.66,42.58
E02001793,E02001742,15.87,19.81,32.62
E02001793,E02001743,16.74,20.48,33.63
E02001793,E02001744,15.27,19.61,31.81
E02001793,E02001745,19.15,23.21,38.14
E02001793,E02001746,15.68,19.29,31.6
E02001793,E02001747,15.28,18.49,30.55
E02001793,E02001748,14.04,16.6,27.66
E02001793,E02001749,16.98,20.2,33.5
E02001793,E02001750,14.44,17.85,29.24
E02001793,E02001751,17.2,20.96,34.42
E02001793,E02001752,13.42,16.51,27.03
E02001793,E02001753,14.28,17.37,28.79
E02001793,E02001754,13.25,16.1,26.49
E02001793,E02001755,17.38,21.25,34.9
E02001793,E02001756,17.93,21.43,35.64
E02001793,E02001757,12.1,14.66,24.18
E02001793,E02001758,12.34,15.67,25.29
E02001793,E02001759,12.27,14.85,24.46
E02001793,E02001760,11.15,13.78,22.53
E02001793,E02001761,13.47,16.43,26.9
E02001793,E02001762,14.6,17.21,28.56
E02001793,E02001763,10.8,13.81,22.28
E02001793,E02001764,11.1,14.01,22.84
E02001793,E02001765,10.72,13.14,21.54
E02001793,E02001766,12.37,15.0,24.63
E02001793,E02001767,13.21,15.8,26.12
E02001793,E02001768,10.66,14.38,22.99
E02001793,E02001769,9.41,12.7,20.29
E02001793,E02001770,9.75,14.07,22.09
E02001793,E02001771,10.15,15.15,23.44
E02001793,E02001772,8.68,13.6,20.53
E02001793,E02001773,9.05,13.21,20.49
E02001793,E02001774,7.78,10.82,17.01
E02001793,E02001775,9.35,14.0,21.93
E02001793,E02001776,8.68,11.9,18.96
E02001793,E02001777,9.8,13.43,21.37
E02001793,E02001778,7.98,12.55,18.82
E02001793,E02001779,7.32,10.44,16.29
E02001793,E02001780,8.14,12.14,18.45
E02001793,E02001781,6.44,9.69,14.9
E02001793,E02001782,8.43,12.05,18.67
E02001793,E02001783,6.42,10.9,15.8
E02001793,E02001784,6.05,9.27,14.4
E02001793,E02001785,9.29,13.6,20.75
E02001793,E02001786,6.58,10.85,15.87
E02001793,E02001787,5.24,8.92,13.41
E02001793,E02001788,3.39,6.71,9.25
E02001793,E02001789,5.27,7.84,11.81
E02001793,E02001790,3.39,5.72,8.26
E02001793,E02001791,5.64,9.79,14.42
E02001793,E02001792,5.98,10.26,15.15
E02001793,E02001793,0.81,1.62,2.23
E02001793,E02001794,2.48,4.95,6.81
E02001793,E02001795,4.43,8.29,12.13
E02001793,E02001796,6.28,9.54,14.35
E02001793,E02001797,8.81,12.43,19.37
E02001793,E02001798,1.62,3.25,4.47
E02001793,E02001799,7.43,10.67,16.35
E02001793,E02001800,8.87,12.0,18.74
E02001793,E02001801,5.88,9.55,14.21
E02001793,E02001802,4.77,7.64,11.22
E02001793,E02001803,6.13,8.78,13.38
E02001793,E02001804,5.99,10.35,14.9
E02001793,E02001805,5.67,9.72,14.04
E02001793,E02001806,7.49,10.6,16.22
E02001793,E02001807,7.03,10.7,16.17
E02001793,E02001808,6.59,10.07,15.47
E02001793,E02001809,8.27,12.32,18.83
E02001793,E02001810,9.9,13.62,21.13
E02001793,E02001811,6.24,8.63,13.39
E02001793,E02001812,7.67,11.62,17.58
E02001793,E02001813,7.12,11.1,16.46
E02001793,E02001814,8.78,12.03,18.62
E02001793,E02001815,10.3,14.92,23.41
E02001793,E02001816,8.38,12.62,18.99
E02001793,E02001817,9.71,15.34,22.99
E02001793,E02001818,10.75,15.4,23.61
E02001793,E02001819,8.95,12.82,20.13
E02001793,E02001820,9.24,12.08,19.09
E02001793,E02001821,11.22,14.57,23.19
E02001793,E02001822,9.9,13.21,20.71
E02001793,E02001823,13.05,16.72,26.89
E02001793,E02001824,12.05,15.26,24.37
E02001793,E02001825,13.81,16.53,26.97
E02001793,E02001826,15.47,18.3,30.03
E02001793,E02006841,12.0,15.14,24.15
E02001793,E02006842,11.71,16.22,25.56
E02001793,E02006893,21.69,24.5,40.99
E02001794,E02001682,24.91,29.86,48.72
E02001794,E02001683,27.37,32.76,53.46
E02001794,E02001684,10.76,14.81,22.9
E02001794,E02001685,22.65,28.0,45.99
E02001794,E02001686,23.1,28.23,45.73
E02001794,E02001688,16.23,21.65,34.13
E02001794,E02001689,14.41,19.45,30.85
E02001794,E02001690,20.17,24.68,40.77
E02001794,E02001691,14.0,20.44,31.76
E02001794,E02001692,12.73,18.83,28.73
E02001794,E02001693,11.37,16.52,25.32
E02001794,E02001694,17.65,22.6,36.69
E02001794,E02001695,8.89,12.7,19.36
E02001794,E02001696,9.93,14.5,21.95
E02001794,E02001697,13.77,19.02,31.28
E02001794,E02001698,21.01,25.7,42.39
E02001794,E02001699,11.62,17.15,26.2
E02001794,E02001700,18.79,22.01,37.01
E02001794,E02001701,14.5,18.37,30.19
E02001794,E02001702,12.64,17.26,27.32
E02001794,E02001703,25.48,30.19,50.55
E02001794,E02001704,13.53,18.35,29.44
E02001794,E02001705,31.91,40.16,65.22
E02001794,E02001706,13.57,15.71,25.9
E02001794,E02001707,13.4,16.86,26.91
E02001794,E02001708,23.22,28.36,45.89
E02001794,E02001709,21.08,25.04,40.85
E02001794,E02001710,21.43,27.23,43.46
E02001794,E02001711,22.75,27.79,45.22
E02001794,E02001712,19.17,23.12,37.71
E02001794,E02001713,19.59,23.34,38.28
E02001794,E02001714,18.79,22.95,37.49
E02001794,E02001715,21.13,25.96,41.85
E02001794,E02001718,20.87,24.77,40.56
E02001794,E02001719,17.51,21.76,35.27
E02001794,E02001720,17.55,21.32,34.55
E02001794,E02001721,24.92,29.78,48.7
E02001794,E02001722,22.21,27.5,44.17
E02001794,E02001723,19.36,22.84,37.65
E02001794,E02001724,16.93,20.33,33.02
E02001794,E02001725,17.7,21.58,35.22
E02001794,E02001726,19.29,23.86,38.5
E02001794,E02001727,15.26,19.16,30.96
E02001794,E02001728,22.33,27.3,44.27
E02001794,E02001729,17.31,21.74,34.72
E02001794,E02001730,15.89,19.61,31.6
E02001794,E02001731,16.03,20.13,32.15
E02001794,E02001732,20.3,24.91,40.31
E02001794,E02001733,17.5,21.73,35.32
E02001794,E02001734,18.71,23.11,37.13
E02001794,E02001735,17.01,21.33,34.47
E02001794,E02001736,17.61,21.9,35.11
E02001794,E02001737,17.18,21.29,34.6
E02001794,E02001738,19.42,25.43,41.14
E02001794,E02001739,21.8,26.4,43.17
E02001794,E02001740,18.79,24.57,39.59
E02001794,E02001741,24.01,28.72,46.78
E02001794,E02001742,17.4,22.86,36.82
E02001794,E02001743,18.27,23.53,37.83
E02001794,E02001744,16.8,22.66,36.01
E02001794,E02001745,20.68,26.26,42.34
E02001794,E02001746,17.2,22.34,35.8
E02001794,E02001747,16.81,21.54,34.75
E02001794,E02001748,15.57,19.65,31.86
E02001794,E02001749,18.51,23.25,37.7
E02001794,E02001750,15.97,20.91,33.44
E02001794,E02001751,18.73,24.01,38.62
E02001794,E02001752,14.95,19.56,31.23
E02001794,E02001753,15.8,20.43,32.99
E02001794,E02001754,14.78,19.15,30.69
E02001794,E02001755,18.91,24.3,39.09
E02001794,E02001756,19.46,24.49,39.83
E02001794,E02001757,13.63,17.71,28.38
E02001794,E02001758,13.86,18.73,29.49
E02001794,E02001759,13.8,17.9,28.65
E02001794,E02001760,12.68,16.84,26.73
E02001794,E02001761,15.0,19.48,31.1
E02001794,E02001762,16.13,20.26,32.76
E02001794,E02001763,12.32,16.86,26.48
E02001794,E02001764,12.62,17.06,27.04
E02001794,E02001765,12.25,16.19,25.74
E02001794,E02001766,13.9,18.05,28.83
E02001794,E02001767,14.74,18.85,30.32
E02001794,E02001768,11.62,14.41,23.27
E02001794,E02001769,10.63,13.56,21.84
E02001794,E02001770,10.39,13.03,20.97
E02001794,E02001771,9.89,14.11,22.02
E02001794,E02001772,9.45,12.56,19.8
E02001794,E02001773,8.94,12.18,19.27
E02001794,E02001774,9.31,13.87,21.21
E02001794,E02001775,9.0,12.96,20.51
E02001794,E02001776,10.2,14.96,23.15
E02001794,E02001777,11.33,16.48,25.57
E02001794,E02001778,9.5,14.0,22.33
E02001794,E02001779,8.85,13.5,20.48
E02001794,E02001780,7.88,11.1,17.03
E02001794,E02001781,7.97,12.75,19.09
E02001794,E02001782,9.96,15.1,22.87
E02001794,E02001783,7.95,13.43,19.99
E02001794,E02001784,7.58,12.32,18.6
E02001794,E02001785,7.71,11.21,17.07
E02001794,E02001786,8.11,12.62,19.32
E02001794,E02001787,6.77,11.97,17.6
E02001794,E02001788,4.91,9.76,13.44
E02001794,E02001789,6.6,9.19,14.28
E02001794,E02001790,4.91,8.78,12.46
E02001794,E02001791,3.43,5.89,8.49
E02001794,E02001792,3.78,6.37,9.22
E02001794,E02001793,2.48,4.95,6.81
E02001794,E02001794,1.13,2.25,3.1
E02001794,E02001795,2.25,4.51,6.2
E02001794,E02001796,4.1,6.72,9.8
E02001794,E02001797,10.4,13.4,21.35
E02001794,E02001798,2.82,5.64,7.75
E02001794,E02001799,9.01,11.4,18.23
E02001794,E02001800,9.74,12.59,20.29
E02001794,E02001801,4.11,7.44,10.66
E02001794,E02001802,3.71,5.53,8.31
E02001794,E02001803,4.2,6.67,9.84
E02001794,E02001804,4.93,8.24,12.0
E02001794,E02001805,4.62,7.61,11.14
E02001794,E02001806,5.43,8.49,12.61
E02001794,E02001807,7.9,10.84,16.87
E02001794,E02001808,4.94,7.96,11.92
E02001794,E02001809,9.14,12.45,19.53
E02001794,E02001810,10.78,13.76,21.84
E02001794,E02001811,5.85,7.98,12.37
E02001794,E02001812,5.73,9.51,14.04
E02001794,E02001813,6.06,8.99,13.56
E02001794,E02001814,6.85,9.92,15.08
E02001794,E02001815,11.17,15.05,24.11
E02001794,E02001816,7.32,10.51,16.09
E02001794,E02001817,8.25,13.23,19.44
E02001794,E02001818,8.81,13.04,20.07
E02001794,E02001819,8.35,12.16,18.87
E02001794,E02001820,10.11,12.22,19.8
E02001794,E02001821,9.4,14.7,22.71
E02001794,E02001822,10.77,13.34,21.42
E02001794,E02001823,13.93,16.85,27.6
E02001794,E02001824,12.87,15.39,25.08
E02001794,E02001825,14.63,16.66,27.67
E02001794,E02001826,16.29,18.44,30.73
E02001794,E02006841,13.52,18.19,28.35
E02001794,E02006842,13.24,19.27,29.76
E02001794,E02006893,23.22,27.55,45.18
E02001795,E02001682,26.63,29.47,50.29
E02001795,E02001683,29.09,32.37,55.04
E02001795,E02001684,12.49,14.42,24.47
E02001795,E02001685,24.37,28.11,47.56
E02001795,E02001686,24.82,27.84,47.3
E02001795,E02001688,17.96,21.26,35.7
E02001795,E02001689,16.13,19.06,32.43
E02001795,E02001690,21.89,25.1,42.09
E02001795,E02001691,15.72,20.05,33.33
E02001795,E02001692,14.45,18.44,30.3
E02001795,E02001693,13.09,16.13,26.89
E02001795,E02001694,19.38,22.72,38.26
E02001795,E02001695,10.61,12.31,20.94
E02001795,E02001696,11.66,14.11,23.52
E02001795,E02001697,15.5,19.44,32.59
E02001795,E02001698,22.73,26.12,43.71
E02001795,E02001699,13.34,16.76,27.78
E02001795,E02001700,20.52,22.44,38.33
E02001795,E02001701,16.22,18.79,31.51
E02001795,E02001702,14.37,17.3,28.89
E02001795,E02001703,27.2,30.31,52.12
E02001795,E02001704,15.25,18.74,30.99
E02001795,E02001705,33.3,40.39,66.54
E02001795,E02001706,14.59,16.13,27.22
E02001795,E02001707,14.42,17.28,28.23
E02001795,E02001708,24.94,27.97,47.47
E02001795,E02001709,22.8,24.65,42.42
E02001795,E02001710,23.15,26.83,45.04
E02001795,E02001711,24.47,27.4,46.79
E02001795,E02001712,20.89,22.73,39.28
E02001795,E02001713,21.31,22.95,39.85
E02001795,E02001714,20.92,22.56,39.06
E02001795,E02001715,22.86,25.57,43.42
E02001795,E02001718,22.59,24.38,42.13
E02001795,E02001719,19.65,21.37,36.84
E02001795,E02001720,19.27,20.93,36.12
E02001795,E02001721,26.64,29.39,50.27
E02001795,E02001722,23.93,27.11,45.74
E02001795,E02001723,21.08,22.45,39.22
E02001795,E02001724,18.65,19.94,34.6
E02001795,E02001725,19.59,21.18,36.79
E02001795,E02001726,21.01,23.47,40.08
E02001795,E02001727,17.39,18.77,32.54
E02001795,E02001728,24.05,26.91,45.84
E02001795,E02001729,19.03,21.35,36.29
E02001795,E02001730,17.61,19.22,33.17
E02001795,E02001731,17.75,19.74,33.73
E02001795,E02001732,22.02,24.52,41.88
E02001795,E02001733,19.22,21.34,36.89
E02001795,E02001734,20.43,22.71,38.71
E02001795,E02001735,19.14,20.94,36.04
E02001795,E02001736,19.33,21.51,36.68
E02001795,E02001737,19.31,20.9,36.18
E02001795,E02001738,21.56,25.04,42.71
E02001795,E02001739,23.93,26.01,44.74
E02001795,E02001740,20.93,24.18,41.16
E02001795,E02001741,25.81,28.32,48.35
E02001795,E02001742,19.53,22.47,38.39
E02001795,E02001743,20.4,23.14,39.4
E02001795,E02001744,18.94,22.27,37.58
E02001795,E02001745,22.82,25.87,43.91
E02001795,E02001746,19.34,21.95,37.37
E02001795,E02001747,18.94,21.15,36.32
E02001795,E02001748,17.71,19.26,33.43
E02001795,E02001749,20.64,22.86,39.27
E02001795,E02001750,18.1,20.52,35.01
E02001795,E02001751,20.86,23.62,40.19
E02001795,E02001752,17.08,19.17,32.8
E02001795,E02001753,17.94,20.03,34.56
E02001795,E02001754,16.91,18.76,32.26
E02001795,E02001755,21.04,23.91,40.67
E02001795,E02001756,21.59,24.09,41.41
E02001795,E02001757,15.76,17.32,29.95
E02001795,E02001758,16.0,18.34,31.06
E02001795,E02001759,15.93,17.51,30.22
E02001795,E02001760,14.81,16.44,28.3
E02001795,E02001761,17.13,19.09,32.67
E02001795,E02001762,18.26,19.87,34.33
E02001795,E02001763,14.46,16.47,28.05
E02001795,E02001764,14.76,16.67,28.61
E02001795,E02001765,14.38,15.8,27.31
E02001795,E02001766,16.03,17.66,30.4
E02001795,E02001767,16.87,18.46,31.89
E02001795,E02001768,9.85,11.06,18.57
E02001795,E02001769,8.86,10.2,17.14
E02001795,E02001770,8.62,9.67,16.26
E02001795,E02001771,8.12,10.75,17.31
E02001795,E02001772,7.68,9.21,15.1
E02001795,E02001773,7.17,8.82,14.56
E02001795,E02001774,11.45,13.48,22.78
E02001795,E02001775,7.23,9.61,15.8
E02001795,E02001776,12.34,14.56,24.72
E02001795,E02001777,13.47,16.09,27.14
E02001795,E02001778,8.71,10.64,17.63
E02001795,E02001779,9.39,11.78,19.07
E02001795,E02001780,6.11,7.74,12.33
E02001795,E02001781,9.64,11.2,18.71
E02001795,E02001782,12.08,14.71,24.44
E02001795,E02001783,8.27,10.07,16.8
E02001795,E02001784,9.71,11.93,20.17
E02001795,E02001785,5.93,7.85,12.37
E02001795,E02001786,7.13,9.27,14.61
E02001795,E02001787,8.9,11.58,19.18
E02001795,E02001788,7.05,9.37,15.02
E02001795,E02001789,4.82,5.84,9.57
E02001795,E02001790,5.43,6.29,10.36
E02001795,E02001791,1.66,2.54,3.79
E02001795,E02001792,2.01,3.01,4.52
E02001795,E02001793,4.43,8.29,12.13
E02001795,E02001794,2.25,4.51,6.2
E02001795,E02001795,0.83,1.27,1.89
E02001795,E02001796,2.27,3.87,5.66
E02001795,E02001797,11.6,13.82,22.67
E02001795,E02001798,4.45,8.33,12.19
E02001795,E02001799,10.04,11.83,19.55
E02001795,E02001800,10.77,13.02,21.61
E02001795,E02001801,3.5,5.51,8.31
E02001795,E02001802,4.03,5.95,9.63
E02001795,E02001803,2.99,4.16,6.56
E02001795,E02001804,5.45,8.66,13.32
E02001795,E02001805,4.34,6.08,9.82
E02001795,E02001806,3.6,5.65,8.47
E02001795,E02001807,8.93,11.26,18.19
E02001795,E02001808,4.13,5.45,8.65
E02001795,E02001809,10.17,12.87,20.85
E02001795,E02001810,11.8,14.18,23.16
E02001795,E02001811,6.28,7.82,12.93
E02001795,E02001812,4.55,7.0,10.77
E02001795,E02001813,6.45,7.84,12.8
E02001795,E02001814,5.13,7.38,11.63
E02001795,E02001815,12.19,15.48,25.43
E02001795,E02001816,7.41,9.36,15.04
E02001795,E02001817,7.12,10.71,16.17
E02001795,E02001818,7.31,10.19,16.13
E02001795,E02001819,8.45,11.02,17.82
E02001795,E02001820,11.13,12.64,21.12
E02001795,E02001821,8.21,13.2,20.0
E02001795,E02001822,11.61,13.76,22.74
E02001795,E02001823,14.26,16.67,27.56
E02001795,E02001824,12.96,15.21,25.05
E02001795,E02001825,14.73,16.48,27.64
E02001795,E02001826,16.39,18.26,30.7
E02001795,E02006841,15.24,17.8,29.92
E02001795,E02006842,14.96,18.88,31.33
E02001795,E02006893,24.94,27.16,46.76
E02001796,E02001682,28.16,31.0,52.84
E02001796,E02001683,30.62,33.9,57.59
E02001796,E02001684,14.02,15.96,27.02
E02001796,E02001685,25.9,29.64,50.01
E02001796,E02001686,26.35,29.37,49.85
E02001796,E02001688,19.49,22.79,38.25
E02001796,E02001689,17.66,20.59,34.98
E02001796,E02001690,23.42,26.35,44.31
E02001796,E02001691,17.25,21.59,35.88
E02001796,E02001692,15.98,19.98,32.85
E02001796,E02001693,14.62,17.66,29.44
E02001796,E02001694,20.91,24.25,40.81
E02001796,E02001695,12.14,13.84,23.49
E02001796,E02001696,13.19,15.64,26.07
E02001796,E02001697,17.03,20.7,34.81
E02001796,E02001698,24.26,27.38,45.93
E02001796,E02001699,14.87,18.3,30.33
E02001796,E02001700,22.05,23.69,40.54
E02001796,E02001701,17.75,20.05,33.73
E02001796,E02001702,15.9,18.84,31.41
E02001796,E02001703,28.73,31.84,54.56
E02001796,E02001704,16.78,20.03,33.2
E02001796,E02001705,34.75,41.84,68.76
E02001796,E02001706,16.04,17.39,29.43
E02001796,E02001707,15.87,18.54,30.45
E02001796,E02001708,26.47,29.5,50.02
E02001796,E02001709,24.33,26.18,44.97
E02001796,E02001710,24.68,28.37,47.59
E02001796,E02001711,26.0,28.93,49.34
E02001796,E02001712,22.42,24.27,41.83
E02001796,E02001713,22.84,24.49,42.4
E02001796,E02001714,21.96,24.1,41.61
E02001796,E02001715,24.39,27.11,45.97
E02001796,E02001718,24.12,25.91,44.68
E02001796,E02001719,20.68,22.9,39.39
E02001796,E02001720,20.8,22.46,38.67
E02001796,E02001721,28.17,30.93,52.82
E02001796,E02001722,25.46,28.65,48.29
E02001796,E02001723,22.61,23.98,41.77
E02001796,E02001724,20.18,21.47,37.15
E02001796,E02001725,20.86,22.72,39.34
E02001796,E02001726,22.54,25.01,42.63
E02001796,E02001727,18.43,20.31,35.09
E02001796,E02001728,25.58,28.44,48.39
E02001796,E02001729,20.56,22.88,38.84
E02001796,E02001730,19.14,20.75,35.72
E02001796,E02001731,19.28,21.28,36.28
E02001796,E02001732,23.55,26.05,44.43
E02001796,E02001733,20.73,22.87,39.44
E02001796,E02001734,21.96,24.25,41.26
E02001796,E02001735,20.17,22.48,38.59
E02001796,E02001736,20.86,23.04,39.23
E02001796,E02001737,20.34,22.43,38.73
E02001796,E02001738,22.59,26.58,45.26
E02001796,E02001739,24.97,27.54,47.29
E02001796,E02001740,21.96,25.72,43.71
E02001796,E02001741,27.18,29.86,50.9
E02001796,E02001742,20.56,24.0,40.94
E02001796,E02001743,21.43,24.68,41.95
E02001796,E02001744,19.97,23.8,40.13
E02001796,E02001745,23.85,27.41,46.46
E02001796,E02001746,20.37,23.48,39.92
E02001796,E02001747,19.97,22.69,38.87
E02001796,E02001748,18.74,20.79,35.98
E02001796,E02001749,21.67,24.4,41.82
E02001796,E02001750,19.13,22.05,37.56
E02001796,E02001751,21.9,25.15,42.74
E02001796,E02001752,18.11,20.71,35.35
E02001796,E02001753,18.97,21.57,37.11
E02001796,E02001754,17.94,20.3,34.81
E02001796,E02001755,22.08,25.45,43.22
E02001796,E02001756,22.62,25.63,43.96
E02001796,E02001757,16.79,18.85,32.5
E02001796,E02001758,17.03,19.87,33.61
E02001796,E02001759,16.96,19.05,32.77
E02001796,E02001760,15.84,17.98,30.85
E02001796,E02001761,18.16,20.62,35.22
E02001796,E02001762,19.29,21.41,36.88
E02001796,E02001763,15.49,18.0,30.6
E02001796,E02001764,15.79,18.21,31.16
E02001796,E02001765,15.42,17.33,29.86
E02001796,E02001766,17.06,19.2,32.95
E02001796,E02001767,17.9,20.0,34.44
E02001796,E02001768,10.29,12.59,21.12
E02001796,E02001769,9.31,11.74,19.69
E02001796,E02001770,9.06,11.21,18.81
E02001796,E02001771,8.56,11.22,18.42
E02001796,E02001772,8.12,10.74,17.65
E02001796,E02001773,7.61,10.35,17.11
E02001796,E02001774,12.47,15.01,25.33
E02001796,E02001775,7.67,11.02,17.92
E02001796,E02001776,13.37,16.1,27.27
E02001796,E02001777,14.5,17.63,29.69
E02001796,E02001778,9.15,12.17,20.18
E02001796,E02001779,9.84,13.31,21.62
E02001796,E02001780,6.56,9.28,14.88
E02001796,E02001781,10.08,12.74,21.26
E02001796,E02001782,13.13,16.24,26.99
E02001796,E02001783,8.71,11.6,19.35
E02001796,E02001784,10.75,13.47,22.72
E02001796,E02001785,5.12,7.1,11.11
E02001796,E02001786,7.57,10.8,17.16
E02001796,E02001787,9.94,13.11,21.73
E02001796,E02001788,8.08,10.9,17.57
E02001796,E02001789,5.27,7.37,12.12
E02001796,E02001790,6.06,7.82,12.91
E02001796,E02001791,2.0,3.8,5.3
E02001796,E02001792,1.48,2.95,4.06
E02001796,E02001793,6.28,9.54,14.35
E02001796,E02001794,4.1,6.72,9.8
E02001796,E02001795,2.28,3.87,5.66
E02001796,E02001796,0.74,1.48,2.03
E02001796,E02001797,13.05,15.07,24.89
E02001796,E02001798,6.3,9.58,14.4
E02001796,E02001799,11.49,13.08,21.76
E02001796,E02001800,12.22,14.27,23.83
E02001796,E02001801,3.21,4.7,7.11
E02001796,E02001802,4.79,7.21,11.47
E02001796,E02001803,2.57,3.36,5.36
E02001796,E02001804,6.11,8.57,13.69
E02001796,E02001805,4.44,5.28,8.62
E02001796,E02001806,3.18,4.85,7.27
E02001796,E02001807,10.38,12.51,20.41
E02001796,E02001808,3.71,4.65,7.44
E02001796,E02001809,11.62,14.13,23.07
E02001796,E02001810,13.25,15.43,25.37
E02001796,E02001811,6.28,7.02,11.73
E02001796,E02001812,4.13,6.2,9.56
E02001796,E02001813,6.03,7.04,11.59
E02001796,E02001814,4.71,6.58,10.43
E02001796,E02001815,13.43,15.41,25.73
E02001796,E02001816,6.99,8.56,13.83
E02001796,E02001817,6.7,9.91,14.97
E02001796,E02001818,6.88,9.39,14.93
E02001796,E02001819,8.02,10.22,16.61
E02001796,E02001820,11.19,12.5,20.89
E02001796,E02001821,7.79,12.39,18.79
E02001796,E02001822,11.19,13.25,21.67
E02001796,E02001823,13.83,15.87,26.36
E02001796,E02001824,12.54,14.41,23.84
E02001796,E02001825,14.3,15.68,26.44
E02001796,E02001826,15.97,17.46,29.5
E02001796,E02006841,16.78,19.33,32.47
E02001796,E02006842,16.49,20.42,33.88
E02001796,E02006893,26.47,28.7,49.31
E02001797,E02001682,19.02,21.84,36.69
E02001797,E02001683,21.48,24.75,41.44
E02001797,E02001684,5.41,6.8,10.87
E02001797,E02001685,16.29,20.49,33.87
E02001797,E02001686,16.92,20.21,33.7
E02001797,E02001688,10.36,13.64,22.1
E02001797,E02001689,8.53,11.44,18.83
E02001797,E02001690,13.47,17.49,28.17
E02001797,E02001691,8.05,12.08,18.12
E02001797,E02001692,6.71,10.24,15.27
E02001797,E02001693,5.94,8.51,13.29
E02001797,E02001694,11.59,15.09,24.66
E02001797,E02001695,3.92,5.07,8.02
E02001797,E02001696,4.3,6.21,9.43
E02001797,E02001697,6.49,10.14,15.14
E02001797,E02001698,14.22,18.51,29.79
E02001797,E02001699,4.77,7.98,11.7
E02001797,E02001700,12.0,14.83,24.4
E02001797,E02001701,6.79,10.93,16.02
E02001797,E02001702,4.29,7.18,10.4
E02001797,E02001703,19.12,22.68,38.42
E02001797,E02001704,5.18,8.62,12.52
E02001797,E02001705,24.43,32.77,52.62
E02001797,E02001706,6.14,8.53,13.29
E02001797,E02001707,5.97,9.51,14.31
E02001797,E02001708,17.87,20.34,33.87
E02001797,E02001709,15.73,17.03,28.82
E02001797,E02001710,16.08,19.21,31.43
E02001797,E02001711,17.39,19.78,33.19
E02001797,E02001712,13.82,15.11,25.68
E02001797,E02001713,14.23,15.33,26.25
E02001797,E02001714,14.0,14.94,25.46
E02001797,E02001715,15.78,17.95,29.82
E02001797,E02001718,15.52,16.76,28.53
E02001797,E02001719,13.07,13.85,23.67
E02001797,E02001720,12.2,13.31,22.52
E02001797,E02001721,19.56,21.77,36.67
E02001797,E02001722,16.86,19.49,32.14
E02001797,E02001723,14.01,14.82,25.62
E02001797,E02001724,11.58,12.31,21.0
E02001797,E02001725,12.52,14.0,23.64
E02001797,E02001726,13.94,15.85,26.48
E02001797,E02001727,13.76,14.99,25.47
E02001797,E02001728,16.87,19.28,32.24
E02001797,E02001729,11.96,13.73,22.69
E02001797,E02001730,10.54,11.59,19.57
E02001797,E02001731,10.68,12.12,20.13
E02001797,E02001732,14.95,16.9,28.28
E02001797,E02001733,12.14,13.84,23.36
E02001797,E02001734,13.35,15.09,25.11
E02001797,E02001735,12.66,15.14,25.38
E02001797,E02001736,12.26,13.88,23.08
E02001797,E02001737,13.46,15.01,25.3
E02001797,E02001738,19.46,21.91,37.29
E02001797,E02001739,20.91,22.24,37.98
E02001797,E02001740,18.83,21.05,35.74
E02001797,E02001741,18.73,20.7,34.75
E02001797,E02001742,17.43,19.34,32.97
E02001797,E02001743,18.3,20.01,33.98
E02001797,E02001744,16.84,19.14,32.16
E02001797,E02001745,19.26,21.38,35.87
E02001797,E02001746,17.24,18.82,31.95
E02001797,E02001747,16.84,18.02,30.9
E02001797,E02001748,15.61,16.13,28.01
E02001797,E02001749,18.26,19.39,33.1
E02001797,E02001750,16.0,17.39,29.59
E02001797,E02001751,17.26,18.56,31.52
E02001797,E02001752,14.98,16.04,27.38
E02001797,E02001753,15.84,16.91,29.14
E02001797,E02001754,14.81,15.63,26.84
E02001797,E02001755,17.11,19.02,31.87
E02001797,E02001756,15.61,16.59,28.31
E02001797,E02001757,13.66,14.19,24.53
E02001797,E02001758,13.9,15.21,25.64
E02001797,E02001759,13.83,14.38,24.81
E02001797,E02001760,12.71,13.32,22.88
E02001797,E02001761,15.03,15.96,27.25
E02001797,E02001762,15.95,16.67,28.65
E02001797,E02001763,12.36,13.34,22.64
E02001797,E02001764,12.66,13.54,23.19
E02001797,E02001765,12.29,12.67,21.89
E02001797,E02001766,13.93,14.53,24.99
E02001797,E02001767,14.77,15.33,26.47
E02001797,E02001768,12.54,14.03,23.52
E02001797,E02001769,11.18,12.35,20.82
E02001797,E02001770,11.81,13.82,22.69
E02001797,E02001771,13.23,15.81,25.93
E02001797,E02001772,11.27,13.35,21.87
E02001797,E02001773,12.01,13.78,23.01
E02001797,E02001774,8.52,10.35,17.37
E02001797,E02001775,12.89,14.67,24.47
E02001797,E02001776,8.17,9.72,16.27
E02001797,E02001777,7.64,9.28,15.28
E02001797,E02001778,10.74,12.2,20.27
E02001797,E02001779,8.96,10.09,16.82
E02001797,E02001780,12.09,13.49,22.56
E02001797,E02001781,8.09,9.34,15.43
E02001797,E02001782,6.32,7.85,12.58
E02001797,E02001783,9.7,10.96,18.23
E02001797,E02001784,6.63,7.49,12.47
E02001797,E02001785,14.83,17.53,28.81
E02001797,E02001786,10.95,12.45,20.66
E02001797,E02001787,6.51,8.29,13.17
E02001797,E02001788,8.02,8.99,15.01
E02001797,E02001789,10.81,11.77,19.87
E02001797,E02001790,8.9,9.65,16.33
E02001797,E02001791,12.8,14.42,24.21
E02001797,E02001792,13.15,15.24,25.56
E02001797,E02001793,8.81,12.43,19.37
E02001797,E02001794,10.4,13.4,21.36
E02001797,E02001795,11.6,13.82,22.67
E02001797,E02001796,13.05,15.07,24.89
E02001797,E02001797,0.93,1.87,2.56
E02001797,E02001798,8.44,11.19,17.59
E02001797,E02001799,1.87,3.73,5.13
E02001797,E02001800,2.57,4.66,6.59
E02001797,E02001801,12.48,14.52,24.19
E02001797,E02001802,11.37,13.14,21.7
E02001797,E02001803,12.74,14.28,23.87
E02001797,E02001804,10.57,13.13,21.1
E02001797,E02001805,11.66,12.99,21.76
E02001797,E02001806,14.09,16.1,26.7
E02001797,E02001807,4.33,5.9,9.19
E02001797,E02001808,12.43,13.99,23.45
E02001797,E02001809,4.18,7.51,11.39
E02001797,E02001810,4.72,7.66,11.2
E02001797,E02001811,9.48,10.53,17.67
E02001797,E02001812,13.53,15.87,26.18
E02001797,E02001813,11.24,13.64,22.13
E02001797,E02001814,15.11,17.53,29.11
E02001797,E02001815,6.27,8.96,13.66
E02001797,E02001816,12.35,15.29,25.16
E02001797,E02001817,13.99,18.31,29.49
E02001797,E02001818,16.11,19.56,31.73
E02001797,E02001819,12.19,14.72,24.41
E02001797,E02001820,8.49,10.48,16.85
E02001797,E02001821,14.55,16.47,27.47
E02001797,E02001822,9.75,11.84,19.16
E02001797,E02001823,12.31,15.17,25.97
E02001797,E02001824,13.13,16.07,25.94
E02001797,E02001825,14.81,17.24,28.35
E02001797,E02001826,16.47,19.01,31.41
E02001797,E02006841,8.14,10.17,16.32
E02001797,E02006842,7.41,10.62,16.18
E02001797,E02006893,17.87,19.54,33.16
E02001798,E02001682,23.04,26.27,43.72
E02001798,E02001683,25.49,29.17,48.47
E02001798,E02001684,8.89,11.23,17.9
E02001798,E02001685,20.78,24.91,41.0
E02001798,E02001686,21.23,24.64,40.74
E02001798,E02001688,14.36,18.06,29.13
E02001798,E02001689,12.54,15.86,25.86
E02001798,E02001690,18.3,22.11,36.39
E02001798,E02001691,12.12,16.86,26.77
E02001798,E02001692,10.86,15.25,23.73
E02001798,E02001693,9.5,12.93,20.32
E02001798,E02001694,15.78,19.52,31.7
E02001798,E02001695,7.01,9.11,14.37
E02001798,E02001696,8.06,10.91,16.96
E02001798,E02001697,11.9,16.82,26.75
E02001798,E02001698,19.14,23.49,38.62
E02001798,E02001699,9.75,13.56,21.21
E02001798,E02001700,16.92,19.81,33.24
E02001798,E02001701,12.63,16.17,26.43
E02001798,E02001702,10.77,14.1,22.33
E02001798,E02001703,23.61,27.11,45.55
E02001798,E02001704,11.66,15.54,24.45
E02001798,E02001705,30.04,37.19,60.52
E02001798,E02001706,11.48,13.51,22.13
E02001798,E02001707,11.31,14.66,23.15
E02001798,E02001708,21.35,24.77,40.9
E02001798,E02001709,19.21,21.45,35.86
E02001798,E02001710,19.56,23.64,38.47
E02001798,E02001711,20.87,24.2,40.23
E02001798,E02001712,17.3,19.54,32.71
E02001798,E02001713,17.71,19.75,33.29
E02001798,E02001714,17.48,19.37,32.5
E02001798,E02001715,19.26,22.37,36.85
E02001798,E02001718,19.0,21.18,35.56
E02001798,E02001719,16.22,18.27,30.58
E02001798,E02001720,15.68,17.73,29.55
E02001798,E02001721,23.04,26.2,43.7
E02001798,E02001722,20.34,23.92,39.17
E02001798,E02001723,17.49,19.25,32.66
E02001798,E02001724,15.06,16.74,28.03
E02001798,E02001725,16.0,18.21,30.54
E02001798,E02001726,17.42,20.27,33.51
E02001798,E02001727,13.97,15.8,26.28
E02001798,E02001728,20.46,23.71,39.27
E02001798,E02001729,15.44,18.15,29.73
E02001798,E02001730,14.02,16.02,26.61
E02001798,E02001731,14.16,16.55,27.16
E02001798,E02001732,18.43,21.32,35.32
E02001798,E02001733,15.62,18.26,30.4
E02001798,E02001734,16.83,19.52,32.14
E02001798,E02001735,15.72,17.97,29.78
E02001798,E02001736,15.74,18.31,30.11
E02001798,E02001737,15.89,17.93,29.92
E02001798,E02001738,18.13,22.07,36.45
E02001798,E02001739,20.51,23.04,38.48
E02001798,E02001740,17.5,21.21,34.91
E02001798,E02001741,22.21,25.13,41.79
E02001798,E02001742,16.11,19.5,32.14
E02001798,E02001743,16.98,20.17,33.14
E02001798,E02001744,15.51,19.3,31.33
E02001798,E02001745,19.39,22.9,37.65
E02001798,E02001746,15.91,18.98,31.12
E02001798,E02001747,15.52,18.18,30.07
E02001798,E02001748,14.28,16.29,27.18
E02001798,E02001749,17.22,19.89,33.01
E02001798,E02001750,14.67,17.55,28.75
E02001798,E02001751,17.44,20.65,33.94
E02001798,E02001752,13.66,16.2,26.55
E02001798,E02001753,14.51,17.06,28.31
E02001798,E02001754,13.48,15.79,26.01
E02001798,E02001755,17.62,20.94,34.41
E02001798,E02001756,18.17,21.01,35.15
E02001798,E02001757,12.34,14.35,23.7
E02001798,E02001758,12.57,15.37,24.81
E02001798,E02001759,12.51,14.54,23.97
E02001798,E02001760,11.39,13.47,22.05
E02001798,E02001761,13.7,16.12,26.42
E02001798,E02001762,14.83,16.9,28.08
E02001798,E02001763,11.03,13.5,21.8
E02001798,E02001764,11.33,13.7,22.36
E02001798,E02001765,10.96,12.83,21.06
E02001798,E02001766,12.61,14.69,24.15
E02001798,E02001767,13.44,15.49,25.63
E02001798,E02001768,11.13,14.07,22.5
E02001798,E02001769,9.77,12.4,19.81
E02001798,E02001770,10.4,13.87,21.67
E02001798,E02001771,11.05,15.85,24.92
E02001798,E02001772,9.58,13.39,20.85
E02001798,E02001773,9.94,13.82,22.0
E02001798,E02001774,8.02,10.51,16.53
E02001798,E02001775,10.25,14.71,23.45
E02001798,E02001776,9.16,11.59,18.47
E02001798,E02001777,10.02,12.95,20.57
E02001798,E02001778,8.88,12.24,19.26
E02001798,E02001779,7.55,10.13,15.8
E02001798,E02001780,9.04,13.53,20.93
E02001798,E02001781,6.68,9.38,14.41
E02001798,E02001782,8.48,11.51,17.87
E02001798,E02001783,7.32,11.0,17.22
E02001798,E02001784,6.56,8.96,13.91
E02001798,E02001785,9.93,15.14,23.06
E02001798,E02001786,7.48,12.49,18.34
E02001798,E02001787,5.75,8.61,12.92
E02001798,E02001788,4.29,7.31,10.9
E02001798,E02001789,6.17,9.64,14.29
E02001798,E02001790,4.29,7.52,10.74
E02001798,E02001791,5.66,9.83,14.48
E02001798,E02001792,6.0,10.3,15.21
E02001798,E02001793,1.62,3.25,4.47
E02001798,E02001794,2.82,5.64,7.75
E02001798,E02001795,4.45,8.33,12.19
E02001798,E02001796,6.3,9.58,14.4
E02001798,E02001797,8.44,11.19,17.59
E02001798,E02001798,0.81,1.62,2.23
E02001798,E02001799,6.93,9.2,14.46
E02001798,E02001800,7.66,10.39,16.53
E02001798,E02001801,5.9,9.59,14.27
E02001798,E02001802,4.79,7.68,11.27
E02001798,E02001803,6.15,8.82,13.44
E02001798,E02001804,6.01,9.17,13.76
E02001798,E02001805,5.7,9.02,14.1
E02001798,E02001806,7.51,10.64,16.27
E02001798,E02001807,5.82,8.63,13.11
E02001798,E02001808,6.61,10.03,15.52
E02001798,E02001809,7.06,10.25,15.77
E02001798,E02001810,8.69,11.55,18.07
E02001798,E02001811,5.02,6.56,10.33
E02001798,E02001812,7.69,11.66,17.64
E02001798,E02001813,6.79,9.68,14.79
E02001798,E02001814,8.8,12.07,18.68
E02001798,E02001815,9.08,12.85,20.35
E02001798,E02001816,7.9,11.32,17.82
E02001798,E02001817,9.54,14.34,22.15
E02001798,E02001818,10.77,15.44,23.67
E02001798,E02001819,7.73,10.75,17.07
E02001798,E02001820,8.02,10.01,16.03
E02001798,E02001821,10.1,12.5,20.13
E02001798,E02001822,8.68,11.14,17.65
E02001798,E02001823,11.84,14.65,23.83
E02001798,E02001824,10.83,13.19,21.31
E02001798,E02001825,12.6,14.46,23.9
E02001798,E02001826,14.26,16.23,26.96
E02001798,E02006841,11.65,14.6,23.36
E02001798,E02006842,11.37,15.69,24.76
E02001798,E02006893,21.35,23.96,40.19
E02001799,E02001682,19.83,21.98,37.76
E02001799,E02001683,22.29,24.88,42.5
E02001799,E02001684,6.3,7.81,12.55
E02001799,E02001685,17.09,19.2,32.86
E02001799,E02001686,17.72,20.19,34.31
E02001799,E02001688,11.16,13.28,23.36
E02001799,E02001689,9.33,12.44,20.51
E02001799,E02001690,14.28,15.88,27.16
E02001799,E02001691,8.86,11.8,20.24
E02001799,E02001692,7.51,11.03,17.39
E02001799,E02001693,6.83,9.51,14.97
E02001799,E02001694,12.39,13.81,23.76
E02001799,E02001695,4.81,6.08,9.7
E02001799,E02001696,5.19,7.21,11.12
E02001799,E02001697,7.3,10.22,17.25
E02001799,E02001698,14.89,16.9,28.77
E02001799,E02001699,5.57,8.91,13.81
E02001799,E02001700,12.49,13.22,23.39
E02001799,E02001701,7.59,9.57,16.57
E02001799,E02001702,5.1,7.97,12.52
E02001799,E02001703,19.8,21.4,37.41
E02001799,E02001704,5.98,9.41,14.64
E02001799,E02001705,25.1,31.36,51.6
E02001799,E02001706,6.4,6.92,12.24
E02001799,E02001707,6.22,7.9,12.83
E02001799,E02001708,18.76,21.35,35.55
E02001799,E02001709,16.62,18.03,30.5
E02001799,E02001710,16.97,20.22,33.12
E02001799,E02001711,18.28,20.78,34.87
E02001799,E02001712,14.71,16.12,27.36
E02001799,E02001713,15.12,16.34,27.93
E02001799,E02001714,14.89,15.95,27.14
E02001799,E02001715,16.67,18.96,31.5
E02001799,E02001718,16.41,17.76,30.21
E02001799,E02001719,13.97,14.86,25.35
E02001799,E02001720,13.09,14.31,24.2
E02001799,E02001721,20.45,22.25,38.35
E02001799,E02001722,17.75,20.5,33.82
E02001799,E02001723,14.9,15.83,27.31
E02001799,E02001724,12.47,13.32,22.68
E02001799,E02001725,13.41,15.01,25.32
E02001799,E02001726,14.83,16.86,28.16
E02001799,E02001727,14.65,15.99,27.15
E02001799,E02001728,17.68,19.77,33.92
E02001799,E02001729,12.85,14.73,24.38
E02001799,E02001730,11.43,12.6,21.25
E02001799,E02001731,11.57,13.13,21.81
E02001799,E02001732,15.84,17.9,29.97
E02001799,E02001733,13.03,14.85,25.04
E02001799,E02001734,14.24,16.1,26.79
E02001799,E02001735,13.55,16.15,27.06
E02001799,E02001736,13.15,14.89,24.76
E02001799,E02001737,14.35,16.01,26.99
E02001799,E02001738,20.35,22.92,38.97
E02001799,E02001739,21.8,23.25,39.66
E02001799,E02001740,19.72,22.06,37.43
E02001799,E02001741,19.62,21.71,36.43
E02001799,E02001742,18.32,20.35,34.66
E02001799,E02001743,19.19,21.02,35.66
E02001799,E02001744,17.73,20.15,33.85
E02001799,E02001745,20.15,22.39,37.55
E02001799,E02001746,18.13,19.83,33.64
E02001799,E02001747,17.73,19.03,32.59
E02001799,E02001748,16.5,17.14,29.7
E02001799,E02001749,19.15,20.4,34.78
E02001799,E02001750,16.89,18.39,31.27
E02001799,E02001751,18.15,19.57,33.21
E02001799,E02001752,15.87,17.05,29.06
E02001799,E02001753,16.73,17.91,30.83
E02001799,E02001754,15.7,16.64,28.53
E02001799,E02001755,18.0,20.03,33.55
E02001799,E02001756,16.5,17.6,29.99
E02001799,E02001757,14.55,15.2,26.22
E02001799,E02001758,14.79,16.21,27.33
E02001799,E02001759,14.72,15.39,26.49
E02001799,E02001760,13.6,14.32,24.56
E02001799,E02001761,15.92,16.97,28.93
E02001799,E02001762,16.84,17.68,30.33
E02001799,E02001763,13.25,14.35,24.32
E02001799,E02001764,13.55,14.55,24.88
E02001799,E02001765,13.18,13.68,23.58
E02001799,E02001766,14.82,15.54,26.67
E02001799,E02001767,15.66,16.34,28.15
E02001799,E02001768,13.43,15.04,25.2
E02001799,E02001769,12.07,13.36,22.5
E02001799,E02001770,12.7,14.83,24.37
E02001799,E02001771,14.12,16.82,27.62
E02001799,E02001772,12.16,14.36,23.55
E02001799,E02001773,12.9,14.79,24.69
E02001799,E02001774,9.41,11.36,19.05
E02001799,E02001775,13.78,15.67,26.15
E02001799,E02001776,9.06,10.73,17.96
E02001799,E02001777,8.54,10.29,16.96
E02001799,E02001778,11.63,13.2,21.96
E02001799,E02001779,9.86,11.1,18.5
E02001799,E02001780,12.89,14.5,24.24
E02001799,E02001781,8.98,10.35,17.11
E02001799,E02001782,7.21,8.85,14.26
E02001799,E02001783,10.59,11.96,19.92
E02001799,E02001784,7.52,8.5,14.15
E02001799,E02001785,14.05,17.8,29.09
E02001799,E02001786,11.31,13.46,22.34
E02001799,E02001787,7.4,9.29,14.85
E02001799,E02001788,7.9,9.26,15.29
E02001799,E02001789,10.02,12.04,20.15
E02001799,E02001790,8.11,9.92,16.6
E02001799,E02001791,11.25,13.33,21.84
E02001799,E02001792,11.59,13.8,22.57
E02001799,E02001793,7.43,10.67,16.35
E02001799,E02001794,9.02,11.4,18.23
E02001799,E02001795,10.04,11.83,19.55
E02001799,E02001796,11.49,13.08,21.76
E02001799,E02001797,1.86,3.73,5.13
E02001799,E02001798,6.93,9.2,14.46
E02001799,E02001799,0.93,1.46,2.21
E02001799,E02001800,2.01,2.92,4.42
E02001799,E02001801,10.93,12.53,21.06
E02001799,E02001802,9.82,11.15,18.58
E02001799,E02001803,11.18,12.29,20.74
E02001799,E02001804,9.02,11.14,17.97
E02001799,E02001805,10.11,10.99,18.64
E02001799,E02001806,12.54,14.11,23.58
E02001799,E02001807,2.75,3.9,6.07
E02001799,E02001808,10.88,12.0,20.33
E02001799,E02001809,3.1,5.52,8.2
E02001799,E02001810,4.03,5.92,9.04
E02001799,E02001811,7.93,8.54,14.54
E02001799,E02001812,11.98,13.88,23.06
E02001799,E02001813,9.69,11.65,19.0
E02001799,E02001814,13.55,15.54,25.98
E02001799,E02001815,5.58,7.21,11.49
E02001799,E02001816,10.8,13.3,22.03
E02001799,E02001817,12.44,16.32,26.36
E02001799,E02001818,14.56,17.57,28.6
E02001799,E02001819,10.63,12.73,21.29
E02001799,E02001820,7.75,8.73,14.69
E02001799,E02001821,13.0,14.47,24.34
E02001799,E02001822,9.0,10.09,16.99
E02001799,E02001823,11.57,13.55,23.8
E02001799,E02001824,12.38,14.32,23.77
E02001799,E02001825,14.06,15.49,26.18
E02001799,E02001826,15.72,17.27,29.24
E02001799,E02006841,9.03,11.18,18.0
E02001799,E02006842,8.21,11.02,18.3
E02001799,E02006893,18.76,20.55,34.84
E02001800,E02001682,18.7,20.51,35.32
E02001800,E02001683,21.16,23.41,40.07
E02001800,E02001684,6.92,6.67,11.87
E02001800,E02001685,15.96,17.73,30.42
E02001800,E02001686,16.59,18.72,31.88
E02001800,E02001688,10.77,11.81,20.93
E02001800,E02001689,8.95,11.3,19.09
E02001800,E02001690,13.0,14.41,24.72
E02001800,E02001691,8.47,10.33,17.8
E02001800,E02001692,7.12,9.56,14.95
E02001800,E02001693,7.18,8.37,14.29
E02001800,E02001694,11.11,12.33,21.33
E02001800,E02001695,5.44,4.94,9.02
E02001800,E02001696,5.81,6.07,10.43
E02001800,E02001697,6.91,8.75,14.81
E02001800,E02001698,13.6,15.43,26.33
E02001800,E02001699,5.25,7.44,11.38
E02001800,E02001700,11.2,11.74,20.95
E02001800,E02001701,7.06,8.1,14.13
E02001800,E02001702,4.78,6.49,10.08
E02001800,E02001703,18.51,19.92,34.97
E02001800,E02001704,5.41,7.93,12.2
E02001800,E02001705,23.81,29.89,49.16
E02001800,E02001706,5.11,5.44,9.8
E02001800,E02001707,4.94,6.43,10.39
E02001800,E02001708,18.44,20.21,34.86
E02001800,E02001709,16.47,16.89,29.82
E02001800,E02001710,16.83,19.08,32.43
E02001800,E02001711,17.97,19.64,34.19
E02001800,E02001712,14.57,14.98,26.68
E02001800,E02001713,14.98,15.19,27.25
E02001800,E02001714,14.75,14.81,26.46
E02001800,E02001715,16.53,17.81,30.82
E02001800,E02001718,16.1,16.62,29.53
E02001800,E02001719,13.82,13.71,24.67
E02001800,E02001720,12.95,13.17,23.52
E02001800,E02001721,19.88,20.78,36.51
E02001800,E02001722,17.38,19.36,33.14
E02001800,E02001723,14.53,14.69,26.62
E02001800,E02001724,12.33,12.18,21.99
E02001800,E02001725,13.26,13.87,24.64
E02001800,E02001726,14.46,15.71,27.47
E02001800,E02001727,14.51,14.85,26.46
E02001800,E02001728,17.04,18.29,31.84
E02001800,E02001729,12.48,13.59,23.69
E02001800,E02001730,11.29,11.46,20.57
E02001800,E02001731,11.2,11.99,21.12
E02001800,E02001732,15.47,16.76,29.28
E02001800,E02001733,12.89,13.7,24.36
E02001800,E02001734,13.87,14.96,26.11
E02001800,E02001735,13.41,15.0,26.37
E02001800,E02001736,12.78,13.75,24.08
E02001800,E02001737,14.21,14.87,26.3
E02001800,E02001738,21.13,21.96,38.6
E02001800,E02001739,21.66,22.11,38.98
E02001800,E02001740,20.5,21.11,37.05
E02001800,E02001741,19.48,20.57,35.75
E02001800,E02001742,19.11,19.39,34.28
E02001800,E02001743,19.98,20.07,35.29
E02001800,E02001744,18.51,19.19,33.47
E02001800,E02001745,20.01,21.25,36.86
E02001800,E02001746,18.91,18.87,33.26
E02001800,E02001747,18.52,18.08,32.21
E02001800,E02001748,17.28,16.18,29.32
E02001800,E02001749,19.01,19.25,34.1
E02001800,E02001750,17.68,17.44,30.9
E02001800,E02001751,18.01,18.43,32.52
E02001800,E02001752,16.66,16.1,28.69
E02001800,E02001753,17.52,16.96,30.45
E02001800,E02001754,16.49,15.68,28.15
E02001800,E02001755,17.85,18.89,32.86
E02001800,E02001756,16.36,16.45,29.31
E02001800,E02001757,15.34,14.24,25.84
E02001800,E02001758,15.58,15.26,26.95
E02001800,E02001759,15.51,14.43,26.12
E02001800,E02001760,14.39,13.37,24.19
E02001800,E02001761,16.71,16.01,28.56
E02001800,E02001762,16.7,16.54,29.65
E02001800,E02001763,14.03,13.39,23.94
E02001800,E02001764,14.33,13.6,24.5
E02001800,E02001765,13.96,12.72,23.2
E02001800,E02001766,15.61,14.58,26.29
E02001800,E02001767,15.74,15.39,27.78
E02001800,E02001768,14.22,14.08,24.83
E02001800,E02001769,12.85,12.41,22.13
E02001800,E02001770,13.49,13.88,24.0
E02001800,E02001771,14.91,15.87,27.24
E02001800,E02001772,12.95,13.4,23.18
E02001800,E02001773,13.69,13.83,24.32
E02001800,E02001774,10.19,10.4,18.67
E02001800,E02001775,14.57,14.72,25.78
E02001800,E02001776,9.85,9.78,17.58
E02001800,E02001777,9.16,9.33,16.59
E02001800,E02001778,12.42,12.25,21.58
E02001800,E02001779,10.64,10.15,18.13
E02001800,E02001780,13.76,13.55,23.87
E02001800,E02001781,9.76,9.4,16.74
E02001800,E02001782,7.99,7.9,13.89
E02001800,E02001783,11.38,11.01,19.54
E02001800,E02001784,8.31,7.55,13.78
E02001800,E02001785,15.61,17.58,30.12
E02001800,E02001786,12.62,12.5,21.97
E02001800,E02001787,8.19,8.34,14.48
E02001800,E02001788,9.45,9.05,16.32
E02001800,E02001789,11.58,11.82,21.18
E02001800,E02001790,9.67,9.71,17.64
E02001800,E02001791,11.97,14.48,23.9
E02001800,E02001792,12.32,14.99,24.63
E02001800,E02001793,8.87,11.99,18.74
E02001800,E02001794,9.74,12.59,20.29
E02001800,E02001795,10.77,13.02,21.61
E02001800,E02001796,12.22,14.27,23.83
E02001800,E02001797,2.57,4.66,6.59
E02001800,E02001798,7.66,10.39,16.53
E02001800,E02001799,2.01,2.92,4.42
E02001800,E02001800,1.0,1.46,2.21
E02001800,E02001801,11.65,13.72,23.13
E02001800,E02001802,10.54,12.34,20.64
E02001800,E02001803,11.91,13.48,22.81
E02001800,E02001804,9.75,12.33,20.04
E02001800,E02001805,10.83,12.19,20.7
E02001800,E02001806,13.27,15.3,25.64
E02001800,E02001807,3.35,4.85,7.75
E02001800,E02001808,11.6,13.19,22.39
E02001800,E02001809,2.53,4.87,6.95
E02001800,E02001810,2.87,4.44,6.6
E02001800,E02001811,8.65,9.73,16.61
E02001800,E02001812,12.7,15.07,25.12
E02001800,E02001813,10.41,12.84,21.07
E02001800,E02001814,14.28,16.73,28.04
E02001800,E02001815,4.42,5.74,9.05
E02001800,E02001816,11.52,13.92,22.91
E02001800,E02001817,12.86,16.76,26.41
E02001800,E02001818,15.22,18.76,30.66
E02001800,E02001819,10.72,12.49,20.53
E02001800,E02001820,6.65,7.26,12.25
E02001800,E02001821,13.08,15.45,25.42
E02001800,E02001822,7.9,8.62,14.55
E02001800,E02001823,10.46,12.08,21.36
E02001800,E02001824,11.28,12.85,21.33
E02001800,E02001825,12.96,14.02,23.74
E02001800,E02001826,14.62,15.79,26.8
E02001800,E02006841,8.85,10.04,17.32
E02001800,E02006842,7.83,9.55,15.86
E02001800,E02006893,18.39,19.4,34.15
E02001801,E02001682,28.07,31.87,54.21
E02001801,E02001683,30.53,34.77,58.96
E02001801,E02001684,13.93,16.83,28.79
E02001801,E02001685,25.81,29.12,49.31
E02001801,E02001686,26.26,30.11,50.77
E02001801,E02001688,19.4,23.2,39.82
E02001801,E02001689,17.58,21.46,36.75
E02001801,E02001690,23.33,25.8,43.61
E02001801,E02001691,17.16,21.73,36.73
E02001801,E02001692,15.9,20.85,34.62
E02001801,E02001693,14.53,18.53,31.21
E02001801,E02001694,20.82,23.73,40.22
E02001801,E02001695,12.05,14.71,25.26
E02001801,E02001696,13.1,16.51,27.85
E02001801,E02001697,16.94,20.15,34.11
E02001801,E02001698,23.97,26.82,45.23
E02001801,E02001699,14.78,18.95,31.45
E02001801,E02001700,21.57,23.14,39.84
E02001801,E02001701,17.66,19.49,33.03
E02001801,E02001702,15.71,18.38,30.71
E02001801,E02001703,28.65,31.32,53.86
E02001801,E02001704,16.28,19.47,32.5
E02001801,E02001705,34.18,41.28,68.06
E02001801,E02001706,15.48,16.84,28.73
E02001801,E02001707,14.24,17.98,29.75
E02001801,E02001708,26.38,30.37,51.79
E02001801,E02001709,24.24,27.05,46.75
E02001801,E02001710,24.6,29.24,49.36
E02001801,E02001711,25.91,29.8,51.12
E02001801,E02001712,22.34,25.14,43.6
E02001801,E02001713,22.75,25.36,44.18
E02001801,E02001714,22.41,24.97,43.39
E02001801,E02001715,24.3,27.97,47.74
E02001801,E02001718,24.04,26.78,46.45
E02001801,E02001719,21.14,23.88,41.56
E02001801,E02001720,20.72,23.33,40.44
E02001801,E02001721,28.08,31.8,54.59
E02001801,E02001722,25.37,29.52,50.06
E02001801,E02001723,22.52,24.85,43.55
E02001801,E02001724,20.09,22.34,38.92
E02001801,E02001725,21.03,23.86,41.52
E02001801,E02001726,22.45,25.87,44.4
E02001801,E02001727,18.88,21.45,37.26
E02001801,E02001728,25.5,29.31,50.16
E02001801,E02001729,20.48,23.75,40.62
E02001801,E02001730,19.06,21.62,37.5
E02001801,E02001731,19.19,22.15,38.05
E02001801,E02001732,23.46,26.92,46.21
E02001801,E02001733,20.66,23.86,41.29
E02001801,E02001734,21.87,25.12,43.03
E02001801,E02001735,20.63,23.61,40.76
E02001801,E02001736,20.77,23.91,41.0
E02001801,E02001737,20.8,23.57,40.9
E02001801,E02001738,23.04,27.71,47.43
E02001801,E02001739,25.42,28.68,49.46
E02001801,E02001740,22.42,26.86,45.89
E02001801,E02001741,27.25,30.73,52.68
E02001801,E02001742,21.02,25.14,43.11
E02001801,E02001743,21.89,25.82,44.12
E02001801,E02001744,20.43,24.94,42.3
E02001801,E02001745,24.3,28.55,48.63
E02001801,E02001746,20.83,24.62,42.1
E02001801,E02001747,20.43,23.83,41.05
E02001801,E02001748,19.2,21.93,38.16
E02001801,E02001749,22.13,25.53,43.99
E02001801,E02001750,19.59,23.19,39.73
E02001801,E02001751,22.35,26.29,44.91
E02001801,E02001752,18.57,21.85,37.52
E02001801,E02001753,19.43,22.71,39.28
E02001801,E02001754,18.4,21.44,36.98
E02001801,E02001755,22.53,26.59,45.39
E02001801,E02001756,23.08,26.61,46.13
E02001801,E02001757,17.25,19.99,34.67
E02001801,E02001758,17.49,21.01,35.79
E02001801,E02001759,17.42,20.19,34.95
E02001801,E02001760,16.3,19.12,33.02
E02001801,E02001761,18.62,21.76,37.39
E02001801,E02001762,19.75,22.55,39.05
E02001801,E02001763,15.95,19.14,32.78
E02001801,E02001764,16.25,19.35,33.34
E02001801,E02001765,15.88,18.47,32.04
E02001801,E02001766,17.52,20.34,35.13
E02001801,E02001767,18.36,21.14,36.61
E02001801,E02001768,12.61,14.26,23.85
E02001801,E02001769,11.63,13.41,22.42
E02001801,E02001770,11.38,12.88,21.55
E02001801,E02001771,10.89,13.96,22.59
E02001801,E02001772,10.44,12.41,20.38
E02001801,E02001773,9.94,12.03,19.84
E02001801,E02001774,12.94,16.15,27.51
E02001801,E02001775,10.0,12.81,21.09
E02001801,E02001776,13.83,17.24,29.45
E02001801,E02001777,14.96,18.55,31.46
E02001801,E02001778,11.48,13.85,22.91
E02001801,E02001779,12.16,14.99,24.35
E02001801,E02001780,8.88,10.95,17.61
E02001801,E02001781,11.59,14.41,23.99
E02001801,E02001782,13.52,17.11,28.76
E02001801,E02001783,11.04,13.28,22.08
E02001801,E02001784,11.2,14.61,24.89
E02001801,E02001785,8.31,10.24,16.52
E02001801,E02001786,9.9,12.47,19.89
E02001801,E02001787,10.39,14.25,23.9
E02001801,E02001788,8.54,12.58,20.3
E02001801,E02001789,7.59,9.04,14.85
E02001801,E02001790,8.2,9.49,15.64
E02001801,E02001791,4.43,5.74,9.07
E02001801,E02001792,4.57,6.22,9.8
E02001801,E02001793,5.87,9.55,14.21
E02001801,E02001794,4.11,7.44,10.66
E02001801,E02001795,3.5,5.51,8.31
E02001801,E02001796,3.21,4.7,7.11
E02001801,E02001797,12.48,14.52,24.19
E02001801,E02001798,5.89,9.59,14.27
E02001801,E02001799,10.93,12.53,21.06
E02001801,E02001800,11.65,13.72,23.13
E02001801,E02001801,0.42,0.81,1.13
E02001801,E02001802,1.59,3.17,4.36
E02001801,E02001803,1.5,2.1,3.24
E02001801,E02001804,2.9,5.54,7.94
E02001801,E02001805,1.23,2.25,3.39
E02001801,E02001806,2.83,3.86,5.99
E02001801,E02001807,9.81,11.96,19.71
E02001801,E02001808,0.84,1.62,2.25
E02001801,E02001809,11.05,13.57,22.37
E02001801,E02001810,12.69,14.88,24.67
E02001801,E02001811,3.3,3.99,6.52
E02001801,E02001812,2.41,4.01,5.97
E02001801,E02001813,3.38,4.85,7.71
E02001801,E02001814,3.99,5.29,8.4
E02001801,E02001815,10.45,12.38,20.52
E02001801,E02001816,4.34,6.38,10.11
E02001801,E02001817,4.31,7.73,11.24
E02001801,E02001818,5.56,8.66,13.25
E02001801,E02001819,5.37,8.03,12.89
E02001801,E02001820,8.21,9.47,15.69
E02001801,E02001821,5.94,10.21,15.06
E02001801,E02001822,8.53,10.59,17.31
E02001801,E02001823,11.18,13.68,22.63
E02001801,E02001824,9.89,12.22,20.11
E02001801,E02001825,11.65,13.49,22.71
E02001801,E02001826,13.31,15.27,25.77
E02001801,E02006841,16.69,20.2,34.25
E02001801,E02006842,16.4,20.94,35.65
E02001801,E02006893,26.39,29.57,51.08
E02001802,E02001682,26.96,30.13,51.62
E02001802,E02001683,29.42,33.04,56.36
E02001802,E02001684,12.82,15.09,25.8
E02001802,E02001685,24.7,27.74,46.82
E02001802,E02001686,25.15,28.5,48.28
E02001802,E02001688,18.29,21.82,37.02
E02001802,E02001689,16.47,19.73,33.75
E02001802,E02001690,22.23,24.42,41.12
E02001802,E02001691,16.05,20.35,34.24
E02001802,E02001692,14.79,19.11,31.63
E02001802,E02001693,13.42,16.8,28.22
E02001802,E02001694,19.71,22.35,37.73
E02001802,E02001695,10.94,12.97,22.26
E02001802,E02001696,11.99,14.77,24.85
E02001802,E02001697,15.83,18.77,31.62
E02001802,E02001698,22.86,25.44,42.74
E02001802,E02001699,13.67,17.43,28.96
E02001802,E02001700,20.47,21.76,37.35
E02001802,E02001701,16.56,18.11,30.54
E02001802,E02001702,14.6,17.0,28.22
E02001802,E02001703,27.54,29.94,51.38
E02001802,E02001704,15.17,18.09,30.01
E02001802,E02001705,33.08,39.9,65.57
E02001802,E02001706,14.37,15.46,26.25
E02001802,E02001707,13.19,16.6,27.26
E02001802,E02001708,25.28,28.63,48.79
E02001802,E02001709,23.14,25.32,43.75
E02001802,E02001710,23.49,27.5,46.36
E02001802,E02001711,24.8,28.07,48.12
E02001802,E02001712,21.23,23.4,40.61
E02001802,E02001713,21.64,23.62,41.18
E02001802,E02001714,21.31,23.23,40.39
E02001802,E02001715,23.19,26.24,44.74
E02001802,E02001718,22.93,25.05,43.46
E02001802,E02001719,20.03,22.14,38.56
E02001802,E02001720,19.61,21.6,37.45
E02001802,E02001721,26.97,30.06,51.6
E02001802,E02001722,24.26,27.78,47.07
E02001802,E02001723,21.41,23.11,40.55
E02001802,E02001724,18.99,20.6,35.92
E02001802,E02001725,19.93,22.12,38.52
E02001802,E02001726,21.34,24.14,41.4
E02001802,E02001727,17.78,19.71,34.26
E02001802,E02001728,24.39,27.57,47.17
E02001802,E02001729,19.37,22.01,37.62
E02001802,E02001730,17.95,19.88,34.5
E02001802,E02001731,18.08,20.41,35.05
E02001802,E02001732,22.36,25.19,43.21
E02001802,E02001733,19.55,22.13,38.29
E02001802,E02001734,20.76,23.38,40.03
E02001802,E02001735,19.52,21.88,37.76
E02001802,E02001736,19.67,22.17,38.0
E02001802,E02001737,19.69,21.84,37.9
E02001802,E02001738,21.94,25.98,44.43
E02001802,E02001739,24.32,26.94,46.46
E02001802,E02001740,21.31,25.12,42.89
E02001802,E02001741,26.14,28.99,49.68
E02001802,E02001742,19.91,23.41,40.12
E02001802,E02001743,20.78,24.08,41.12
E02001802,E02001744,19.32,23.21,39.31
E02001802,E02001745,23.2,26.81,45.63
E02001802,E02001746,19.72,22.89,39.1
E02001802,E02001747,19.32,22.09,38.05
E02001802,E02001748,18.09,20.2,35.16
E02001802,E02001749,21.02,23.8,40.99
E02001802,E02001750,18.48,21.45,36.73
E02001802,E02001751,21.25,24.56,41.92
E02001802,E02001752,17.46,20.11,34.52
E02001802,E02001753,18.32,20.97,36.29
E02001802,E02001754,17.29,19.7,33.99
E02001802,E02001755,21.43,24.85,42.39
E02001802,E02001756,21.97,24.88,43.13
E02001802,E02001757,16.14,18.26,31.68
E02001802,E02001758,16.38,19.27,32.79
E02001802,E02001759,16.31,18.45,31.95
E02001802,E02001760,15.19,17.38,30.03
E02001802,E02001761,17.51,20.03,34.4
E02001802,E02001762,18.64,20.81,36.06
E02001802,E02001763,14.84,17.41,29.78
E02001802,E02001764,15.14,17.61,30.34
E02001802,E02001765,14.77,16.74,29.04
E02001802,E02001766,16.41,18.6,32.13
E02001802,E02001767,17.25,19.4,33.61
E02001802,E02001768,13.43,15.97,26.7
E02001802,E02001769,12.44,15.12,25.27
E02001802,E02001770,12.2,14.59,24.4
E02001802,E02001771,11.7,15.67,25.45
E02001802,E02001772,11.26,14.12,23.23
E02001802,E02001773,10.75,13.73,22.7
E02001802,E02001774,11.83,14.42,24.51
E02001802,E02001775,10.81,14.52,23.94
E02001802,E02001776,12.72,15.5,26.45
E02001802,E02001777,13.85,16.81,28.47
E02001802,E02001778,12.02,15.55,25.76
E02001802,E02001779,11.36,14.04,23.78
E02001802,E02001780,9.69,12.66,20.46
E02001802,E02001781,10.48,13.29,22.39
E02001802,E02001782,12.41,15.37,25.77
E02001802,E02001783,10.47,14.91,24.94
E02001802,E02001784,10.1,12.87,21.89
E02001802,E02001785,9.51,12.76,20.51
E02001802,E02001786,10.63,14.18,22.75
E02001802,E02001787,9.29,12.52,20.9
E02001802,E02001788,7.43,11.35,18.47
E02001802,E02001789,8.4,10.75,17.71
E02001802,E02001790,7.43,11.2,17.49
E02001802,E02001791,5.24,7.45,11.92
E02001802,E02001792,5.58,7.93,12.65
E02001802,E02001793,4.77,7.64,11.22
E02001802,E02001794,3.71,5.53,8.31
E02001802,E02001795,4.03,5.95,9.63
E02001802,E02001796,4.79,7.21,11.47
E02001802,E02001797,11.37,13.14,21.7
E02001802,E02001798,4.79,7.68,11.27
E02001802,E02001799,9.82,11.15,18.58
E02001802,E02001800,10.54,12.34,20.64
E02001802,E02001801,1.59,3.17,4.36
E02001802,E02001802,0.52,1.04,1.43
E02001802,E02001803,3.04,4.47,6.85
E02001802,E02001804,1.47,2.93,4.03
E02001802,E02001805,1.04,2.08,2.86
E02001802,E02001806,4.37,6.22,9.61
E02001802,E02001807,8.71,10.58,17.22
E02001802,E02001808,2.1,3.8,5.54
E02001802,E02001809,9.94,12.19,19.88
E02001802,E02001810,11.58,13.5,22.18
E02001802,E02001811,2.25,2.68,4.36
E02001802,E02001812,3.37,5.79,9.02
E02001802,E02001813,2.46,3.68,5.56
E02001802,E02001814,4.95,7.66,12.01
E02001802,E02001815,9.4,11.07,18.36
E02001802,E02001816,3.72,5.21,8.08
E02001802,E02001817,5.21,8.34,12.41
E02001802,E02001818,6.5,9.47,14.65
E02001802,E02001819,4.75,6.86,10.86
E02001802,E02001820,7.16,8.16,13.53
E02001802,E02001821,6.57,9.56,14.71
E02001802,E02001822,7.83,9.28,15.15
E02001802,E02001823,10.56,12.51,20.61
E02001802,E02001824,9.27,11.05,18.09
E02001802,E02001825,11.03,12.32,20.69
E02001802,E02001826,12.7,14.09,23.75
E02001802,E02006841,15.58,18.46,31.25
E02001802,E02006842,15.29,19.55,32.66
E02001802,E02006893,25.28,27.83,48.08
E02001803,E02001682,28.33,31.28,53.78
E02001803,E02001683,30.79,34.18,58.53
E02001803,E02001684,14.19,16.23,27.96
E02001803,E02001685,26.07,28.89,48.99
E02001803,E02001686,26.52,29.65,50.45
E02001803,E02001688,19.65,22.97,39.19
E02001803,E02001689,17.83,20.87,35.92
E02001803,E02001690,23.59,25.56,43.29
E02001803,E02001691,17.42,21.49,36.41
E02001803,E02001692,16.15,20.25,33.79
E02001803,E02001693,14.79,17.94,30.38
E02001803,E02001694,21.08,23.49,39.9
E02001803,E02001695,12.31,14.12,24.43
E02001803,E02001696,13.35,15.92,27.01
E02001803,E02001697,17.19,19.91,33.79
E02001803,E02001698,24.22,26.59,44.9
E02001803,E02001699,15.04,18.57,31.13
E02001803,E02001700,21.83,22.9,39.52
E02001803,E02001701,17.92,19.26,32.71
E02001803,E02001702,15.97,18.14,30.39
E02001803,E02001703,28.9,31.08,53.54
E02001803,E02001704,16.54,19.24,32.18
E02001803,E02001705,34.44,41.05,67.74
E02001803,E02001706,15.73,16.6,28.41
E02001803,E02001707,14.9,17.75,29.43
E02001803,E02001708,26.64,29.78,50.96
E02001803,E02001709,24.5,26.46,45.92
E02001803,E02001710,24.85,28.65,48.53
E02001803,E02001711,26.17,29.21,50.29
E02001803,E02001712,22.59,24.54,42.77
E02001803,E02001713,23.01,24.76,43.35
E02001803,E02001714,22.67,24.38,42.56
E02001803,E02001715,24.55,27.38,46.91
E02001803,E02001718,24.29,26.19,45.62
E02001803,E02001719,21.39,23.23,40.38
E02001803,E02001720,20.97,22.74,39.61
E02001803,E02001721,28.34,31.2,53.76
E02001803,E02001722,25.63,28.92,49.23
E02001803,E02001723,22.78,24.26,42.72
E02001803,E02001724,20.35,21.75,38.09
E02001803,E02001725,21.29,23.05,40.33
E02001803,E02001726,22.71,25.28,43.57
E02001803,E02001727,19.14,20.63,36.07
E02001803,E02001728,25.75,28.72,49.33
E02001803,E02001729,20.73,23.16,39.79
E02001803,E02001730,19.31,21.03,36.66
E02001803,E02001731,19.45,21.55,37.22
E02001803,E02001732,23.72,26.33,45.38
E02001803,E02001733,20.92,23.2,40.43
E02001803,E02001734,22.13,24.53,42.2
E02001803,E02001735,20.89,22.8,39.57
E02001803,E02001736,21.03,23.32,40.17
E02001803,E02001737,21.06,22.76,39.71
E02001803,E02001738,23.3,26.9,46.24
E02001803,E02001739,25.68,27.87,48.27
E02001803,E02001740,22.67,26.04,44.7
E02001803,E02001741,27.51,30.14,51.85
E02001803,E02001742,21.28,24.33,41.93
E02001803,E02001743,22.15,25.0,42.94
E02001803,E02001744,20.68,24.13,41.12
E02001803,E02001745,24.56,27.73,47.45
E02001803,E02001746,21.08,23.81,40.91
E02001803,E02001747,20.69,23.02,39.86
E02001803,E02001748,19.45,21.12,36.97
E02001803,E02001749,22.39,24.72,42.8
E02001803,E02001750,19.85,22.38,38.55
E02001803,E02001751,22.61,25.48,43.73
E02001803,E02001752,18.83,21.03,36.34
E02001803,E02001753,19.69,21.9,38.1
E02001803,E02001754,18.66,20.62,35.8
E02001803,E02001755,22.79,25.77,44.2
E02001803,E02001756,23.34,25.96,44.94
E02001803,E02001757,17.51,19.18,33.49
E02001803,E02001758,17.75,20.2,34.6
E02001803,E02001759,17.68,19.37,33.76
E02001803,E02001760,16.56,18.31,31.84
E02001803,E02001761,18.88,20.95,36.21
E02001803,E02001762,20.01,21.73,37.87
E02001803,E02001763,16.2,18.33,31.59
E02001803,E02001764,16.5,18.53,32.15
E02001803,E02001765,16.13,17.66,30.85
E02001803,E02001766,17.78,19.52,33.94
E02001803,E02001767,18.62,20.32,35.42
E02001803,E02001768,11.98,12.92,22.1
E02001803,E02001769,11.0,12.06,20.67
E02001803,E02001770,10.75,11.54,19.8
E02001803,E02001771,10.26,12.62,20.85
E02001803,E02001772,9.81,11.07,18.63
E02001803,E02001773,9.3,10.68,18.1
E02001803,E02001774,13.19,15.34,26.32
E02001803,E02001775,9.36,11.47,19.34
E02001803,E02001776,14.09,16.43,28.26
E02001803,E02001777,15.21,17.95,30.63
E02001803,E02001778,10.84,12.5,21.16
E02001803,E02001779,11.53,13.64,22.6
E02001803,E02001780,8.25,9.61,15.86
E02001803,E02001781,11.77,13.07,22.24
E02001803,E02001782,13.78,16.52,27.93
E02001803,E02001783,10.4,11.93,20.33
E02001803,E02001784,11.46,13.8,23.71
E02001803,E02001785,7.68,8.9,14.77
E02001803,E02001786,9.26,11.13,18.15
E02001803,E02001787,10.65,13.44,22.71
E02001803,E02001788,8.79,11.23,18.55
E02001803,E02001789,6.96,7.7,13.11
E02001803,E02001790,7.56,8.15,13.89
E02001803,E02001791,3.8,4.4,7.32
E02001803,E02001792,3.93,4.87,8.05
E02001803,E02001793,6.13,8.78,13.38
E02001803,E02001794,4.2,6.67,9.84
E02001803,E02001795,2.99,4.16,6.56
E02001803,E02001796,2.57,3.36,5.36
E02001803,E02001797,12.74,14.28,23.87
E02001803,E02001798,6.15,8.82,13.44
E02001803,E02001799,11.18,12.29,20.74
E02001803,E02001800,11.91,13.48,22.81
E02001803,E02001801,1.5,2.1,3.24
E02001803,E02001802,3.04,4.47,6.85
E02001803,E02001803,0.63,0.88,1.4
E02001803,E02001804,4.34,5.67,9.06
E02001803,E02001805,2.14,2.38,3.99
E02001803,E02001806,1.36,1.82,2.83
E02001803,E02001807,10.07,11.72,19.39
E02001803,E02001808,1.26,1.75,2.81
E02001803,E02001809,11.31,13.34,22.05
E02001803,E02001810,12.94,14.64,24.35
E02001803,E02001811,3.96,4.12,7.1
E02001803,E02001812,1.56,3.07,4.29
E02001803,E02001813,3.46,3.92,6.56
E02001803,E02001814,2.65,3.25,5.24
E02001803,E02001815,11.12,12.52,21.1
E02001803,E02001816,4.42,5.44,8.81
E02001803,E02001817,4.13,6.79,9.94
E02001803,E02001818,4.64,6.61,10.23
E02001803,E02001819,5.45,7.09,11.59
E02001803,E02001820,8.88,9.6,16.26
E02001803,E02001821,5.22,9.27,13.64
E02001803,E02001822,8.61,10.13,16.64
E02001803,E02001823,11.26,12.75,21.33
E02001803,E02001824,9.97,11.29,18.81
E02001803,E02001825,11.73,12.56,21.41
E02001803,E02001826,13.4,14.33,24.47
E02001803,E02006841,16.94,19.61,33.41
E02001803,E02006842,16.66,20.69,34.82
E02001803,E02006893,26.64,28.97,50.25
E02001804,E02001682,27.16,30.48,51.12
E02001804,E02001683,29.62,33.39,55.87
E02001804,E02001684,13.7,15.44,25.73
E02001804,E02001685,24.43,27.74,46.22
E02001804,E02001686,25.06,28.72,47.68
E02001804,E02001688,19.17,21.82,36.73
E02001804,E02001689,17.35,20.08,33.68
E02001804,E02001690,21.46,24.42,40.52
E02001804,E02001691,16.93,20.34,33.64
E02001804,E02001692,15.67,19.46,31.56
E02001804,E02001693,14.3,17.15,28.15
E02001804,E02001694,19.57,22.34,37.13
E02001804,E02001695,11.82,13.32,22.19
E02001804,E02001696,12.87,15.12,24.78
E02001804,E02001697,15.87,18.76,31.02
E02001804,E02001698,22.06,25.44,42.13
E02001804,E02001699,14.26,17.57,28.36
E02001804,E02001700,19.67,21.75,36.75
E02001804,E02001701,15.76,18.11,29.94
E02001804,E02001702,13.81,17.0,27.62
E02001804,E02001703,26.98,29.93,50.77
E02001804,E02001704,14.37,18.09,29.41
E02001804,E02001705,32.28,39.9,64.97
E02001804,E02001706,13.57,15.45,25.64
E02001804,E02001707,12.04,16.6,26.66
E02001804,E02001708,26.16,28.98,48.72
E02001804,E02001709,24.02,25.67,43.68
E02001804,E02001710,24.37,27.85,46.29
E02001804,E02001711,25.68,28.42,48.05
E02001804,E02001712,22.11,23.75,40.54
E02001804,E02001713,22.52,23.97,41.11
E02001804,E02001714,22.29,23.58,40.32
E02001804,E02001715,24.07,26.59,44.68
E02001804,E02001718,23.81,25.4,43.39
E02001804,E02001719,21.09,22.49,38.49
E02001804,E02001720,20.49,21.95,37.38
E02001804,E02001721,27.85,30.41,51.53
E02001804,E02001722,25.15,28.13,47.0
E02001804,E02001723,22.29,23.46,40.48
E02001804,E02001724,19.87,20.95,35.85
E02001804,E02001725,20.81,22.47,38.45
E02001804,E02001726,22.22,24.49,41.33
E02001804,E02001727,18.83,20.06,34.19
E02001804,E02001728,25.27,27.92,47.1
E02001804,E02001729,20.25,22.37,37.55
E02001804,E02001730,18.83,20.23,34.43
E02001804,E02001731,18.96,20.76,34.98
E02001804,E02001732,23.24,25.54,43.14
E02001804,E02001733,20.43,22.48,38.22
E02001804,E02001734,21.64,23.73,39.96
E02001804,E02001735,20.58,22.23,37.69
E02001804,E02001736,20.55,22.53,37.94
E02001804,E02001737,20.75,22.19,37.83
E02001804,E02001738,23.0,26.33,44.36
E02001804,E02001739,25.37,27.3,46.39
E02001804,E02001740,22.37,25.47,42.82
E02001804,E02001741,27.02,29.34,49.61
E02001804,E02001742,20.97,23.76,40.05
E02001804,E02001743,21.84,24.43,41.05
E02001804,E02001744,20.38,23.56,39.24
E02001804,E02001745,24.26,27.16,45.56
E02001804,E02001746,20.78,23.24,39.03
E02001804,E02001747,20.38,22.44,37.98
E02001804,E02001748,19.15,20.55,35.09
E02001804,E02001749,22.08,24.15,40.92
E02001804,E02001750,19.54,21.81,36.66
E02001804,E02001751,22.31,24.91,41.85
E02001804,E02001752,18.52,20.46,34.46
E02001804,E02001753,19.38,21.32,36.22
E02001804,E02001754,18.35,20.05,33.92
E02001804,E02001755,22.48,25.2,42.32
E02001804,E02001756,23.03,25.23,43.06
E02001804,E02001757,17.2,18.61,31.61
E02001804,E02001758,17.44,19.63,32.72
E02001804,E02001759,17.37,18.8,31.88
E02001804,E02001760,16.25,17.73,29.96
E02001804,E02001761,18.57,20.38,34.33
E02001804,E02001762,19.7,21.16,35.99
E02001804,E02001763,15.9,17.76,29.71
E02001804,E02001764,16.2,17.96,30.27
E02001804,E02001765,15.83,17.09,28.97
E02001804,E02001766,17.47,18.95,32.06
E02001804,E02001767,18.31,19.75,33.54
E02001804,E02001768,14.84,18.13,30.39
E02001804,E02001769,13.86,16.65,27.72
E02001804,E02001770,13.61,16.74,28.09
E02001804,E02001771,13.12,17.82,29.14
E02001804,E02001772,12.68,16.28,26.92
E02001804,E02001773,12.17,15.89,26.39
E02001804,E02001774,12.89,14.77,24.44
E02001804,E02001775,12.23,16.68,27.63
E02001804,E02001776,13.94,15.85,26.38
E02001804,E02001777,14.83,17.16,28.4
E02001804,E02001778,13.24,16.5,27.17
E02001804,E02001779,12.42,14.39,23.71
E02001804,E02001780,11.11,14.81,24.15
E02001804,E02001781,11.54,13.64,22.32
E02001804,E02001782,13.29,15.73,25.7
E02001804,E02001783,11.69,15.26,25.13
E02001804,E02001784,11.32,13.22,21.82
E02001804,E02001785,10.93,14.1,23.1
E02001804,E02001786,11.85,16.34,26.44
E02001804,E02001787,10.51,12.87,20.83
E02001804,E02001788,8.65,11.7,18.95
E02001804,E02001789,9.82,12.91,21.4
E02001804,E02001790,8.65,12.35,20.27
E02001804,E02001791,6.66,9.61,15.61
E02001804,E02001792,7.0,10.08,16.34
E02001804,E02001793,5.99,10.35,14.9
E02001804,E02001794,4.93,8.24,12.0
E02001804,E02001795,5.45,8.66,13.32
E02001804,E02001796,6.11,8.57,13.69
E02001804,E02001797,10.58,13.13,21.1
E02001804,E02001798,6.01,9.17,13.76
E02001804,E02001799,9.02,11.14,17.97
E02001804,E02001800,9.75,12.33,20.04
E02001804,E02001801,2.9,5.54,7.94
E02001804,E02001802,1.47,2.93,4.03
E02001804,E02001803,4.34,5.67,9.06
E02001804,E02001804,0.73,1.35,1.93
E02001804,E02001805,2.34,4.0,6.06
E02001804,E02001806,5.66,7.43,11.82
E02001804,E02001807,7.91,10.58,16.62
E02001804,E02001808,3.39,5.01,7.75
E02001804,E02001809,9.14,12.19,19.28
E02001804,E02001810,10.52,13.5,21.58
E02001804,E02001811,1.56,2.69,3.86
E02001804,E02001812,4.57,6.89,10.48
E02001804,E02001813,2.35,4.66,6.42
E02001804,E02001814,6.15,8.86,13.77
E02001804,E02001815,8.25,11.0,17.43
E02001804,E02001816,3.62,6.31,9.45
E02001804,E02001817,5.2,9.45,13.78
E02001804,E02001818,7.22,10.58,16.02
E02001804,E02001819,4.65,7.96,12.23
E02001804,E02001820,6.01,8.09,12.6
E02001804,E02001821,6.47,10.29,16.08
E02001804,E02001822,6.68,9.21,14.22
E02001804,E02001823,9.83,12.44,19.98
E02001804,E02001824,8.65,10.98,17.46
E02001804,E02001825,10.41,12.25,20.06
E02001804,E02001826,12.08,14.02,23.12
E02001804,E02006841,16.46,18.81,31.18
E02001804,E02006842,16.17,19.56,32.59
E02001804,E02006893,26.16,28.18,48.01
E02001805,E02001682,27.87,30.33,51.78
E02001805,E02001683,30.33,33.24,56.53
E02001805,E02001684,13.73,15.29,26.39
E02001805,E02001685,25.51,27.59,46.88
E02001805,E02001686,26.06,28.58,48.34
E02001805,E02001688,19.2,21.67,37.39
E02001805,E02001689,17.38,19.93,34.35
E02001805,E02001690,22.54,24.27,41.18
E02001805,E02001691,16.96,20.19,34.3
E02001805,E02001692,15.7,19.31,32.22
E02001805,E02001693,14.33,17.0,28.81
E02001805,E02001694,20.62,22.19,37.79
E02001805,E02001695,11.85,13.18,22.86
E02001805,E02001696,12.9,14.98,25.44
E02001805,E02001697,16.74,18.61,31.68
E02001805,E02001698,23.15,25.29,42.8
E02001805,E02001699,14.58,17.42,29.02
E02001805,E02001700,20.75,21.6,37.42
E02001805,E02001701,16.84,17.96,30.6
E02001805,E02001702,14.89,16.85,28.28
E02001805,E02001703,28.06,29.78,51.44
E02001805,E02001704,15.46,17.94,30.08
E02001805,E02001705,33.36,39.75,65.63
E02001805,E02001706,14.66,15.3,26.31
E02001805,E02001707,13.12,16.45,27.32
E02001805,E02001708,26.18,28.84,49.39
E02001805,E02001709,24.04,25.52,44.34
E02001805,E02001710,24.4,27.7,46.96
E02001805,E02001711,25.71,28.27,48.72
E02001805,E02001712,22.14,23.6,41.2
E02001805,E02001713,22.55,23.82,41.77
E02001805,E02001714,22.21,23.43,40.98
E02001805,E02001715,24.1,26.44,45.34
E02001805,E02001718,23.84,25.25,44.05
E02001805,E02001719,20.94,22.34,39.16
E02001805,E02001720,20.52,21.8,38.04
E02001805,E02001721,27.88,30.26,52.19
E02001805,E02001722,25.17,27.98,47.66
E02001805,E02001723,22.32,23.32,41.15
E02001805,E02001724,19.89,20.8,36.52
E02001805,E02001725,20.83,22.33,39.11
E02001805,E02001726,22.25,24.34,42.0
E02001805,E02001727,18.68,19.91,34.86
E02001805,E02001728,25.3,27.78,47.76
E02001805,E02001729,20.28,22.22,38.22
E02001805,E02001730,18.86,20.08,35.09
E02001805,E02001731,18.99,20.61,35.65
E02001805,E02001732,23.26,25.39,43.81
E02001805,E02001733,20.46,22.33,38.88
E02001805,E02001734,21.67,23.58,40.63
E02001805,E02001735,20.43,22.08,38.36
E02001805,E02001736,20.57,22.38,38.6
E02001805,E02001737,20.6,22.04,38.5
E02001805,E02001738,22.84,26.18,45.03
E02001805,E02001739,25.22,27.15,47.06
E02001805,E02001740,22.22,25.32,43.48
E02001805,E02001741,27.05,29.19,50.27
E02001805,E02001742,20.82,23.61,40.71
E02001805,E02001743,21.69,24.28,41.72
E02001805,E02001744,20.23,23.41,39.9
E02001805,E02001745,24.1,27.01,46.23
E02001805,E02001746,20.63,23.09,39.69
E02001805,E02001747,20.23,22.29,38.64
E02001805,E02001748,19.0,20.4,35.75
E02001805,E02001749,21.93,24.0,41.59
E02001805,E02001750,19.39,21.66,37.33
E02001805,E02001751,22.15,24.76,42.51
E02001805,E02001752,18.37,20.31,35.12
E02001805,E02001753,19.23,21.18,36.88
E02001805,E02001754,18.2,19.9,34.58
E02001805,E02001755,22.33,25.05,42.99
E02001805,E02001756,22.88,25.08,43.73
E02001805,E02001757,17.05,18.46,32.27
E02001805,E02001758,17.29,19.48,33.38
E02001805,E02001759,17.22,18.65,32.54
E02001805,E02001760,16.1,17.59,30.62
E02001805,E02001761,18.42,20.23,34.99
E02001805,E02001762,19.55,21.01,36.65
E02001805,E02001763,15.75,17.61,30.37
E02001805,E02001764,16.05,17.81,30.93
E02001805,E02001765,15.68,16.94,29.63
E02001805,E02001766,17.32,18.8,32.72
E02001805,E02001767,18.16,19.6,34.21
E02001805,E02001768,13.73,14.84,25.36
E02001805,E02001769,12.75,13.98,23.93
E02001805,E02001770,12.5,13.46,23.06
E02001805,E02001771,12.0,14.54,24.1
E02001805,E02001772,11.56,12.99,21.89
E02001805,E02001773,11.05,12.6,21.36
E02001805,E02001774,12.74,14.62,25.1
E02001805,E02001775,11.11,13.39,22.6
E02001805,E02001776,13.63,15.7,27.04
E02001805,E02001777,14.76,17.01,29.06
E02001805,E02001778,12.59,14.42,24.42
E02001805,E02001779,12.27,14.24,24.37
E02001805,E02001780,10.0,11.53,19.12
E02001805,E02001781,11.39,13.49,22.98
E02001805,E02001782,13.32,15.58,26.36
E02001805,E02001783,11.38,13.85,23.59
E02001805,E02001784,11.0,13.07,22.49
E02001805,E02001785,9.54,10.82,18.03
E02001805,E02001786,11.01,13.05,21.4
E02001805,E02001787,10.19,12.72,21.5
E02001805,E02001788,8.34,11.55,19.62
E02001805,E02001789,8.71,9.62,16.36
E02001805,E02001790,8.34,10.07,17.15
E02001805,E02001791,5.55,6.32,10.58
E02001805,E02001792,5.8,6.8,11.31
E02001805,E02001793,5.68,9.72,14.04
E02001805,E02001794,4.62,7.61,11.14
E02001805,E02001795,4.34,6.08,9.82
E02001805,E02001796,4.44,5.28,8.62
E02001805,E02001797,11.66,12.99,21.76
E02001805,E02001798,5.69,9.02,14.1
E02001805,E02001799,10.11,10.99,18.64
E02001805,E02001800,10.83,12.19,20.7
E02001805,E02001801,1.23,2.25,3.39
E02001805,E02001802,1.04,2.08,2.86
E02001805,E02001803,2.14,2.38,3.99
E02001805,E02001804,2.34,4.0,6.06
E02001805,E02001805,0.52,0.86,1.34
E02001805,E02001806,3.47,4.14,6.74
E02001805,E02001807,8.99,10.43,17.28
E02001805,E02001808,1.13,1.72,2.68
E02001805,E02001809,10.23,12.04,19.94
E02001805,E02001810,11.6,13.35,22.25
E02001805,E02001811,2.18,2.46,4.09
E02001805,E02001812,2.39,4.29,6.16
E02001805,E02001813,2.26,3.46,5.29
E02001805,E02001814,3.97,5.57,9.15
E02001805,E02001815,9.34,10.85,18.09
E02001805,E02001816,3.22,4.98,7.77
E02001805,E02001817,4.18,7.92,11.05
E02001805,E02001818,5.52,8.94,13.17
E02001805,E02001819,4.26,6.64,10.55
E02001805,E02001820,7.1,7.94,13.26
E02001805,E02001821,5.81,9.34,14.4
E02001805,E02001822,7.42,9.06,14.88
E02001805,E02001823,10.07,12.29,20.3
E02001805,E02001824,8.77,10.83,17.78
E02001805,E02001825,10.54,12.1,20.37
E02001805,E02001826,12.2,13.87,23.43
E02001805,E02006841,16.49,18.67,31.84
E02001805,E02006842,16.2,19.41,33.25
E02001805,E02006893,26.19,28.03,48.68
E02001806,E02001682,29.69,32.82,55.73
E02001806,E02001683,32.14,35.72,60.48
E02001806,E02001684,15.54,17.78,29.91
E02001806,E02001685,27.42,30.7,51.82
E02001806,E02001686,27.88,31.19,52.74
E02001806,E02001688,21.01,24.61,41.14
E02001806,E02001689,19.19,22.42,37.87
E02001806,E02001690,24.95,27.38,46.12
E02001806,E02001691,18.77,23.31,38.77
E02001806,E02001692,17.51,21.8,35.74
E02001806,E02001693,16.15,19.49,32.33
E02001806,E02001694,22.43,25.31,42.73
E02001806,E02001695,13.66,15.66,26.38
E02001806,E02001696,14.71,17.46,28.96
E02001806,E02001697,18.55,21.73,36.62
E02001806,E02001698,25.58,28.4,47.74
E02001806,E02001699,16.39,20.12,33.22
E02001806,E02001700,23.19,24.72,42.35
E02001806,E02001701,19.28,21.08,35.54
E02001806,E02001702,17.32,19.96,33.22
E02001806,E02001703,30.26,32.9,56.38
E02001806,E02001704,17.89,21.05,35.02
E02001806,E02001705,35.8,42.86,70.57
E02001806,E02001706,17.09,18.42,31.25
E02001806,E02001707,16.23,19.56,32.26
E02001806,E02001708,28.0,31.32,52.91
E02001806,E02001709,25.86,28.0,47.86
E02001806,E02001710,26.21,30.19,50.48
E02001806,E02001711,27.52,30.76,52.23
E02001806,E02001712,23.95,26.09,44.72
E02001806,E02001713,24.36,26.31,45.29
E02001806,E02001714,24.03,25.92,44.5
E02001806,E02001715,25.91,28.93,48.86
E02001806,E02001718,25.65,27.74,47.57
E02001806,E02001719,22.75,24.72,42.28
E02001806,E02001720,22.33,24.28,41.56
E02001806,E02001721,29.69,32.75,55.71
E02001806,E02001722,26.99,30.47,51.18
E02001806,E02001723,24.14,25.8,44.67
E02001806,E02001724,21.71,23.29,40.04
E02001806,E02001725,22.65,24.54,42.23
E02001806,E02001726,24.07,26.83,45.52
E02001806,E02001727,20.5,22.13,37.98
E02001806,E02001728,27.11,30.26,51.28
E02001806,E02001729,22.09,24.7,41.74
E02001806,E02001730,20.67,22.57,38.61
E02001806,E02001731,20.81,23.1,39.17
E02001806,E02001732,25.08,27.88,47.33
E02001806,E02001733,22.27,24.69,42.33
E02001806,E02001734,23.48,26.07,44.15
E02001806,E02001735,22.25,24.3,41.48
E02001806,E02001736,22.39,24.86,42.12
E02001806,E02001737,22.42,24.25,41.62
E02001806,E02001738,24.66,28.4,48.15
E02001806,E02001739,27.04,29.36,50.18
E02001806,E02001740,24.03,27.54,46.6
E02001806,E02001741,28.86,31.68,53.79
E02001806,E02001742,22.64,25.82,43.83
E02001806,E02001743,23.5,26.5,44.84
E02001806,E02001744,22.04,25.62,43.02
E02001806,E02001745,25.92,29.23,49.35
E02001806,E02001746,22.44,25.3,42.82
E02001806,E02001747,22.05,24.51,41.76
E02001806,E02001748,20.81,22.61,38.87
E02001806,E02001749,23.74,26.22,44.71
E02001806,E02001750,21.2,23.87,40.45
E02001806,E02001751,23.97,26.97,45.63
E02001806,E02001752,20.19,22.53,38.24
E02001806,E02001753,21.04,23.39,40.0
E02001806,E02001754,20.01,22.12,37.7
E02001806,E02001755,24.15,27.27,46.11
E02001806,E02001756,24.7,27.45,46.85
E02001806,E02001757,18.86,20.67,35.39
E02001806,E02001758,19.1,21.69,36.51
E02001806,E02001759,19.03,20.87,35.67
E02001806,E02001760,17.92,19.8,33.74
E02001806,E02001761,20.23,22.44,38.11
E02001806,E02001762,21.36,23.23,39.77
E02001806,E02001763,17.56,19.82,33.5
E02001806,E02001764,17.86,20.03,34.06
E02001806,E02001765,17.49,19.15,32.75
E02001806,E02001766,19.13,21.02,35.85
E02001806,E02001767,19.97,21.82,37.33
E02001806,E02001768,12.59,14.41,24.01
E02001806,E02001769,11.6,13.56,22.58
E02001806,E02001770,11.36,13.03,21.7
E02001806,E02001771,10.86,14.11,22.75
E02001806,E02001772,10.42,12.56,20.54
E02001806,E02001773,9.91,12.18,20.0
E02001806,E02001774,14.55,16.83,28.23
E02001806,E02001775,9.97,12.96,21.24
E02001806,E02001776,15.44,17.92,30.17
E02001806,E02001777,16.57,19.45,32.58
E02001806,E02001778,11.45,14.0,23.07
E02001806,E02001779,12.13,15.13,24.51
E02001806,E02001780,8.85,11.1,17.77
E02001806,E02001781,12.38,14.56,24.15
E02001806,E02001782,15.13,18.06,29.88
E02001806,E02001783,11.01,13.42,22.24
E02001806,E02001784,12.82,15.29,25.61
E02001806,E02001785,8.28,10.39,16.68
E02001806,E02001786,9.87,12.62,20.05
E02001806,E02001787,12.01,14.94,24.62
E02001806,E02001788,10.15,12.73,20.46
E02001806,E02001789,7.56,9.19,15.01
E02001806,E02001790,8.17,9.64,15.8
E02001806,E02001791,4.4,5.89,9.23
E02001806,E02001792,4.54,6.37,9.96
E02001806,E02001793,7.49,10.6,16.22
E02001806,E02001794,5.43,8.49,12.61
E02001806,E02001795,3.6,5.65,8.47
E02001806,E02001796,3.18,4.85,7.27
E02001806,E02001797,14.09,16.1,26.7
E02001806,E02001798,7.51,10.64,16.27
E02001806,E02001799,12.54,14.11,23.58
E02001806,E02001800,13.27,15.3,25.64
E02001806,E02001801,2.83,3.86,5.99
E02001806,E02001802,4.37,6.22,9.61
E02001806,E02001803,1.36,1.82,2.83
E02001806,E02001804,5.66,7.43,11.82
E02001806,E02001805,3.47,4.14,6.74
E02001806,E02001806,0.68,0.91,1.42
E02001806,E02001807,11.43,13.54,22.22
E02001806,E02001808,2.59,3.51,5.56
E02001806,E02001809,12.66,15.16,24.88
E02001806,E02001810,14.3,16.46,27.19
E02001806,E02001811,5.29,5.88,9.85
E02001806,E02001812,1.84,3.59,4.97
E02001806,E02001813,4.22,5.67,9.17
E02001806,E02001814,1.91,3.17,4.66
E02001806,E02001815,12.45,14.28,23.85
E02001806,E02001816,5.18,7.2,11.41
E02001806,E02001817,4.58,8.55,12.45
E02001806,E02001818,4.06,6.1,9.15
E02001806,E02001819,6.21,8.85,14.19
E02001806,E02001820,10.08,11.36,19.02
E02001806,E02001821,5.51,9.95,14.32
E02001806,E02001822,9.38,11.89,19.25
E02001806,E02001823,12.02,14.5,23.94
E02001806,E02001824,10.73,13.04,21.42
E02001806,E02001825,12.5,14.31,24.01
E02001806,E02001826,13.78,16.09,27.07
E02001806,E02006841,18.3,21.15,35.36
E02001806,E02006842,18.02,22.24,36.77
E02001806,E02006893,28.0,30.52,52.2
E02001807,E02001682,20.77,23.03,38.84
E02001807,E02001683,23.23,25.94,43.58
E02001807,E02001684,8.03,9.15,15.18
E02001807,E02001685,18.03,20.25,33.93
E02001807,E02001686,18.66,21.24,35.39
E02001807,E02001688,13.34,14.33,24.44
E02001807,E02001689,11.51,13.78,23.06
E02001807,E02001690,15.06,16.93,28.23
E02001807,E02001691,11.03,12.86,21.36
E02001807,E02001692,9.69,12.57,20.21
E02001807,E02001693,8.56,10.85,17.6
E02001807,E02001694,13.18,14.86,24.84
E02001807,E02001695,6.54,7.42,12.33
E02001807,E02001696,6.92,8.55,13.74
E02001807,E02001697,9.47,11.28,18.74
E02001807,E02001698,15.67,17.95,29.85
E02001807,E02001699,7.96,10.33,16.45
E02001807,E02001700,13.27,14.27,24.47
E02001807,E02001701,9.36,10.62,17.65
E02001807,E02001702,7.49,9.51,15.33
E02001807,E02001703,20.58,22.45,38.49
E02001807,E02001704,7.98,10.6,17.13
E02001807,E02001705,25.88,32.41,52.68
E02001807,E02001706,7.18,7.97,13.36
E02001807,E02001707,6.55,9.11,14.37
E02001807,E02001708,20.49,22.69,38.18
E02001807,E02001709,18.35,19.37,33.13
E02001807,E02001710,18.7,21.56,35.75
E02001807,E02001711,20.01,22.12,37.5
E02001807,E02001712,16.44,17.46,29.99
E02001807,E02001713,16.85,17.68,30.56
E02001807,E02001714,16.62,17.29,29.77
E02001807,E02001715,18.4,20.29,34.13
E02001807,E02001718,18.14,19.1,32.84
E02001807,E02001719,15.69,16.2,27.98
E02001807,E02001720,14.82,15.65,26.83
E02001807,E02001721,21.95,23.3,40.03
E02001807,E02001722,19.48,21.84,36.45
E02001807,E02001723,16.62,17.17,29.93
E02001807,E02001724,14.2,14.66,25.31
E02001807,E02001725,15.14,16.35,27.95
E02001807,E02001726,16.56,18.19,30.79
E02001807,E02001727,16.38,17.33,29.78
E02001807,E02001728,19.11,20.82,35.36
E02001807,E02001729,14.58,16.07,27.0
E02001807,E02001730,13.16,13.94,23.88
E02001807,E02001731,13.29,14.47,24.44
E02001807,E02001732,17.57,19.24,32.59
E02001807,E02001733,14.76,16.18,27.67
E02001807,E02001734,15.97,17.44,29.42
E02001807,E02001735,15.28,17.49,29.69
E02001807,E02001736,14.88,16.23,27.39
E02001807,E02001737,16.08,17.35,29.61
E02001807,E02001738,21.44,24.26,41.6
E02001807,E02001739,23.53,24.59,42.29
E02001807,E02001740,20.81,23.4,40.05
E02001807,E02001741,21.35,23.05,39.06
E02001807,E02001742,19.42,21.69,37.28
E02001807,E02001743,20.29,22.36,38.29
E02001807,E02001744,18.82,21.49,36.47
E02001807,E02001745,21.88,23.73,40.18
E02001807,E02001746,19.22,21.16,36.27
E02001807,E02001747,18.83,20.37,35.21
E02001807,E02001748,17.59,18.48,32.32
E02001807,E02001749,20.53,21.74,37.41
E02001807,E02001750,17.99,19.73,33.9
E02001807,E02001751,19.88,20.91,35.84
E02001807,E02001752,16.97,18.39,31.69
E02001807,E02001753,17.82,19.25,33.45
E02001807,E02001754,16.79,17.98,31.15
E02001807,E02001755,19.73,21.37,36.18
E02001807,E02001756,18.23,18.93,32.62
E02001807,E02001757,15.65,16.53,28.84
E02001807,E02001758,15.88,17.55,29.96
E02001807,E02001759,15.82,16.73,29.12
E02001807,E02001760,14.7,15.66,27.19
E02001807,E02001761,17.01,18.3,31.56
E02001807,E02001762,18.15,19.02,32.96
E02001807,E02001763,14.34,15.68,26.95
E02001807,E02001764,14.64,15.89,27.51
E02001807,E02001765,14.27,15.01,26.21
E02001807,E02001766,15.92,16.88,29.3
E02001807,E02001767,16.75,17.68,30.78
E02001807,E02001768,14.44,16.38,27.83
E02001807,E02001769,13.08,14.7,25.13
E02001807,E02001770,13.71,16.17,27.0
E02001807,E02001771,15.13,18.16,30.25
E02001807,E02001772,13.17,15.7,26.18
E02001807,E02001773,13.91,16.13,27.32
E02001807,E02001774,11.14,12.69,21.68
E02001807,E02001775,14.42,17.01,28.78
E02001807,E02001776,10.79,12.07,20.58
E02001807,E02001777,10.27,11.63,19.59
E02001807,E02001778,12.64,14.54,24.58
E02001807,E02001779,10.86,12.44,21.13
E02001807,E02001780,13.21,15.84,26.87
E02001807,E02001781,9.98,11.69,19.74
E02001807,E02001782,8.94,10.19,16.89
E02001807,E02001783,11.47,13.3,22.54
E02001807,E02001784,9.25,9.84,16.78
E02001807,E02001785,14.36,18.07,29.07
E02001807,E02001786,11.62,14.8,24.97
E02001807,E02001787,9.06,10.63,17.48
E02001807,E02001788,8.21,10.15,16.83
E02001807,E02001789,10.34,12.92,21.69
E02001807,E02001790,8.43,10.81,18.14
E02001807,E02001791,10.14,12.76,20.48
E02001807,E02001792,10.48,13.24,21.22
E02001807,E02001793,7.03,10.7,16.17
E02001807,E02001794,7.9,10.84,16.87
E02001807,E02001795,8.93,11.26,18.19
E02001807,E02001796,10.38,12.51,20.41
E02001807,E02001797,4.33,5.9,9.19
E02001807,E02001798,5.82,8.63,13.11
E02001807,E02001799,2.75,3.9,6.07
E02001807,E02001800,3.35,4.85,7.75
E02001807,E02001801,9.81,11.96,19.71
E02001807,E02001802,8.71,10.58,17.22
E02001807,E02001803,10.07,11.72,19.39
E02001807,E02001804,7.91,10.58,16.62
E02001807,E02001805,8.99,10.43,17.28
E02001807,E02001806,11.43,13.54,22.22
E02001807,E02001807,0.77,1.54,2.12
E02001807,E02001808,9.76,11.43,18.97
E02001807,E02001809,1.54,3.08,4.24
E02001807,E02001810,3.58,5.95,9.16
E02001807,E02001811,6.81,7.97,13.19
E02001807,E02001812,10.86,13.31,21.7
E02001807,E02001813,8.57,11.08,17.65
E02001807,E02001814,12.44,14.97,24.63
E02001807,E02001815,3.9,5.58,8.65
E02001807,E02001816,9.68,12.73,20.67
E02001807,E02001817,11.32,15.75,25.01
E02001807,E02001818,13.45,17.0,27.25
E02001807,E02001819,9.52,12.16,19.93
E02001807,E02001820,5.68,7.11,11.85
E02001807,E02001821,11.89,13.91,22.98
E02001807,E02001822,6.93,8.47,14.15
E02001807,E02001823,9.49,12.94,20.96
E02001807,E02001824,10.31,12.69,20.93
E02001807,E02001825,11.99,13.86,23.34
E02001807,E02001826,13.65,15.64,26.4
E02001807,E02006841,10.76,12.52,20.63
E02001807,E02006842,10.39,12.07,20.4
E02001807,E02006893,20.49,21.89,37.47
E02001808,E02001682,28.78,31.34,53.47
E02001808,E02001683,31.24,34.24,58.22
E02001808,E02001684,14.64,16.3,28.08
E02001808,E02001685,26.28,28.59,48.57
E02001808,E02001686,26.91,29.58,50.03
E02001808,E02001688,20.11,22.68,39.08
E02001808,E02001689,18.29,20.94,36.04
E02001808,E02001690,23.31,25.27,42.87
E02001808,E02001691,17.87,21.2,36.0
E02001808,E02001692,16.61,20.32,33.91
E02001808,E02001693,15.24,18.01,30.5
E02001808,E02001694,21.43,23.2,39.48
E02001808,E02001695,12.76,14.18,24.55
E02001808,E02001696,13.81,15.98,27.13
E02001808,E02001697,17.65,19.62,33.38
E02001808,E02001698,23.92,26.3,44.49
E02001808,E02001699,15.49,18.43,30.71
E02001808,E02001700,21.52,22.61,39.11
E02001808,E02001701,17.61,18.97,32.29
E02001808,E02001702,15.66,17.85,29.97
E02001808,E02001703,28.83,30.79,53.13
E02001808,E02001704,16.23,18.95,31.77
E02001808,E02001705,34.13,40.76,67.32
E02001808,E02001706,15.42,16.31,28.0
E02001808,E02001707,13.89,17.46,29.01
E02001808,E02001708,27.09,29.84,51.08
E02001808,E02001709,24.95,26.52,46.03
E02001808,E02001710,25.31,28.71,48.65
E02001808,E02001711,26.62,29.28,50.41
E02001808,E02001712,23.05,24.61,42.89
E02001808,E02001713,23.46,24.83,43.47
E02001808,E02001714,23.12,24.44,42.67
E02001808,E02001715,25.01,27.45,47.03
E02001808,E02001718,24.75,26.26,45.74
E02001808,E02001719,21.85,23.35,40.85
E02001808,E02001720,21.43,22.8,39.73
E02001808,E02001721,28.79,31.27,53.88
E02001808,E02001722,26.08,28.99,49.35
E02001808,E02001723,23.23,24.32,42.84
E02001808,E02001724,20.81,21.81,38.21
E02001808,E02001725,21.74,23.33,40.8
E02001808,E02001726,23.16,25.35,43.69
E02001808,E02001727,19.59,20.92,36.55
E02001808,E02001728,26.21,28.78,49.45
E02001808,E02001729,21.19,23.22,39.91
E02001808,E02001730,19.77,21.09,36.78
E02001808,E02001731,19.9,21.62,37.34
E02001808,E02001732,24.18,26.4,45.5
E02001808,E02001733,21.37,23.34,40.57
E02001808,E02001734,22.58,24.59,42.32
E02001808,E02001735,21.34,23.09,40.05
E02001808,E02001736,21.49,23.38,40.29
E02001808,E02001737,21.51,23.05,40.19
E02001808,E02001738,23.76,27.19,46.72
E02001808,E02001739,26.13,28.15,48.75
E02001808,E02001740,23.13,26.33,45.17
E02001808,E02001741,27.96,30.2,51.96
E02001808,E02001742,21.73,24.62,42.4
E02001808,E02001743,22.6,25.29,43.41
E02001808,E02001744,21.14,24.42,41.59
E02001808,E02001745,25.02,28.02,47.92
E02001808,E02001746,21.54,24.09,41.38
E02001808,E02001747,21.14,23.3,40.33
E02001808,E02001748,19.91,21.41,37.44
E02001808,E02001749,22.84,25.01,43.28
E02001808,E02001750,20.3,22.66,39.02
E02001808,E02001751,23.07,25.77,44.2
E02001808,E02001752,19.28,21.32,36.81
E02001808,E02001753,20.14,22.18,38.57
E02001808,E02001754,19.11,20.91,36.27
E02001808,E02001755,23.24,26.06,44.68
E02001808,E02001756,23.79,26.09,45.42
E02001808,E02001757,17.96,19.47,33.96
E02001808,E02001758,18.2,20.48,35.07
E02001808,E02001759,18.13,19.66,34.24
E02001808,E02001760,17.01,18.59,32.31
E02001808,E02001761,19.33,21.24,36.68
E02001808,E02001762,20.46,22.02,38.34
E02001808,E02001763,16.66,18.61,32.06
E02001808,E02001764,16.96,18.82,32.62
E02001808,E02001765,16.59,17.94,31.32
E02001808,E02001766,18.23,19.81,34.41
E02001808,E02001767,19.07,20.61,35.9
E02001808,E02001768,13.12,14.21,24.19
E02001808,E02001769,12.14,13.35,22.76
E02001808,E02001770,11.89,12.83,21.88
E02001808,E02001771,11.39,13.91,22.93
E02001808,E02001772,10.95,12.36,20.72
E02001808,E02001773,10.44,11.97,20.18
E02001808,E02001774,13.65,15.62,26.79
E02001808,E02001775,10.5,12.76,21.42
E02001808,E02001776,14.54,16.71,28.74
E02001808,E02001777,15.67,18.02,30.75
E02001808,E02001778,11.98,13.79,23.25
E02001808,E02001779,12.66,14.93,24.69
E02001808,E02001780,9.38,10.9,17.95
E02001808,E02001781,12.3,14.36,24.33
E02001808,E02001782,14.23,16.58,28.05
E02001808,E02001783,11.54,13.22,22.42
E02001808,E02001784,11.92,14.08,24.18
E02001808,E02001785,8.81,10.19,16.85
E02001808,E02001786,10.4,12.42,20.23
E02001808,E02001787,11.11,13.73,23.19
E02001808,E02001788,9.25,12.52,20.64
E02001808,E02001789,8.1,8.99,15.19
E02001808,E02001790,8.7,9.44,15.98
E02001808,E02001791,4.94,5.69,9.4
E02001808,E02001792,5.07,6.16,10.14
E02001808,E02001793,6.59,10.07,15.47
E02001808,E02001794,4.94,7.96,11.92
E02001808,E02001795,4.13,5.45,8.65
E02001808,E02001796,3.71,4.65,7.44
E02001808,E02001797,12.43,13.99,23.45
E02001808,E02001798,6.61,10.03,15.52
E02001808,E02001799,10.87,12.0,20.33
E02001808,E02001800,11.6,13.19,22.39
E02001808,E02001801,0.84,1.62,2.25
E02001808,E02001802,2.1,3.81,5.54
E02001808,E02001803,1.26,1.75,2.81
E02001808,E02001804,3.39,5.01,7.75
E02001808,E02001805,1.13,1.72,2.68
E02001808,E02001806,2.59,3.51,5.56
E02001808,E02001807,9.76,11.43,18.97
E02001808,E02001808,0.42,0.81,1.13
E02001808,E02001809,11.0,13.05,21.63
E02001808,E02001810,12.37,14.35,23.94
E02001808,E02001811,2.95,3.46,5.78
E02001808,E02001812,1.81,3.35,4.8
E02001808,E02001813,2.64,4.01,6.08
E02001808,E02001814,3.38,4.94,7.97
E02001808,E02001815,10.11,11.86,19.78
E02001808,E02001816,3.59,5.53,8.32
E02001808,E02001817,3.66,7.07,9.83
E02001808,E02001818,4.95,8.09,11.85
E02001808,E02001819,4.63,7.18,11.1
E02001808,E02001820,7.87,8.94,14.95
E02001808,E02001821,5.29,9.55,13.66
E02001808,E02001822,7.79,10.07,16.15
E02001808,E02001823,10.44,12.84,20.85
E02001808,E02001824,9.14,11.38,18.33
E02001808,E02001825,10.91,12.65,20.92
E02001808,E02001826,12.57,14.42,23.98
E02001808,E02006841,17.4,19.67,33.53
E02001808,E02006842,17.11,20.42,34.94
E02001808,E02006893,27.1,29.04,50.37
E02001809,E02001682,19.79,23.06,38.13
E02001809,E02001683,22.25,25.96,42.88
E02001809,E02001684,8.78,9.71,16.42
E02001809,E02001685,17.06,20.27,33.23
E02001809,E02001686,17.69,21.26,34.69
E02001809,E02001688,12.36,14.36,23.74
E02001809,E02001689,10.54,14.12,22.35
E02001809,E02001690,14.09,16.95,27.53
E02001809,E02001691,10.06,12.88,20.65
E02001809,E02001692,8.71,12.6,19.5
E02001809,E02001693,9.2,11.41,18.84
E02001809,E02001694,12.21,14.88,24.14
E02001809,E02001695,7.29,7.98,13.57
E02001809,E02001696,7.67,9.11,14.98
E02001809,E02001697,8.5,11.3,18.03
E02001809,E02001698,14.69,17.98,29.15
E02001809,E02001699,7.27,10.48,15.93
E02001809,E02001700,12.3,14.29,23.76
E02001809,E02001701,8.39,10.65,16.95
E02001809,E02001702,6.65,9.53,14.63
E02001809,E02001703,19.61,22.47,37.78
E02001809,E02001704,7.0,10.63,16.42
E02001809,E02001705,24.91,32.44,51.98
E02001809,E02001706,6.2,7.99,12.65
E02001809,E02001707,5.98,9.14,13.67
E02001809,E02001708,20.04,23.25,39.41
E02001809,E02001709,18.07,19.93,34.37
E02001809,E02001710,18.42,22.12,36.98
E02001809,E02001711,19.56,22.68,38.74
E02001809,E02001712,16.16,18.02,31.23
E02001809,E02001713,16.57,18.23,31.8
E02001809,E02001714,16.34,17.85,31.01
E02001809,E02001715,18.12,20.85,35.37
E02001809,E02001718,17.69,19.66,34.08
E02001809,E02001719,15.42,16.75,29.22
E02001809,E02001720,14.54,16.21,28.07
E02001809,E02001721,20.98,23.33,39.33
E02001809,E02001722,18.97,22.09,36.63
E02001809,E02001723,16.12,17.73,31.17
E02001809,E02001724,13.92,15.22,26.54
E02001809,E02001725,14.86,16.91,29.19
E02001809,E02001726,16.05,18.75,32.03
E02001809,E02001727,16.1,17.89,31.02
E02001809,E02001728,18.14,20.84,34.65
E02001809,E02001729,14.07,16.63,28.24
E02001809,E02001730,12.88,14.5,25.12
E02001809,E02001731,12.79,15.02,25.68
E02001809,E02001732,17.06,19.8,33.38
E02001809,E02001733,14.48,16.74,28.91
E02001809,E02001734,15.47,18.0,30.66
E02001809,E02001735,15.0,18.04,30.93
E02001809,E02001736,14.37,16.79,28.63
E02001809,E02001737,15.8,17.91,30.85
E02001809,E02001738,22.68,25.0,43.15
E02001809,E02001739,23.25,25.15,43.53
E02001809,E02001740,22.05,24.15,41.6
E02001809,E02001741,21.07,23.61,40.3
E02001809,E02001742,20.65,22.43,38.83
E02001809,E02001743,21.52,23.11,39.84
E02001809,E02001744,20.06,22.23,38.02
E02001809,E02001745,21.6,24.29,41.42
E02001809,E02001746,20.46,21.91,37.82
E02001809,E02001747,20.06,21.12,36.76
E02001809,E02001748,18.83,19.22,33.87
E02001809,E02001749,20.6,22.29,38.65
E02001809,E02001750,19.22,20.48,35.45
E02001809,E02001751,19.61,21.47,37.07
E02001809,E02001752,18.2,19.14,33.24
E02001809,E02001753,19.06,20.0,35.0
E02001809,E02001754,18.03,18.72,32.7
E02001809,E02001755,19.45,21.93,37.41
E02001809,E02001756,17.95,19.49,33.86
E02001809,E02001757,16.88,17.28,30.39
E02001809,E02001758,17.12,18.3,31.51
E02001809,E02001759,17.05,17.47,30.67
E02001809,E02001760,15.93,16.41,28.74
E02001809,E02001761,18.25,19.05,33.11
E02001809,E02001762,18.29,19.58,34.2
E02001809,E02001763,15.58,16.43,28.5
E02001809,E02001764,15.88,16.64,29.06
E02001809,E02001765,15.51,15.76,27.75
E02001809,E02001766,17.15,17.62,30.85
E02001809,E02001767,17.33,18.43,32.33
E02001809,E02001768,15.68,17.12,29.38
E02001809,E02001769,14.31,15.45,26.68
E02001809,E02001770,14.95,16.92,28.55
E02001809,E02001771,16.37,18.91,31.79
E02001809,E02001772,14.41,16.44,27.73
E02001809,E02001773,15.15,16.87,28.87
E02001809,E02001774,11.89,13.44,23.23
E02001809,E02001775,15.66,17.76,30.33
E02001809,E02001776,11.54,12.82,22.13
E02001809,E02001777,11.01,12.37,21.14
E02001809,E02001778,13.88,15.29,26.13
E02001809,E02001779,12.1,13.18,22.68
E02001809,E02001780,14.45,16.58,28.42
E02001809,E02001781,11.22,12.43,21.29
E02001809,E02001782,9.68,10.94,18.44
E02001809,E02001783,12.7,14.05,24.09
E02001809,E02001784,10.0,10.59,18.33
E02001809,E02001785,15.6,19.69,31.73
E02001809,E02001786,12.86,15.54,26.52
E02001809,E02001787,9.88,11.38,19.03
E02001809,E02001788,9.45,11.76,19.06
E02001809,E02001789,11.58,14.54,23.93
E02001809,E02001790,9.66,12.42,20.38
E02001809,E02001791,11.37,14.37,23.14
E02001809,E02001792,11.72,14.85,23.87
E02001809,E02001793,8.27,12.32,18.83
E02001809,E02001794,9.14,12.45,19.53
E02001809,E02001795,10.17,12.87,20.85
E02001809,E02001796,11.62,14.13,23.07
E02001809,E02001797,4.18,7.51,11.39
E02001809,E02001798,7.06,10.25,15.77
E02001809,E02001799,3.1,5.52,8.2
E02001809,E02001800,2.53,4.87,6.95
E02001809,E02001801,11.05,13.57,22.37
E02001809,E02001802,9.94,12.19,19.88
E02001809,E02001803,11.31,13.34,22.05
E02001809,E02001804,9.14,12.19,19.28
E02001809,E02001805,10.23,12.04,19.94
E02001809,E02001806,12.66,15.16,24.88
E02001809,E02001807,1.54,3.08,4.24
E02001809,E02001808,11.0,13.05,21.63
E02001809,E02001809,0.77,1.54,2.12
E02001809,E02001810,2.51,5.02,6.9
E02001809,E02001811,8.05,9.58,15.85
E02001809,E02001812,12.1,14.93,24.36
E02001809,E02001813,9.81,12.7,20.31
E02001809,E02001814,13.68,16.59,27.28
E02001809,E02001815,3.42,5.91,8.59
E02001809,E02001816,10.34,14.09,22.45
E02001809,E02001817,11.41,16.94,25.95
E02001809,E02001818,13.77,18.61,29.9
E02001809,E02001819,9.27,12.66,20.07
E02001809,E02001820,5.19,7.44,11.78
E02001809,E02001821,11.63,15.52,24.96
E02001809,E02001822,6.45,8.8,14.09
E02001809,E02001823,9.01,13.27,20.9
E02001809,E02001824,9.83,13.03,20.87
E02001809,E02001825,11.51,14.19,23.28
E02001809,E02001826,13.17,15.97,26.34
E02001809,E02006841,10.44,13.08,21.87
E02001809,E02006842,9.42,12.1,19.69
E02001809,E02006893,19.98,22.44,38.71
E02001810,E02001682,18.35,21.48,35.46
E02001810,E02001683,20.8,24.39,40.21
E02001810,E02001684,8.46,9.28,15.85
E02001810,E02001685,15.61,18.7,30.56
E02001810,E02001686,16.24,19.69,32.02
E02001810,E02001688,10.91,12.78,21.07
E02001810,E02001689,9.09,12.54,19.68
E02001810,E02001690,12.64,15.38,24.86
E02001810,E02001691,8.61,11.31,17.98
E02001810,E02001692,7.26,11.31,17.47
E02001810,E02001693,8.18,10.98,18.27
E02001810,E02001694,10.76,13.31,21.47
E02001810,E02001695,7.18,7.55,13.0
E02001810,E02001696,7.13,8.68,14.41
E02001810,E02001697,7.05,9.73,15.36
E02001810,E02001698,13.24,16.4,26.48
E02001810,E02001699,6.39,9.54,14.33
E02001810,E02001700,10.85,12.72,21.1
E02001810,E02001701,6.94,9.08,14.28
E02001810,E02001702,5.2,8.52,13.03
E02001810,E02001703,18.16,20.9,35.12
E02001810,E02001704,5.56,9.05,13.76
E02001810,E02001705,23.46,30.86,49.31
E02001810,E02001706,4.75,6.42,9.99
E02001810,E02001707,4.58,7.56,11.0
E02001810,E02001708,18.59,22.82,38.13
E02001810,E02001709,16.62,19.5,33.09
E02001810,E02001710,16.97,21.69,35.7
E02001810,E02001711,18.11,22.25,37.41
E02001810,E02001712,14.71,17.58,29.95
E02001810,E02001713,15.12,17.8,30.52
E02001810,E02001714,14.89,17.42,29.73
E02001810,E02001715,16.67,20.42,34.08
E02001810,E02001718,16.24,19.23,32.8
E02001810,E02001719,13.97,16.32,27.94
E02001810,E02001720,13.09,15.78,26.79
E02001810,E02001721,19.53,21.76,36.66
E02001810,E02001722,17.52,20.51,33.96
E02001810,E02001723,14.67,17.3,29.89
E02001810,E02001724,12.47,14.79,25.26
E02001810,E02001725,13.41,16.48,27.91
E02001810,E02001726,14.6,18.32,30.34
E02001810,E02001727,14.65,17.46,29.73
E02001810,E02001728,16.69,19.27,31.99
E02001810,E02001729,12.62,16.2,26.56
E02001810,E02001730,11.43,14.07,23.84
E02001810,E02001731,11.34,14.59,23.99
E02001810,E02001732,15.61,18.32,30.71
E02001810,E02001733,13.03,16.31,27.63
E02001810,E02001734,14.02,17.57,28.97
E02001810,E02001735,13.55,17.61,29.64
E02001810,E02001736,12.92,16.36,26.95
E02001810,E02001737,14.35,17.48,29.57
E02001810,E02001738,22.88,24.57,42.58
E02001810,E02001739,21.8,24.72,42.25
E02001810,E02001740,22.25,23.72,41.04
E02001810,E02001741,19.62,23.18,39.02
E02001810,E02001742,20.86,22.0,38.27
E02001810,E02001743,21.72,22.68,39.27
E02001810,E02001744,20.26,21.8,37.45
E02001810,E02001745,20.15,23.86,40.13
E02001810,E02001746,20.66,21.48,37.25
E02001810,E02001747,20.27,20.69,36.2
E02001810,E02001748,19.03,18.79,33.31
E02001810,E02001749,19.15,21.86,37.37
E02001810,E02001750,19.42,20.05,34.88
E02001810,E02001751,18.16,21.04,35.79
E02001810,E02001752,18.4,18.71,32.67
E02001810,E02001753,19.26,19.57,34.43
E02001810,E02001754,18.23,18.29,32.13
E02001810,E02001755,18.0,21.5,36.13
E02001810,E02001756,16.5,19.06,32.58
E02001810,E02001757,17.08,16.85,29.82
E02001810,E02001758,17.32,17.87,30.94
E02001810,E02001759,17.25,17.04,30.1
E02001810,E02001760,16.14,15.98,28.17
E02001810,E02001761,17.62,18.62,32.54
E02001810,E02001762,16.84,19.15,32.91
E02001810,E02001763,15.78,16.0,27.93
E02001810,E02001764,16.08,16.2,28.49
E02001810,E02001765,15.71,15.33,27.19
E02001810,E02001766,16.68,17.19,30.28
E02001810,E02001767,15.88,17.99,31.76
E02001810,E02001768,15.96,16.69,28.81
E02001810,E02001769,14.6,15.02,26.11
E02001810,E02001770,15.23,16.49,27.98
E02001810,E02001771,16.65,18.47,31.23
E02001810,E02001772,14.69,16.01,27.16
E02001810,E02001773,15.43,16.44,28.3
E02001810,E02001774,11.94,13.01,22.66
E02001810,E02001775,16.31,17.33,29.76
E02001810,E02001776,11.6,12.39,21.56
E02001810,E02001777,10.9,11.94,20.57
E02001810,E02001778,14.16,14.86,25.57
E02001810,E02001779,12.39,12.75,22.11
E02001810,E02001780,15.51,16.15,27.85
E02001810,E02001781,11.51,12.0,20.72
E02001810,E02001782,9.74,10.51,17.87
E02001810,E02001783,13.12,13.62,23.53
E02001810,E02001784,10.05,10.16,17.76
E02001810,E02001785,17.04,20.19,34.03
E02001810,E02001786,14.3,15.11,25.95
E02001810,E02001787,9.93,10.95,18.46
E02001810,E02001788,10.88,11.66,20.3
E02001810,E02001789,13.01,14.43,25.17
E02001810,E02001790,11.1,12.31,21.62
E02001810,E02001791,13.01,15.68,25.45
E02001810,E02001792,13.35,16.16,26.18
E02001810,E02001793,9.9,13.62,21.13
E02001810,E02001794,10.77,13.76,21.84
E02001810,E02001795,11.8,14.18,23.16
E02001810,E02001796,13.25,15.43,25.37
E02001810,E02001797,4.72,7.66,11.2
E02001810,E02001798,8.69,11.55,18.07
E02001810,E02001799,4.03,5.92,9.04
E02001810,E02001800,2.87,4.44,6.6
E02001810,E02001801,12.69,14.88,24.67
E02001810,E02001802,11.58,13.5,22.18
E02001810,E02001803,12.94,14.64,24.35
E02001810,E02001804,10.52,13.5,21.58
E02001810,E02001805,11.6,13.35,22.25
E02001810,E02001806,14.3,16.46,27.19
E02001810,E02001807,3.58,5.95,9.16
E02001810,E02001808,12.37,14.35,23.94
E02001810,E02001809,2.51,5.02,6.9
E02001810,E02001810,1.25,2.22,3.3
E02001810,E02001811,9.42,10.89,18.15
E02001810,E02001812,13.47,16.15,26.28
E02001810,E02001813,11.18,13.28,21.68
E02001810,E02001814,15.0,17.89,29.53
E02001810,E02001815,3.19,5.35,7.81
E02001810,E02001816,10.66,13.52,21.67
E02001810,E02001817,11.72,16.37,25.17
E02001810,E02001818,14.09,19.55,30.87
E02001810,E02001819,9.59,12.09,19.29
E02001810,E02001820,5.51,6.87,11.01
E02001810,E02001821,11.95,15.06,24.18
E02001810,E02001822,6.77,8.23,13.31
E02001810,E02001823,9.33,12.7,20.12
E02001810,E02001824,10.15,12.46,20.09
E02001810,E02001825,11.83,13.62,22.5
E02001810,E02001826,13.49,15.4,25.56
E02001810,E02006841,8.99,12.01,19.43
E02001810,E02006842,7.97,10.52,17.02
E02001810,E02006893,18.53,22.01,36.63
E02001811,E02001682,26.07,27.88,47.69
E02001811,E02001683,28.53,30.78,52.44
E02001811,E02001684,12.6,12.84,22.3
E02001811,E02001685,23.33,25.13,42.79
E02001811,E02001686,23.96,26.12,44.25
E02001811,E02001688,18.07,19.21,33.3
E02001811,E02001689,16.25,17.47,30.25
E02001811,E02001690,20.36,21.81,37.09
E02001811,E02001691,15.84,17.74,30.21
E02001811,E02001692,14.57,16.86,28.13
E02001811,E02001693,13.21,14.54,24.72
E02001811,E02001694,18.48,19.74,33.7
E02001811,E02001695,10.73,10.72,18.76
E02001811,E02001696,11.77,12.52,21.35
E02001811,E02001697,14.77,16.15,27.59
E02001811,E02001698,20.97,22.83,38.7
E02001811,E02001699,13.17,14.96,24.93
E02001811,E02001700,18.57,19.15,33.32
E02001811,E02001701,14.66,15.5,26.51
E02001811,E02001702,12.71,14.39,24.19
E02001811,E02001703,25.88,27.33,47.34
E02001811,E02001704,13.28,15.48,25.98
E02001811,E02001705,31.18,37.29,61.54
E02001811,E02001706,12.48,12.85,22.21
E02001811,E02001707,10.94,13.99,23.23
E02001811,E02001708,25.06,26.38,45.29
E02001811,E02001709,22.92,23.06,40.25
E02001811,E02001710,23.27,25.25,42.86
E02001811,E02001711,24.59,25.81,44.62
E02001811,E02001712,21.01,21.15,37.11
E02001811,E02001713,21.43,21.36,37.68
E02001811,E02001714,21.19,20.98,36.89
E02001811,E02001715,22.97,23.98,41.25
E02001811,E02001718,22.71,22.79,39.96
E02001811,E02001719,19.99,19.88,35.07
E02001811,E02001720,19.39,19.34,33.95
E02001811,E02001721,26.76,27.81,48.1
E02001811,E02001722,24.05,25.53,43.57
E02001811,E02001723,21.2,20.86,37.05
E02001811,E02001724,18.77,18.35,32.42
E02001811,E02001725,19.71,19.87,35.02
E02001811,E02001726,21.13,21.88,37.91
E02001811,E02001727,17.74,17.46,30.76
E02001811,E02001728,24.17,25.32,43.67
E02001811,E02001729,19.15,19.76,34.12
E02001811,E02001730,17.73,17.63,31.0
E02001811,E02001731,17.87,18.16,31.56
E02001811,E02001732,22.14,22.93,39.71
E02001811,E02001733,19.34,19.87,34.79
E02001811,E02001734,20.55,21.13,36.54
E02001811,E02001735,19.49,19.62,34.26
E02001811,E02001736,19.45,19.92,34.51
E02001811,E02001737,19.66,19.58,34.4
E02001811,E02001738,21.9,23.72,40.93
E02001811,E02001739,24.28,24.69,42.96
E02001811,E02001740,21.27,22.87,39.39
E02001811,E02001741,25.92,26.74,46.18
E02001811,E02001742,19.88,21.15,36.62
E02001811,E02001743,20.75,21.83,37.63
E02001811,E02001744,19.28,20.95,35.81
E02001811,E02001745,23.16,24.55,42.14
E02001811,E02001746,19.68,20.63,35.6
E02001811,E02001747,19.29,19.84,34.55
E02001811,E02001748,18.05,17.94,31.66
E02001811,E02001749,20.99,21.54,37.49
E02001811,E02001750,18.45,19.2,33.24
E02001811,E02001751,21.21,22.3,38.42
E02001811,E02001752,17.43,17.86,31.03
E02001811,E02001753,18.28,18.72,32.79
E02001811,E02001754,17.26,17.44,30.49
E02001811,E02001755,21.39,22.59,38.89
E02001811,E02001756,21.94,22.62,39.63
E02001811,E02001757,16.11,16.0,28.18
E02001811,E02001758,16.34,17.02,29.29
E02001811,E02001759,16.28,16.19,28.45
E02001811,E02001760,15.16,15.13,26.53
E02001811,E02001761,17.47,17.77,30.9
E02001811,E02001762,18.61,18.56,32.56
E02001811,E02001763,14.8,15.15,26.28
E02001811,E02001764,15.1,15.36,26.84
E02001811,E02001765,14.73,14.48,25.54
E02001811,E02001766,16.38,16.34,28.63
E02001811,E02001767,17.22,17.15,30.11
E02001811,E02001768,14.9,15.72,26.98
E02001811,E02001769,13.54,14.05,24.29
E02001811,E02001770,14.17,15.2,26.15
E02001811,E02001771,13.94,16.28,27.21
E02001811,E02001772,13.5,14.73,25.0
E02001811,E02001773,12.99,14.34,24.46
E02001811,E02001774,11.79,12.16,21.01
E02001811,E02001775,13.05,15.13,25.71
E02001811,E02001776,12.93,13.25,22.95
E02001811,E02001777,13.73,14.56,24.97
E02001811,E02001778,13.1,13.89,23.74
E02001811,E02001779,11.32,11.79,20.28
E02001811,E02001780,11.93,13.27,22.23
E02001811,E02001781,10.44,11.04,18.89
E02001811,E02001782,12.2,13.12,22.27
E02001811,E02001783,11.8,12.65,21.7
E02001811,E02001784,10.33,10.62,18.4
E02001811,E02001785,11.38,12.56,21.14
E02001811,E02001786,11.96,14.15,24.13
E02001811,E02001787,9.52,10.26,17.4
E02001811,E02001788,8.58,9.09,15.52
E02001811,E02001789,10.64,11.36,19.47
E02001811,E02001790,8.76,9.75,16.84
E02001811,E02001791,7.48,8.06,13.69
E02001811,E02001792,7.64,8.54,14.42
E02001811,E02001793,6.24,8.63,13.39
E02001811,E02001794,5.85,7.98,12.37
E02001811,E02001795,6.27,7.82,12.93
E02001811,E02001796,6.28,7.02,11.73
E02001811,E02001797,9.48,10.53,17.67
E02001811,E02001798,5.02,6.56,10.33
E02001811,E02001799,7.93,8.54,14.54
E02001811,E02001800,8.65,9.73,16.61
E02001811,E02001801,3.29,3.99,6.52
E02001811,E02001802,2.25,2.68,4.36
E02001811,E02001803,3.96,4.12,7.1
E02001811,E02001804,1.56,2.69,3.86
E02001811,E02001805,2.18,2.46,4.09
E02001811,E02001806,5.29,5.88,9.85
E02001811,E02001807,6.81,7.97,13.19
E02001811,E02001808,2.95,3.46,5.78
E02001811,E02001809,8.05,9.58,15.85
E02001811,E02001810,9.42,10.89,18.15
E02001811,E02001811,0.78,1.23,1.93
E02001811,E02001812,4.05,5.34,8.51
E02001811,E02001813,1.76,3.11,4.46
E02001811,E02001814,5.63,7.32,11.8
E02001811,E02001815,7.15,8.39,14.0
E02001811,E02001816,2.92,4.76,7.49
E02001811,E02001817,4.56,7.9,11.82
E02001811,E02001818,6.64,9.03,14.06
E02001811,E02001819,3.35,5.94,8.97
E02001811,E02001820,4.92,5.48,9.17
E02001811,E02001821,5.38,7.68,12.85
E02001811,E02001822,5.58,6.6,10.79
E02001811,E02001823,8.74,9.83,16.55
E02001811,E02001824,7.51,8.37,14.03
E02001811,E02001825,9.27,9.64,16.63
E02001811,E02001826,10.93,11.42,19.69
E02001811,E02006841,15.36,16.21,27.75
E02001811,E02006842,15.08,16.95,29.16
E02001811,E02006893,25.06,25.57,44.59
E02001812,E02001682,29.86,33.22,56.2
E02001812,E02001683,32.32,36.12,60.95
E02001812,E02001684,15.72,18.18,30.81
E02001812,E02001685,27.39,30.47,51.3
E02001812,E02001686,28.01,31.46,52.76
E02001812,E02001688,21.19,24.55,41.81
E02001812,E02001689,19.37,22.81,38.77
E02001812,E02001690,24.42,27.15,45.6
E02001812,E02001691,18.95,23.08,38.72
E02001812,E02001692,17.69,22.2,36.64
E02001812,E02001693,16.32,19.88,33.23
E02001812,E02001694,22.53,25.08,42.21
E02001812,E02001695,13.84,16.06,27.28
E02001812,E02001696,14.89,17.86,29.86
E02001812,E02001697,18.73,21.5,36.1
E02001812,E02001698,25.02,28.17,47.22
E02001812,E02001699,16.57,20.3,33.44
E02001812,E02001700,22.62,24.49,41.83
E02001812,E02001701,18.72,20.85,35.02
E02001812,E02001702,16.76,19.73,32.7
E02001812,E02001703,29.94,32.67,55.86
E02001812,E02001704,17.33,20.82,34.49
E02001812,E02001705,35.24,42.63,70.05
E02001812,E02001706,16.53,18.19,30.73
E02001812,E02001707,15.0,19.33,31.74
E02001812,E02001708,28.17,31.72,53.81
E02001812,E02001709,26.03,28.4,48.76
E02001812,E02001710,26.39,30.59,51.38
E02001812,E02001711,27.7,31.15,53.13
E02001812,E02001712,24.13,26.49,45.62
E02001812,E02001713,24.54,26.71,46.19
E02001812,E02001714,24.2,26.32,45.4
E02001812,E02001715,26.09,29.32,49.76
E02001812,E02001718,25.83,28.13,48.47
E02001812,E02001719,22.93,25.23,43.58
E02001812,E02001720,22.51,24.68,42.46
E02001812,E02001721,29.87,33.15,56.61
E02001812,E02001722,27.16,30.87,52.08
E02001812,E02001723,24.31,26.2,45.57
E02001812,E02001724,21.89,23.69,40.94
E02001812,E02001725,22.82,25.21,43.53
E02001812,E02001726,24.24,27.22,46.42
E02001812,E02001727,20.67,22.8,39.27
E02001812,E02001728,27.29,30.66,52.18
E02001812,E02001729,22.27,25.1,42.64
E02001812,E02001730,20.85,22.97,39.51
E02001812,E02001731,20.98,23.5,40.07
E02001812,E02001732,25.26,28.27,48.22
E02001812,E02001733,22.45,25.21,43.3
E02001812,E02001734,23.66,26.47,45.05
E02001812,E02001735,22.42,24.97,42.78
E02001812,E02001736,22.57,25.26,43.02
E02001812,E02001737,22.59,24.92,42.91
E02001812,E02001738,24.84,29.06,49.45
E02001812,E02001739,27.21,30.03,51.48
E02001812,E02001740,24.21,28.21,47.9
E02001812,E02001741,29.04,32.08,54.69
E02001812,E02001742,22.81,26.49,45.13
E02001812,E02001743,23.68,27.17,46.14
E02001812,E02001744,22.22,26.29,44.32
E02001812,E02001745,26.1,29.9,50.65
E02001812,E02001746,22.62,25.97,44.11
E02001812,E02001747,22.22,25.18,43.06
E02001812,E02001748,20.99,23.28,40.17
E02001812,E02001749,23.92,26.89,46.01
E02001812,E02001750,21.38,24.54,41.75
E02001812,E02001751,24.15,27.64,46.93
E02001812,E02001752,20.36,23.2,39.54
E02001812,E02001753,21.22,24.06,41.3
E02001812,E02001754,20.19,22.79,39.0
E02001812,E02001755,24.32,27.94,47.41
E02001812,E02001756,24.87,27.96,48.14
E02001812,E02001757,19.04,21.34,36.69
E02001812,E02001758,19.28,22.36,37.8
E02001812,E02001759,19.21,21.54,36.96
E02001812,E02001760,18.09,20.47,35.04
E02001812,E02001761,20.41,23.11,39.41
E02001812,E02001762,21.54,23.9,41.07
E02001812,E02001763,17.74,20.49,34.79
E02001812,E02001764,18.04,20.7,35.35
E02001812,E02001765,17.67,19.82,34.05
E02001812,E02001766,19.31,21.69,37.14
E02001812,E02001767,20.15,22.49,38.63
E02001812,E02001768,13.54,15.76,26.31
E02001812,E02001769,12.55,14.9,24.88
E02001812,E02001770,12.31,14.37,24.0
E02001812,E02001771,11.81,15.45,25.05
E02001812,E02001772,11.37,13.91,22.83
E02001812,E02001773,10.86,13.52,22.3
E02001812,E02001774,14.73,17.5,29.52
E02001812,E02001775,10.92,14.31,23.54
E02001812,E02001776,15.62,18.59,31.46
E02001812,E02001777,16.75,19.9,33.48
E02001812,E02001778,12.4,15.34,25.37
E02001812,E02001779,13.08,16.48,26.81
E02001812,E02001780,9.8,12.44,20.07
E02001812,E02001781,13.33,15.9,26.45
E02001812,E02001782,15.31,18.46,30.78
E02001812,E02001783,11.96,14.77,24.54
E02001812,E02001784,13.0,15.96,26.91
E02001812,E02001785,9.23,11.74,18.97
E02001812,E02001786,10.82,13.97,22.35
E02001812,E02001787,12.18,15.6,25.92
E02001812,E02001788,10.33,14.07,22.76
E02001812,E02001789,8.51,10.54,17.31
E02001812,E02001790,9.12,10.99,18.1
E02001812,E02001791,5.35,7.24,11.52
E02001812,E02001792,5.49,7.71,12.26
E02001812,E02001793,7.67,11.62,17.58
E02001812,E02001794,5.73,9.51,14.04
E02001812,E02001795,4.55,7.0,10.77
E02001812,E02001796,4.13,6.2,9.56
E02001812,E02001797,13.53,15.87,26.18
E02001812,E02001798,7.69,11.66,17.64
E02001812,E02001799,11.98,13.88,23.06
E02001812,E02001800,12.7,15.07,25.12
E02001812,E02001801,2.41,4.01,5.97
E02001812,E02001802,3.37,5.79,9.02
E02001812,E02001803,1.56,3.07,4.29
E02001812,E02001804,4.57,6.89,10.48
E02001812,E02001805,2.39,4.29,6.16
E02001812,E02001806,1.84,3.59,4.97
E02001812,E02001807,10.86,13.31,21.7
E02001812,E02001808,1.81,3.35,4.8
E02001812,E02001809,12.1,14.93,24.36
E02001812,E02001810,13.47,16.15,26.28
E02001812,E02001811,4.05,5.34,8.51
E02001812,E02001812,0.78,1.54,2.14
E02001812,E02001813,2.75,3.84,5.92
E02001812,E02001814,1.94,3.87,5.32
E02001812,E02001815,11.21,13.45,21.89
E02001812,E02001816,3.7,5.36,8.16
E02001812,E02001817,2.9,5.74,7.91
E02001812,E02001818,3.29,5.41,7.87
E02001812,E02001819,4.61,7.01,10.94
E02001812,E02001820,8.6,10.41,16.88
E02001812,E02001821,3.82,6.92,9.78
E02001812,E02001822,7.9,10.05,16.0
E02001812,E02001823,10.55,12.67,20.69
E02001812,E02001824,9.25,11.21,18.17
E02001812,E02001825,11.02,12.48,20.76
E02001812,E02001826,12.1,14.25,23.82
E02001812,E02006841,18.48,21.55,36.26
E02001812,E02006842,18.19,22.29,37.67
E02001812,E02006893,28.18,30.92,53.1
E02001813,E02001682,27.83,30.99,52.15
E02001813,E02001683,30.29,33.89,56.9
E02001813,E02001684,14.37,15.95,26.76
E02001813,E02001685,25.1,28.24,47.25
E02001813,E02001686,25.72,29.23,48.71
E02001813,E02001688,19.84,22.33,37.76
E02001813,E02001689,18.01,20.59,34.71
E02001813,E02001690,22.12,24.92,41.55
E02001813,E02001691,17.6,20.85,34.67
E02001813,E02001692,16.33,19.97,32.59
E02001813,E02001693,14.97,17.66,29.18
E02001813,E02001694,20.24,22.85,38.16
E02001813,E02001695,12.49,13.83,23.22
E02001813,E02001696,13.54,15.63,25.81
E02001813,E02001697,16.54,19.27,32.05
E02001813,E02001698,22.73,25.95,43.16
E02001813,E02001699,14.93,18.08,29.39
E02001813,E02001700,20.33,22.26,37.78
E02001813,E02001701,16.42,18.62,30.96
E02001813,E02001702,14.47,17.5,28.65
E02001813,E02001703,27.64,30.44,51.8
E02001813,E02001704,15.04,18.6,30.44
E02001813,E02001705,32.94,40.41,66.0
E02001813,E02001706,14.24,15.96,26.67
E02001813,E02001707,12.7,17.04,27.27
E02001813,E02001708,26.82,29.49,49.75
E02001813,E02001709,24.68,26.17,44.71
E02001813,E02001710,25.04,28.36,47.32
E02001813,E02001711,26.35,28.93,49.08
E02001813,E02001712,22.78,24.26,41.57
E02001813,E02001713,23.19,24.48,42.14
E02001813,E02001714,22.95,24.09,41.35
E02001813,E02001715,24.74,27.1,45.71
E02001813,E02001718,24.47,25.91,44.42
E02001813,E02001719,21.75,23.0,39.52
E02001813,E02001720,21.15,22.45,38.41
E02001813,E02001721,28.52,30.92,52.56
E02001813,E02001722,25.81,28.64,48.03
E02001813,E02001723,22.96,23.97,41.51
E02001813,E02001724,20.53,21.46,36.88
E02001813,E02001725,21.47,22.98,39.48
E02001813,E02001726,22.89,25.0,42.36
E02001813,E02001727,19.5,20.57,35.22
E02001813,E02001728,25.93,28.43,48.13
E02001813,E02001729,20.91,22.87,38.58
E02001813,E02001730,19.49,20.74,35.46
E02001813,E02001731,19.63,21.27,36.01
E02001813,E02001732,23.9,26.05,44.17
E02001813,E02001733,21.1,22.99,39.25
E02001813,E02001734,22.31,24.24,40.99
E02001813,E02001735,21.25,22.74,38.72
E02001813,E02001736,21.21,23.03,38.97
E02001813,E02001737,21.42,22.7,38.86
E02001813,E02001738,23.66,26.84,45.39
E02001813,E02001739,26.04,27.8,47.42
E02001813,E02001740,23.04,25.98,43.85
E02001813,E02001741,27.69,29.85,50.64
E02001813,E02001742,21.64,24.27,41.08
E02001813,E02001743,22.51,24.94,42.08
E02001813,E02001744,21.04,24.07,40.27
E02001813,E02001745,24.92,27.67,46.59
E02001813,E02001746,21.44,23.74,40.06
E02001813,E02001747,21.05,22.95,39.01
E02001813,E02001748,19.81,21.06,36.12
E02001813,E02001749,22.75,24.66,41.95
E02001813,E02001750,20.21,22.31,37.69
E02001813,E02001751,22.97,25.42,42.88
E02001813,E02001752,19.19,20.97,35.49
E02001813,E02001753,20.05,21.83,37.25
E02001813,E02001754,19.02,20.56,34.95
E02001813,E02001755,23.15,25.71,43.35
E02001813,E02001756,23.7,25.74,44.09
E02001813,E02001757,17.87,19.12,32.64
E02001813,E02001758,18.11,20.13,33.75
E02001813,E02001759,18.04,19.31,32.91
E02001813,E02001760,16.92,18.24,30.99
E02001813,E02001761,19.24,20.89,35.36
E02001813,E02001762,20.37,21.67,37.02
E02001813,E02001763,16.57,18.26,30.74
E02001813,E02001764,16.86,18.47,31.3
E02001813,E02001765,16.49,17.59,30.0
E02001813,E02001766,18.14,19.46,33.09
E02001813,E02001767,18.98,20.26,34.57
E02001813,E02001768,15.44,16.6,28.33
E02001813,E02001769,14.46,15.74,26.91
E02001813,E02001770,14.21,15.22,26.03
E02001813,E02001771,13.72,16.3,27.08
E02001813,E02001772,13.27,14.75,24.86
E02001813,E02001773,12.76,14.36,24.33
E02001813,E02001774,13.55,15.27,25.47
E02001813,E02001775,12.82,15.15,25.57
E02001813,E02001776,14.69,16.36,27.41
E02001813,E02001777,15.5,17.67,29.43
E02001813,E02001778,14.3,16.18,27.39
E02001813,E02001779,13.09,14.9,24.74
E02001813,E02001780,11.71,13.29,22.1
E02001813,E02001781,12.21,14.15,23.35
E02001813,E02001782,13.96,16.23,26.73
E02001813,E02001783,12.82,15.61,26.16
E02001813,E02001784,12.09,13.73,22.85
E02001813,E02001785,11.13,12.58,21.0
E02001813,E02001786,12.72,14.81,24.38
E02001813,E02001787,11.28,13.38,21.86
E02001813,E02001788,9.78,12.2,19.98
E02001813,E02001789,10.42,11.38,19.34
E02001813,E02001790,9.78,11.83,20.13
E02001813,E02001791,7.26,8.08,13.55
E02001813,E02001792,7.39,8.56,14.28
E02001813,E02001793,7.12,11.1,16.46
E02001813,E02001794,6.06,8.99,13.56
E02001813,E02001795,6.45,7.84,12.8
E02001813,E02001796,6.03,7.04,11.59
E02001813,E02001797,11.24,13.64,22.13
E02001813,E02001798,6.79,9.68,14.79
E02001813,E02001799,9.69,11.65,19.0
E02001813,E02001800,10.41,12.84,21.07
E02001813,E02001801,3.38,4.85,7.71
E02001813,E02001802,2.46,3.68,5.56
E02001813,E02001803,3.46,3.92,6.56
E02001813,E02001804,2.35,4.66,6.42
E02001813,E02001805,2.26,3.46,5.29
E02001813,E02001806,4.22,5.67,9.17
E02001813,E02001807,8.57,11.08,17.65
E02001813,E02001808,2.63,4.01,6.08
E02001813,E02001809,9.81,12.7,20.31
E02001813,E02001810,11.18,13.28,21.68
E02001813,E02001811,1.76,3.11,4.46
E02001813,E02001812,2.74,3.84,5.92
E02001813,E02001813,0.71,1.25,1.78
E02001813,E02001814,4.27,5.96,9.16
E02001813,E02001815,8.92,10.59,17.29
E02001813,E02001816,1.42,2.5,3.56
E02001813,E02001817,2.99,5.64,7.89
E02001813,E02001818,5.21,7.5,11.42
E02001813,E02001819,2.45,4.15,6.34
E02001813,E02001820,6.3,7.55,12.28
E02001813,E02001821,4.27,6.85,10.18
E02001813,E02001822,5.6,7.18,11.39
E02001813,E02001823,8.25,9.8,16.09
E02001813,E02001824,6.96,8.34,13.57
E02001813,E02001825,8.72,9.61,16.16
E02001813,E02001826,10.38,11.39,19.22
E02001813,E02006841,17.13,19.32,32.21
E02001813,E02006842,16.84,20.07,33.62
E02001813,E02006893,26.82,28.69,49.04
E02001814,E02001682,30.98,34.52,58.89
E02001814,E02001683,33.44,37.43,63.64
E02001814,E02001684,16.84,19.48,33.07
E02001814,E02001685,28.72,32.13,54.23
E02001814,E02001686,29.17,32.89,55.68
E02001814,E02001688,22.31,26.22,44.3
E02001814,E02001689,20.48,24.12,41.03
E02001814,E02001690,25.99,28.81,48.53
E02001814,E02001691,20.07,24.74,41.65
E02001814,E02001692,18.81,23.5,38.9
E02001814,E02001693,17.44,21.19,35.49
E02001814,E02001694,23.73,26.74,45.13
E02001814,E02001695,14.96,17.37,29.54
E02001814,E02001696,16.01,19.17,32.12
E02001814,E02001697,19.85,23.16,39.03
E02001814,E02001698,26.6,29.83,50.14
E02001814,E02001699,17.69,21.82,36.37
E02001814,E02001700,24.2,26.15,44.76
E02001814,E02001701,20.29,22.51,37.94
E02001814,E02001702,18.34,21.39,35.63
E02001814,E02001703,31.51,34.33,58.78
E02001814,E02001704,18.91,22.49,37.42
E02001814,E02001705,36.81,44.3,72.97
E02001814,E02001706,18.1,19.85,33.65
E02001814,E02001707,16.53,21.0,34.66
E02001814,E02001708,29.29,33.03,56.07
E02001814,E02001709,27.15,29.71,51.02
E02001814,E02001710,27.51,31.89,53.64
E02001814,E02001711,28.82,32.46,55.4
E02001814,E02001712,25.25,27.79,47.88
E02001814,E02001713,25.66,28.01,48.46
E02001814,E02001714,25.32,27.62,47.66
E02001814,E02001715,27.21,30.63,52.02
E02001814,E02001718,26.95,29.44,50.73
E02001814,E02001719,24.05,26.45,45.44
E02001814,E02001720,23.63,25.99,44.72
E02001814,E02001721,30.99,34.45,58.87
E02001814,E02001722,28.28,32.17,54.34
E02001814,E02001723,25.43,27.51,47.83
E02001814,E02001724,23.0,24.99,43.2
E02001814,E02001725,23.94,26.26,45.4
E02001814,E02001726,25.36,28.53,48.68
E02001814,E02001727,21.79,23.85,41.14
E02001814,E02001728,28.41,31.97,54.44
E02001814,E02001729,23.38,26.41,44.9
E02001814,E02001730,21.97,24.28,41.77
E02001814,E02001731,22.1,24.8,42.33
E02001814,E02001732,26.37,29.58,50.49
E02001814,E02001733,23.57,26.42,45.49
E02001814,E02001734,24.78,27.77,47.31
E02001814,E02001735,23.54,26.02,44.64
E02001814,E02001736,23.68,26.57,45.28
E02001814,E02001737,23.71,25.98,44.78
E02001814,E02001738,25.95,30.12,51.31
E02001814,E02001739,28.33,31.09,53.34
E02001814,E02001740,25.33,29.26,49.77
E02001814,E02001741,30.16,33.38,56.95
E02001814,E02001742,23.93,27.55,47.0
E02001814,E02001743,24.8,28.22,48.0
E02001814,E02001744,23.33,27.35,46.19
E02001814,E02001745,27.21,30.95,52.51
E02001814,E02001746,23.74,27.03,45.98
E02001814,E02001747,23.34,26.23,44.93
E02001814,E02001748,22.11,24.34,42.04
E02001814,E02001749,25.04,27.94,47.87
E02001814,E02001750,22.5,25.6,43.61
E02001814,E02001751,25.26,28.7,48.79
E02001814,E02001752,21.48,24.25,41.4
E02001814,E02001753,22.34,25.11,43.17
E02001814,E02001754,21.31,23.84,40.87
E02001814,E02001755,25.44,28.99,49.27
E02001814,E02001756,25.99,29.17,50.01
E02001814,E02001757,20.16,22.4,38.56
E02001814,E02001758,20.4,23.42,39.67
E02001814,E02001759,20.33,22.59,38.83
E02001814,E02001760,19.21,21.52,36.9
E02001814,E02001761,21.53,24.17,41.27
E02001814,E02001762,22.66,24.95,42.94
E02001814,E02001763,18.86,21.55,36.66
E02001814,E02001764,19.16,21.75,37.22
E02001814,E02001765,18.78,20.88,35.92
E02001814,E02001766,20.43,22.74,39.01
E02001814,E02001767,21.27,23.54,40.49
E02001814,E02001768,14.12,16.13,27.17
E02001814,E02001769,13.14,15.28,25.74
E02001814,E02001770,12.89,14.75,24.87
E02001814,E02001771,12.39,15.83,25.91
E02001814,E02001772,11.95,14.29,23.7
E02001814,E02001773,11.44,13.9,23.17
E02001814,E02001774,15.84,18.56,31.39
E02001814,E02001775,11.5,14.69,24.41
E02001814,E02001776,16.74,19.64,33.33
E02001814,E02001777,17.87,21.17,35.74
E02001814,E02001778,12.98,15.72,26.23
E02001814,E02001779,13.67,16.86,27.67
E02001814,E02001780,10.39,12.82,20.93
E02001814,E02001781,13.91,16.28,27.31
E02001814,E02001782,16.43,19.77,33.04
E02001814,E02001783,12.54,15.15,25.4
E02001814,E02001784,14.11,17.01,28.77
E02001814,E02001785,9.81,12.11,19.84
E02001814,E02001786,11.4,14.34,23.21
E02001814,E02001787,13.3,16.66,27.78
E02001814,E02001788,11.45,14.45,23.62
E02001814,E02001789,9.1,10.92,18.17
E02001814,E02001790,9.7,11.36,18.96
E02001814,E02001791,5.94,7.62,12.39
E02001814,E02001792,6.07,8.09,13.12
E02001814,E02001793,8.78,12.03,18.62
E02001814,E02001794,6.85,9.92,15.08
E02001814,E02001795,5.13,7.38,11.63
E02001814,E02001796,4.71,6.58,10.43
E02001814,E02001797,15.11,17.53,29.11
E02001814,E02001798,8.8,12.07,18.68
E02001814,E02001799,13.55,15.54,25.98
E02001814,E02001800,14.28,16.73,28.04
E02001814,E02001801,3.99,5.29,8.4
E02001814,E02001802,4.95,7.66,12.01
E02001814,E02001803,2.65,3.25,5.24
E02001814,E02001804,6.15,8.86,13.77
E02001814,E02001805,3.97,5.57,9.15
E02001814,E02001806,1.91,3.17,4.66
E02001814,E02001807,12.44,14.97,24.63
E02001814,E02001808,3.38,4.94,7.97
E02001814,E02001809,13.68,16.59,27.28
E02001814,E02001810,15.0,17.89,29.53
E02001814,E02001811,5.63,7.32,11.8
E02001814,E02001812,1.94,3.87,5.32
E02001814,E02001813,4.27,5.96,9.16
E02001814,E02001814,0.96,1.59,2.33
E02001814,E02001815,12.74,15.58,25.14
E02001814,E02001816,5.23,7.49,11.41
E02001814,E02001817,4.21,7.66,10.83
E02001814,E02001818,2.46,4.07,5.97
E02001814,E02001819,6.08,9.14,14.19
E02001814,E02001820,10.12,12.54,20.13
E02001814,E02001821,5.13,8.02,12.7
E02001814,E02001822,9.42,12.17,19.24
E02001814,E02001823,12.07,14.79,23.93
E02001814,E02001824,10.78,13.33,21.42
E02001814,E02001825,12.17,14.6,24.01
E02001814,E02001826,12.98,16.38,27.07
E02001814,E02006841,19.6,22.86,38.52
E02001814,E02006842,19.31,23.94,39.93
E02001814,E02006893,29.29,32.22,55.36
E02001815,E02001682,20.9,23.18,39.21
E02001815,E02001683,23.36,26.09,43.95
E02001815,E02001684,10.3,10.57,18.31
E02001815,E02001685,18.16,20.4,34.3
E02001815,E02001686,18.79,21.39,35.76
E02001815,E02001688,13.46,14.48,24.81
E02001815,E02001689,11.64,14.24,23.43
E02001815,E02001690,15.19,17.08,28.6
E02001815,E02001691,11.16,13.01,21.73
E02001815,E02001692,9.82,13.01,21.22
E02001815,E02001693,10.56,12.28,20.72
E02001815,E02001694,13.31,15.01,25.21
E02001815,E02001695,8.81,8.85,15.45
E02001815,E02001696,9.19,9.98,16.87
E02001815,E02001697,9.6,11.43,19.11
E02001815,E02001698,15.79,18.1,30.22
E02001815,E02001699,8.63,11.34,17.81
E02001815,E02001700,13.4,14.42,24.84
E02001815,E02001701,9.49,10.78,18.02
E02001815,E02001702,7.75,10.22,16.52
E02001815,E02001703,20.3,22.6,38.86
E02001815,E02001704,8.11,10.75,17.5
E02001815,E02001705,25.6,32.56,53.05
E02001815,E02001706,6.18,8.12,13.69
E02001815,E02001707,4.12,8.25,11.34
E02001815,E02001708,21.14,24.12,41.3
E02001815,E02001709,19.17,20.8,36.26
E02001815,E02001710,19.52,22.98,38.87
E02001815,E02001711,20.66,23.55,40.63
E02001815,E02001712,17.26,18.88,33.12
E02001815,E02001713,17.68,19.1,33.69
E02001815,E02001714,17.44,18.71,32.9
E02001815,E02001715,19.22,21.72,37.25
E02001815,E02001718,18.79,20.53,35.97
E02001815,E02001719,16.52,17.62,31.11
E02001815,E02001720,15.64,17.08,29.96
E02001815,E02001721,22.08,23.45,40.4
E02001815,E02001722,20.07,22.21,37.71
E02001815,E02001723,17.22,18.59,33.06
E02001815,E02001724,15.02,16.08,28.43
E02001815,E02001725,15.96,17.78,31.08
E02001815,E02001726,17.15,19.62,33.91
E02001815,E02001727,17.2,18.76,32.9
E02001815,E02001728,19.24,20.97,35.73
E02001815,E02001729,15.17,17.5,30.13
E02001815,E02001730,13.98,15.36,27.01
E02001815,E02001731,13.89,15.89,27.56
E02001815,E02001732,18.16,20.02,34.45
E02001815,E02001733,15.59,17.61,30.8
E02001815,E02001734,16.57,18.86,32.54
E02001815,E02001735,16.1,18.91,32.81
E02001815,E02001736,15.47,17.66,30.51
E02001815,E02001737,16.9,18.78,32.74
E02001815,E02001738,24.51,25.87,45.04
E02001815,E02001739,24.35,26.02,45.42
E02001815,E02001740,23.88,25.01,43.49
E02001815,E02001741,22.17,24.47,42.19
E02001815,E02001742,22.49,23.3,40.72
E02001815,E02001743,23.35,23.97,41.73
E02001815,E02001744,21.89,23.1,39.91
E02001815,E02001745,22.7,25.15,43.3
E02001815,E02001746,22.29,22.78,39.7
E02001815,E02001747,21.9,21.98,38.65
E02001815,E02001748,20.66,20.09,35.76
E02001815,E02001749,21.7,23.16,40.54
E02001815,E02001750,21.05,21.35,37.34
E02001815,E02001751,20.71,22.34,38.96
E02001815,E02001752,20.03,20.0,35.13
E02001815,E02001753,20.89,20.86,36.89
E02001815,E02001754,19.86,19.59,34.59
E02001815,E02001755,20.55,22.79,39.3
E02001815,E02001756,19.05,20.36,35.75
E02001815,E02001757,18.71,18.15,32.28
E02001815,E02001758,18.95,19.17,33.39
E02001815,E02001759,18.88,18.34,32.55
E02001815,E02001760,17.77,17.27,30.63
E02001815,E02001761,20.08,19.92,35.0
E02001815,E02001762,19.39,20.44,36.08
E02001815,E02001763,17.41,17.3,30.38
E02001815,E02001764,17.71,17.5,30.94
E02001815,E02001765,17.34,16.63,29.64
E02001815,E02001766,18.98,18.49,32.73
E02001815,E02001767,18.43,19.29,34.22
E02001815,E02001768,17.59,17.99,31.27
E02001815,E02001769,16.23,16.31,28.57
E02001815,E02001770,16.86,17.78,30.44
E02001815,E02001771,18.28,19.77,33.68
E02001815,E02001772,16.32,17.31,29.62
E02001815,E02001773,17.06,17.74,30.76
E02001815,E02001774,13.57,14.31,25.11
E02001815,E02001775,17.94,18.62,32.22
E02001815,E02001776,13.22,13.68,24.02
E02001815,E02001777,12.53,13.24,23.03
E02001815,E02001778,15.79,16.16,28.02
E02001815,E02001779,14.02,14.05,24.56
E02001815,E02001780,16.81,17.45,30.31
E02001815,E02001781,13.14,13.3,23.17
E02001815,E02001782,11.37,11.8,20.33
E02001815,E02001783,14.75,14.92,25.98
E02001815,E02001784,11.68,11.45,20.22
E02001815,E02001785,17.67,20.95,35.14
E02001815,E02001786,15.22,16.41,28.41
E02001815,E02001787,11.56,12.24,20.92
E02001815,E02001788,11.81,12.95,22.76
E02001815,E02001789,13.94,15.73,27.62
E02001815,E02001790,12.03,13.61,24.08
E02001815,E02001791,13.4,16.45,27.69
E02001815,E02001792,13.74,16.93,28.42
E02001815,E02001793,10.3,14.92,23.41
E02001815,E02001794,11.17,15.05,24.11
E02001815,E02001795,12.19,15.48,25.43
E02001815,E02001796,13.43,15.41,25.73
E02001815,E02001797,6.27,8.96,13.66
E02001815,E02001798,9.08,12.85,20.35
E02001815,E02001799,5.58,7.21,11.49
E02001815,E02001800,4.42,5.74,9.05
E02001815,E02001801,10.45,12.38,20.52
E02001815,E02001802,9.4,11.07,18.36
E02001815,E02001803,11.12,12.52,21.1
E02001815,E02001804,8.25,11.0,17.43
E02001815,E02001805,9.34,10.85,18.09
E02001815,E02001806,12.45,14.28,23.85
E02001815,E02001807,3.9,5.58,8.65
E02001815,E02001808,10.1,11.86,19.78
E02001815,E02001809,3.42,5.91,8.59
E02001815,E02001810,3.19,5.35,7.81
E02001815,E02001811,7.16,8.39,14.0
E02001815,E02001812,11.21,13.45,21.89
E02001815,E02001813,8.92,10.59,17.29
E02001815,E02001814,12.74,15.58,25.14
E02001815,E02001815,1.59,2.09,3.31
E02001815,E02001816,8.39,10.83,17.27
E02001815,E02001817,9.46,13.68,20.78
E02001815,E02001818,11.83,16.86,26.48
E02001815,E02001819,7.32,9.4,14.89
E02001815,E02001820,3.25,4.18,6.61
E02001815,E02001821,9.69,12.37,19.79
E02001815,E02001822,4.51,5.54,8.92
E02001815,E02001823,7.07,10.01,15.73
E02001815,E02001824,7.88,9.76,15.7
E02001815,E02001825,9.56,10.93,18.1
E02001815,E02001826,11.22,12.71,21.16
E02001815,E02006841,11.54,13.71,23.17
E02001815,E02006842,10.52,12.22,20.77
E02001815,E02006893,21.08,23.31,40.38
E02001816,E02001682,28.33,31.36,53.45
E02001816,E02001683,30.79,34.26,58.19
E02001816,E02001684,15.48,17.6,29.78
E02001816,E02001685,25.6,28.58,48.55
E02001816,E02001686,26.22,29.57,50.0
E02001816,E02001688,20.9,22.66,39.06
E02001816,E02001689,19.08,22.23,37.67
E02001816,E02001690,22.63,25.26,42.85
E02001816,E02001691,18.6,21.18,35.97
E02001816,E02001692,17.25,21.19,35.24
E02001816,E02001693,16.08,19.3,32.2
E02001816,E02001694,20.74,23.19,39.46
E02001816,E02001695,13.6,15.48,26.25
E02001816,E02001696,14.65,17.28,28.84
E02001816,E02001697,17.04,19.6,33.35
E02001816,E02001698,23.23,26.28,44.46
E02001816,E02001699,16.0,19.52,31.67
E02001816,E02001700,20.84,22.6,39.08
E02001816,E02001701,16.93,18.95,32.26
E02001816,E02001702,15.18,18.4,30.37
E02001816,E02001703,27.5,30.78,53.1
E02001816,E02001704,15.54,18.93,31.74
E02001816,E02001705,32.8,40.74,67.29
E02001816,E02001706,14.23,16.29,27.97
E02001816,E02001707,12.18,17.28,27.26
E02001816,E02001708,27.93,31.14,52.78
E02001816,E02001709,25.79,27.82,47.74
E02001816,E02001710,26.15,30.01,50.35
E02001816,E02001711,27.46,30.57,52.11
E02001816,E02001712,23.89,25.91,44.59
E02001816,E02001713,24.3,26.13,45.17
E02001816,E02001714,24.06,25.74,44.38
E02001816,E02001715,25.85,28.74,48.73
E02001816,E02001718,25.59,27.55,47.44
E02001816,E02001719,22.87,24.65,42.55
E02001816,E02001720,22.27,24.1,41.43
E02001816,E02001721,29.52,31.63,54.64
E02001816,E02001722,26.92,30.29,51.05
E02001816,E02001723,24.07,25.62,44.54
E02001816,E02001724,21.64,23.11,39.91
E02001816,E02001725,22.58,24.63,42.5
E02001816,E02001726,24.0,26.65,45.39
E02001816,E02001727,20.61,22.22,38.25
E02001816,E02001728,26.68,29.14,49.97
E02001816,E02001729,22.02,24.52,41.61
E02001816,E02001730,20.61,22.39,38.49
E02001816,E02001731,20.74,22.92,39.04
E02001816,E02001732,25.01,27.69,47.2
E02001816,E02001733,22.21,24.63,42.28
E02001816,E02001734,23.42,25.89,44.02
E02001816,E02001735,22.36,24.39,41.75
E02001816,E02001736,22.32,24.68,41.99
E02001816,E02001737,22.53,24.34,41.89
E02001816,E02001738,24.77,28.49,48.42
E02001816,E02001739,27.15,29.45,50.45
E02001816,E02001740,24.15,27.63,46.87
E02001816,E02001741,28.8,31.5,53.67
E02001816,E02001742,22.75,25.91,44.1
E02001816,E02001743,23.62,26.59,45.11
E02001816,E02001744,22.15,25.71,43.29
E02001816,E02001745,26.03,29.32,49.62
E02001816,E02001746,22.55,25.39,43.09
E02001816,E02001747,22.16,24.6,42.03
E02001816,E02001748,20.92,22.7,39.14
E02001816,E02001749,23.86,26.31,44.98
E02001816,E02001750,21.32,23.96,40.72
E02001816,E02001751,24.08,27.06,45.9
E02001816,E02001752,20.3,22.62,38.51
E02001816,E02001753,21.16,23.48,40.27
E02001816,E02001754,20.13,22.21,37.97
E02001816,E02001755,24.26,27.36,46.38
E02001816,E02001756,24.81,27.38,47.12
E02001816,E02001757,18.98,20.76,35.66
E02001816,E02001758,19.22,21.78,36.78
E02001816,E02001759,19.15,20.96,35.94
E02001816,E02001760,18.03,19.89,34.01
E02001816,E02001761,20.35,22.53,38.38
E02001816,E02001762,21.48,23.32,40.04
E02001816,E02001763,17.68,19.91,33.77
E02001816,E02001764,17.97,20.12,34.33
E02001816,E02001765,17.6,19.24,33.03
E02001816,E02001766,19.25,21.11,36.12
E02001816,E02001767,20.09,21.91,37.6
E02001816,E02001768,16.4,18.12,30.58
E02001816,E02001769,15.42,17.27,29.15
E02001816,E02001770,15.17,16.74,28.27
E02001816,E02001771,14.67,17.82,29.32
E02001816,E02001772,14.23,16.27,27.1
E02001816,E02001773,13.72,15.89,26.57
E02001816,E02001774,14.66,16.92,28.5
E02001816,E02001775,13.78,16.67,27.81
E02001816,E02001776,15.8,18.01,30.44
E02001816,E02001777,16.61,19.32,32.45
E02001816,E02001778,15.26,17.71,29.64
E02001816,E02001779,14.2,16.55,27.77
E02001816,E02001780,12.67,14.81,24.34
E02001816,E02001781,13.32,15.8,26.38
E02001816,E02001782,15.07,17.88,29.75
E02001816,E02001783,14.08,17.13,28.81
E02001816,E02001784,13.2,15.38,25.88
E02001816,E02001785,12.09,14.1,23.24
E02001816,E02001786,13.68,16.33,26.62
E02001816,E02001787,12.39,15.02,24.89
E02001816,E02001788,11.04,13.85,23.01
E02001816,E02001789,11.38,12.9,21.58
E02001816,E02001790,11.04,13.35,22.37
E02001816,E02001791,8.22,9.6,15.79
E02001816,E02001792,8.35,10.08,16.53
E02001816,E02001793,8.38,12.62,18.99
E02001816,E02001794,7.32,10.51,16.09
E02001816,E02001795,7.41,9.36,15.04
E02001816,E02001796,6.99,8.56,13.83
E02001816,E02001797,12.35,15.29,25.16
E02001816,E02001798,7.9,11.32,17.82
E02001816,E02001799,10.8,13.3,22.03
E02001816,E02001800,11.52,13.92,22.91
E02001816,E02001801,4.34,6.38,10.11
E02001816,E02001802,3.72,5.21,8.08
E02001816,E02001803,4.42,5.44,8.81
E02001816,E02001804,3.62,6.31,9.45
E02001816,E02001805,3.22,4.98,7.77
E02001816,E02001806,5.18,7.2,11.41
E02001816,E02001807,9.68,12.73,20.67
E02001816,E02001808,3.59,5.53,8.32
E02001816,E02001809,10.34,14.09,22.45
E02001816,E02001810,10.66,13.52,21.67
E02001816,E02001811,2.92,4.76,7.49
E02001816,E02001812,3.7,5.36,8.16
E02001816,E02001813,1.42,2.49,3.56
E02001816,E02001814,5.23,7.49,11.41
E02001816,E02001815,8.39,10.83,17.27
E02001816,E02001816,0.61,1.21,1.67
E02001816,E02001817,2.76,5.52,7.59
E02001816,E02001818,4.98,9.02,13.66
E02001816,E02001819,1.21,2.43,3.34
E02001816,E02001820,5.78,7.79,12.27
E02001816,E02001821,3.03,4.85,7.12
E02001816,E02001822,5.08,7.42,11.38
E02001816,E02001823,7.72,10.04,16.07
E02001816,E02001824,6.43,8.58,13.56
E02001816,E02001825,8.19,9.85,16.15
E02001816,E02001826,9.86,11.63,19.21
E02001816,E02006841,18.24,20.97,35.24
E02001816,E02006842,17.95,20.4,35.01
E02001816,E02006893,27.93,30.34,52.07
E02001817,E02001682,29.4,34.21,56.95
E02001817,E02001683,31.86,37.11,61.7
E02001817,E02001684,17.12,20.62,34.12
E02001817,E02001685,26.67,31.43,52.05
E02001817,E02001686,27.29,32.42,53.51
E02001817,E02001688,21.97,25.51,42.56
E02001817,E02001689,20.15,25.25,41.17
E02001817,E02001690,23.69,28.11,46.35
E02001817,E02001691,19.67,24.03,39.47
E02001817,E02001692,18.32,24.04,38.75
E02001817,E02001693,17.72,22.32,36.53
E02001817,E02001694,21.81,26.03,42.96
E02001817,E02001695,15.24,18.5,30.58
E02001817,E02001696,16.29,20.3,33.17
E02001817,E02001697,18.11,22.45,36.85
E02001817,E02001698,24.3,29.13,47.96
E02001817,E02001699,17.07,22.37,35.17
E02001817,E02001700,21.9,25.44,42.58
E02001817,E02001701,17.99,21.8,35.76
E02001817,E02001702,16.25,21.25,33.87
E02001817,E02001703,28.57,33.62,56.6
E02001817,E02001704,16.61,21.78,35.24
E02001817,E02001705,33.87,43.59,70.79
E02001817,E02001706,15.3,19.14,31.47
E02001817,E02001707,13.25,20.13,30.76
E02001817,E02001708,29.57,34.16,57.11
E02001817,E02001709,27.43,30.84,52.07
E02001817,E02001710,27.79,33.03,54.68
E02001817,E02001711,29.1,33.59,56.44
E02001817,E02001712,25.52,28.93,48.93
E02001817,E02001713,25.94,29.15,49.5
E02001817,E02001714,25.7,28.76,48.71
E02001817,E02001715,27.49,31.76,53.06
E02001817,E02001718,27.22,30.57,51.78
E02001817,E02001719,24.5,27.67,46.88
E02001817,E02001720,23.9,27.12,45.77
E02001817,E02001721,30.58,34.48,58.14
E02001817,E02001722,28.56,33.24,55.38
E02001817,E02001723,25.71,28.64,48.87
E02001817,E02001724,23.28,26.13,44.24
E02001817,E02001725,24.22,27.65,46.84
E02001817,E02001726,25.64,29.66,49.72
E02001817,E02001727,22.25,25.24,42.58
E02001817,E02001728,27.74,31.99,53.47
E02001817,E02001729,23.66,27.54,45.94
E02001817,E02001730,22.24,25.41,42.82
E02001817,E02001731,22.38,25.94,43.37
E02001817,E02001732,26.65,30.71,51.53
E02001817,E02001733,23.85,27.65,46.61
E02001817,E02001734,25.06,28.91,48.35
E02001817,E02001735,24.0,27.4,46.08
E02001817,E02001736,23.96,27.7,46.32
E02001817,E02001737,24.17,27.36,46.22
E02001817,E02001738,26.41,31.5,52.75
E02001817,E02001739,28.79,32.47,54.78
E02001817,E02001740,25.79,30.65,51.21
E02001817,E02001741,30.44,34.52,58.0
E02001817,E02001742,24.39,28.93,48.44
E02001817,E02001743,25.26,29.61,49.44
E02001817,E02001744,23.79,28.73,47.63
E02001817,E02001745,27.67,32.34,53.95
E02001817,E02001746,24.19,28.41,47.42
E02001817,E02001747,23.8,27.62,46.37
E02001817,E02001748,22.56,25.72,43.48
E02001817,E02001749,25.5,29.32,49.31
E02001817,E02001750,22.96,26.98,45.05
E02001817,E02001751,25.72,30.08,50.23
E02001817,E02001752,21.94,25.64,42.84
E02001817,E02001753,22.8,26.5,44.61
E02001817,E02001754,21.77,25.23,42.31
E02001817,E02001755,25.9,30.38,50.71
E02001817,E02001756,26.45,30.4,51.45
E02001817,E02001757,20.62,23.78,40.0
E02001817,E02001758,20.86,24.8,41.11
E02001817,E02001759,20.79,23.98,40.27
E02001817,E02001760,19.67,22.91,38.34
E02001817,E02001761,21.99,25.55,42.71
E02001817,E02001762,23.12,26.34,44.38
E02001817,E02001763,19.31,22.93,38.1
E02001817,E02001764,19.61,23.14,38.66
E02001817,E02001765,19.24,22.26,37.36
E02001817,E02001766,20.89,24.13,40.45
E02001817,E02001767,21.73,24.93,41.93
E02001817,E02001768,16.11,19.47,31.71
E02001817,E02001769,15.13,18.62,30.28
E02001817,E02001770,14.88,18.09,29.41
E02001817,E02001771,14.39,19.17,30.45
E02001817,E02001772,13.94,17.62,28.24
E02001817,E02001773,13.43,17.24,27.7
E02001817,E02001774,16.3,19.94,32.83
E02001817,E02001775,13.49,18.02,28.95
E02001817,E02001776,17.44,21.03,34.77
E02001817,E02001777,18.24,22.34,36.78
E02001817,E02001778,14.97,19.06,30.77
E02001817,E02001779,15.66,19.57,32.1
E02001817,E02001780,12.38,16.16,25.47
E02001817,E02001781,14.96,18.82,30.71
E02001817,E02001782,16.71,20.9,34.08
E02001817,E02001783,14.53,18.48,29.94
E02001817,E02001784,14.84,18.4,30.21
E02001817,E02001785,11.8,15.45,24.38
E02001817,E02001786,13.39,17.68,27.75
E02001817,E02001787,14.03,18.04,29.22
E02001817,E02001788,12.37,16.87,27.34
E02001817,E02001789,11.09,14.25,22.71
E02001817,E02001790,11.69,14.7,23.5
E02001817,E02001791,7.93,10.95,16.93
E02001817,E02001792,8.06,11.43,17.66
E02001817,E02001793,9.71,15.34,22.99
E02001817,E02001794,8.25,13.23,19.44
E02001817,E02001795,7.12,10.71,16.17
E02001817,E02001796,6.7,9.91,14.97
E02001817,E02001797,13.99,18.31,29.49
E02001817,E02001798,9.54,14.34,22.15
E02001817,E02001799,12.44,16.32,26.36
E02001817,E02001800,12.86,16.76,26.41
E02001817,E02001801,4.31,7.73,11.24
E02001817,E02001802,5.21,8.34,12.41
E02001817,E02001803,4.13,6.79,9.94
E02001817,E02001804,5.2,9.45,13.78
E02001817,E02001805,4.18,7.92,11.05
E02001817,E02001806,4.58,8.55,12.45
E02001817,E02001807,11.32,15.75,25.01
E02001817,E02001808,3.66,7.07,9.83
E02001817,E02001809,11.41,16.94,25.95
E02001817,E02001810,11.73,16.37,25.17
E02001817,E02001811,4.56,7.9,11.82
E02001817,E02001812,2.9,5.74,7.91
E02001817,E02001813,2.99,5.65,7.89
E02001817,E02001814,4.21,7.66,10.83
E02001817,E02001815,9.46,13.68,20.78
E02001817,E02001816,2.76,5.52,7.59
E02001817,E02001817,0.89,1.45,2.11
E02001817,E02001818,2.36,4.73,6.5
E02001817,E02001819,2.23,4.45,6.12
E02001817,E02001820,6.84,10.64,15.77
E02001817,E02001821,1.78,2.89,4.23
E02001817,E02001822,6.15,10.27,14.88
E02001817,E02001823,8.53,11.83,18.33
E02001817,E02001824,7.24,10.37,15.81
E02001817,E02001825,9.01,11.65,18.4
E02001817,E02001826,10.06,13.42,21.46
E02001817,E02006841,19.88,23.99,39.57
E02001817,E02006842,19.03,23.25,38.51
E02001817,E02006893,29.57,33.36,56.4
E02001818,E02001682,31.77,36.91,61.75
E02001818,E02001683,34.22,39.81,66.49
E02001818,E02001684,18.8,21.87,36.36
E02001818,E02001685,29.03,34.16,56.85
E02001818,E02001686,29.66,35.15,58.3
E02001818,E02001688,24.27,28.24,47.36
E02001818,E02001689,22.45,26.5,44.31
E02001818,E02001690,26.06,30.84,51.15
E02001818,E02001691,22.03,26.77,44.27
E02001818,E02001692,20.69,25.89,42.19
E02001818,E02001693,19.41,23.57,38.77
E02001818,E02001694,24.17,28.77,47.75
E02001818,E02001695,16.92,19.75,32.82
E02001818,E02001696,17.97,21.55,35.41
E02001818,E02001697,20.47,25.18,41.65
E02001818,E02001698,26.66,31.86,52.76
E02001818,E02001699,19.43,23.99,38.99
E02001818,E02001700,24.27,28.18,47.38
E02001818,E02001701,20.36,24.53,40.56
E02001818,E02001702,18.62,23.42,38.25
E02001818,E02001703,30.94,36.36,61.4
E02001818,E02001704,18.97,24.51,40.04
E02001818,E02001705,36.24,46.32,75.59
E02001818,E02001706,17.67,21.88,36.27
E02001818,E02001707,15.61,23.02,36.47
E02001818,E02001708,31.26,35.41,59.35
E02001818,E02001709,29.12,32.09,54.31
E02001818,E02001710,29.47,34.28,56.92
E02001818,E02001711,30.78,34.84,58.68
E02001818,E02001712,27.21,30.17,51.17
E02001818,E02001713,27.62,30.39,51.74
E02001818,E02001714,27.29,30.01,50.95
E02001818,E02001715,29.17,33.01,55.3
E02001818,E02001718,28.91,31.82,54.02
E02001818,E02001719,26.01,28.91,49.12
E02001818,E02001720,25.59,28.37,48.01
E02001818,E02001721,32.95,36.84,62.16
E02001818,E02001722,30.25,34.55,57.62
E02001818,E02001723,27.4,29.89,51.11
E02001818,E02001724,24.97,27.38,46.48
E02001818,E02001725,25.91,28.9,49.08
E02001818,E02001726,27.33,30.91,51.96
E02001818,E02001727,23.76,26.48,44.82
E02001818,E02001728,30.11,34.35,57.72
E02001818,E02001729,25.35,28.79,48.18
E02001818,E02001730,23.93,26.66,45.06
E02001818,E02001731,24.07,27.18,45.61
E02001818,E02001732,28.34,31.96,53.77
E02001818,E02001733,25.53,28.9,48.85
E02001818,E02001734,26.74,30.16,50.59
E02001818,E02001735,25.51,28.65,48.32
E02001818,E02001736,25.65,28.95,48.56
E02001818,E02001737,25.68,28.61,48.46
E02001818,E02001738,27.92,32.75,54.99
E02001818,E02001739,30.3,33.72,57.02
E02001818,E02001740,27.29,31.89,53.45
E02001818,E02001741,32.12,35.77,60.24
E02001818,E02001742,25.9,30.18,50.68
E02001818,E02001743,26.76,30.86,51.68
E02001818,E02001744,25.3,29.98,49.87
E02001818,E02001745,29.18,33.58,56.19
E02001818,E02001746,25.7,29.66,49.66
E02001818,E02001747,25.31,28.87,48.61
E02001818,E02001748,24.07,26.97,45.72
E02001818,E02001749,27.0,30.57,51.55
E02001818,E02001750,24.46,28.23,47.29
E02001818,E02001751,27.23,31.33,52.47
E02001818,E02001752,23.45,26.89,45.08
E02001818,E02001753,24.3,27.75,46.85
E02001818,E02001754,23.27,26.47,44.55
E02001818,E02001755,27.41,31.62,52.95
E02001818,E02001756,27.96,31.65,53.69
E02001818,E02001757,22.12,25.03,42.24
E02001818,E02001758,22.36,26.05,43.35
E02001818,E02001759,22.3,25.22,42.51
E02001818,E02001760,21.18,24.16,40.58
E02001818,E02001761,23.49,26.8,44.95
E02001818,E02001762,24.62,27.59,46.62
E02001818,E02001763,20.82,24.18,40.34
E02001818,E02001764,21.12,24.38,40.9
E02001818,E02001765,20.75,23.51,39.6
E02001818,E02001766,22.39,25.37,42.69
E02001818,E02001767,23.23,26.17,44.17
E02001818,E02001768,16.29,18.95,31.67
E02001818,E02001769,15.31,18.1,30.24
E02001818,E02001770,15.06,17.57,29.36
E02001818,E02001771,14.57,18.65,30.41
E02001818,E02001772,14.12,17.1,28.2
E02001818,E02001773,13.61,16.71,27.66
E02001818,E02001774,17.81,21.19,35.07
E02001818,E02001775,13.67,17.5,28.9
E02001818,E02001776,18.7,22.28,37.01
E02001818,E02001777,19.83,23.59,39.03
E02001818,E02001778,15.16,18.53,30.73
E02001818,E02001779,15.84,19.67,32.17
E02001818,E02001780,12.56,15.64,25.43
E02001818,E02001781,16.09,19.1,31.81
E02001818,E02001782,18.4,22.15,36.33
E02001818,E02001783,14.71,17.96,29.9
E02001818,E02001784,16.08,19.65,32.45
E02001818,E02001785,11.99,14.93,24.34
E02001818,E02001786,13.57,17.16,27.71
E02001818,E02001787,15.27,19.29,31.46
E02001818,E02001788,13.41,17.26,28.12
E02001818,E02001789,11.27,13.73,22.67
E02001818,E02001790,11.88,14.18,23.46
E02001818,E02001791,8.11,10.43,16.89
E02001818,E02001792,8.25,10.91,17.62
E02001818,E02001793,10.75,15.4,23.61
E02001818,E02001794,8.82,13.04,20.07
E02001818,E02001795,7.31,10.19,16.13
E02001818,E02001796,6.88,9.39,14.93
E02001818,E02001797,16.11,19.56,31.73
E02001818,E02001798,10.77,15.44,23.67
E02001818,E02001799,14.56,17.57,28.6
E02001818,E02001800,15.22,18.76,30.66
E02001818,E02001801,5.56,8.66,13.25
E02001818,E02001802,6.5,9.47,14.65
E02001818,E02001803,4.64,6.61,10.23
E02001818,E02001804,7.22,10.58,16.02
E02001818,E02001805,5.52,8.94,13.17
E02001818,E02001806,4.06,6.1,9.15
E02001818,E02001807,13.45,17.0,27.25
E02001818,E02001808,4.95,8.09,11.85
E02001818,E02001809,13.77,18.61,29.9
E02001818,E02001810,14.09,19.55,30.87
E02001818,E02001811,6.64,9.03,14.06
E02001818,E02001812,3.29,5.41,7.87
E02001818,E02001813,5.21,7.5,11.42
E02001818,E02001814,2.46,4.07,5.97
E02001818,E02001815,11.83,16.86,26.48
E02001818,E02001816,4.98,9.02,13.66
E02001818,E02001817,2.36,4.73,6.5
E02001818,E02001818,1.18,2.04,2.98
E02001818,E02001819,4.59,8.19,12.23
E02001818,E02001820,9.21,13.82,21.47
E02001818,E02001821,3.08,4.82,7.13
E02001818,E02001822,8.51,13.46,20.59
E02001818,E02001823,10.36,14.49,22.93
E02001818,E02001824,8.38,13.03,20.41
E02001818,E02001825,9.71,14.3,22.85
E02001818,E02001826,10.52,15.08,24.35
E02001818,E02006841,21.56,25.24,41.81
E02001818,E02006842,21.28,25.98,43.21
E02001818,E02006893,31.26,34.6,58.64
E02001819,E02001682,27.26,29.93,51.07
E02001819,E02001683,29.72,32.83,55.81
E02001819,E02001684,15.31,17.03,29.04
E02001819,E02001685,24.53,27.15,46.16
E02001819,E02001686,25.15,28.14,47.62
E02001819,E02001688,19.83,21.23,36.67
E02001819,E02001689,18.01,20.99,35.29
E02001819,E02001690,21.56,23.83,40.46
E02001819,E02001691,17.53,19.76,33.59
E02001819,E02001692,16.18,19.76,32.86
E02001819,E02001693,15.92,18.73,31.46
E02001819,E02001694,19.67,21.76,37.07
E02001819,E02001695,13.44,14.91,25.51
E02001819,E02001696,14.48,16.71,28.09
E02001819,E02001697,15.97,18.17,30.97
E02001819,E02001698,22.16,24.85,42.08
E02001819,E02001699,14.93,18.09,29.29
E02001819,E02001700,19.76,21.17,36.7
E02001819,E02001701,15.86,17.52,29.88
E02001819,E02001702,14.11,16.97,27.99
E02001819,E02001703,26.43,29.35,50.72
E02001819,E02001704,14.47,17.5,29.36
E02001819,E02001705,31.73,39.31,64.91
E02001819,E02001706,13.16,14.87,25.59
E02001819,E02001707,11.11,15.86,24.88
E02001819,E02001708,27.5,30.57,52.04
E02001819,E02001709,25.53,27.25,46.99
E02001819,E02001710,25.89,29.44,49.61
E02001819,E02001711,27.03,30.0,51.36
E02001819,E02001712,23.63,25.34,43.85
E02001819,E02001713,24.04,25.55,44.42
E02001819,E02001714,23.81,25.17,43.63
E02001819,E02001715,25.59,28.17,47.99
E02001819,E02001718,25.15,26.98,46.7
E02001819,E02001719,22.7,24.07,41.81
E02001819,E02001720,22.01,23.53,40.69
E02001819,E02001721,28.45,30.2,52.26
E02001819,E02001722,26.43,28.96,49.57
E02001819,E02001723,23.59,25.05,43.79
E02001819,E02001724,21.38,22.54,39.17
E02001819,E02001725,22.32,24.06,41.76
E02001819,E02001726,23.51,26.07,44.65
E02001819,E02001727,20.45,21.65,37.5
E02001819,E02001728,25.61,27.72,47.59
E02001819,E02001729,21.54,23.95,40.86
E02001819,E02001730,20.35,21.82,37.74
E02001819,E02001731,20.25,22.35,38.3
E02001819,E02001732,24.53,26.77,46.31
E02001819,E02001733,21.95,24.06,41.53
E02001819,E02001734,22.93,25.32,43.28
E02001819,E02001735,22.2,23.81,41.01
E02001819,E02001736,21.84,24.11,41.25
E02001819,E02001737,22.37,23.77,41.14
E02001819,E02001738,24.61,27.91,47.68
E02001819,E02001739,26.99,28.88,49.7
E02001819,E02001740,23.98,27.06,46.13
E02001819,E02001741,28.54,30.93,52.92
E02001819,E02001742,22.59,25.34,43.36
E02001819,E02001743,23.46,26.02,44.37
E02001819,E02001744,21.99,25.14,42.55
E02001819,E02001745,25.87,28.74,48.88
E02001819,E02001746,22.39,24.82,42.34
E02001819,E02001747,22.0,24.03,41.29
E02001819,E02001748,20.76,22.13,38.4
E02001819,E02001749,23.7,25.73,44.23
E02001819,E02001750,21.16,23.39,39.98
E02001819,E02001751,23.92,26.49,45.16
E02001819,E02001752,20.14,22.05,37.77
E02001819,E02001753,20.99,22.91,39.53
E02001819,E02001754,19.96,21.63,37.23
E02001819,E02001755,24.1,26.78,45.63
E02001819,E02001756,24.65,26.81,46.37
E02001819,E02001757,18.82,20.19,34.92
E02001819,E02001758,19.05,21.21,36.03
E02001819,E02001759,18.99,20.38,35.19
E02001819,E02001760,17.87,19.32,33.27
E02001819,E02001761,20.18,21.96,37.64
E02001819,E02001762,21.32,22.75,39.3
E02001819,E02001763,17.51,19.34,33.02
E02001819,E02001764,17.81,19.55,33.58
E02001819,E02001765,17.44,18.67,32.28
E02001819,E02001766,19.09,20.53,35.37
E02001819,E02001767,19.93,21.34,36.86
E02001819,E02001768,17.43,19.78,33.36
E02001819,E02001769,16.25,18.24,31.03
E02001819,E02001770,16.2,18.39,31.05
E02001819,E02001771,15.71,19.48,32.1
E02001819,E02001772,15.26,17.93,29.89
E02001819,E02001773,14.75,17.54,29.35
E02001819,E02001774,14.5,16.35,27.75
E02001819,E02001775,14.81,18.33,30.59
E02001819,E02001776,15.64,17.44,29.69
E02001819,E02001777,16.44,18.75,31.71
E02001819,E02001778,15.81,18.08,30.48
E02001819,E02001779,14.03,15.98,27.02
E02001819,E02001780,13.7,16.47,27.12
E02001819,E02001781,13.16,15.23,25.63
E02001819,E02001782,14.91,17.31,29.01
E02001819,E02001783,14.51,16.84,28.44
E02001819,E02001784,13.04,14.81,25.14
E02001819,E02001785,13.13,15.76,26.02
E02001819,E02001786,14.67,17.99,29.4
E02001819,E02001787,12.23,14.45,24.14
E02001819,E02001788,11.29,13.28,22.27
E02001819,E02001789,12.41,14.56,24.36
E02001819,E02001790,11.47,13.94,23.58
E02001819,E02001791,9.25,11.26,18.57
E02001819,E02001792,9.39,11.73,19.31
E02001819,E02001793,8.95,12.82,20.13
E02001819,E02001794,8.35,12.16,18.87
E02001819,E02001795,8.45,11.02,17.82
E02001819,E02001796,8.02,10.22,16.61
E02001819,E02001797,12.19,14.72,24.41
E02001819,E02001798,7.73,10.75,17.07
E02001819,E02001799,10.64,12.73,21.29
E02001819,E02001800,10.72,12.49,20.53
E02001819,E02001801,5.37,8.03,12.89
E02001819,E02001802,4.75,6.86,10.86
E02001819,E02001803,5.45,7.09,11.59
E02001819,E02001804,4.66,7.96,12.23
E02001819,E02001805,4.26,6.64,10.55
E02001819,E02001806,6.21,8.85,14.19
E02001819,E02001807,9.52,12.16,19.93
E02001819,E02001808,4.63,7.18,11.1
E02001819,E02001809,9.27,12.66,20.07
E02001819,E02001810,9.59,12.09,19.29
E02001819,E02001811,3.35,5.94,8.97
E02001819,E02001812,4.61,7.01,10.94
E02001819,E02001813,2.45,4.15,6.34
E02001819,E02001814,6.08,9.14,14.19
E02001819,E02001815,7.32,9.4,14.89
E02001819,E02001816,1.21,2.43,3.34
E02001819,E02001817,2.23,4.45,6.12
E02001819,E02001818,4.59,8.19,12.23
E02001819,E02001819,0.61,1.21,1.67
E02001819,E02001820,4.7,6.36,9.89
E02001819,E02001821,2.45,3.69,5.53
E02001819,E02001822,4.01,6.0,9.0
E02001819,E02001823,6.6,8.5,13.54
E02001819,E02001824,5.31,7.04,11.02
E02001819,E02001825,7.07,8.31,13.61
E02001819,E02001826,8.73,10.09,16.67
E02001819,E02006841,17.91,20.4,34.49
E02001819,E02006842,16.89,18.97,32.63
E02001819,E02006893,27.45,29.76,51.33
E02001820,E02001682,23.19,24.7,42.78
E02001820,E02001683,25.65,27.61,47.53
E02001820,E02001684,12.52,12.09,21.5
E02001820,E02001685,20.45,21.92,37.88
E02001820,E02001686,21.08,22.91,39.34
E02001820,E02001688,15.76,16.0,28.39
E02001820,E02001689,13.93,15.76,27.01
E02001820,E02001690,17.48,18.6,32.18
E02001820,E02001691,13.46,14.53,25.31
E02001820,E02001692,12.11,14.53,24.58
E02001820,E02001693,12.78,13.8,23.92
E02001820,E02001694,15.6,16.53,28.79
E02001820,E02001695,11.04,10.37,18.65
E02001820,E02001696,11.42,11.5,20.06
E02001820,E02001697,11.89,12.95,22.69
E02001820,E02001698,18.09,19.62,33.8
E02001820,E02001699,10.85,12.86,21.01
E02001820,E02001700,15.69,15.94,28.42
E02001820,E02001701,11.78,12.3,21.6
E02001820,E02001702,10.04,11.74,19.71
E02001820,E02001703,22.19,24.12,42.44
E02001820,E02001704,10.4,12.27,21.08
E02001820,E02001705,27.5,34.09,56.63
E02001820,E02001706,9.09,9.64,17.31
E02001820,E02001707,7.03,10.63,16.6
E02001820,E02001708,23.43,25.64,44.5
E02001820,E02001709,21.46,22.32,39.45
E02001820,E02001710,21.81,24.5,42.07
E02001820,E02001711,22.96,25.07,43.82
E02001820,E02001712,19.55,20.4,36.31
E02001820,E02001713,19.97,20.62,36.88
E02001820,E02001714,19.73,20.23,36.09
E02001820,E02001715,21.52,23.24,40.45
E02001820,E02001718,21.08,22.05,39.16
E02001820,E02001719,18.81,19.14,34.3
E02001820,E02001720,17.93,18.6,33.15
E02001820,E02001721,24.37,24.98,43.98
E02001820,E02001722,22.36,23.73,41.28
E02001820,E02001723,19.52,20.12,36.25
E02001820,E02001724,17.31,17.6,31.63
E02001820,E02001725,18.25,19.3,34.27
E02001820,E02001726,19.44,21.14,37.11
E02001820,E02001727,19.49,20.28,36.1
E02001820,E02001728,21.53,22.49,39.31
E02001820,E02001729,17.46,19.02,33.32
E02001820,E02001730,16.27,16.89,30.2
E02001820,E02001731,16.18,17.41,30.76
E02001820,E02001732,20.45,21.54,38.03
E02001820,E02001733,17.88,19.13,33.99
E02001820,E02001734,18.86,20.38,35.74
E02001820,E02001735,18.4,20.43,36.01
E02001820,E02001736,17.76,19.18,33.71
E02001820,E02001737,19.19,20.3,35.93
E02001820,E02001738,24.9,27.17,46.64
E02001820,E02001739,26.64,27.54,48.61
E02001820,E02001740,24.27,26.32,45.09
E02001820,E02001741,24.47,25.99,45.38
E02001820,E02001742,22.88,24.6,42.32
E02001820,E02001743,23.75,25.28,43.33
E02001820,E02001744,22.28,24.4,41.51
E02001820,E02001745,24.99,26.68,46.5
E02001820,E02001746,22.68,24.08,41.3
E02001820,E02001747,22.29,23.29,40.25
E02001820,E02001748,21.05,21.39,37.36
E02001820,E02001749,23.99,24.68,43.19
E02001820,E02001750,21.45,22.65,38.94
E02001820,E02001751,23.0,23.86,42.16
E02001820,E02001752,20.43,21.31,36.73
E02001820,E02001753,21.28,22.17,38.49
E02001820,E02001754,20.26,20.89,36.19
E02001820,E02001755,22.84,24.32,42.5
E02001820,E02001756,21.35,21.88,38.94
E02001820,E02001757,19.11,19.45,33.88
E02001820,E02001758,19.34,20.47,34.99
E02001820,E02001759,19.28,19.64,34.15
E02001820,E02001760,18.16,18.58,32.23
E02001820,E02001761,20.47,21.22,36.6
E02001820,E02001762,21.61,21.96,38.26
E02001820,E02001763,17.8,18.6,31.98
E02001820,E02001764,18.1,18.81,32.54
E02001820,E02001765,17.73,17.93,31.24
E02001820,E02001766,19.38,19.79,34.33
E02001820,E02001767,20.22,20.6,35.81
E02001820,E02001768,17.9,19.18,32.68
E02001820,E02001769,16.54,17.5,29.99
E02001820,E02001770,17.17,18.97,31.86
E02001820,E02001771,18.56,20.96,35.1
E02001820,E02001772,16.63,18.5,31.03
E02001820,E02001773,17.37,18.93,32.18
E02001820,E02001774,14.79,15.61,26.71
E02001820,E02001775,17.76,19.81,33.63
E02001820,E02001776,15.45,15.2,27.22
E02001820,E02001777,14.76,14.76,26.22
E02001820,E02001778,16.1,17.34,29.44
E02001820,E02001779,14.32,15.24,25.98
E02001820,E02001780,16.55,18.64,31.4
E02001820,E02001781,13.44,14.49,24.59
E02001820,E02001782,13.59,13.33,23.52
E02001820,E02001783,14.8,16.1,27.4
E02001820,E02001784,13.33,12.98,23.41
E02001820,E02001785,16.3,18.04,30.3
E02001820,E02001786,14.96,17.6,29.83
E02001820,E02001787,12.52,13.71,23.1
E02001820,E02001788,11.58,12.54,21.23
E02001820,E02001789,13.68,15.31,26.09
E02001820,E02001790,11.76,13.2,22.54
E02001820,E02001791,12.34,13.54,22.86
E02001820,E02001792,12.56,14.02,23.59
E02001820,E02001793,9.24,12.08,19.09
E02001820,E02001794,10.11,12.22,19.8
E02001820,E02001795,11.13,12.64,21.12
E02001820,E02001796,11.19,12.5,20.89
E02001820,E02001797,8.5,10.48,16.85
E02001820,E02001798,8.02,10.01,16.03
E02001820,E02001799,7.75,8.73,14.69
E02001820,E02001800,6.64,7.26,12.25
E02001820,E02001801,8.21,9.47,15.69
E02001820,E02001802,7.16,8.16,13.53
E02001820,E02001803,8.88,9.6,16.26
E02001820,E02001804,6.02,8.09,12.6
E02001820,E02001805,7.1,7.94,13.26
E02001820,E02001806,10.08,11.36,19.02
E02001820,E02001807,5.68,7.11,11.85
E02001820,E02001808,7.87,8.94,14.95
E02001820,E02001809,5.19,7.44,11.78
E02001820,E02001810,5.51,6.87,11.01
E02001820,E02001811,4.92,5.48,9.17
E02001820,E02001812,8.6,10.41,16.88
E02001820,E02001813,6.3,7.55,12.28
E02001820,E02001814,10.12,12.54,20.13
E02001820,E02001815,3.25,4.18,6.61
E02001820,E02001816,5.78,7.79,12.27
E02001820,E02001817,6.84,10.64,15.77
E02001820,E02001818,9.21,13.82,21.47
E02001820,E02001819,4.7,6.36,9.89
E02001820,E02001820,0.94,1.25,1.95
E02001820,E02001821,7.07,9.32,14.78
E02001820,E02001822,1.89,2.49,3.91
E02001820,E02001823,4.28,7.64,11.19
E02001820,E02001824,5.27,6.72,10.69
E02001820,E02001825,6.94,7.89,13.1
E02001820,E02001826,8.61,9.66,16.16
E02001820,E02006841,13.83,15.23,26.75
E02001820,E02006842,12.81,13.75,24.35
E02001820,E02006893,23.37,24.83,43.79
E02001821,E02001682,29.63,32.9,55.96
E02001821,E02001683,32.09,35.8,60.71
E02001821,E02001684,17.68,18.77,32.09
E02001821,E02001685,26.89,30.11,51.06
E02001821,E02001686,27.52,31.1,52.52
E02001821,E02001688,22.2,24.2,41.57
E02001821,E02001689,20.37,23.41,40.05
E02001821,E02001690,23.92,26.79,45.36
E02001821,E02001691,19.89,22.72,38.48
E02001821,E02001692,18.55,22.72,37.76
E02001821,E02001693,18.28,20.48,34.51
E02001821,E02001694,22.04,24.72,41.97
E02001821,E02001695,15.8,16.66,28.56
E02001821,E02001696,16.85,18.46,31.15
E02001821,E02001697,18.33,21.14,35.86
E02001821,E02001698,24.52,27.81,46.98
E02001821,E02001699,17.29,20.9,34.19
E02001821,E02001700,22.13,24.13,41.59
E02001821,E02001701,18.22,20.49,34.78
E02001821,E02001702,16.48,19.93,32.89
E02001821,E02001703,28.8,32.31,55.62
E02001821,E02001704,16.84,20.47,34.25
E02001821,E02001705,34.1,42.28,69.81
E02001821,E02001706,15.53,17.83,30.49
E02001821,E02001707,13.47,18.82,29.78
E02001821,E02001708,29.87,32.32,55.09
E02001821,E02001709,27.9,29.0,50.05
E02001821,E02001710,28.25,31.18,52.66
E02001821,E02001711,29.39,31.75,54.42
E02001821,E02001712,25.99,27.08,46.9
E02001821,E02001713,26.41,27.3,47.48
E02001821,E02001714,26.17,26.91,46.69
E02001821,E02001715,27.95,29.92,51.04
E02001821,E02001718,27.52,28.73,49.75
E02001821,E02001719,25.07,25.82,44.86
E02001821,E02001720,24.37,25.28,43.74
E02001821,E02001721,30.81,33.17,57.16
E02001821,E02001722,28.8,31.46,53.36
E02001821,E02001723,25.95,26.8,46.85
E02001821,E02001724,23.75,24.28,42.22
E02001821,E02001725,24.69,25.81,44.82
E02001821,E02001726,25.88,27.82,47.7
E02001821,E02001727,22.81,23.39,40.56
E02001821,E02001728,27.97,30.68,52.48
E02001821,E02001729,23.9,25.7,43.92
E02001821,E02001730,22.71,23.57,40.8
E02001821,E02001731,22.62,24.09,41.35
E02001821,E02001732,26.89,28.87,49.51
E02001821,E02001733,24.32,25.81,44.59
E02001821,E02001734,25.3,27.06,46.33
E02001821,E02001735,24.56,25.56,44.06
E02001821,E02001736,24.2,25.86,44.3
E02001821,E02001737,24.73,25.52,44.2
E02001821,E02001738,26.97,29.66,50.73
E02001821,E02001739,29.35,30.63,52.76
E02001821,E02001740,26.35,28.8,49.18
E02001821,E02001741,30.9,32.67,55.98
E02001821,E02001742,24.95,27.09,46.41
E02001821,E02001743,25.82,27.76,47.42
E02001821,E02001744,24.35,26.89,45.6
E02001821,E02001745,28.23,30.49,51.93
E02001821,E02001746,24.76,26.57,45.4
E02001821,E02001747,24.36,25.77,44.34
E02001821,E02001748,23.12,23.88,41.45
E02001821,E02001749,26.06,27.48,47.29
E02001821,E02001750,23.52,25.14,43.03
E02001821,E02001751,26.28,28.24,48.21
E02001821,E02001752,22.5,23.79,40.82
E02001821,E02001753,23.36,24.66,42.58
E02001821,E02001754,22.33,23.38,40.28
E02001821,E02001755,26.46,28.53,48.69
E02001821,E02001756,27.01,28.56,49.43
E02001821,E02001757,21.18,21.94,37.97
E02001821,E02001758,21.42,22.96,39.09
E02001821,E02001759,21.35,22.13,38.25
E02001821,E02001760,20.23,21.07,36.32
E02001821,E02001761,22.55,23.71,40.69
E02001821,E02001762,23.68,24.49,42.35
E02001821,E02001763,19.88,21.09,36.08
E02001821,E02001764,20.18,21.29,36.64
E02001821,E02001765,19.8,20.42,35.34
E02001821,E02001766,21.45,22.28,38.43
E02001821,E02001767,22.29,23.08,39.91
E02001821,E02001768,17.2,21.66,35.54
E02001821,E02001769,16.22,19.99,34.08
E02001821,E02001770,15.97,20.57,33.23
E02001821,E02001771,15.47,21.65,34.28
E02001821,E02001772,15.03,20.1,32.06
E02001821,E02001773,14.52,19.72,31.53
E02001821,E02001774,16.86,18.1,30.81
E02001821,E02001775,14.58,20.5,32.77
E02001821,E02001776,18.0,19.19,32.75
E02001821,E02001777,18.81,20.49,34.76
E02001821,E02001778,16.06,19.83,33.54
E02001821,E02001779,16.4,17.73,30.08
E02001821,E02001780,13.47,18.64,29.3
E02001821,E02001781,15.52,16.98,28.69
E02001821,E02001782,17.27,19.06,32.06
E02001821,E02001783,15.62,18.59,31.49
E02001821,E02001784,15.41,16.55,28.19
E02001821,E02001785,12.89,17.93,28.2
E02001821,E02001786,14.48,20.08,31.58
E02001821,E02001787,14.6,16.2,27.2
E02001821,E02001788,13.65,15.03,25.32
E02001821,E02001789,12.18,16.73,26.54
E02001821,E02001790,12.78,15.69,26.64
E02001821,E02001791,9.02,13.43,20.75
E02001821,E02001792,9.15,13.91,21.49
E02001821,E02001793,11.22,14.57,23.19
E02001821,E02001794,9.4,14.7,22.71
E02001821,E02001795,8.21,13.2,20.0
E02001821,E02001796,7.79,12.39,18.79
E02001821,E02001797,14.55,16.47,27.47
E02001821,E02001798,10.1,12.5,20.13
E02001821,E02001799,13.0,14.47,24.34
E02001821,E02001800,13.08,15.45,25.42
E02001821,E02001801,5.94,10.21,15.06
E02001821,E02001802,6.57,9.56,14.71
E02001821,E02001803,5.22,9.27,13.64
E02001821,E02001804,6.47,10.29,16.08
E02001821,E02001805,5.81,9.34,14.4
E02001821,E02001806,5.51,9.95,14.32
E02001821,E02001807,11.89,13.91,22.98
E02001821,E02001808,5.29,9.55,13.66
E02001821,E02001809,11.63,15.52,24.96
E02001821,E02001810,11.95,15.06,24.18
E02001821,E02001811,5.38,7.68,12.85
E02001821,E02001812,3.82,6.92,9.78
E02001821,E02001813,4.27,6.85,10.18
E02001821,E02001814,5.13,8.02,12.7
E02001821,E02001815,9.69,12.37,19.79
E02001821,E02001816,3.03,4.85,7.12
E02001821,E02001817,1.78,2.89,4.23
E02001821,E02001818,3.08,4.82,7.13
E02001821,E02001819,2.45,3.69,5.53
E02001821,E02001820,7.07,9.32,14.78
E02001821,E02001821,0.89,1.45,2.11
E02001821,E02001822,6.37,8.96,13.9
E02001821,E02001823,8.2,9.99,16.23
E02001821,E02001824,6.79,8.53,13.72
E02001821,E02001825,8.12,9.8,16.31
E02001821,E02001826,8.93,11.58,19.37
E02001821,E02006841,20.27,22.15,37.55
E02001821,E02006842,19.25,21.94,37.52
E02001821,E02006893,29.81,31.51,54.38
E02001822,E02001682,24.45,26.06,45.09
E02001822,E02001683,26.91,28.97,49.84
E02001822,E02001684,13.78,13.45,23.8
E02001822,E02001685,21.71,23.28,40.19
E02001822,E02001686,22.34,24.27,41.65
E02001822,E02001688,17.01,17.37,30.7
E02001822,E02001689,15.19,17.12,29.31
E02001822,E02001690,18.74,19.96,34.49
E02001822,E02001691,14.71,15.89,27.61
E02001822,E02001692,13.37,15.89,26.89
E02001822,E02001693,14.04,15.16,26.22
E02001822,E02001694,16.86,17.89,31.1
E02001822,E02001695,12.29,11.73,20.95
E02001822,E02001696,12.67,12.86,22.37
E02001822,E02001697,13.15,14.31,24.99
E02001822,E02001698,19.35,20.98,36.1
E02001822,E02001699,12.11,14.22,23.31
E02001822,E02001700,16.95,17.3,30.72
E02001822,E02001701,13.04,13.66,23.9
E02001822,E02001702,11.3,13.1,22.01
E02001822,E02001703,23.47,25.48,44.74
E02001822,E02001704,11.66,13.63,23.38
E02001822,E02001705,28.77,35.45,58.93
E02001822,E02001706,10.35,11.0,19.61
E02001822,E02001707,8.29,11.99,18.9
E02001822,E02001708,24.69,27.0,46.8
E02001822,E02001709,22.72,23.68,41.75
E02001822,E02001710,23.07,25.86,44.37
E02001822,E02001711,24.21,26.43,46.13
E02001822,E02001712,20.81,21.76,38.61
E02001822,E02001713,21.23,21.98,39.19
E02001822,E02001714,20.99,21.59,38.39
E02001822,E02001715,22.77,24.6,42.75
E02001822,E02001718,22.34,23.41,41.46
E02001822,E02001719,20.07,20.5,36.6
E02001822,E02001720,19.19,19.96,35.45
E02001822,E02001721,25.63,26.34,46.28
E02001822,E02001722,23.62,25.09,43.59
E02001822,E02001723,20.77,21.48,38.56
E02001822,E02001724,18.57,18.96,33.93
E02001822,E02001725,19.51,20.66,36.57
E02001822,E02001726,20.7,22.5,39.41
E02001822,E02001727,20.75,21.64,38.08
E02001822,E02001728,22.79,23.85,41.61
E02001822,E02001729,18.72,20.38,35.63
E02001822,E02001730,17.53,18.25,32.5
E02001822,E02001731,17.44,18.77,33.06
E02001822,E02001732,21.71,22.9,40.34
E02001822,E02001733,19.14,20.49,36.3
E02001822,E02001734,20.12,21.74,38.04
E02001822,E02001735,19.65,21.79,38.31
E02001822,E02001736,19.02,20.54,36.01
E02001822,E02001737,20.45,21.66,38.24
E02001822,E02001738,25.56,28.3,48.26
E02001822,E02001739,27.9,28.9,50.29
E02001822,E02001740,24.93,27.44,46.71
E02001822,E02001741,25.72,27.35,47.69
E02001822,E02001742,23.54,25.73,43.94
E02001822,E02001743,24.41,26.4,44.95
E02001822,E02001744,22.94,25.53,43.13
E02001822,E02001745,26.25,28.04,48.8
E02001822,E02001746,23.34,25.2,42.92
E02001822,E02001747,22.95,24.41,41.87
E02001822,E02001748,21.71,22.52,38.98
E02001822,E02001749,24.65,26.04,44.82
E02001822,E02001750,22.11,23.77,40.56
E02001822,E02001751,24.26,25.22,44.46
E02001822,E02001752,21.09,22.43,38.35
E02001822,E02001753,21.94,23.29,40.11
E02001822,E02001754,20.92,22.02,37.81
E02001822,E02001755,24.1,25.68,44.8
E02001822,E02001756,22.6,23.24,41.24
E02001822,E02001757,19.77,20.58,35.5
E02001822,E02001758,20.01,21.59,36.61
E02001822,E02001759,19.94,20.77,35.77
E02001822,E02001760,18.82,19.7,33.85
E02001822,E02001761,21.14,22.35,38.22
E02001822,E02001762,22.27,23.13,39.88
E02001822,E02001763,18.46,19.72,33.6
E02001822,E02001764,18.76,19.93,34.16
E02001822,E02001765,18.39,19.05,32.86
E02001822,E02001766,20.04,20.92,35.95
E02001822,E02001767,20.88,21.72,37.44
E02001822,E02001768,18.56,20.3,34.3
E02001822,E02001769,17.2,18.62,31.61
E02001822,E02001770,17.83,20.09,33.48
E02001822,E02001771,18.87,22.08,36.72
E02001822,E02001772,17.29,19.62,32.65
E02001822,E02001773,17.92,20.05,33.8
E02001822,E02001774,15.45,16.73,28.33
E02001822,E02001775,17.98,20.93,35.25
E02001822,E02001776,16.59,16.57,29.52
E02001822,E02001777,16.02,16.12,28.53
E02001822,E02001778,16.76,18.47,31.06
E02001822,E02001779,14.98,16.36,27.6
E02001822,E02001780,16.86,19.5,32.17
E02001822,E02001781,14.11,15.61,26.21
E02001822,E02001782,14.85,14.69,25.83
E02001822,E02001783,15.46,17.23,29.02
E02001822,E02001784,13.99,14.34,25.71
E02001822,E02001785,16.29,18.79,31.08
E02001822,E02001786,15.62,18.72,31.45
E02001822,E02001787,13.18,14.84,24.72
E02001822,E02001788,12.24,13.66,22.85
E02001822,E02001789,14.34,16.44,27.71
E02001822,E02001790,12.42,14.32,24.16
E02001822,E02001791,12.41,14.29,23.63
E02001822,E02001792,12.55,14.77,24.36
E02001822,E02001793,9.9,13.21,20.71
E02001822,E02001794,10.77,13.34,21.42
E02001822,E02001795,11.61,13.76,22.74
E02001822,E02001796,11.19,13.25,21.67
E02001822,E02001797,9.75,11.84,19.16
E02001822,E02001798,8.68,11.14,17.65
E02001822,E02001799,9.0,10.09,16.99
E02001822,E02001800,7.9,8.62,14.55
E02001822,E02001801,8.53,10.59,17.31
E02001822,E02001802,7.83,9.28,15.15
E02001822,E02001803,8.61,10.13,16.64
E02001822,E02001804,6.68,9.21,14.22
E02001822,E02001805,7.42,9.06,14.88
E02001822,E02001806,9.38,11.89,19.25
E02001822,E02001807,6.93,8.47,14.15
E02001822,E02001808,7.79,10.07,16.16
E02001822,E02001809,6.45,8.8,14.09
E02001822,E02001810,6.77,8.23,13.31
E02001822,E02001811,5.58,6.6,10.79
E02001822,E02001812,7.9,10.05,16.0
E02001822,E02001813,5.6,7.18,11.39
E02001822,E02001814,9.42,12.17,19.24
E02001822,E02001815,4.51,5.54,8.92
E02001822,E02001816,5.08,7.42,11.38
E02001822,E02001817,6.15,10.27,14.88
E02001822,E02001818,8.51,13.46,20.59
E02001822,E02001819,4.01,6.0,9.0
E02001822,E02001820,1.89,2.49,3.91
E02001822,E02001821,6.37,8.96,13.9
E02001822,E02001822,0.94,1.25,1.95
E02001822,E02001823,3.85,6.62,9.83
E02001822,E02001824,3.95,5.37,8.35
E02001822,E02001825,5.62,6.54,10.76
E02001822,E02001826,7.29,8.31,13.82
E02001822,E02006841,15.09,16.59,29.05
E02001822,E02006842,14.07,15.11,26.65
E02001822,E02006893,24.63,26.19,46.09
E02001823,E02001682,26.67,27.65,47.96
E02001823,E02001683,29.13,30.56,52.71
E02001823,E02001684,16.34,15.79,29.03
E02001823,E02001685,23.94,24.87,43.06
E02001823,E02001686,24.57,25.86,44.52
E02001823,E02001688,19.3,18.95,33.57
E02001823,E02001689,17.75,18.71,32.18
E02001823,E02001690,20.91,21.55,37.36
E02001823,E02001691,17.23,17.48,30.48
E02001823,E02001692,15.93,17.48,29.97
E02001823,E02001693,16.6,17.49,31.45
E02001823,E02001694,19.08,19.48,33.97
E02001823,E02001695,14.85,14.06,26.18
E02001823,E02001696,15.23,15.19,27.6
E02001823,E02001697,15.61,15.89,27.86
E02001823,E02001698,19.74,22.57,38.97
E02001823,E02001699,14.67,16.35,28.21
E02001823,E02001700,18.89,18.89,33.59
E02001823,E02001701,15.27,15.24,26.78
E02001823,E02001702,13.86,14.69,25.63
E02001823,E02001703,22.85,27.07,47.61
E02001823,E02001704,14.22,15.22,26.25
E02001823,E02001705,28.15,37.03,61.17
E02001823,E02001706,11.86,12.59,22.45
E02001823,E02001707,9.92,13.58,22.54
E02001823,E02001708,27.25,29.33,50.63
E02001823,E02001709,25.28,26.01,45.58
E02001823,E02001710,25.63,28.2,48.2
E02001823,E02001711,26.77,28.67,49.9
E02001823,E02001712,23.37,24.1,42.44
E02001823,E02001713,23.79,24.32,43.01
E02001823,E02001714,23.55,23.93,42.22
E02001823,E02001715,25.33,26.94,46.58
E02001823,E02001718,24.9,25.74,45.29
E02001823,E02001719,22.63,22.84,40.43
E02001823,E02001720,21.75,22.29,39.28
E02001823,E02001721,27.86,27.92,49.15
E02001823,E02001722,26.18,26.68,46.46
E02001823,E02001723,23.33,23.81,42.39
E02001823,E02001724,21.13,21.3,37.76
E02001823,E02001725,22.07,22.99,40.4
E02001823,E02001726,23.26,24.74,42.84
E02001823,E02001727,23.31,23.97,42.23
E02001823,E02001728,25.02,25.44,44.48
E02001823,E02001729,21.28,22.62,39.06
E02001823,E02001730,20.09,20.58,36.33
E02001823,E02001731,20.0,21.01,36.49
E02001823,E02001732,24.27,24.49,43.21
E02001823,E02001733,21.7,22.83,40.12
E02001823,E02001734,22.68,23.98,41.47
E02001823,E02001735,22.21,24.13,42.14
E02001823,E02001736,21.58,22.77,39.44
E02001823,E02001737,23.01,23.99,42.07
E02001823,E02001738,28.72,31.09,54.43
E02001823,E02001739,30.46,31.23,54.74
E02001823,E02001740,28.09,30.23,52.89
E02001823,E02001741,28.28,29.69,51.51
E02001823,E02001742,26.69,28.52,50.12
E02001823,E02001743,27.56,29.19,51.13
E02001823,E02001744,26.1,28.32,49.31
E02001823,E02001745,28.81,30.37,52.63
E02001823,E02001746,26.5,27.99,49.1
E02001823,E02001747,26.1,27.2,48.05
E02001823,E02001748,24.87,25.31,45.16
E02001823,E02001749,27.8,28.38,49.86
E02001823,E02001750,25.26,26.56,46.73
E02001823,E02001751,26.82,27.55,48.29
E02001823,E02001752,24.24,25.22,44.53
E02001823,E02001753,25.1,26.08,46.29
E02001823,E02001754,24.07,24.81,43.99
E02001823,E02001755,26.66,28.01,48.63
E02001823,E02001756,25.16,25.57,45.07
E02001823,E02001757,22.92,23.36,41.68
E02001823,E02001758,23.16,24.38,42.79
E02001823,E02001759,23.09,23.56,41.95
E02001823,E02001760,21.98,22.49,40.03
E02001823,E02001761,24.29,25.13,44.4
E02001823,E02001762,25.42,25.66,45.41
E02001823,E02001763,21.62,22.51,39.78
E02001823,E02001764,21.92,22.72,40.34
E02001823,E02001765,21.55,21.84,39.04
E02001823,E02001766,23.19,23.71,42.13
E02001823,E02001767,24.03,24.51,43.61
E02001823,E02001768,21.72,23.2,40.48
E02001823,E02001769,20.35,21.53,37.79
E02001823,E02001770,20.99,23.0,39.65
E02001823,E02001771,21.52,24.99,41.85
E02001823,E02001772,20.45,22.53,38.83
E02001823,E02001773,20.56,22.95,39.1
E02001823,E02001774,18.61,19.52,34.51
E02001823,E02001775,20.62,23.84,40.34
E02001823,E02001776,19.27,18.9,34.75
E02001823,E02001777,18.58,18.46,33.76
E02001823,E02001778,19.92,21.37,37.24
E02001823,E02001779,18.14,19.27,33.78
E02001823,E02001780,19.51,22.12,36.87
E02001823,E02001781,17.26,18.52,32.39
E02001823,E02001782,17.41,17.02,31.06
E02001823,E02001783,18.62,20.13,35.2
E02001823,E02001784,17.15,16.67,30.94
E02001823,E02001785,18.94,21.41,35.77
E02001823,E02001786,18.78,21.63,37.63
E02001823,E02001787,16.34,17.46,30.9
E02001823,E02001788,15.4,17.17,29.02
E02001823,E02001789,17.49,19.95,33.89
E02001823,E02001790,15.58,17.83,30.34
E02001823,E02001791,15.06,16.91,28.32
E02001823,E02001792,15.2,17.38,29.05
E02001823,E02001793,13.05,16.72,26.89
E02001823,E02001794,13.92,16.85,27.6
E02001823,E02001795,14.26,16.67,27.56
E02001823,E02001796,13.83,15.87,26.36
E02001823,E02001797,12.31,15.17,25.97
E02001823,E02001798,11.84,14.65,23.83
E02001823,E02001799,11.56,13.55,23.8
E02001823,E02001800,10.46,12.08,21.36
E02001823,E02001801,11.18,13.68,22.63
E02001823,E02001802,10.56,12.51,20.61
E02001823,E02001803,11.26,12.74,21.33
E02001823,E02001804,9.83,12.44,19.98
E02001823,E02001805,10.07,12.29,20.3
E02001823,E02001806,12.02,14.5,23.94
E02001823,E02001807,9.49,12.94,20.96
E02001823,E02001808,10.44,12.83,20.85
E02001823,E02001809,9.01,13.27,20.9
E02001823,E02001810,9.33,12.7,20.12
E02001823,E02001811,8.74,9.83,16.55
E02001823,E02001812,10.55,12.66,20.69
E02001823,E02001813,8.25,9.8,16.09
E02001823,E02001814,12.07,14.79,23.93
E02001823,E02001815,7.07,10.01,15.73
E02001823,E02001816,7.72,10.04,16.07
E02001823,E02001817,8.53,11.83,18.33
E02001823,E02001818,10.36,14.49,22.93
E02001823,E02001819,6.6,8.5,13.54
E02001823,E02001820,4.28,7.64,11.19
E02001823,E02001821,8.2,9.99,16.23
E02001823,E02001822,3.85,6.62,9.83
E02001823,E02001823,1.44,2.17,3.25
E02001823,E02001824,2.87,4.34,6.49
E02001823,E02001825,4.37,5.51,8.79
E02001823,E02001826,6.03,7.28,11.85
E02001823,E02006841,17.65,18.18,31.92
E02001823,E02006842,16.63,16.69,29.52
E02001823,E02006893,27.19,28.4,49.13
E02001824,E02001682,27.82,29.25,51.01
E02001824,E02001683,30.28,32.16,55.75
E02001824,E02001684,17.16,17.39,30.58
E02001824,E02001685,25.09,26.47,46.1
E02001824,E02001686,25.72,27.46,47.56
E02001824,E02001688,20.39,20.55,36.61
E02001824,E02001689,18.57,20.31,35.23
E02001824,E02001690,22.12,23.15,40.4
E02001824,E02001691,18.09,19.08,33.53
E02001824,E02001692,16.74,19.08,33.02
E02001824,E02001693,17.42,19.09,33.0
E02001824,E02001694,20.23,21.08,37.01
E02001824,E02001695,15.67,15.66,27.73
E02001824,E02001696,16.05,16.79,29.15
E02001824,E02001697,16.53,17.5,30.91
E02001824,E02001698,21.78,24.17,42.02
E02001824,E02001699,15.49,17.95,30.09
E02001824,E02001700,20.33,20.49,36.64
E02001824,E02001701,16.42,16.84,29.82
E02001824,E02001702,14.68,16.29,28.68
E02001824,E02001703,24.88,28.67,50.66
E02001824,E02001704,15.03,16.82,29.3
E02001824,E02001705,30.18,38.63,64.22
E02001824,E02001706,13.73,14.19,25.49
E02001824,E02001707,11.67,15.18,25.59
E02001824,E02001708,28.06,30.93,53.58
E02001824,E02001709,26.1,27.61,48.54
E02001824,E02001710,26.45,29.8,51.15
E02001824,E02001711,27.59,30.27,52.91
E02001824,E02001712,24.19,25.7,45.39
E02001824,E02001713,24.6,25.92,45.97
E02001824,E02001714,24.37,25.53,45.18
E02001824,E02001715,26.15,28.54,49.53
E02001824,E02001718,25.72,27.35,48.24
E02001824,E02001719,23.44,24.44,43.38
E02001824,E02001720,22.57,23.89,42.23
E02001824,E02001721,29.01,29.52,52.2
E02001824,E02001722,27.0,28.28,49.51
E02001824,E02001723,24.15,25.41,45.34
E02001824,E02001724,21.95,22.9,40.71
E02001824,E02001725,22.89,24.59,43.36
E02001824,E02001726,24.08,26.34,45.89
E02001824,E02001727,23.55,24.08,41.74
E02001824,E02001728,26.17,27.04,47.53
E02001824,E02001729,22.1,24.22,42.11
E02001824,E02001730,20.91,22.18,39.29
E02001824,E02001731,20.82,22.61,39.54
E02001824,E02001732,25.09,26.09,46.25
E02001824,E02001733,22.51,24.43,43.08
E02001824,E02001734,23.49,25.58,44.52
E02001824,E02001735,23.03,25.73,45.09
E02001824,E02001736,22.4,24.38,42.49
E02001824,E02001737,23.83,25.59,45.02
E02001824,E02001738,27.71,30.35,51.92
E02001824,E02001739,30.09,31.31,53.95
E02001824,E02001740,27.08,29.49,50.37
E02001824,E02001741,29.1,31.29,54.47
E02001824,E02001742,25.69,27.78,47.6
E02001824,E02001743,26.56,28.45,48.61
E02001824,E02001744,25.09,27.58,46.79
E02001824,E02001745,28.97,31.18,53.12
E02001824,E02001746,25.49,27.25,46.58
E02001824,E02001747,25.1,26.46,45.53
E02001824,E02001748,23.86,24.57,42.64
E02001824,E02001749,26.8,28.17,48.48
E02001824,E02001750,24.26,25.82,44.22
E02001824,E02001751,27.02,28.93,49.4
E02001824,E02001752,23.24,24.48,42.01
E02001824,E02001753,24.09,25.34,43.77
E02001824,E02001754,23.07,24.07,41.47
E02001824,E02001755,27.2,29.22,49.88
E02001824,E02001756,25.98,27.18,48.02
E02001824,E02001757,21.92,22.62,39.16
E02001824,E02001758,22.16,23.64,40.27
E02001824,E02001759,22.09,22.82,39.43
E02001824,E02001760,20.97,21.75,37.51
E02001824,E02001761,23.28,24.39,41.88
E02001824,E02001762,24.42,25.18,43.54
E02001824,E02001763,20.61,21.77,37.26
E02001824,E02001764,20.91,21.98,37.82
E02001824,E02001765,20.54,21.1,36.52
E02001824,E02001766,22.19,22.97,39.61
E02001824,E02001767,23.03,23.77,41.1
E02001824,E02001768,20.71,22.35,37.96
E02001824,E02001769,19.35,20.67,35.27
E02001824,E02001770,19.98,22.14,37.14
E02001824,E02001771,20.22,23.67,39.33
E02001824,E02001772,19.44,21.67,36.31
E02001824,E02001773,19.27,21.73,36.58
E02001824,E02001774,17.6,18.78,31.99
E02001824,E02001775,19.33,22.52,37.82
E02001824,E02001776,18.74,19.87,33.93
E02001824,E02001777,19.39,20.06,35.31
E02001824,E02001778,18.91,20.52,34.72
E02001824,E02001779,17.14,18.41,31.26
E02001824,E02001780,18.22,20.66,34.35
E02001824,E02001781,16.26,17.66,29.87
E02001824,E02001782,18.01,18.62,32.61
E02001824,E02001783,17.61,19.27,32.68
E02001824,E02001784,16.14,17.24,29.38
E02001824,E02001785,17.64,19.95,33.25
E02001824,E02001786,17.77,20.77,35.11
E02001824,E02001787,15.33,16.89,28.38
E02001824,E02001788,14.39,15.71,26.51
E02001824,E02001789,16.49,18.49,31.37
E02001824,E02001790,14.58,16.37,27.82
E02001824,E02001791,13.77,15.45,25.8
E02001824,E02001792,13.9,15.92,26.54
E02001824,E02001793,12.05,15.26,24.37
E02001824,E02001794,12.87,15.39,25.08
E02001824,E02001795,12.97,15.21,25.05
E02001824,E02001796,12.54,14.41,23.84
E02001824,E02001797,13.13,16.07,25.94
E02001824,E02001798,10.83,13.19,21.31
E02001824,E02001799,12.38,14.32,23.77
E02001824,E02001800,11.28,12.85,21.33
E02001824,E02001801,9.89,12.22,20.11
E02001824,E02001802,9.27,11.05,18.09
E02001824,E02001803,9.97,11.29,18.81
E02001824,E02001804,8.65,10.98,17.46
E02001824,E02001805,8.77,10.83,17.78
E02001824,E02001806,10.73,13.04,21.42
E02001824,E02001807,10.31,12.69,20.93
E02001824,E02001808,9.14,11.38,18.33
E02001824,E02001809,9.83,13.03,20.87
E02001824,E02001810,10.15,12.46,20.09
E02001824,E02001811,7.51,8.37,14.04
E02001824,E02001812,9.26,11.21,18.17
E02001824,E02001813,6.96,8.34,13.57
E02001824,E02001814,10.78,13.33,21.42
E02001824,E02001815,7.88,9.76,15.7
E02001824,E02001816,6.43,8.58,13.56
E02001824,E02001817,7.24,10.37,15.81
E02001824,E02001818,8.38,13.03,20.41
E02001824,E02001819,5.31,7.04,11.02
E02001824,E02001820,5.27,6.72,10.69
E02001824,E02001821,6.79,8.53,13.72
E02001824,E02001822,3.95,5.37,8.35
E02001824,E02001823,2.87,4.34,6.49
E02001824,E02001824,1.26,1.73,2.69
E02001824,E02001825,2.53,3.47,5.38
E02001824,E02001826,4.19,5.24,8.44
E02001824,E02006841,18.47,19.78,34.97
E02001824,E02006842,17.45,18.29,32.57
E02001824,E02006893,28.01,30.0,52.18
E02001825,E02001682,29.5,30.42,53.3
E02001825,E02001683,31.96,33.32,58.05
E02001825,E02001684,18.84,18.56,32.99
E02001825,E02001685,26.77,27.64,48.4
E02001825,E02001686,27.39,28.63,49.86
E02001825,E02001688,22.07,21.72,38.91
E02001825,E02001689,20.25,21.48,37.52
E02001825,E02001690,23.8,24.32,42.7
E02001825,E02001691,19.77,20.24,35.82
E02001825,E02001692,18.42,20.25,35.31
E02001825,E02001693,19.09,20.26,35.41
E02001825,E02001694,21.91,22.25,39.31
E02001825,E02001695,17.35,16.83,30.14
E02001825,E02001696,17.73,17.96,31.56
E02001825,E02001697,18.21,18.66,33.2
E02001825,E02001698,23.28,25.34,44.31
E02001825,E02001699,17.17,19.12,32.5
E02001825,E02001700,22.0,21.66,38.93
E02001825,E02001701,18.09,18.01,32.12
E02001825,E02001702,16.35,17.46,30.97
E02001825,E02001703,26.38,29.84,52.95
E02001825,E02001704,16.71,17.99,31.59
E02001825,E02001705,31.68,39.8,66.51
E02001825,E02001706,15.39,15.35,27.79
E02001825,E02001707,13.35,16.34,27.88
E02001825,E02001708,29.74,32.1,55.97
E02001825,E02001709,27.77,28.78,50.92
E02001825,E02001710,28.13,30.97,53.54
E02001825,E02001711,29.27,31.44,55.24
E02001825,E02001712,25.87,26.87,47.78
E02001825,E02001713,26.28,27.09,48.35
E02001825,E02001714,26.05,26.7,47.56
E02001825,E02001715,27.83,29.7,51.92
E02001825,E02001718,27.39,28.51,50.63
E02001825,E02001719,25.12,25.61,45.77
E02001825,E02001720,24.25,25.06,44.62
E02001825,E02001721,30.69,30.69,54.49
E02001825,E02001722,28.67,29.45,51.8
E02001825,E02001723,25.83,26.58,47.73
E02001825,E02001724,23.62,24.07,43.1
E02001825,E02001725,24.56,25.76,45.74
E02001825,E02001726,25.75,27.51,48.18
E02001825,E02001727,25.31,25.35,44.34
E02001825,E02001728,27.85,28.21,49.82
E02001825,E02001729,23.78,25.38,44.4
E02001825,E02001730,22.59,23.35,41.67
E02001825,E02001731,22.49,23.78,41.83
E02001825,E02001732,26.77,27.26,48.55
E02001825,E02001733,24.19,25.59,45.46
E02001825,E02001734,25.17,26.75,46.81
E02001825,E02001735,24.71,26.9,47.48
E02001825,E02001736,24.08,25.54,44.78
E02001825,E02001737,25.5,26.76,47.41
E02001825,E02001738,29.47,31.62,54.51
E02001825,E02001739,31.85,32.58,56.54
E02001825,E02001740,28.85,30.76,52.96
E02001825,E02001741,30.78,32.46,56.85
E02001825,E02001742,27.45,29.05,50.19
E02001825,E02001743,28.32,29.72,51.2
E02001825,E02001744,26.85,28.85,49.38
E02001825,E02001745,30.73,32.45,55.71
E02001825,E02001746,27.25,28.52,49.17
E02001825,E02001747,26.86,27.73,48.12
E02001825,E02001748,25.62,25.84,45.23
E02001825,E02001749,28.56,29.44,51.07
E02001825,E02001750,26.02,27.09,46.81
E02001825,E02001751,28.78,30.2,51.99
E02001825,E02001752,25.0,25.75,44.6
E02001825,E02001753,25.86,26.61,46.36
E02001825,E02001754,24.83,25.34,44.06
E02001825,E02001755,28.96,30.49,52.47
E02001825,E02001756,27.66,28.34,50.41
E02001825,E02001757,23.68,23.9,41.75
E02001825,E02001758,23.92,24.91,42.86
E02001825,E02001759,23.85,24.09,42.03
E02001825,E02001760,22.73,23.02,40.1
E02001825,E02001761,25.05,25.67,44.47
E02001825,E02001762,26.18,26.45,46.13
E02001825,E02001763,22.38,23.04,39.85
E02001825,E02001764,22.67,23.25,40.41
E02001825,E02001765,22.3,22.37,39.11
E02001825,E02001766,23.95,24.24,42.2
E02001825,E02001767,24.79,25.04,43.69
E02001825,E02001768,22.48,23.62,40.56
E02001825,E02001769,21.11,21.94,37.86
E02001825,E02001770,21.75,23.41,39.73
E02001825,E02001771,21.99,24.94,41.92
E02001825,E02001772,21.21,22.94,38.91
E02001825,E02001773,21.03,23.0,39.17
E02001825,E02001774,19.36,20.05,34.58
E02001825,E02001775,21.1,23.79,40.42
E02001825,E02001776,20.5,21.14,36.53
E02001825,E02001777,21.07,21.23,37.72
E02001825,E02001778,20.68,21.79,37.31
E02001825,E02001779,18.9,19.68,33.86
E02001825,E02001780,19.98,21.93,36.94
E02001825,E02001781,18.02,18.93,32.47
E02001825,E02001782,19.77,19.79,35.02
E02001825,E02001783,19.37,20.55,35.27
E02001825,E02001784,17.9,18.51,31.97
E02001825,E02001785,19.41,21.22,35.85
E02001825,E02001786,19.53,22.04,37.7
E02001825,E02001787,17.09,18.16,30.98
E02001825,E02001788,16.15,16.99,29.1
E02001825,E02001789,18.25,19.76,33.96
E02001825,E02001790,16.34,17.64,30.41
E02001825,E02001791,15.53,16.72,28.4
E02001825,E02001792,15.67,17.2,29.13
E02001825,E02001793,13.81,16.53,26.97
E02001825,E02001794,14.63,16.66,27.67
E02001825,E02001795,14.73,16.48,27.64
E02001825,E02001796,14.31,15.68,26.44
E02001825,E02001797,14.81,17.24,28.35
E02001825,E02001798,12.6,14.46,23.9
E02001825,E02001799,14.06,15.49,26.18
E02001825,E02001800,12.96,14.02,23.74
E02001825,E02001801,11.65,13.49,22.71
E02001825,E02001802,11.03,12.32,20.69
E02001825,E02001803,11.73,12.56,21.41
E02001825,E02001804,10.41,12.25,20.06
E02001825,E02001805,10.54,12.1,20.37
E02001825,E02001806,12.5,14.31,24.01
E02001825,E02001807,11.99,13.86,23.34
E02001825,E02001808,10.91,12.65,20.92
E02001825,E02001809,11.51,14.19,23.28
E02001825,E02001810,11.83,13.62,22.5
E02001825,E02001811,9.27,9.64,16.63
E02001825,E02001812,11.02,12.48,20.76
E02001825,E02001813,8.72,9.61,16.16
E02001825,E02001814,12.17,14.6,24.01
E02001825,E02001815,9.56,10.93,18.1
E02001825,E02001816,8.19,9.85,16.15
E02001825,E02001817,9.01,11.65,18.4
E02001825,E02001818,9.71,14.3,22.85
E02001825,E02001819,7.07,8.31,13.61
E02001825,E02001820,6.94,7.89,13.1
E02001825,E02001821,8.12,9.8,16.31
E02001825,E02001822,5.62,6.54,10.76
E02001825,E02001823,4.37,5.51,8.79
E02001825,E02001824,2.53,3.47,5.38
E02001825,E02001825,0.85,0.89,1.53
E02001825,E02001826,1.71,1.78,3.06
E02001825,E02006841,20.15,20.95,37.26
E02001825,E02006842,19.13,19.46,34.86
E02001825,E02006893,29.69,31.17,54.47
E02001826,E02001682,31.12,31.91,55.48
E02001826,E02001683,33.58,34.82,60.23
E02001826,E02001684,20.5,20.05,36.05
E02001826,E02001685,28.39,29.13,50.58
E02001826,E02001686,29.02,30.12,52.04
E02001826,E02001688,23.73,23.21,41.09
E02001826,E02001689,21.91,22.97,39.7
E02001826,E02001690,25.35,25.81,44.88
E02001826,E02001691,21.43,21.74,38.0
E02001826,E02001692,20.08,21.74,37.49
E02001826,E02001693,20.76,21.76,38.47
E02001826,E02001694,23.53,23.74,41.49
E02001826,E02001695,19.01,18.32,33.2
E02001826,E02001696,19.39,19.46,34.62
E02001826,E02001697,19.87,20.16,35.38
E02001826,E02001698,24.19,26.83,46.5
E02001826,E02001699,18.83,20.61,35.56
E02001826,E02001700,23.34,23.15,41.11
E02001826,E02001701,19.72,19.51,34.3
E02001826,E02001702,18.02,18.95,33.15
E02001826,E02001703,27.29,31.33,55.13
E02001826,E02001704,18.37,19.48,33.77
E02001826,E02001705,32.59,41.3,68.69
E02001826,E02001706,16.31,16.85,29.97
E02001826,E02001707,14.37,17.84,30.07
E02001826,E02001708,31.4,33.59,58.15
E02001826,E02001709,29.44,30.28,53.1
E02001826,E02001710,29.79,32.46,55.72
E02001826,E02001711,30.93,32.93,57.42
E02001826,E02001712,27.53,28.36,49.96
E02001826,E02001713,27.94,28.58,50.54
E02001826,E02001714,27.71,28.19,49.74
E02001826,E02001715,29.49,31.2,54.1
E02001826,E02001718,29.06,30.01,52.81
E02001826,E02001719,26.78,27.1,47.95
E02001826,E02001720,25.91,26.55,46.8
E02001826,E02001721,32.31,32.19,56.68
E02001826,E02001722,30.34,30.94,53.98
E02001826,E02001723,27.49,28.07,49.91
E02001826,E02001724,25.29,25.56,45.28
E02001826,E02001725,26.23,27.25,47.92
E02001826,E02001726,27.42,29.0,50.36
E02001826,E02001727,26.97,27.13,47.4
E02001826,E02001728,29.47,29.7,52.0
E02001826,E02001729,25.44,26.88,46.58
E02001826,E02001730,24.25,24.84,43.85
E02001826,E02001731,24.16,25.27,44.01
E02001826,E02001732,28.43,28.75,50.73
E02001826,E02001733,25.85,27.09,47.64
E02001826,E02001734,26.83,28.24,48.99
E02001826,E02001735,26.37,28.39,49.66
E02001826,E02001736,25.74,27.04,46.96
E02001826,E02001737,27.17,28.26,49.59
E02001826,E02001738,31.14,33.39,57.57
E02001826,E02001739,33.51,34.36,59.6
E02001826,E02001740,30.51,32.54,56.02
E02001826,E02001741,32.44,33.95,59.04
E02001826,E02001742,29.11,30.82,53.25
E02001826,E02001743,29.98,31.5,54.26
E02001826,E02001744,28.52,30.62,52.44
E02001826,E02001745,32.4,34.22,58.77
E02001826,E02001746,28.92,30.3,52.23
E02001826,E02001747,28.52,29.51,51.18
E02001826,E02001748,27.29,27.61,48.29
E02001826,E02001749,30.22,31.21,54.13
E02001826,E02001750,27.68,28.87,49.87
E02001826,E02001751,30.44,31.81,55.05
E02001826,E02001752,26.66,27.53,47.66
E02001826,E02001753,27.52,28.39,49.42
E02001826,E02001754,26.49,27.11,47.12
E02001826,E02001755,30.62,32.26,55.53
E02001826,E02001756,29.32,29.84,52.59
E02001826,E02001757,25.34,25.67,44.81
E02001826,E02001758,25.58,26.69,45.92
E02001826,E02001759,25.51,25.86,45.09
E02001826,E02001760,24.39,24.8,43.16
E02001826,E02001761,26.71,27.44,47.53
E02001826,E02001762,27.84,28.23,49.19
E02001826,E02001763,24.04,24.82,42.91
E02001826,E02001764,24.34,25.03,43.47
E02001826,E02001765,23.96,24.15,42.17
E02001826,E02001766,25.61,26.01,45.26
E02001826,E02001767,26.45,26.82,46.75
E02001826,E02001768,24.14,25.4,43.62
E02001826,E02001769,22.77,23.72,40.92
E02001826,E02001770,23.41,25.19,42.79
E02001826,E02001771,23.65,26.71,44.98
E02001826,E02001772,22.87,24.72,41.97
E02001826,E02001773,22.7,24.78,42.23
E02001826,E02001774,21.03,21.83,37.64
E02001826,E02001775,22.76,25.57,43.48
E02001826,E02001776,22.16,22.92,39.59
E02001826,E02001777,22.73,22.72,40.78
E02001826,E02001778,22.34,23.56,40.37
E02001826,E02001779,20.56,21.46,36.92
E02001826,E02001780,21.64,23.7,40.0
E02001826,E02001781,19.68,20.71,35.53
E02001826,E02001782,21.43,21.28,38.08
E02001826,E02001783,21.04,22.32,38.33
E02001826,E02001784,19.57,20.29,35.03
E02001826,E02001785,21.07,22.99,38.91
E02001826,E02001786,21.19,23.82,40.76
E02001826,E02001787,18.76,19.93,34.04
E02001826,E02001788,17.81,18.76,32.16
E02001826,E02001789,19.91,21.53,37.02
E02001826,E02001790,18.0,19.42,33.47
E02001826,E02001791,17.19,18.5,31.46
E02001826,E02001792,17.33,18.97,32.19
E02001826,E02001793,15.47,18.3,30.03
E02001826,E02001794,16.29,18.44,30.73
E02001826,E02001795,16.39,18.26,30.7
E02001826,E02001796,15.97,17.46,29.5
E02001826,E02001797,16.47,19.01,31.41
E02001826,E02001798,14.26,16.23,26.96
E02001826,E02001799,15.72,17.27,29.24
E02001826,E02001800,14.62,15.79,26.8
E02001826,E02001801,13.31,15.27,25.77
E02001826,E02001802,12.7,14.09,23.75
E02001826,E02001803,13.39,14.33,24.47
E02001826,E02001804,12.08,14.02,23.12
E02001826,E02001805,12.2,13.87,23.43
E02001826,E02001806,13.78,16.09,27.07
E02001826,E02001807,13.65,15.64,26.4
E02001826,E02001808,12.57,14.42,23.98
E02001826,E02001809,13.17,15.97,26.34
E02001826,E02001810,13.49,15.4,25.56
E02001826,E02001811,10.93,11.42,19.69
E02001826,E02001812,12.1,14.25,23.82
E02001826,E02001813,10.38,11.39,19.22
E02001826,E02001814,12.98,16.38,27.07
E02001826,E02001815,11.22,12.71,21.16
E02001826,E02001816,9.86,11.63,19.21
E02001826,E02001817,10.06,13.42,21.46
E02001826,E02001818,10.51,15.08,24.35
E02001826,E02001819,8.73,10.09,16.67
E02001826,E02001820,8.61,9.66,16.16
E02001826,E02001821,8.93,11.58,19.37
E02001826,E02001822,7.29,8.31,13.82
E02001826,E02001823,6.03,7.28,11.85
E02001826,E02001824,4.19,5.24,8.44
E02001826,E02001825,1.71,1.78,3.06
E02001826,E02001826,0.85,0.89,1.53
E02001826,E02006841,21.81,22.44,39.45
E02001826,E02006842,20.79,20.95,37.04
E02001826,E02006893,31.35,32.66,56.65
E02006841,E02001682,12.39,14.51,23.98
E02006841,E02001683,14.85,17.42,28.73
E02006841,E02001684,3.56,4.79,7.46
E02006841,E02001685,10.17,13.12,20.85
E02006841,E02001686,10.58,12.88,20.99
E02006841,E02001688,3.65,6.09,8.83
E02006841,E02001689,1.9,3.34,4.77
E02006841,E02001690,7.59,10.32,16.23
E02006841,E02001691,2.03,3.2,4.72
E02006841,E02001692,2.09,3.21,4.78
E02006841,E02001693,2.7,4.17,6.27
E02006841,E02001694,5.07,7.73,11.54
E02006841,E02001695,4.84,5.85,9.5
E02006841,E02001696,4.33,6.6,10.23
E02006841,E02001697,3.12,4.3,6.84
E02006841,E02001698,8.6,12.04,18.83
E02006841,E02001699,4.35,7.34,10.81
E02006841,E02001700,6.51,8.36,13.45
E02006841,E02001701,3.81,4.66,7.52
E02006841,E02001702,4.57,6.03,9.46
E02006841,E02001703,13.01,15.32,25.4
E02006841,E02001704,4.64,6.43,10.25
E02006841,E02001705,19.43,25.41,40.36
E02006841,E02001706,7.19,8.11,13.51
E02006841,E02001707,9.37,11.41,18.58
E02006841,E02001708,10.78,13.1,21.3
E02006841,E02001709,8.64,9.78,16.26
E02006841,E02001710,8.99,11.96,18.87
E02006841,E02001711,10.31,12.53,20.63
E02006841,E02001712,6.73,7.86,13.11
E02006841,E02001713,7.14,8.08,13.69
E02006841,E02001714,6.91,7.69,12.9
E02006841,E02001715,8.69,10.7,17.25
E02006841,E02001718,8.43,9.51,15.96
E02006841,E02001719,5.99,6.6,11.1
E02006841,E02001720,5.11,6.06,9.95
E02006841,E02001721,12.44,14.44,24.1
E02006841,E02001722,9.74,12.24,19.57
E02006841,E02001723,6.89,7.58,13.06
E02006841,E02001724,4.49,5.06,8.43
E02006841,E02001725,5.43,6.76,11.08
E02006841,E02001726,6.82,8.6,13.91
E02006841,E02001727,6.67,7.74,12.9
E02006841,E02001728,9.86,11.95,19.53
E02006841,E02001729,4.84,6.48,10.13
E02006841,E02001730,3.45,4.34,7.01
E02006841,E02001731,3.56,4.87,7.56
E02006841,E02001732,7.83,9.65,15.72
E02006841,E02001733,5.06,6.59,10.8
E02006841,E02001734,6.23,7.84,12.54
E02006841,E02001735,5.57,7.89,12.81
E02006841,E02001736,5.14,6.64,10.51
E02006841,E02001737,6.37,7.76,12.74
E02006841,E02001738,17.55,20.2,34.04
E02006841,E02001739,13.82,15.0,25.42
E02006841,E02001740,17.68,20.2,34.33
E02006841,E02001741,11.64,13.45,22.19
E02006841,E02001742,16.32,18.49,31.67
E02006841,E02001743,17.82,19.16,32.67
E02006841,E02001744,14.08,16.79,27.71
E02006841,E02001745,12.17,14.14,23.3
E02006841,E02001746,16.7,17.96,30.65
E02006841,E02001747,16.49,17.24,29.82
E02006841,E02001748,12.83,13.8,23.59
E02006841,E02001749,11.17,12.14,20.53
E02006841,E02001750,15.65,16.53,28.28
E02006841,E02001751,10.18,11.32,18.96
E02006841,E02001752,14.32,15.18,25.93
E02006841,E02001753,15.96,17.56,30.2
E02006841,E02001754,14.93,16.36,27.96
E02006841,E02001755,10.02,11.78,19.3
E02006841,E02001756,8.52,9.34,15.74
E02006841,E02001757,13.48,13.87,23.99
E02006841,E02001758,11.45,12.85,21.45
E02006841,E02001759,13.95,15.5,26.14
E02006841,E02001760,12.83,14.46,24.22
E02006841,E02001761,9.64,11.05,18.57
E02006841,E02001762,8.86,9.42,16.08
E02006841,E02001763,11.18,13.11,21.71
E02006841,E02001764,13.63,14.99,25.4
E02006841,E02001765,10.14,11.45,19.2
E02006841,E02001766,8.7,10.22,16.92
E02006841,E02001767,7.9,9.51,15.59
E02006841,E02001768,14.66,16.57,27.66
E02006841,E02001769,13.3,14.89,24.97
E02006841,E02001770,13.93,16.36,26.84
E02006841,E02001771,15.35,18.35,30.08
E02006841,E02001772,13.39,15.89,26.01
E02006841,E02001773,14.13,16.32,27.16
E02006841,E02001774,9.21,10.42,17.32
E02006841,E02001775,15.01,17.2,28.61
E02006841,E02001776,7.82,8.82,14.69
E02006841,E02001777,6.94,8.38,13.7
E02006841,E02001778,12.86,14.74,24.42
E02006841,E02001779,11.08,12.63,20.96
E02006841,E02001780,14.21,16.03,26.7
E02006841,E02001781,10.2,11.88,19.57
E02006841,E02001782,6.75,8.56,13.63
E02006841,E02001783,11.82,13.49,22.38
E02006841,E02001784,8.75,10.03,16.61
E02006841,E02001785,17.07,20.23,33.21
E02006841,E02001786,13.06,14.99,24.81
E02006841,E02001787,8.63,10.82,17.32
E02006841,E02001788,10.26,11.7,19.41
E02006841,E02001789,13.04,14.47,24.27
E02006841,E02001790,11.13,12.36,20.72
E02006841,E02001791,15.28,17.13,28.6
E02006841,E02001792,15.86,17.94,29.95
E02006841,E02001793,12.0,15.14,24.15
E02006841,E02001794,13.52,18.19,28.35
E02006841,E02001795,15.24,17.8,29.92
E02006841,E02001796,16.77,19.33,32.47
E02006841,E02001797,8.14,10.17,16.32
E02006841,E02001798,11.65,14.6,23.36
E02006841,E02001799,9.03,11.18,18.0
E02006841,E02001800,8.85,10.04,17.32
E02006841,E02001801,16.69,20.2,34.25
E02006841,E02001802,15.58,18.46,31.25
E02006841,E02001803,16.94,19.61,33.41
E02006841,E02001804,16.46,18.81,31.18
E02006841,E02001805,16.49,18.67,31.84
E02006841,E02001806,18.3,21.15,35.36
E02006841,E02001807,10.76,12.52,20.63
E02006841,E02001808,17.4,19.67,33.53
E02006841,E02001809,10.44,13.08,21.87
E02006841,E02001810,8.99,12.01,19.43
E02006841,E02001811,15.36,16.21,27.75
E02006841,E02001812,18.48,21.55,36.26
E02006841,E02001813,17.13,19.32,32.21
E02006841,E02001814,19.6,22.86,38.52
E02006841,E02001815,11.54,13.71,23.17
E02006841,E02001816,18.24,20.97,35.24
E02006841,E02001817,19.87,23.99,39.57
E02006841,E02001818,21.56,25.24,41.81
E02006841,E02001819,17.91,20.4,34.49
E02006841,E02001820,13.83,15.23,26.75
E02006841,E02001821,20.27,22.15,37.55
E02006841,E02001822,15.09,16.59,29.05
E02006841,E02001823,17.65,18.18,31.92
E02006841,E02001824,18.47,19.78,34.97
E02006841,E02001825,20.15,20.95,37.26
E02006841,E02001826,21.81,22.44,39.45
E02006841,E02006841,0.7,1.01,1.56
E02006841,E02006842,1.41,2.03,3.13
E02006841,E02006893,10.75,12.29,20.59
E02006842,E02001682,11.91,14.47,24.04
E02006842,E02001683,14.37,17.38,28.79
E02006842,E02001684,3.62,5.88,8.87
E02006842,E02001685,9.59,13.09,20.6
E02006842,E02001686,10.1,12.84,21.06
E02006842,E02001688,3.18,6.05,8.59
E02006842,E02001689,1.35,2.65,3.68
E02006842,E02001690,7.11,10.28,15.98
E02006842,E02001691,0.94,1.83,2.54
E02006842,E02001692,1.08,1.9,2.71
E02006842,E02001693,2.37,4.73,6.5
E02006842,E02001694,4.6,7.69,11.3
E02006842,E02001695,4.55,6.94,10.91
E02006842,E02001696,4.0,7.69,10.99
E02006842,E02001697,1.85,2.81,4.43
E02006842,E02001698,7.95,11.59,17.6
E02006842,E02001699,3.52,6.67,9.43
E02006842,E02001700,5.74,7.91,12.22
E02006842,E02001701,2.59,3.17,5.12
E02006842,E02001702,3.55,4.73,7.4
E02006842,E02001703,12.42,15.28,25.16
E02006842,E02001704,3.57,4.94,7.85
E02006842,E02001705,18.85,25.37,40.12
E02006842,E02001706,5.97,6.63,11.11
E02006842,E02001707,8.15,9.93,16.18
E02006842,E02001708,10.9,13.25,21.83
E02006842,E02001709,8.93,9.93,16.79
E02006842,E02001710,9.29,12.12,19.4
E02006842,E02001711,10.43,12.68,21.16
E02006842,E02001712,7.03,8.02,13.65
E02006842,E02001713,7.44,8.24,14.22
E02006842,E02001714,7.21,7.85,13.43
E02006842,E02001715,8.99,10.85,17.78
E02006842,E02001718,8.56,9.66,16.49
E02006842,E02001719,6.28,6.76,11.63
E02006842,E02001720,5.41,6.21,10.48
E02006842,E02001721,12.53,14.4,24.24
E02006842,E02001722,9.83,12.23,19.71
E02006842,E02001723,6.99,7.73,13.59
E02006842,E02001724,4.78,5.22,8.96
E02006842,E02001725,5.72,6.91,11.61
E02006842,E02001726,6.91,8.59,14.04
E02006842,E02001727,6.97,7.89,13.43
E02006842,E02001728,9.69,11.92,19.59
E02006842,E02001729,4.94,6.46,10.26
E02006842,E02001730,3.75,4.5,7.54
E02006842,E02001731,3.66,4.86,7.69
E02006842,E02001732,7.93,9.63,15.85
E02006842,E02001733,5.35,6.74,11.33
E02006842,E02001734,6.33,7.83,12.67
E02006842,E02001735,5.87,8.05,13.34
E02006842,E02001736,5.24,6.62,10.64
E02006842,E02001737,6.66,7.91,13.27
E02006842,E02001738,17.85,20.35,34.57
E02006842,E02001739,14.12,15.15,25.95
E02006842,E02001740,17.97,20.35,34.86
E02006842,E02001741,11.94,13.61,22.72
E02006842,E02001742,16.61,18.64,32.2
E02006842,E02001743,18.12,19.32,33.2
E02006842,E02001744,14.38,16.94,28.24
E02006842,E02001745,12.47,14.29,23.83
E02006842,E02001746,17.0,18.12,31.18
E02006842,E02001747,16.79,17.39,30.35
E02006842,E02001748,13.12,13.96,24.12
E02006842,E02001749,11.47,12.3,21.07
E02006842,E02001750,15.95,16.69,28.81
E02006842,E02001751,10.47,11.47,19.49
E02006842,E02001752,14.61,15.33,26.46
E02006842,E02001753,16.26,17.72,30.73
E02006842,E02001754,15.23,16.51,28.49
E02006842,E02001755,10.31,11.93,19.83
E02006842,E02001756,8.82,9.49,16.27
E02006842,E02001757,13.77,14.03,24.52
E02006842,E02001758,11.74,13.01,21.98
E02006842,E02001759,14.25,15.65,26.67
E02006842,E02001760,13.13,14.61,24.75
E02006842,E02001761,9.93,11.21,19.1
E02006842,E02001762,9.16,9.58,16.61
E02006842,E02001763,11.48,13.27,22.24
E02006842,E02001764,13.68,15.38,26.2
E02006842,E02001765,10.44,11.61,19.73
E02006842,E02001766,8.99,10.37,17.45
E02006842,E02001767,8.2,9.66,16.12
E02006842,E02001768,14.37,17.66,29.07
E02006842,E02001769,13.01,15.98,26.38
E02006842,E02001770,13.64,17.45,28.24
E02006842,E02001771,15.06,19.44,31.49
E02006842,E02001772,13.1,16.98,27.42
E02006842,E02001773,13.84,17.41,28.57
E02006842,E02001774,9.27,11.5,18.73
E02006842,E02001775,14.72,18.29,30.02
E02006842,E02001776,7.88,9.91,16.1
E02006842,E02001777,7.0,9.47,15.11
E02006842,E02001778,12.57,15.82,25.83
E02006842,E02001779,10.8,13.72,22.37
E02006842,E02001780,13.92,17.12,28.11
E02006842,E02001781,9.92,12.97,20.98
E02006842,E02001782,6.81,9.65,15.03
E02006842,E02001783,11.53,14.58,23.79
E02006842,E02001784,8.46,11.12,18.02
E02006842,E02001785,16.78,21.32,34.62
E02006842,E02001786,12.78,16.08,26.22
E02006842,E02001787,8.34,11.91,18.72
E02006842,E02001788,9.97,12.78,20.82
E02006842,E02001789,12.76,15.56,25.68
E02006842,E02001790,10.85,13.44,22.13
E02006842,E02001791,14.99,18.21,30.01
E02006842,E02001792,15.57,19.03,31.36
E02006842,E02001793,11.71,16.22,25.56
E02006842,E02001794,13.24,19.27,29.76
E02006842,E02001795,14.96,18.88,31.33
E02006842,E02001796,16.49,20.42,33.88
E02006842,E02001797,7.41,10.62,16.18
E02006842,E02001798,11.36,15.69,24.76
E02006842,E02001799,8.22,11.02,18.3
E02006842,E02001800,7.83,9.55,15.86
E02006842,E02001801,16.4,20.94,35.65
E02006842,E02001802,15.29,19.55,32.66
E02006842,E02001803,16.66,20.69,34.82
E02006842,E02001804,16.17,19.56,32.59
E02006842,E02001805,16.2,19.41,33.25
E02006842,E02001806,18.01,22.24,36.77
E02006842,E02001807,10.39,12.07,20.4
E02006842,E02001808,17.11,20.42,34.94
E02006842,E02001809,9.42,12.1,19.69
E02006842,E02001810,7.97,10.52,17.02
E02006842,E02001811,15.08,16.95,29.16
E02006842,E02001812,18.19,22.29,37.67
E02006842,E02001813,16.84,20.07,33.62
E02006842,E02001814,19.31,23.94,39.93
E02006842,E02001815,10.52,12.22,20.77
E02006842,E02001816,17.95,20.4,35.01
E02006842,E02001817,19.03,23.25,38.51
E02006842,E02001818,21.28,25.98,43.21
E02006842,E02001819,16.89,18.97,32.63
E02006842,E02001820,12.81,13.75,24.35
E02006842,E02001821,19.25,21.94,37.52
E02006842,E02001822,14.07,15.11,26.65
E02006842,E02001823,16.63,16.69,29.52
E02006842,E02001824,17.45,18.29,32.57
E02006842,E02001825,19.13,19.46,34.86
E02006842,E02001826,20.79,20.95,37.04
E02006842,E02006841,1.41,2.03,3.13
E02006842,E02006842,0.47,0.92,1.27
E02006842,E02006893,10.85,12.45,21.12
E02006893,E02001682,7.65,12.28,19.55
E02006893,E02001683,10.11,15.18,24.3
E02006893,E02001684,13.22,14.14,24.27
E02006893,E02001685,8.06,11.21,17.3
E02006893,E02001686,7.88,10.65,16.56
E02006893,E02001688,9.35,11.29,18.3
E02006893,E02001689,9.82,11.82,19.55
E02006893,E02001690,7.47,9.72,15.32
E02006893,E02001691,10.44,13.06,21.25
E02006893,E02001692,11.64,13.77,23.01
E02006893,E02001693,12.93,14.93,25.01
E02006893,E02001694,9.42,11.69,18.76
E02006893,E02001695,14.54,15.22,26.34
E02006893,E02001696,14.51,15.97,27.07
E02006893,E02001697,12.5,14.72,24.83
E02006893,E02001698,9.58,12.89,20.29
E02006893,E02001699,14.08,17.06,28.31
E02006893,E02001700,12.03,14.65,23.74
E02006893,E02001701,13.11,15.08,25.51
E02006893,E02001702,14.11,16.6,27.7
E02006893,E02001703,11.52,13.52,22.16
E02006893,E02001704,14.18,16.85,28.25
E02006893,E02001705,16.29,23.61,37.12
E02006893,E02001706,16.38,18.29,30.64
E02006893,E02001707,18.57,21.59,35.71
E02006893,E02001708,5.05,8.07,12.16
E02006893,E02001709,8.11,10.51,17.33
E02006893,E02001710,6.05,8.88,13.93
E02006893,E02001711,2.09,3.72,5.29
E02006893,E02001712,7.16,8.67,14.56
E02006893,E02001713,5.74,7.28,12.09
E02006893,E02001714,9.68,12.05,20.19
E02006893,E02001715,4.74,6.92,10.99
E02006893,E02001718,3.61,5.44,8.15
E02006893,E02001719,9.92,10.96,18.4
E02006893,E02001720,8.14,9.64,15.81
E02006893,E02001721,4.59,7.25,10.78
E02006893,E02001722,1.9,3.79,5.21
E02006893,E02001723,4.08,5.34,8.53
E02006893,E02001724,8.4,9.42,15.73
E02006893,E02001725,10.23,11.43,19.34
E02006893,E02001726,4.27,5.86,9.11
E02006893,E02001727,12.2,13.08,22.35
E02006893,E02001728,2.69,5.29,7.32
E02006893,E02001729,6.19,8.49,13.63
E02006893,E02001730,8.61,9.62,16.08
E02006893,E02001731,7.21,8.68,14.22
E02006893,E02001732,4.0,5.89,9.19
E02006893,E02001733,10.83,11.93,20.24
E02006893,E02001734,5.31,7.58,11.75
E02006893,E02001735,11.55,13.23,22.26
E02006893,E02001736,6.44,8.8,14.01
E02006893,E02001737,12.34,13.44,22.92
E02006893,E02001738,19.17,22.92,38.48
E02006893,E02001739,13.08,14.71,24.56
E02006893,E02001740,19.3,23.11,38.78
E02006893,E02001741,9.69,11.25,18.56
E02006893,E02001742,17.99,21.54,36.22
E02006893,E02001743,20.26,23.52,39.81
E02006893,E02001744,15.7,19.52,32.15
E02006893,E02001745,12.76,15.13,24.74
E02006893,E02001746,19.17,22.32,37.78
E02006893,E02001747,20.42,21.6,37.12
E02006893,E02001748,14.45,16.53,28.03
E02006893,E02001749,12.79,14.87,24.98
E02006893,E02001750,18.73,20.89,35.58
E02006893,E02001751,11.79,14.04,23.4
E02006893,E02001752,17.55,19.54,33.22
E02006893,E02001753,20.12,21.92,37.5
E02006893,E02001754,18.88,20.72,35.26
E02006893,E02001755,11.64,14.5,23.74
E02006893,E02001756,9.79,12.07,20.19
E02006893,E02001757,17.41,18.23,31.29
E02006893,E02001758,15.38,17.21,28.75
E02006893,E02001759,18.88,19.86,34.04
E02006893,E02001760,17.61,19.19,32.71
E02006893,E02001761,13.37,15.41,25.87
E02006893,E02001762,12.06,13.78,23.38
E02006893,E02001763,15.72,17.91,29.71
E02006893,E02001764,19.05,20.4,34.73
E02006893,E02001765,15.47,16.48,28.09
E02006893,E02001766,13.65,15.25,25.5
E02006893,E02001767,12.99,14.04,23.79
E02006893,E02001768,24.2,25.4,43.8
E02006893,E02001769,22.84,23.73,41.1
E02006893,E02001770,23.47,25.2,42.97
E02006893,E02001771,25.01,27.23,46.22
E02006893,E02001772,22.93,24.72,42.15
E02006893,E02001773,23.79,25.68,43.99
E02006893,E02001774,18.87,19.76,34.13
E02006893,E02001775,24.71,26.57,45.45
E02006893,E02001776,17.48,18.17,31.49
E02006893,E02001777,16.6,17.72,30.5
E02006893,E02001778,22.4,23.57,40.56
E02006893,E02001779,20.78,22.0,37.8
E02006893,E02001780,23.9,25.4,43.54
E02006893,E02001781,19.9,21.25,36.41
E02006893,E02001782,16.41,17.91,30.43
E02006893,E02001783,21.52,22.86,39.22
E02006893,E02001784,18.45,19.4,33.45
E02006893,E02001785,26.76,29.6,50.05
E02006893,E02001786,22.76,24.36,41.64
E02006893,E02001787,18.33,20.19,34.15
E02006893,E02001788,19.95,21.06,36.24
E02006893,E02001789,22.74,23.84,41.11
E02006893,E02001790,20.83,21.72,37.56
E02006893,E02001791,24.97,26.49,45.44
E02006893,E02001792,25.56,27.31,46.79
E02006893,E02001793,21.69,24.5,40.99
E02006893,E02001794,23.22,27.55,45.18
E02006893,E02001795,24.94,27.16,46.76
E02006893,E02001796,26.47,28.7,49.31
E02006893,E02001797,17.87,19.54,33.16
E02006893,E02001798,21.35,23.96,40.19
E02006893,E02001799,18.76,20.55,34.84
E02006893,E02001800,18.39,19.4,34.15
E02006893,E02001801,26.39,29.57,51.08
E02006893,E02001802,25.28,27.83,48.08
E02006893,E02001803,26.64,28.97,50.25
E02006893,E02001804,26.16,28.18,48.01
E02006893,E02001805,26.19,28.03,48.68
E02006893,E02001806,28.0,30.52,52.2
E02006893,E02001807,20.49,21.89,37.47
E02006893,E02001808,27.1,29.04,50.37
E02006893,E02001809,19.98,22.44,38.71
E02006893,E02001810,18.53,22.01,36.63
E02006893,E02001811,25.06,25.57,44.59
E02006893,E02001812,28.18,30.92,53.1
E02006893,E02001813,26.82,28.69,49.04
E02006893,E02001814,29.29,32.22,55.36
E02006893,E02001815,21.08,23.31,40.38
E02006893,E02001816,27.94,30.34,52.07
E02006893,E02001817,29.57,33.36,56.4
E02006893,E02001818,31.26,34.6,58.64
E02006893,E02001819,27.45,29.76,51.33
E02006893,E02001820,23.37,24.83,43.79
E02006893,E02001821,29.81,31.51,54.38
E02006893,E02001822,24.63,26.19,46.09
E02006893,E02001823,27.19,28.4,49.13
E02006893,E02001824,28.01,30.0,52.18
E02006893,E02001825,29.69,31.17,54.47
E02006893,E02001826,31.35,32.66,56.65
E02006893,E02006841,10.75,12.29,20.59
E02006893,E02006842,10.85,12.45,21.12
E02006893,E02006893,0.95,1.86,2.61
