{"type":"FeatureCollection","crs":{"type":"name","properties":{"name":"EPSG:27700"}},"features":[{"type":"Feature","properties":{"zone_id":"E02001682"},"geometry":{"type":"Polygon","coordinates":[[[416476,565105],[417477,564520],[417549,564386],[417508,564107],[417583,563927],[417817,563735],[418095,563610],[418048,563565],[418061,563502],[417883,563469],[417845,563423],[417788,563435],[417737,563344],[417702,563286],[417601,563270],[417504,563219],[417382,563234],[417283,563125],[417217,563120],[417204,563057],[417121,562903],[417142,562835],[417103,562705],[417064,562654],[417049,562532],[416877,562375],[416827,562377],[416704,562297],[416619,562316],[416543,562273],[416037,562050],[416030,562022],[415947,562056],[415840,562018],[415669,561764],[415474,561596],[415390,561544],[415186,561516],[415108,561463],[415034,561631],[414819,561901],[414648,562192],[414816,562268],[414994,562350],[415011,562451],[415222,562530],[415584,562693],[415741,562890],[415597,562933],[415615,563069],[415534,563080],[415454,563159],[415246,563218],[415082,563218],[414991,563007],[414996,562888],[414926,562825],[414789,562750],[414669,562766],[414563,562712],[414330,562932],[414253,562907],[414145,562937],[414142,563134],[414094,563280],[414171,563287],[414246,563210],[414558,563438],[414368,563401],[414303,563511],[414314,563622],[414219,563624],[414322,563742],[414365,563778],[414387,563783],[414330,563946],[414356,563975],[414440,563920],[414487,563926],[414488,563960],[414641,564074],[414628,564127],[414805,564194],[414853,564177],[414884,564171],[414894,564247],[414930,564249],[414922,564392],[414870,564389],[414858,564430],[414918,564480],[414954,564587],[415006,564638],[415016,564950],[415054,564915],[415171,564933],[415276,564823],[415319,564833],[415359,564921],[415371,565002],[415138,565054],[415114,565071],[415132,565083],[415737,565267],[415880,565291],[416067,565276],[416476,565105]]]}},{"type":"Feature","properties":{"zone_id":"E02001683"},"geometry":{"type":"Polygon","coordinates":[[[415371,565002],[415359,564921],[415319,564833],[415276,564823],[415171,564933],[415054,564915],[415016,564950],[415006,564638],[414954,564587],[414918,564480],[414858,564430],[414870,564389],[414922,564392],[414930,564249],[414894,564247],[414884,564171],[414853,564177],[414805,564194],[414628,564127],[414641,564074],[414488,563960],[414487,563926],[414440,563920],[414356,563975],[414330,563946],[414387,563783],[414365,563778],[414322,563742],[414219,563624],[414314,563622],[414303,563511],[414368,563401],[414558,563438],[414246,563210],[414171,563287],[414094,563280],[414142,563134],[414145,562937],[414253,562907],[414330,562932],[414563,562712],[414669,562766],[414789,562750],[414926,562825],[414996,562888],[414991,563007],[415082,563218],[415246,563218],[415454,563159],[415534,563080],[415615,563069],[415597,562933],[415741,562890],[415584,562693],[415222,562530],[415011,562451],[414994,562350],[414816,562268],[414648,562192],[414819,561901],[414600,561918],[414302,561855],[414228,561805],[414087,561443],[413938,561406],[413929,560925],[414011,560774],[413994,560745],[413925,560687],[413839,560693],[413794,560730],[413775,560695],[413622,560715],[413539,560684],[413503,560729],[413184,560860],[412781,560957],[412619,560870],[412285,560829],[412062,560764],[411990,560835],[411837,560883],[411733,560952],[411656,561064],[411773,561247],[411726,561350],[411233,561682],[410813,562127],[410901,562247],[411063,562321],[411163,562302],[411208,562344],[411234,562317],[411284,562354],[411342,562292],[411410,562330],[411458,562448],[411400,562533],[411428,562583],[411406,562638],[411360,562755],[411438,562782],[411387,562823],[411442,562876],[411392,562945],[411359,562947],[411372,562998],[411331,562996],[411323,563034],[411338,563110],[411405,563144],[411459,563256],[411457,563370],[411540,563377],[411492,563470],[411511,563526],[411553,563505],[411602,563540],[411702,563537],[411769,563601],[411785,563674],[411831,563633],[411909,563645],[411936,563715],[411878,563819],[412002,563870],[411990,563912],[412040,563984],[412018,564054],[412105,564063],[412095,564175],[412152,564253],[412053,564296],[412133,564407],[412089,564439],[412054,564551],[412080,564651],[412344,564745],[412433,564781],[412666,564889],[412724,564929],[412916,565017],[413402,565469],[413859,565568],[413872,565493],[413957,565456],[414421,565196],[414598,565133],[415132,565083],[415114,565071],[415138,565054],[415371,565002]]]}},{"type":"Feature","properties":{"zone_id":"E02001684"},"geometry":{"type":"Polygon","coordinates":[[[430151,562694],[430338,562600],[430429,562708],[430682,562632],[430859,562652],[430900,562842],[431042,562742],[431140,562612],[431144,562487],[431075,562366],[430834,562328],[429921,562188],[429852,562176],[429744,562158],[429587,562136],[429530,562043],[429412,561929],[429363,561970],[429357,562031],[429267,562015],[429235,562058],[429230,562055],[428912,561935],[428862,562067],[428915,562118],[428955,562101],[428963,562131],[428941,562187],[428990,562210],[428964,562263],[429026,562263],[429038,562233],[429086,562257],[429056,562315],[429114,562327],[429092,562420],[429024,562389],[428983,562403],[428896,562333],[428789,562315],[428782,562283],[428751,562280],[428773,562341],[428678,562436],[428435,562132],[428674,561999],[428587,561855],[428486,561886],[428476,561955],[428248,561953],[428177,561920],[428087,561928],[428092,561898],[427976,561864],[427995,561832],[427954,561752],[427813,561837],[427720,561804],[427723,561755],[427803,561716],[427792,561673],[427723,561667],[427721,561635],[427756,561618],[427705,561518],[427604,561530],[427523,561563],[427528,561572],[427542,561612],[427468,561674],[427473,561733],[427513,561725],[427517,561770],[427619,561764],[427639,561772],[427615,561862],[427692,561882],[427673,561907],[427724,562001],[427662,562044],[427693,562092],[427797,562199],[427815,562260],[427681,562270],[427632,562131],[427544,562158],[427554,562290],[427533,562344],[427486,562304],[427449,562200],[427382,562227],[427383,562169],[427330,562189],[427314,562156],[427377,562121],[427318,562039],[427148,562061],[427175,562233],[427201,562293],[426922,562408],[426909,562458],[426839,562685],[426758,562676],[426734,562773],[426721,562830],[426691,562831],[426703,562906],[426698,562985],[426841,562928],[427011,563238],[427052,563319],[427218,563269],[427322,563277],[427329,563323],[427497,563356],[427742,563335],[427808,563306],[427797,563283],[427864,563284],[428089,563153],[428365,562872],[428529,562742],[428657,562707],[428735,562721],[428759,562691],[428952,562807],[429048,562900],[429189,562929],[429654,562985],[429769,563062],[429899,563280],[429939,563425],[429912,563433],[429923,563485],[430124,563398],[430244,563287],[430233,563224],[430193,562973],[430167,562720],[430151,562694]]]}},{"type":"Feature","properties":{"zone_id":"E02001685"},"geometry":{"type":"Polygon","coordinates":[[[418662,563070],[418567,562957],[418612,562914],[418571,562907],[418587,562880],[418532,562770],[418686,562796],[418703,562745],[418730,562770],[418753,562728],[418778,562741],[418805,562691],[418770,562633],[418809,562551],[418747,562528],[418707,562594],[418684,562579],[418683,562477],[418724,562433],[418676,562419],[418669,562374],[418710,562205],[418610,562093],[418571,562073],[418590,561939],[418688,561789],[418689,561733],[418578,561641],[418662,561548],[418275,561452],[418056,561319],[417957,561254],[417798,561636],[417716,561618],[417656,561804],[417643,561877],[417572,561863],[417518,561865],[417483,561621],[417394,561638],[417239,561744],[417252,561776],[417217,561838],[417284,561876],[417286,561828],[417370,561897],[417340,562030],[417484,562096],[417526,562087],[417483,562197],[417442,562365],[417527,562416],[417394,562492],[417305,562454],[417233,562427],[417247,562564],[417320,562585],[417335,562711],[417447,562785],[417460,562774],[417557,562778],[417585,562740],[417642,562773],[417771,562857],[417942,562973],[418000,562993],[418143,562985],[418220,563027],[418189,563034],[418219,563072],[418272,563047],[418324,563016],[418338,563009],[418405,563139],[418440,563120],[418652,563114],[418662,563070]]]}},{"type":"Feature","properties":{"zone_id":"E02001686"},"geometry":{"type":"Polygon","coordinates":[[[418414,560154],[418330,560271],[418316,560398],[418243,560457],[418123,560431],[418018,560354],[417924,560531],[417942,560552],[417912,560549],[417620,560960],[417307,561135],[417421,561333],[417432,561425],[417324,561488],[417155,561438],[417234,561586],[417279,561583],[417315,561639],[417286,561655],[417226,561618],[417172,561646],[417194,561675],[417102,561682],[417060,561734],[417074,561762],[417033,561778],[417056,561800],[417039,561818],[416980,561792],[416950,561785],[416949,561879],[417071,561910],[417059,561973],[416997,561969],[417002,562012],[416973,562029],[416926,562000],[416929,562041],[416906,562042],[416939,562081],[416898,562122],[416826,562220],[416870,562254],[416653,562246],[416618,562278],[416543,562273],[416619,562316],[416704,562297],[416827,562377],[416877,562375],[417049,562532],[417064,562654],[417103,562705],[417142,562835],[417121,562903],[417204,563057],[417217,563120],[417283,563125],[417382,563234],[417504,563219],[417601,563270],[417702,563286],[417737,563344],[417788,563435],[417845,563423],[417883,563469],[418061,563502],[418048,563565],[418095,563610],[418380,563578],[418680,563546],[418811,563640],[418935,563947],[419096,564002],[419209,564004],[419469,563915],[419926,563552],[420372,563325],[420594,563264],[420409,563031],[420319,562862],[420157,562763],[420176,562698],[420257,562673],[420271,562504],[420213,562458],[419986,562466],[419834,562384],[419683,562182],[419536,562053],[419385,561781],[419355,561606],[419386,561605],[419329,561440],[419126,561358],[418949,561340],[418898,561281],[418853,561170],[418852,561007],[418735,560930],[418691,560842],[418619,560366],[418548,560222],[418414,560154]],[[417957,561254],[418056,561319],[418275,561452],[418662,561548],[418578,561641],[418689,561733],[418688,561789],[418590,561939],[418571,562073],[418610,562093],[418710,562205],[418669,562374],[418676,562419],[418724,562433],[418683,562477],[418684,562579],[418707,562594],[418747,562528],[418809,562551],[418770,562633],[418805,562691],[418778,562741],[418753,562728],[418730,562770],[418703,562745],[418686,562796],[418532,562770],[418587,562880],[418571,562907],[418612,562914],[418567,562957],[418662,563070],[418652,563114],[418440,563120],[418405,563139],[418338,563009],[418324,563016],[418272,563047],[418219,563072],[418189,563034],[418220,563027],[418143,562985],[418000,562993],[417942,562973],[417771,562857],[417642,562773],[417585,562740],[417557,562778],[417460,562774],[417447,562785],[417335,562711],[417320,562585],[417247,562564],[417233,562427],[417305,562454],[417394,562492],[417527,562416],[417442,562365],[417483,562197],[417526,562087],[417484,562096],[417340,562030],[417370,561897],[417286,561828],[417284,561876],[417217,561838],[417252,561776],[417239,561744],[417394,561638],[417483,561621],[417518,561865],[417572,561863],[417643,561877],[417656,561804],[417716,561618],[417798,561636],[417957,561254]]]}},{"type":"Feature","properties":{"zone_id":"E02001688"},"geometry":{"type":"MultiPolygon","coordinates":[[[[423500,561136],[423454,561156],[423300,561248],[423265,561309],[423224,561245],[423187,561243],[423253,561499],[423302,561656],[423427,561789],[423271,561859],[423268,561921],[423237,561900],[423158,561860],[423241,561774],[423230,561752],[423147,561807],[423076,561770],[423024,561812],[423096,561846],[423064,561870],[423106,562026],[423138,562033],[423146,562063],[423136,562146],[423075,562141],[423034,562137],[423037,562111],[422999,562141],[422997,562194],[422936,562194],[422899,562099],[422850,562108],[422740,562024],[422580,562048],[422572,562021],[422529,562050],[422371,562200],[422250,562481],[421927,562316],[421860,562424],[421847,562514],[421887,562694],[421395,562789],[420912,563174],[420645,563233],[420764,563298],[420974,563300],[421610,563159],[421790,563112],[421826,563065],[421896,563088],[422061,563027],[422245,562895],[422377,562869],[422387,562839],[422574,562748],[422617,562805],[423042,562682],[423042,562667],[423001,562672],[423043,562650],[423318,562637],[423253,562488],[423277,562419],[423350,562369],[423476,562360],[423459,562171],[423492,562115],[423589,562091],[423570,562030],[423439,562078],[423418,562058],[423416,561981],[423504,561909],[423569,561925],[423582,561804],[423649,561736],[423834,561618],[423749,561639],[423723,561548],[423572,561614],[423470,561480],[423498,561494],[423549,561438],[423616,561425],[423695,561299],[423598,561282],[423518,561354],[423456,561285],[423566,561169],[423510,561144],[423500,561136]]],[[[425438,558615],[425306,558702],[424853,559195],[424598,559414],[424462,559296],[424407,559324],[424313,559271],[423977,559399],[423886,559370],[423798,559854],[423678,559883],[423685,560008],[423726,560007],[423705,560266],[423737,560287],[423777,560283],[423846,560193],[423951,560220],[423969,560167],[424132,560225],[423995,560615],[424197,560687],[424114,560922],[424054,560955],[424066,560996],[424071,561023],[424057,561230],[424121,561385],[424110,561428],[424048,561531],[423913,561606],[423867,561613],[423653,561744],[423594,561805],[423580,561930],[423545,561954],[423501,561922],[423424,562003],[423436,562060],[423574,562018],[423604,562082],[423600,562109],[423504,562131],[423475,562180],[423503,562324],[423475,562388],[423380,562382],[423286,562447],[423328,562601],[423397,562614],[423427,562557],[423551,562525],[423718,562570],[423813,562643],[424153,562797],[424327,562889],[424737,563138],[424759,563030],[424721,562915],[424651,562827],[424615,562769],[424560,562623],[424558,562616],[424417,562497],[424346,562572],[424247,562465],[424225,562481],[424182,562444],[424151,562377],[424219,562358],[424182,562323],[424208,562271],[424277,562216],[424200,562176],[424236,562133],[424222,562076],[424365,561896],[424390,561864],[424339,561829],[424233,561841],[424164,561946],[424142,561899],[424230,561742],[424199,561749],[424111,561662],[424161,561605],[424228,561692],[424198,561596],[424215,561542],[424241,561523],[424266,561546],[424282,561479],[424366,561445],[424366,561396],[424412,561386],[424379,561333],[424489,561268],[424652,561423],[424704,561387],[424739,561402],[424751,561378],[424860,561144],[424965,560799],[425021,560462],[425100,560006],[425148,559731],[425184,559530],[425311,558997],[425410,558707],[425438,558615]]]]}},{"type":"Feature","properties":{"zone_id":"E02001689"},"geometry":{"type":"Polygon","coordinates":[[[425148,562703],[425168,562628],[425269,562680],[425288,562618],[425266,562573],[425296,562560],[425322,562460],[425292,562477],[425299,562445],[425198,562393],[425237,562376],[425333,562418],[425326,562370],[425361,562344],[425358,562324],[425418,562135],[425421,562128],[425311,562078],[425224,562034],[425209,562024],[425120,561942],[425015,561875],[424940,561834],[424759,561735],[424604,561682],[424665,561555],[424670,561545],[424739,561402],[424704,561387],[424652,561423],[424489,561268],[424379,561333],[424412,561386],[424366,561396],[424366,561445],[424282,561479],[424266,561546],[424241,561523],[424215,561542],[424198,561596],[424228,561692],[424161,561605],[424111,561662],[424199,561749],[424230,561742],[424142,561899],[424164,561946],[424233,561841],[424339,561829],[424390,561864],[424365,561896],[424222,562076],[424236,562133],[424200,562176],[424277,562216],[424208,562271],[424182,562323],[424219,562358],[424151,562377],[424182,562444],[424225,562481],[424247,562465],[424346,562572],[424417,562497],[424558,562616],[424560,562623],[424615,562769],[424651,562827],[424671,562795],[424711,562827],[424760,562809],[424761,562736],[424722,562675],[424764,562646],[424847,562697],[425018,562874],[425037,562970],[425110,563010],[425202,562983],[425246,562935],[425201,562885],[425090,562759],[425101,562716],[425148,562703]]]}},{"type":"Feature","properties":{"zone_id":"E02001690"},"geometry":{"type":"Polygon","coordinates":[[[421739,562472],[421710,562121],[421704,562095],[421580,562072],[421496,561995],[421446,561809],[421565,561783],[421692,561798],[421704,561766],[421602,561651],[421733,561606],[421693,561485],[421776,561377],[421781,561266],[421641,561270],[421445,561161],[421436,561230],[421415,561157],[421292,561166],[421308,561206],[421233,561226],[421270,561381],[421227,561389],[421105,561224],[421069,561239],[421087,561333],[421003,561333],[420992,561426],[420873,561423],[420737,561399],[420761,561379],[420716,561350],[420711,561294],[420655,561295],[420658,561344],[420564,561309],[420582,561252],[420461,561103],[420373,561159],[420351,561050],[420324,561051],[420282,560993],[420250,561009],[420264,560970],[420232,560972],[420236,560917],[420177,560905],[420119,560822],[420078,560764],[420103,560714],[420077,560761],[419999,560666],[419817,560573],[419743,560718],[419843,560804],[419791,560870],[419757,561037],[419690,560964],[419662,560977],[419639,560948],[419464,561137],[419372,561278],[419329,561440],[419386,561605],[419408,561615],[419407,561786],[419475,561874],[419581,562085],[419685,562152],[419866,562352],[419987,562430],[420209,562425],[420285,562485],[420371,562628],[420188,562746],[420319,562816],[420482,563066],[420645,563233],[420912,563174],[421395,562789],[421887,562694],[421847,562514],[421739,562472]]]}},{"type":"Feature","properties":{"zone_id":"E02001691"},"geometry":{"type":"Polygon","coordinates":[[[425170,560013],[425100,560006],[425021,560462],[424965,560799],[424860,561144],[424751,561378],[424739,561402],[424670,561545],[424665,561555],[424604,561682],[424759,561735],[424940,561834],[425015,561875],[425120,561942],[425209,562024],[425224,562034],[425311,562078],[425421,562128],[425586,562199],[425603,562207],[425728,562262],[425730,562250],[425731,562248],[425780,561926],[425776,561780],[425775,561744],[425773,561694],[425773,561652],[425770,561585],[425764,561521],[425748,561041],[425749,560655],[425520,560647],[425451,560576],[425296,560561],[425283,560484],[425240,560189],[425198,560166],[425201,560063],[425170,560013]]]}},{"type":"Feature","properties":{"zone_id":"E02001692"},"geometry":{"type":"Polygon","coordinates":[[[426095,562464],[426144,562293],[426213,562300],[426210,562379],[426310,562386],[426402,562380],[426417,562325],[426471,562318],[426453,562224],[426481,562222],[426642,562196],[426633,562151],[426724,562132],[426739,562099],[426796,562092],[426906,562090],[427100,562067],[427083,561868],[427177,561848],[427356,561783],[427316,561720],[427267,561626],[427218,561568],[427121,561405],[427120,561403],[427077,561313],[427009,561172],[426964,561050],[426836,560898],[426765,560860],[426788,560816],[426569,560674],[426556,560666],[426514,560735],[426477,560798],[426469,560813],[426379,560968],[426316,561106],[426242,561392],[426285,561389],[426274,561355],[426338,561390],[426400,561361],[426437,561400],[426429,561457],[426368,561503],[426253,561473],[426223,561555],[426199,561540],[426136,561654],[426034,561641],[426024,561721],[426051,561750],[426099,561737],[426202,561718],[426274,561663],[426315,561643],[426332,561670],[426236,561727],[426258,561787],[426190,561906],[426138,561932],[426352,561922],[426348,562011],[426304,562042],[426309,562081],[426228,562064],[426186,562004],[426190,562060],[426106,562075],[426060,562119],[426082,562152],[426044,562156],[426046,562190],[426074,562231],[426037,562225],[425993,562315],[425979,562365],[426091,562438],[426082,562463],[426095,562464]]]}},{"type":"Feature","properties":{"zone_id":"E02001693"},"geometry":{"type":"Polygon","coordinates":[[[427554,562290],[427544,562158],[427632,562131],[427681,562270],[427815,562260],[427797,562199],[427693,562092],[427662,562044],[427724,562001],[427673,561907],[427692,561882],[427615,561862],[427639,561772],[427619,561764],[427517,561770],[427513,561725],[427473,561733],[427468,561674],[427542,561612],[427528,561572],[427523,561563],[427604,561530],[427705,561518],[427756,561618],[427721,561635],[427723,561667],[427792,561673],[427803,561716],[427723,561755],[427720,561804],[427813,561837],[427954,561752],[427995,561832],[427976,561864],[428092,561898],[428087,561928],[428177,561920],[428248,561953],[428476,561955],[428486,561886],[428587,561855],[428586,561848],[428632,561814],[428660,561792],[428557,561501],[428462,561509],[428426,561473],[428345,561489],[428227,561275],[428178,561188],[428118,561189],[428063,561190],[427685,561211],[427596,561213],[427561,561215],[427548,561182],[427443,561210],[427394,561091],[427329,561091],[427306,560995],[427251,561002],[427176,561046],[427140,560973],[427121,561003],[427073,560981],[427110,560955],[427115,560899],[427068,560893],[427049,560927],[426920,560894],[426947,560859],[427037,560887],[427084,560852],[427037,560812],[427045,560781],[426971,560741],[426881,560811],[426788,560816],[426765,560860],[426836,560898],[426964,561050],[427009,561172],[427077,561313],[427120,561403],[427121,561405],[427218,561568],[427267,561626],[427316,561720],[427356,561783],[427177,561848],[427201,561968],[427156,561983],[427148,562061],[427318,562039],[427377,562121],[427314,562156],[427330,562189],[427383,562169],[427382,562227],[427449,562200],[427486,562304],[427533,562344],[427554,562290]]]}},{"type":"Feature","properties":{"zone_id":"E02001694"},"geometry":{"type":"Polygon","coordinates":[[[421860,562424],[421927,562316],[422250,562481],[422371,562200],[422529,562050],[422572,562021],[422580,562048],[422740,562024],[422850,562108],[422899,562099],[422936,562194],[422997,562194],[422999,562141],[423037,562111],[423034,562137],[423075,562141],[423136,562146],[423146,562063],[423138,562033],[423106,562026],[423064,561870],[423096,561846],[423024,561812],[423076,561770],[423147,561807],[423230,561752],[423241,561774],[423158,561860],[423237,561900],[423268,561921],[423271,561859],[423427,561789],[423302,561656],[423253,561499],[423187,561243],[423185,560958],[423184,560948],[423192,560841],[423129,560664],[423086,560682],[423060,560570],[422936,560451],[422376,560106],[422370,560361],[422419,560355],[422408,560379],[422195,560915],[422144,560891],[422112,561183],[422030,561201],[421781,561266],[421776,561377],[421693,561485],[421733,561606],[421602,561651],[421704,561766],[421692,561798],[421565,561783],[421446,561809],[421496,561995],[421580,562072],[421704,562095],[421710,562121],[421739,562472],[421847,562514],[421860,562424]]]}},{"type":"Feature","properties":{"zone_id":"E02001695"},"geometry":{"type":"Polygon","coordinates":[[[430975,561446],[431080,561298],[431159,561030],[431473,559824],[431419,559774],[431362,559824],[431207,559778],[431134,559707],[431033,559673],[430919,559711],[430554,559934],[430380,559929],[430184,559869],[430057,559734],[430003,559764],[429852,559818],[429327,559739],[429063,559609],[428906,559849],[429284,560135],[429454,560275],[429332,560268],[429333,560321],[429417,560349],[429477,560426],[429476,560476],[429525,560489],[429577,560567],[429623,560562],[429678,560564],[429742,560675],[429716,560739],[429666,560738],[429691,560848],[429779,560844],[429759,560877],[429785,560896],[429769,560982],[429805,560989],[429900,560950],[429905,560913],[429872,560911],[429890,560827],[429962,560909],[430018,560983],[429895,560990],[429873,561285],[429862,561427],[429886,561425],[429871,561457],[429757,561694],[429717,561756],[429710,561767],[429640,561875],[429593,561947],[429530,562043],[429587,562136],[429744,562158],[429852,562176],[429921,562188],[430834,562328],[431075,562366],[430933,562063],[430964,561588],[430975,561446]]]}},{"type":"Feature","properties":{"zone_id":"E02001696"},"geometry":{"type":"Polygon","coordinates":[[[428773,562341],[428751,562280],[428782,562283],[428789,562315],[428896,562333],[428983,562403],[429024,562389],[429092,562420],[429114,562327],[429056,562315],[429086,562257],[429038,562233],[429026,562263],[428964,562263],[428990,562210],[428941,562187],[428963,562131],[428955,562101],[428915,562118],[428862,562067],[428912,561935],[429230,562055],[429235,562058],[429267,562015],[429357,562031],[429363,561970],[429412,561929],[429530,562043],[429593,561947],[429640,561875],[429710,561767],[429717,561756],[429757,561694],[429871,561457],[429886,561425],[429862,561427],[429873,561285],[429895,560990],[430018,560983],[429962,560909],[429890,560827],[429872,560911],[429905,560913],[429900,560950],[429805,560989],[429769,560982],[429785,560896],[429759,560877],[429779,560844],[429691,560848],[429666,560738],[429716,560739],[429742,560675],[429678,560564],[429623,560562],[429577,560567],[429525,560489],[429476,560476],[429477,560426],[429417,560349],[429333,560321],[429332,560268],[429454,560275],[429284,560135],[429231,560229],[429197,560215],[429155,560258],[429181,560384],[429175,560443],[429088,560480],[429033,560468],[429079,560399],[429018,560326],[429118,560227],[429059,560190],[429058,560155],[429004,560292],[428897,560432],[428849,560348],[428809,560290],[428767,560303],[428796,560360],[428769,560357],[428767,560322],[428741,560344],[428687,560304],[428626,560327],[428612,560275],[428557,560307],[428494,560280],[428409,560403],[428431,560418],[428385,560517],[428328,560610],[428370,560790],[428363,560863],[428508,560852],[428568,560777],[428614,560791],[428585,560844],[428647,560941],[428712,561040],[428666,561072],[428661,561128],[428469,561152],[428408,561167],[428408,561208],[428297,561224],[428304,561248],[428227,561275],[428345,561489],[428426,561473],[428462,561509],[428557,561501],[428660,561792],[428632,561814],[428586,561848],[428587,561855],[428674,561999],[428435,562132],[428678,562436],[428773,562341]]]}},{"type":"Feature","properties":{"zone_id":"E02001697"},"geometry":{"type":"Polygon","coordinates":[[[426514,560735],[426556,560666],[426569,560674],[426788,560816],[426881,560811],[426971,560741],[427112,560601],[427140,560570],[427177,560528],[427328,560321],[427272,560294],[427056,560187],[426993,560273],[426911,560228],[426933,560185],[426877,560090],[426844,560089],[426883,560009],[426825,559979],[426830,559942],[426804,559970],[426747,559942],[426773,559888],[426745,559866],[426712,559925],[426620,559829],[426601,559864],[426558,559836],[426558,559889],[426619,559905],[426626,559980],[426674,560007],[426641,560042],[426579,560087],[426490,559952],[426421,559750],[426340,559716],[426297,559716],[426110,559773],[426005,559761],[426003,559883],[425950,559887],[425934,559972],[425903,559977],[425903,560007],[425841,560051],[425879,560102],[425906,560180],[425831,560229],[425807,560259],[425849,560346],[425789,560339],[425776,560391],[425742,560409],[425744,560477],[425752,560655],[425749,560655],[425748,561041],[425769,561054],[425790,561068],[425921,561206],[425968,561269],[426089,561374],[426232,561434],[426242,561392],[426316,561106],[426379,560968],[426469,560813],[426477,560798],[426514,560735]]]}},{"type":"Feature","properties":{"zone_id":"E02001698"},"geometry":{"type":"Polygon","coordinates":[[[421087,561333],[421069,561239],[421105,561224],[421156,561204],[421196,561063],[421167,561036],[421170,560961],[421123,560950],[421124,560912],[421132,560783],[421141,560750],[421101,560739],[421033,560813],[421026,560593],[421025,560445],[420921,560413],[420901,560483],[420863,560495],[420821,560431],[420833,560339],[420785,560329],[420786,560317],[420844,560142],[420839,559865],[420839,559748],[420751,559737],[420728,559818],[420639,559821],[420640,559878],[420604,559904],[420572,559844],[420579,559717],[420275,559684],[420241,559745],[420014,559797],[420036,559894],[420011,559913],[419938,559837],[419869,559934],[419827,559970],[419782,559944],[419771,559978],[419744,559955],[419606,559969],[419607,560077],[419546,560068],[419403,559998],[419398,559964],[419456,559901],[419432,559884],[419304,559991],[419155,560206],[419158,560339],[419296,560611],[419480,560750],[419690,560964],[419757,561037],[419791,560870],[419843,560804],[419743,560718],[419817,560573],[419999,560666],[420077,560761],[420103,560714],[420078,560764],[420119,560822],[420177,560905],[420236,560917],[420232,560972],[420264,560970],[420250,561009],[420282,560993],[420324,561051],[420351,561050],[420373,561159],[420461,561103],[420582,561252],[420564,561309],[420658,561344],[420655,561295],[420711,561294],[420716,561350],[420761,561379],[420737,561399],[420873,561423],[420992,561426],[421003,561333],[421087,561333]]]}},{"type":"Feature","properties":{"zone_id":"E02001699"},"geometry":{"type":"Polygon","coordinates":[[[428408,561208],[428408,561167],[428469,561152],[428661,561128],[428666,561072],[428712,561040],[428647,560941],[428585,560844],[428614,560791],[428568,560777],[428508,560852],[428363,560863],[428370,560790],[428328,560610],[428385,560517],[428431,560418],[428409,560403],[428494,560280],[428557,560307],[428612,560275],[428626,560327],[428687,560304],[428741,560344],[428767,560322],[428769,560357],[428796,560360],[428767,560303],[428809,560290],[428849,560348],[428897,560432],[429004,560292],[429058,560155],[429059,560190],[429118,560227],[429018,560326],[429079,560399],[429033,560468],[429088,560480],[429175,560443],[429181,560384],[429155,560258],[429197,560215],[429231,560229],[429284,560135],[428906,559849],[429063,559609],[428749,559351],[428725,559316],[428517,559561],[428635,559651],[428596,559722],[428612,559801],[428557,559832],[428465,559802],[428427,559714],[428257,559670],[428209,559703],[428244,559744],[428162,559897],[428095,559884],[428069,559954],[427906,559945],[427737,559937],[427544,559960],[427471,560086],[427430,560152],[427399,560203],[427328,560321],[427177,560528],[427140,560570],[427112,560601],[426971,560741],[427045,560781],[427037,560812],[427084,560852],[427037,560887],[426947,560859],[426920,560894],[427049,560927],[427068,560893],[427115,560899],[427110,560955],[427073,560981],[427121,561003],[427140,560973],[427176,561046],[427251,561002],[427306,560995],[427329,561091],[427394,561091],[427443,561210],[427548,561182],[427561,561215],[427596,561213],[427685,561211],[428063,561190],[428118,561189],[428178,561188],[428227,561275],[428304,561248],[428297,561224],[428408,561208]]]}},{"type":"Feature","properties":{"zone_id":"E02001700"},"geometry":{"type":"Polygon","coordinates":[[[423846,561616],[423930,561529],[423867,561613],[423913,561606],[424048,561531],[424110,561428],[424121,561385],[424057,561230],[424071,561023],[424066,560996],[424054,560955],[424114,560922],[424197,560687],[423995,560615],[424132,560225],[423969,560167],[423951,560220],[423846,560193],[423777,560283],[423737,560287],[423705,560266],[423726,560007],[423685,560008],[423678,559883],[423517,559900],[423328,560032],[423232,560102],[423134,560126],[423063,560076],[422990,560147],[422930,560162],[422910,560117],[422979,560056],[423047,559820],[423056,559653],[422847,559341],[422486,559484],[422371,559567],[422328,559485],[422155,559363],[421984,559049],[421958,559091],[421715,558848],[421583,558756],[421458,558738],[421501,558632],[421247,558470],[421277,558406],[421359,558208],[421404,558186],[421444,558041],[421272,557955],[421224,557562],[421254,557555],[421233,557231],[420946,557225],[420949,557254],[420848,557238],[420490,557055],[420392,557137],[420125,557067],[420030,556961],[420004,556911],[420029,556827],[419927,556699],[419940,556482],[419868,556475],[419759,556543],[419720,556643],[419613,556710],[419490,556877],[419545,556923],[419430,557081],[419412,557170],[419434,557185],[419295,557216],[418666,557196],[418480,557162],[418273,557047],[418242,557117],[418102,557069],[417973,557094],[417984,557139],[417907,557174],[417855,557304],[417731,557163],[417631,557294],[417558,557337],[417534,557455],[417554,557598],[417486,557753],[417397,557859],[417401,557912],[417368,557919],[417347,558003],[417257,558024],[417207,558134],[417166,558127],[417139,558195],[416918,558254],[416983,558588],[416935,558835],[417215,558834],[417272,558746],[417311,558734],[417380,558786],[417398,558890],[417558,559294],[417648,559429],[417874,559658],[417953,559668],[418042,559576],[418127,559671],[418127,559830],[417870,560173],[418018,560354],[418123,560431],[418243,560457],[418316,560398],[418330,560271],[418414,560154],[418548,560222],[418619,560366],[418691,560842],[418735,560930],[418852,561007],[418853,561170],[418898,561281],[418949,561340],[419126,561358],[419329,561440],[419372,561278],[419464,561137],[419639,560948],[419662,560977],[419690,560964],[419480,560750],[419296,560611],[419158,560339],[419155,560206],[419304,559991],[419432,559884],[419456,559901],[419398,559964],[419403,559998],[419546,560068],[419607,560077],[419606,559969],[419744,559955],[419771,559978],[419782,559944],[419827,559970],[419869,559934],[419938,559837],[420011,559913],[420036,559894],[420014,559797],[420241,559745],[420275,559684],[420579,559717],[420572,559844],[420604,559904],[420640,559878],[420639,559821],[420728,559818],[420751,559737],[420839,559748],[420839,559865],[420844,560142],[420786,560317],[420785,560329],[420833,560339],[420821,560431],[420863,560495],[420901,560483],[420921,560413],[421025,560445],[421026,560593],[421033,560813],[421101,560739],[421141,560750],[421132,560783],[421124,560912],[421123,560950],[421170,560961],[421167,561036],[421196,561063],[421156,561204],[421105,561224],[421227,561389],[421270,561381],[421233,561226],[421308,561206],[421292,561166],[421415,561157],[421436,561230],[421445,561161],[421641,561270],[421781,561266],[422030,561201],[422112,561183],[422144,560891],[422195,560915],[422408,560379],[422419,560355],[422370,560361],[422376,560106],[422936,560451],[423060,560570],[423086,560682],[423129,560664],[423192,560841],[423184,560948],[423185,560958],[423187,561243],[423224,561245],[423265,561309],[423300,561248],[423454,561156],[423500,561136],[423510,561144],[423566,561169],[423456,561285],[423518,561354],[423598,561282],[423695,561299],[423616,561425],[423549,561438],[423498,561494],[423470,561480],[423572,561614],[423723,561548],[423749,561639],[423834,561618],[423846,561616]]]}},{"type":"Feature","properties":{"zone_id":"E02001701"},"geometry":{"type":"Polygon","coordinates":[[[425776,560391],[425789,560339],[425849,560346],[425807,560259],[425831,560229],[425906,560180],[425879,560102],[425841,560051],[425903,560007],[425903,559977],[425934,559972],[425950,559887],[426003,559883],[426005,559761],[426110,559773],[426133,559720],[426230,559460],[426247,559408],[426223,559372],[426149,559420],[426096,559374],[426030,559413],[426014,559358],[426097,559339],[426149,559363],[426241,559285],[426193,559224],[426099,559185],[426055,559171],[426114,559067],[426125,558990],[426105,559002],[426182,558805],[426082,558765],[426008,558757],[426008,558678],[425969,558642],[425790,558727],[425737,558609],[425807,558425],[425488,558587],[425438,558615],[425410,558707],[425311,558997],[425184,559530],[425148,559731],[425100,560006],[425170,560013],[425201,560063],[425198,560166],[425240,560189],[425283,560484],[425296,560561],[425451,560576],[425520,560647],[425749,560655],[425752,560655],[425744,560477],[425742,560409],[425776,560391]]]}},{"type":"Feature","properties":{"zone_id":"E02001702"},"geometry":{"type":"Polygon","coordinates":[[[427399,560203],[427430,560152],[427471,560086],[427544,559960],[427737,559937],[427906,559945],[428069,559954],[428095,559884],[428162,559897],[428244,559744],[428209,559703],[428257,559670],[428427,559714],[428465,559802],[428557,559832],[428612,559801],[428596,559722],[428635,559651],[428517,559561],[428195,559338],[428159,559311],[427728,558967],[427840,558808],[427891,558640],[428008,558333],[428288,557850],[428030,557930],[428055,558049],[427919,557978],[427771,558141],[427566,558343],[427502,558404],[427232,558319],[427249,558375],[427304,558392],[427250,558423],[427304,558492],[427284,558571],[427234,558606],[427218,558596],[427226,558718],[427326,558962],[427389,559012],[427348,559177],[427442,559305],[427432,559347],[427396,559333],[427402,559415],[427374,559443],[427290,559371],[427231,559473],[427190,559447],[427076,559644],[426984,559581],[426922,559377],[426877,559360],[426826,559427],[426801,559415],[426768,559455],[426669,559345],[426690,559388],[426660,559409],[426649,559491],[426676,559510],[426648,559620],[426608,559642],[426467,559628],[426421,559750],[426490,559952],[426579,560087],[426641,560042],[426674,560007],[426626,559980],[426619,559905],[426558,559889],[426558,559836],[426601,559864],[426620,559829],[426712,559925],[426745,559866],[426773,559888],[426747,559942],[426804,559970],[426830,559942],[426825,559979],[426883,560009],[426844,560089],[426877,560090],[426933,560185],[426911,560228],[426993,560273],[427056,560187],[427272,560294],[427328,560321],[427399,560203]]]}},{"type":"Feature","properties":{"zone_id":"E02001703"},"geometry":{"type":"Polygon","coordinates":[[[416618,562278],[416653,562246],[416870,562254],[416826,562220],[416898,562122],[416939,562081],[416906,562042],[416929,562041],[416926,562000],[416973,562029],[417002,562012],[416997,561969],[417059,561973],[417071,561910],[416949,561879],[416950,561785],[416980,561792],[417039,561818],[417056,561800],[417033,561778],[417074,561762],[417060,561734],[417102,561682],[417194,561675],[417172,561646],[417226,561618],[417286,561655],[417315,561639],[417279,561583],[417234,561586],[417155,561438],[417324,561488],[417432,561425],[417421,561333],[417307,561135],[417620,560960],[417912,560549],[417942,560552],[417924,560531],[418018,560354],[417870,560173],[418127,559830],[418127,559671],[418042,559576],[417953,559668],[417874,559658],[417648,559429],[417558,559294],[417398,558890],[417380,558786],[417311,558734],[417272,558746],[417215,558834],[416935,558835],[416983,558588],[416918,558254],[416793,558047],[416594,558103],[416365,558008],[416287,558111],[416204,558141],[416040,558069],[415807,557630],[415681,557464],[415490,557364],[415458,557368],[415366,557192],[415311,557146],[415243,557156],[415102,557254],[415040,557359],[415067,557556],[415034,557624],[415130,557681],[415155,557868],[415267,558044],[415406,558101],[415423,558295],[415537,558392],[415625,558323],[415781,558382],[415773,558430],[415721,558423],[415729,558525],[415613,558581],[415571,558567],[415559,558605],[415452,558653],[415538,558747],[415586,558753],[415622,558689],[415680,558780],[415406,558778],[415446,559220],[415182,559240],[415106,559052],[414964,558914],[414830,558840],[414772,558831],[414611,558902],[414526,559111],[414694,559237],[414837,559284],[414872,559418],[414817,559447],[414859,559639],[414814,559734],[414797,559910],[414872,559974],[414803,560323],[414865,560362],[414750,560856],[414937,560956],[415018,561042],[415057,561149],[414999,561237],[415009,561296],[415039,561396],[415108,561463],[415186,561516],[415390,561544],[415474,561596],[415669,561764],[415840,562018],[415947,562056],[416030,562022],[416037,562050],[416543,562273],[416618,562278]]]}},{"type":"Feature","properties":{"zone_id":"E02001704"},"geometry":{"type":"Polygon","coordinates":[[[426110,559773],[426297,559716],[426340,559716],[426421,559750],[426467,559628],[426608,559642],[426648,559620],[426676,559510],[426649,559491],[426660,559409],[426690,559388],[426669,559345],[426768,559455],[426801,559415],[426826,559427],[426877,559360],[426922,559377],[426984,559581],[427076,559644],[427190,559447],[427231,559473],[427290,559371],[427374,559443],[427402,559415],[427396,559333],[427432,559347],[427442,559305],[427348,559177],[427389,559012],[427326,558962],[427226,558718],[427218,558596],[426856,558418],[426767,558371],[426720,558341],[426748,558306],[426744,558187],[426589,558139],[426469,558145],[426363,558400],[426328,558398],[426185,558364],[426015,558323],[425883,558387],[425807,558425],[425737,558609],[425790,558727],[425969,558642],[426008,558678],[426008,558757],[426082,558765],[426182,558805],[426105,559002],[426125,558990],[426114,559067],[426055,559171],[426099,559185],[426193,559224],[426241,559285],[426149,559363],[426097,559339],[426014,559358],[426030,559413],[426096,559374],[426149,559420],[426223,559372],[426247,559408],[426230,559460],[426133,559720],[426110,559773]]]}},{"type":"Feature","properties":{"zone_id":"E02001705"},"geometry":{"type":"Polygon","coordinates":[[[410813,562127],[411233,561682],[411726,561350],[411773,561247],[411656,561064],[411733,560952],[411837,560883],[411990,560835],[412062,560764],[412285,560829],[412619,560870],[412781,560957],[413184,560860],[413503,560729],[413539,560684],[413622,560715],[413775,560695],[413794,560730],[413839,560693],[413925,560687],[413994,560745],[414011,560774],[413929,560925],[413938,561406],[414087,561443],[414228,561805],[414302,561855],[414600,561918],[414819,561901],[415034,561631],[415108,561463],[415039,561396],[415009,561296],[414999,561237],[415057,561149],[415018,561042],[414937,560956],[414750,560856],[414865,560362],[414803,560323],[414872,559974],[414797,559910],[414814,559734],[414859,559639],[414817,559447],[414872,559418],[414837,559284],[414694,559237],[414526,559111],[414611,558902],[414772,558831],[414830,558840],[414964,558914],[415106,559052],[415182,559240],[415446,559220],[415406,558778],[415680,558780],[415622,558689],[415586,558753],[415538,558747],[415452,558653],[415559,558605],[415571,558567],[415613,558581],[415729,558525],[415721,558423],[415773,558430],[415781,558382],[415625,558323],[415537,558392],[415423,558295],[415406,558101],[415267,558044],[415155,557868],[415130,557681],[415034,557624],[415067,557556],[415040,557359],[415102,557254],[415243,557156],[415311,557146],[415366,557192],[415458,557368],[415490,557364],[415472,557177],[415420,557106],[415136,557121],[415094,557155],[415079,557226],[415025,557239],[414956,557157],[414967,556936],[414882,556915],[414774,556976],[414719,557007],[414433,557274],[414095,557448],[414052,557412],[414045,557280],[413999,557249],[413831,557177],[413482,557127],[413458,557007],[413310,556749],[413301,556600],[413256,556558],[413172,556566],[412997,556790],[412917,556839],[412745,556669],[412626,556666],[412559,556729],[412472,556948],[412395,556959],[412133,556837],[411972,556751],[411793,556776],[411761,556792],[411678,556816],[411575,556786],[411504,556826],[411408,557034],[411355,557054],[411318,557134],[411200,557225],[411195,557290],[410925,557333],[410741,557443],[410713,557490],[410632,557484],[410375,557614],[410208,557634],[409980,557752],[409776,557772],[409690,557844],[409542,558095],[409616,558166],[409585,558212],[409672,558356],[409807,558482],[409921,558680],[410072,559035],[410096,559162],[410185,559248],[410249,559268],[410277,559460],[410768,559548],[411085,559522],[411187,559519],[411183,559579],[411158,559588],[411255,559912],[411211,559961],[411168,560216],[411336,560510],[411303,560701],[411172,560795],[411022,561011],[410919,561088],[410908,561147],[410997,561255],[410979,561302],[411008,561341],[410992,561399],[410952,561417],[410965,561442],[410899,561494],[410843,561620],[410856,561665],[410740,561863],[410768,561887],[410749,562087],[410794,562085],[410813,562127]]]}},{"type":"Feature","properties":{"zone_id":"E02001706"},"geometry":{"type":"Polygon","coordinates":[[[422990,560147],[423063,560076],[423134,560126],[423232,560102],[423328,560032],[423517,559900],[423678,559883],[423798,559854],[423886,559370],[423977,559399],[424313,559271],[424407,559324],[424462,559296],[424598,559414],[424853,559195],[425306,558702],[425438,558615],[425488,558587],[425807,558425],[425883,558387],[426015,558323],[426185,558364],[426328,558398],[426363,558400],[426469,558145],[426589,558139],[426744,558187],[426748,558306],[426720,558341],[426767,558371],[426856,558418],[427218,558596],[427234,558606],[427284,558571],[427304,558492],[427250,558423],[427304,558392],[427249,558375],[427232,558319],[427502,558404],[427566,558343],[427771,558141],[427919,557978],[428055,558049],[428030,557930],[428288,557850],[428490,557276],[428497,557110],[428399,556957],[428305,556935],[428133,556795],[428097,556784],[428051,556669],[428079,556474],[427974,556469],[427941,556464],[427894,556356],[427716,556310],[427757,556163],[427653,556139],[427649,556057],[427565,556037],[427533,556114],[427421,556085],[427371,556086],[427389,556100],[427321,556291],[427279,556299],[427165,556268],[427161,556319],[426914,556254],[426873,556248],[426795,556261],[426644,556205],[426670,556133],[426598,556095],[426619,556043],[426639,555996],[426595,555945],[426621,555865],[426697,555702],[426551,555590],[426504,555612],[426488,555714],[426412,555800],[426336,556065],[426285,556128],[426259,556217],[426156,556313],[426140,556418],[426123,556441],[426031,556432],[425891,556388],[425704,556197],[425739,556114],[425690,556072],[425503,556024],[425443,556073],[425419,556018],[425281,556027],[425308,555886],[425238,555866],[425213,555800],[425095,555693],[424988,555686],[424698,555216],[424581,555110],[424539,554952],[424557,554770],[424411,554799],[424329,554731],[424230,554798],[424158,554748],[424115,554753],[423987,554681],[423936,554549],[423865,554513],[423763,554516],[423734,554487],[423749,554426],[423688,554346],[423621,554339],[423498,554221],[423414,554090],[423247,554052],[423209,553961],[422975,553844],[422848,553841],[422618,553923],[422515,553898],[422486,554001],[422512,554054],[422707,554079],[422788,554128],[422747,554212],[422763,554277],[422696,554436],[422681,554583],[422770,554595],[422766,554907],[422720,554930],[422591,555417],[422546,555488],[422325,555419],[422160,555310],[422132,555168],[421910,555155],[421950,555434],[421816,555558],[421709,555742],[421548,555660],[421312,555707],[420925,555961],[420839,556089],[420739,556172],[420748,556386],[420840,556560],[420820,556572],[420855,556784],[420946,557225],[421233,557231],[421254,557555],[421224,557562],[421272,557955],[421444,558041],[421404,558186],[421359,558208],[421277,558406],[421247,558470],[421501,558632],[421458,558738],[421583,558756],[421715,558848],[421958,559091],[421984,559049],[422155,559363],[422328,559485],[422371,559567],[422486,559484],[422847,559341],[423056,559653],[423047,559820],[422979,560056],[422910,560117],[422930,560162],[422990,560147]]]}},{"type":"Feature","properties":{"zone_id":"E02001707"},"geometry":{"type":"Polygon","coordinates":[[[428417,556266],[428411,555780],[428407,555591],[428429,555269],[428430,555239],[428510,555228],[428502,554917],[428418,554917],[428412,554708],[428462,554617],[428575,554584],[428574,554540],[428512,554533],[428406,554475],[428365,554231],[428199,554097],[428061,554088],[427849,554063],[427642,553952],[427309,553882],[427311,553812],[427249,553798],[427053,553748],[426999,554114],[426989,554180],[426825,555182],[426779,555291],[426762,555460],[426627,555574],[426551,555590],[426697,555702],[426621,555865],[426595,555945],[426639,555996],[426619,556043],[426598,556095],[426670,556133],[426644,556205],[426795,556261],[426873,556248],[426914,556254],[427161,556319],[427165,556268],[427279,556299],[427321,556291],[427389,556100],[427371,556086],[427421,556085],[427533,556114],[427565,556037],[427649,556057],[427653,556139],[427757,556163],[427716,556310],[427894,556356],[427941,556464],[427974,556469],[428079,556474],[428051,556669],[428097,556784],[428133,556795],[428208,556738],[428345,556533],[428417,556266]]]}},{"type":"Feature","properties":{"zone_id":"E02001708"},"geometry":{"type":"Polygon","coordinates":[[[422592,576161],[422728,575877],[422972,575202],[423111,575002],[423225,574537],[423134,574494],[423114,574398],[423274,574226],[423368,573849],[423498,573187],[423562,572836],[423586,572697],[423465,572668],[423445,572637],[423420,572602],[423223,572442],[423120,572263],[423142,572179],[423172,572058],[423188,571994],[423201,571953],[423235,571955],[423493,571953],[423606,571951],[423769,571946],[423980,571943],[423995,571809],[424090,571788],[424078,571724],[424033,571272],[423828,571195],[423814,571144],[423684,570899],[423479,570703],[422979,570288],[422701,570002],[422644,569932],[422653,569933],[422460,569628],[422316,569403],[422230,569271],[422213,569244],[422148,569143],[421977,568873],[421695,568928],[421543,568931],[421447,568925],[421396,568774],[421468,568750],[421420,568639],[421556,568577],[421466,568397],[421476,568339],[421477,568316],[421284,568438],[421195,568502],[421158,568482],[421159,568512],[421080,568452],[421008,568514],[420936,568474],[420926,568386],[420858,568417],[420850,568331],[420672,568414],[420652,568387],[420551,568457],[420585,568560],[420649,568695],[420852,568835],[420885,568849],[420929,568904],[420994,569049],[420966,569170],[421189,569348],[421260,569413],[421277,569447],[421422,569596],[421422,569790],[421503,569787],[421607,569779],[421742,569714],[421814,569681],[421889,569671],[421955,569906],[422066,570104],[421909,570118],[421763,570033],[421514,570046],[421573,570352],[421481,570818],[421467,570878],[421506,571248],[421335,571895],[421090,571853],[421014,571792],[420622,571620],[420603,571845],[420530,571912],[420217,571867],[420181,571739],[420084,571749],[419969,571775],[419889,571854],[419798,571885],[419700,572019],[419594,572085],[419652,572444],[419582,572730],[419608,572819],[419556,572941],[419474,573008],[419397,573140],[418591,573178],[418379,574594],[418995,574635],[418961,575203],[419185,575199],[419190,575236],[419300,575221],[419457,575196],[419465,575161],[419809,575072],[419854,575152],[419822,575417],[420159,575493],[420548,575667],[421688,576048],[422152,576134],[422379,576125],[422592,576161]]]}},{"type":"Feature","properties":{"zone_id":"E02001709"},"geometry":{"type":"Polygon","coordinates":[[[425523,571766],[426052,571739],[426161,571776],[426188,571738],[426132,571679],[426169,571203],[426214,570990],[426259,570780],[426386,570450],[426479,570241],[426451,570177],[426152,570065],[426026,569961],[426004,569901],[425736,569309],[425696,569139],[425619,568771],[425600,568632],[425647,568459],[425650,568427],[425611,568426],[425592,568450],[425511,568504],[425431,568623],[425425,568722],[425372,568733],[425305,568836],[425200,568900],[425033,569181],[424948,569196],[424878,569144],[424739,569141],[424608,569023],[424598,568930],[424512,568824],[424405,568787],[424346,568744],[424350,568699],[424283,568680],[424245,568620],[424092,568628],[424097,568585],[424050,568555],[423961,568562],[423951,568462],[423885,568390],[423802,568351],[423774,568366],[423714,568421],[423598,568544],[423543,568558],[423582,568607],[423740,568621],[423740,568674],[423580,568681],[423635,568734],[423760,568746],[423770,568812],[423605,568873],[423424,568919],[423420,569102],[423177,569176],[423124,569206],[423028,569297],[423059,569313],[423064,569461],[423059,569624],[423047,569689],[422995,569884],[422991,569884],[422747,569943],[422653,569933],[422644,569932],[422701,570002],[422979,570288],[423479,570703],[423684,570899],[423814,571144],[423828,571195],[424033,571272],[424078,571724],[424090,571788],[424137,571778],[424148,571823],[424227,571804],[424196,571679],[424230,571670],[424417,571840],[424590,571930],[425523,571766]]]}},{"type":"Feature","properties":{"zone_id":"E02001710"},"geometry":{"type":"Polygon","coordinates":[[[423045,568078],[422913,568039],[422724,568042],[422682,568043],[422460,568045],[422459,568072],[422424,568072],[422262,568074],[422074,568066],[422070,568036],[422000,568033],[421905,568013],[421906,568084],[421891,568194],[421868,568378],[421704,568445],[421797,568592],[421977,568873],[422148,569143],[422213,569244],[422230,569271],[422316,569403],[422460,569628],[422653,569933],[422747,569943],[422991,569884],[422995,569884],[423047,569689],[423059,569624],[423064,569461],[423059,569313],[423028,569297],[423124,569206],[423177,569176],[423420,569102],[423424,568919],[423425,568803],[423379,568729],[423364,568714],[423298,568659],[423252,568590],[423187,568541],[423196,568426],[423167,568307],[423060,568302],[423058,568263],[423048,568124],[423045,568078]]]}},{"type":"Feature","properties":{"zone_id":"E02001711"},"geometry":{"type":"Polygon","coordinates":[[[419700,572019],[419798,571885],[419889,571854],[419969,571775],[420084,571749],[420181,571739],[420217,571867],[420530,571912],[420603,571845],[420622,571620],[421014,571792],[421090,571853],[421335,571895],[421506,571248],[421467,570878],[421481,570818],[421573,570352],[421514,570046],[421763,570033],[421909,570118],[422066,570104],[421955,569906],[421889,569671],[421814,569681],[421742,569714],[421607,569779],[421503,569787],[421422,569790],[421422,569596],[421277,569447],[421260,569413],[421189,569348],[420966,569170],[420994,569049],[420929,568904],[420885,568849],[420852,568835],[420649,568695],[420585,568560],[420551,568457],[420652,568387],[420672,568414],[420850,568331],[420858,568417],[420926,568386],[420936,568474],[421008,568514],[421080,568452],[421159,568512],[421158,568482],[421195,568502],[421284,568438],[421477,568316],[421493,568236],[421463,568196],[421491,568181],[421293,567927],[421342,567804],[421388,567537],[421317,567498],[421212,567531],[421193,567584],[421151,567554],[421109,567583],[421163,567659],[421125,567696],[421177,567773],[421100,567796],[421099,567853],[421051,567862],[421030,567818],[420901,567798],[420840,567795],[420860,567661],[420903,567661],[420911,567689],[420994,567639],[420981,567612],[420890,567637],[420734,567658],[420756,567619],[420725,567555],[420663,567571],[420652,567680],[420584,567683],[420591,567711],[420547,567726],[420541,567666],[420517,567421],[420512,567376],[420375,567355],[420350,567354],[420331,567183],[420084,567256],[420078,567258],[420006,567310],[419783,567384],[419672,567458],[419271,567761],[419184,567828],[419114,567885],[419127,567912],[418936,567875],[418841,568051],[418734,568066],[418669,568195],[418529,568117],[418459,568422],[418363,568420],[418182,568541],[417934,568394],[417934,568364],[417774,568450],[417638,568582],[417574,568502],[417310,568395],[417302,568434],[416856,568662],[416547,568521],[416415,568575],[416324,568480],[416103,568445],[416074,568387],[415942,568466],[415896,568186],[415648,568166],[415667,568857],[415679,569071],[416017,569035],[416065,569971],[416549,569979],[416718,570036],[416739,570106],[416714,570139],[416765,570287],[416848,570304],[416771,570458],[416762,570594],[417031,570591],[417208,570641],[417235,570829],[417440,570889],[417517,570933],[417552,570993],[417679,570986],[417897,571041],[417892,571097],[418347,571102],[418188,571604],[418557,571702],[418530,571897],[418719,571910],[418716,572011],[418978,572007],[419218,572085],[419255,572165],[419594,572085],[419700,572019]]]}},{"type":"Feature","properties":{"zone_id":"E02001712"},"geometry":{"type":"Polygon","coordinates":[[[425611,568426],[425677,568302],[425590,568194],[425545,568116],[425553,568003],[425610,567905],[425567,567860],[425462,567695],[425407,567472],[425494,567276],[425566,567225],[425790,567214],[425834,567073],[425765,567080],[425559,567186],[425366,567196],[425071,567184],[425020,567150],[424964,567111],[424650,566832],[424584,567120],[424372,567166],[424383,567112],[424284,567055],[424255,567113],[424215,567191],[424266,567214],[424268,567277],[424337,567271],[424357,567312],[424404,567282],[424465,567332],[424446,567365],[424477,567384],[424426,567403],[424293,567333],[424249,567475],[424003,567359],[423942,567473],[423979,567526],[424014,567527],[424011,567611],[424052,567632],[423989,567668],[423981,567712],[424070,567771],[424122,567683],[424083,567662],[424104,567603],[424222,567595],[424248,567550],[424270,567558],[424245,567588],[424365,567621],[424404,567610],[424422,567544],[424537,567583],[424559,567545],[424625,567550],[424674,567608],[424663,567694],[424560,567723],[424572,567796],[424524,567880],[424627,567911],[424577,568151],[424569,568196],[424605,568202],[424573,568349],[424653,568339],[424678,568371],[424637,568423],[424567,568441],[424490,568460],[424364,568487],[424352,568557],[424358,568607],[424350,568699],[424346,568744],[424405,568787],[424512,568824],[424598,568930],[424608,569023],[424739,569141],[424878,569144],[424948,569196],[425033,569181],[425200,568900],[425305,568836],[425372,568733],[425425,568722],[425431,568623],[425511,568504],[425592,568450],[425611,568426]]]}},{"type":"Feature","properties":{"zone_id":"E02001713"},"geometry":{"type":"Polygon","coordinates":[[[423774,568366],[423802,568351],[423885,568390],[423951,568462],[423961,568562],[424050,568555],[424097,568585],[424092,568628],[424245,568620],[424283,568680],[424350,568699],[424358,568607],[424352,568557],[424364,568487],[424490,568460],[424567,568441],[424637,568423],[424678,568371],[424653,568339],[424573,568349],[424605,568202],[424569,568196],[424577,568151],[424627,567911],[424524,567880],[424572,567796],[424560,567723],[424663,567694],[424674,567608],[424625,567550],[424559,567545],[424537,567583],[424422,567544],[424404,567610],[424365,567621],[424245,567588],[424270,567558],[424248,567550],[424222,567595],[424104,567603],[424083,567662],[424122,567683],[424070,567771],[423981,567712],[423989,567668],[424052,567632],[424011,567611],[424014,567527],[423979,567526],[423942,567473],[424003,567359],[424249,567475],[424293,567333],[424426,567403],[424477,567384],[424446,567365],[424465,567332],[424404,567282],[424357,567312],[424337,567271],[424268,567277],[424266,567214],[424215,567191],[424255,567113],[424284,567055],[424383,567112],[424372,567166],[424584,567120],[424650,566832],[424641,566824],[424454,566863],[424217,566834],[423857,566788],[423807,566927],[423704,566965],[423663,566926],[423654,566804],[423546,566840],[423524,566969],[423353,567004],[423262,566986],[423257,567027],[423193,566997],[423069,567026],[423085,567082],[423128,567085],[423176,567260],[423149,567278],[423082,567239],[423065,567165],[422977,567266],[422914,567264],[422954,567178],[422947,567145],[422913,567146],[422826,567308],[422875,567324],[422855,567377],[423088,567504],[423100,567526],[423061,567533],[423146,567550],[423129,567477],[423211,567481],[423224,567566],[423214,567586],[423121,567815],[423045,568078],[423048,568124],[423058,568263],[423060,568302],[423167,568307],[423196,568426],[423187,568541],[423252,568590],[423298,568659],[423364,568714],[423379,568729],[423425,568803],[423424,568919],[423605,568873],[423770,568812],[423760,568746],[423635,568734],[423580,568681],[423740,568674],[423740,568621],[423582,568607],[423543,568558],[423598,568544],[423714,568421],[423774,568366]]]}},{"type":"Feature","properties":{"zone_id":"E02001714"},"geometry":{"type":"Polygon","coordinates":[[[427009,568440],[427082,568156],[427093,568148],[427135,567984],[427145,567944],[427317,567985],[427300,568085],[427368,568098],[427413,568097],[427438,568097],[427478,567877],[427476,567790],[427553,567815],[427691,567860],[427997,568015],[428138,568050],[428337,567975],[428321,567647],[428318,567556],[428313,567361],[428302,567294],[428300,567284],[428230,566958],[428155,567010],[428089,566951],[428058,566976],[428030,566958],[427998,566889],[427940,566997],[427829,567206],[427744,567214],[427660,567272],[427638,567244],[427591,567368],[427580,567392],[427405,567380],[427269,567413],[427150,567448],[427166,567375],[427123,567339],[427146,567302],[427330,567222],[427302,567192],[427080,567168],[427059,567195],[426979,567151],[426943,567176],[426911,567150],[426871,567176],[426866,567145],[426799,567159],[426747,567170],[426721,567176],[426644,567176],[426638,567213],[426569,567213],[426569,567277],[426408,567189],[426356,567174],[426359,567128],[426297,567103],[426245,567125],[426216,567108],[426221,567069],[426253,567079],[426268,567044],[426250,566984],[426298,566876],[426217,566851],[426184,566815],[426195,566781],[426401,566697],[426418,566647],[426343,566574],[426239,566621],[426246,566522],[426211,566523],[426215,566562],[426182,566468],[426217,566316],[426164,566194],[426082,566355],[426122,566436],[426105,566493],[426024,566795],[425871,567014],[425834,567073],[425790,567214],[425566,567225],[425494,567276],[425407,567472],[425462,567695],[425567,567860],[425610,567905],[425553,568003],[425545,568116],[425590,568194],[425677,568302],[425611,568426],[425650,568427],[425816,568399],[426035,568356],[426267,568315],[426531,568308],[426688,568331],[426769,568349],[427009,568440]]]}},{"type":"Feature","properties":{"zone_id":"E02001715"},"geometry":{"type":"Polygon","coordinates":[[[421906,568084],[421905,568013],[422000,568033],[422070,568036],[422074,568066],[422262,568074],[422424,568072],[422459,568072],[422460,568045],[422682,568043],[422724,568042],[422913,568039],[423045,568078],[423121,567815],[423214,567586],[423224,567566],[423211,567481],[423129,567477],[423146,567550],[423061,567533],[423100,567526],[423088,567504],[422855,567377],[422875,567324],[422826,567308],[422913,567146],[422947,567145],[422954,567178],[422914,567264],[422977,567266],[423065,567165],[423082,567239],[423149,567278],[423176,567260],[423128,567085],[423085,567082],[423069,567026],[423193,566997],[423257,567027],[423262,566986],[423353,567004],[423524,566969],[423546,566840],[423654,566804],[423663,566926],[423704,566965],[423807,566927],[423857,566788],[423753,566717],[423252,566121],[423221,566077],[422900,566186],[422551,566180],[422380,566161],[422165,566148],[422060,566203],[422078,566318],[422078,566321],[422065,566418],[421899,566640],[421882,566656],[421769,566760],[421681,566894],[421656,566944],[421555,567174],[421527,567237],[421489,567323],[421412,567471],[421390,567512],[421388,567537],[421342,567804],[421293,567927],[421491,568181],[421463,568196],[421493,568236],[421477,568316],[421476,568339],[421466,568397],[421556,568577],[421420,568639],[421468,568750],[421396,568774],[421447,568925],[421543,568931],[421695,568928],[421977,568873],[421797,568592],[421704,568445],[421868,568378],[421891,568194],[421906,568084]]]}},{"type":"Feature","properties":{"zone_id":"E02001718"},"geometry":{"type":"Polygon","coordinates":[[[421125,567696],[421163,567659],[421109,567583],[421151,567554],[421193,567584],[421212,567531],[421317,567498],[421388,567537],[421390,567512],[421412,567471],[421489,567323],[421527,567237],[421555,567174],[421656,566944],[421493,566893],[421470,566869],[421508,566813],[421435,566739],[421500,566565],[421461,566513],[421462,566429],[421460,566425],[421509,566431],[421453,566346],[421471,566323],[421523,566374],[421610,566344],[421590,566315],[421528,566221],[421457,566211],[421436,566156],[421381,566170],[421267,566200],[421256,566202],[421240,566203],[421086,566206],[420981,566241],[420916,566302],[420833,566426],[420586,566772],[420537,566822],[420560,566847],[420543,566882],[420574,566907],[420576,567001],[420336,567136],[420331,567183],[420350,567354],[420375,567355],[420512,567376],[420517,567421],[420541,567666],[420547,567726],[420591,567711],[420584,567683],[420652,567680],[420663,567571],[420725,567555],[420756,567619],[420734,567658],[420890,567637],[420981,567612],[420994,567639],[420911,567689],[420903,567661],[420860,567661],[420840,567795],[420901,567798],[421030,567818],[421051,567862],[421099,567853],[421100,567796],[421177,567773],[421125,567696]]]}},{"type":"Feature","properties":{"zone_id":"E02001719"},"geometry":{"type":"Polygon","coordinates":[[[427269,567413],[427405,567380],[427580,567392],[427591,567368],[427638,567244],[427660,567272],[427744,567214],[427829,567206],[427940,566997],[427998,566889],[428030,566958],[428058,566976],[428089,566951],[428155,567010],[428230,566958],[428213,566907],[428209,566897],[428060,566502],[428086,566493],[428054,566418],[427924,566123],[427854,566120],[427731,566114],[427659,566181],[427580,566169],[427569,566288],[427535,566289],[427508,566288],[427519,566198],[427379,566195],[427384,566332],[427335,566376],[427331,566350],[427218,566348],[427220,566426],[427160,566577],[426898,566457],[426918,566437],[426949,566355],[427026,566323],[427034,566287],[427077,566099],[427116,566085],[427126,566037],[427091,566035],[427120,565907],[427144,565909],[427151,565879],[427053,565871],[427024,565836],[426989,565864],[426948,565836],[426916,565872],[426866,565842],[426837,565775],[426741,565804],[426649,565898],[426642,565909],[426580,566062],[426484,566180],[426399,566110],[426352,566151],[426218,566136],[426164,566194],[426217,566316],[426182,566468],[426215,566562],[426211,566523],[426246,566522],[426239,566621],[426343,566574],[426418,566647],[426401,566697],[426195,566781],[426184,566815],[426217,566851],[426298,566876],[426250,566984],[426268,567044],[426253,567079],[426221,567069],[426216,567108],[426245,567125],[426297,567103],[426359,567128],[426356,567174],[426408,567189],[426569,567277],[426569,567213],[426638,567213],[426644,567176],[426721,567176],[426747,567170],[426799,567159],[426866,567145],[426871,567176],[426911,567150],[426943,567176],[426979,567151],[427059,567195],[427080,567168],[427302,567192],[427330,567222],[427146,567302],[427123,567339],[427166,567375],[427150,567448],[427269,567413]]]}},{"type":"Feature","properties":{"zone_id":"E02001720"},"geometry":{"type":"Polygon","coordinates":[[[426024,566795],[426105,566493],[426122,566436],[426082,566355],[426164,566194],[426218,566136],[426352,566151],[426399,566110],[426338,566096],[426154,566067],[426098,566004],[425905,565992],[425910,566053],[426004,566043],[425995,566099],[426024,566189],[425991,566199],[425933,566216],[425841,566180],[425747,566248],[425677,566258],[425581,566272],[425586,566302],[425624,566432],[425584,566465],[425533,566447],[425454,566464],[425475,566543],[425373,566505],[425330,566307],[425362,566298],[425330,566185],[425313,566073],[425349,566072],[425342,566043],[425331,565993],[425280,565989],[425286,565957],[425096,565934],[425097,565985],[424984,566052],[424812,565915],[424771,566124],[424641,566824],[424650,566832],[424964,567111],[425020,567150],[425071,567184],[425366,567196],[425559,567186],[425765,567080],[425834,567073],[425871,567014],[426024,566795]]]}},{"type":"Feature","properties":{"zone_id":"E02001721"},"geometry":{"type":"Polygon","coordinates":[[[416856,568662],[417302,568434],[417310,568395],[417574,568502],[417638,568582],[417774,568450],[417934,568364],[417824,568245],[417606,568139],[417757,567921],[417798,567838],[417788,567763],[417674,567789],[417588,567772],[417518,567696],[417502,567589],[417569,567542],[417602,567562],[417622,567531],[417602,567475],[417752,567455],[417854,567447],[417897,567392],[417934,567418],[417998,567398],[417974,567357],[418050,567322],[418026,567232],[417977,567237],[417970,567213],[418133,567140],[418105,567072],[418057,567045],[418035,566975],[417879,567020],[417842,566999],[417769,567087],[417746,567117],[417696,567003],[417679,566848],[417747,566847],[417752,566758],[417508,566753],[417374,566749],[417378,566745],[417808,566355],[417825,566285],[417773,566159],[417637,566204],[417637,565830],[417647,565805],[417797,565516],[417742,565490],[417730,565294],[417590,564953],[417550,564878],[417599,564796],[417506,564643],[417189,564815],[416813,565025],[416815,565076],[416791,565044],[416739,565072],[416405,565267],[416148,565372],[416066,565392],[416052,565423],[415968,565402],[415940,565455],[415908,565457],[415884,565404],[415643,565355],[415255,565218],[415032,565198],[414828,565222],[414649,565912],[414452,566131],[414460,566238],[414492,566734],[414584,566865],[414543,567594],[414576,567599],[414566,567735],[414883,567686],[415663,567554],[415648,568166],[415896,568186],[415942,568466],[416074,568387],[416103,568445],[416324,568480],[416415,568575],[416547,568521],[416856,568662]]]}},{"type":"Feature","properties":{"zone_id":"E02001722"},"geometry":{"type":"Polygon","coordinates":[[[419035,566841],[419204,566733],[419281,566757],[419512,566735],[419507,566762],[419482,566902],[420002,566867],[420090,566862],[420151,566821],[420145,566789],[420217,566762],[420208,566734],[420280,566699],[420312,566671],[420435,566560],[420400,566513],[420339,566456],[420258,566356],[420145,566188],[420074,566094],[419997,565987],[419874,565813],[419814,565780],[419736,565750],[419706,565674],[419694,565638],[419476,565726],[419333,565778],[419276,565796],[419008,565880],[418928,565905],[418825,565932],[418471,566027],[418179,566138],[418070,566191],[417808,566355],[417378,566745],[417374,566749],[417508,566753],[417752,566758],[417862,566758],[418025,566755],[418056,566785],[418148,566760],[418151,566759],[418224,566740],[418331,566712],[418454,566673],[418673,566579],[418699,566641],[418714,566694],[418776,566902],[419035,566841]]]}},{"type":"Feature","properties":{"zone_id":"E02001723"},"geometry":{"type":"Polygon","coordinates":[[[421899,566640],[422065,566418],[422078,566321],[422078,566318],[422060,566203],[422165,566148],[422380,566161],[422551,566180],[422900,566186],[423221,566077],[422947,565777],[423047,565648],[423008,565588],[422621,565561],[422572,565558],[422576,565458],[422498,565423],[422485,565516],[422468,565587],[422441,565551],[422407,565583],[422347,565579],[422329,565735],[422265,565764],[422213,565752],[422187,565622],[422066,565564],[422068,565528],[421961,565525],[421735,565616],[421634,565662],[421622,565668],[421596,565683],[421430,565799],[421427,565801],[421404,565818],[421396,565825],[421232,565955],[421143,566049],[421267,566200],[421381,566170],[421436,566156],[421457,566211],[421528,566221],[421590,566315],[421610,566344],[421523,566374],[421471,566323],[421453,566346],[421509,566431],[421460,566425],[421462,566429],[421461,566513],[421500,566565],[421435,566739],[421508,566813],[421470,566869],[421493,566893],[421656,566944],[421681,566894],[421769,566760],[421882,566656],[421899,566640]]]}},{"type":"Feature","properties":{"zone_id":"E02001724"},"geometry":{"type":"Polygon","coordinates":[[[425454,566464],[425533,566447],[425584,566465],[425624,566432],[425586,566302],[425581,566272],[425677,566258],[425747,566248],[425841,566180],[425933,566216],[425991,566199],[426024,566189],[425995,566099],[426004,566043],[425910,566053],[425905,565992],[426098,566004],[426154,566067],[426338,566096],[426399,566110],[426484,566180],[426580,566062],[426642,565909],[426649,565898],[426535,565818],[426516,565925],[426417,565981],[426334,565936],[426372,565806],[426356,565684],[426252,565675],[426280,565610],[426198,565551],[426198,565439],[426058,565429],[426040,565458],[426032,565391],[426133,565368],[426117,565330],[426108,565302],[426017,565216],[425940,565234],[425850,565288],[425849,565286],[425771,565191],[425761,565234],[425632,565306],[425640,565334],[425514,565359],[425468,565450],[425215,565256],[425108,565340],[424896,565446],[424852,565694],[424812,565915],[424984,566052],[425097,565985],[425096,565934],[425286,565957],[425280,565989],[425331,565993],[425342,566043],[425349,566072],[425313,566073],[425330,566185],[425362,566298],[425330,566307],[425373,566505],[425475,566543],[425454,566464]]]}},{"type":"Feature","properties":{"zone_id":"E02001725"},"geometry":{"type":"Polygon","coordinates":[[[427220,566426],[427218,566348],[427331,566350],[427335,566376],[427384,566332],[427379,566195],[427519,566198],[427508,566288],[427535,566289],[427569,566288],[427580,566169],[427659,566181],[427731,566114],[427854,566120],[427924,566123],[427695,565751],[427465,565497],[427285,565358],[427304,565297],[427325,565183],[427298,565131],[427300,564947],[427269,564890],[427367,564867],[427521,564726],[427558,564675],[427592,564679],[427598,564626],[427572,564621],[427513,564639],[427444,564593],[427425,564626],[427415,564685],[427354,564750],[427326,564646],[427257,564656],[427202,564672],[427173,564637],[427224,564544],[427242,564474],[427213,564452],[427184,564481],[427151,564560],[427080,564616],[427085,564696],[427075,564735],[427018,564720],[426894,564691],[426863,564790],[426702,564748],[426690,564806],[426682,564847],[426735,564948],[426776,564920],[426812,564942],[426797,564969],[426853,565059],[426736,565007],[426723,565029],[426841,565098],[426944,565159],[426901,565291],[426879,565356],[426873,565430],[426869,565485],[426844,565654],[426835,565697],[426837,565775],[426866,565842],[426916,565872],[426948,565836],[426989,565864],[427024,565836],[427053,565871],[427151,565879],[427144,565909],[427120,565907],[427091,566035],[427126,566037],[427116,566085],[427077,566099],[427034,566287],[427026,566323],[426949,566355],[426918,566437],[426898,566457],[427160,566577],[427220,566426]]]}},{"type":"Feature","properties":{"zone_id":"E02001726"},"geometry":{"type":"Polygon","coordinates":[[[421735,565616],[421961,565525],[422068,565528],[422257,565538],[422258,565501],[422255,565193],[422266,565130],[422272,565112],[422308,565037],[422359,564926],[422352,564901],[422272,564610],[422128,564651],[422072,564667],[421946,564699],[421867,564719],[421710,564761],[421636,564784],[421608,564793],[421550,564816],[421301,564929],[421263,564946],[421211,564968],[420969,565077],[420666,565212],[420592,565245],[420479,565294],[420401,565329],[420302,565373],[420180,565426],[420053,565482],[419694,565638],[419706,565674],[419736,565750],[419814,565780],[419874,565813],[419997,565987],[420074,566094],[420145,566188],[420258,566356],[420339,566456],[420400,566513],[420435,566560],[420535,566701],[420586,566772],[420833,566426],[420916,566302],[420981,566241],[421086,566206],[421240,566203],[421256,566202],[421267,566200],[421143,566049],[421232,565955],[421396,565825],[421404,565818],[421427,565801],[421430,565799],[421596,565683],[421622,565668],[421634,565662],[421735,565616]]]}},{"type":"Feature","properties":{"zone_id":"E02001727"},"geometry":{"type":"Polygon","coordinates":[[[428483,566622],[428741,566218],[428772,566242],[428880,566305],[428900,566279],[428933,566301],[429023,566542],[429054,566522],[429120,566379],[429162,566152],[429276,566176],[429290,566180],[429429,566220],[429477,566236],[429487,566239],[429553,566087],[429567,566059],[429590,566004],[429628,565921],[429596,565890],[429610,565784],[429575,565654],[429549,565639],[429537,565510],[429665,565468],[429947,565773],[430122,565591],[430015,565462],[430030,565436],[429864,564989],[429851,564872],[429753,564867],[429570,564856],[429369,564802],[429245,564766],[429236,564764],[429229,564762],[429026,564706],[428906,564671],[428901,564670],[428640,564586],[428615,564644],[428648,564657],[428638,564687],[428734,564681],[428724,564817],[428637,564897],[428678,564964],[428650,564990],[428660,565038],[428695,565062],[428723,565172],[428712,565273],[428743,565283],[428890,565049],[428917,565056],[428912,565016],[428946,564996],[429058,565247],[428954,565328],[428947,565505],[428733,565452],[428697,565445],[428583,565417],[428550,565453],[428482,565389],[428502,565411],[428479,565427],[428454,565340],[428416,565325],[428420,565231],[428374,565344],[428234,565622],[428330,565705],[428313,565830],[428150,565802],[428028,566198],[428155,566251],[428054,566418],[428086,566493],[428180,566410],[428380,566581],[428483,566622]]]}},{"type":"Feature","properties":{"zone_id":"E02001728"},"geometry":{"type":"Polygon","coordinates":[[[418070,566191],[418179,566138],[418471,566027],[418825,565932],[418928,565905],[419008,565880],[419276,565796],[419333,565778],[419476,565726],[419694,565638],[419660,565551],[419613,565428],[419550,565270],[419549,565268],[419478,565164],[419453,564927],[419443,564784],[419438,564583],[419479,564408],[419467,564079],[418867,564405],[418766,564413],[418673,564468],[418533,564449],[418495,564413],[418647,564447],[419134,564248],[419099,564152],[419138,564112],[418924,564061],[418814,563965],[418706,563775],[418600,563705],[418352,563699],[418063,563750],[417875,563832],[417704,563973],[417650,564097],[417701,564407],[417634,564555],[417506,564643],[417599,564796],[417550,564878],[417590,564953],[417730,565294],[417742,565490],[417797,565516],[417647,565805],[417637,565830],[417637,566204],[417773,566159],[417825,566285],[417808,566355],[418070,566191]]]}},{"type":"Feature","properties":{"zone_id":"E02001729"},"geometry":{"type":"Polygon","coordinates":[[[422329,565735],[422347,565579],[422407,565583],[422441,565551],[422468,565587],[422485,565516],[422498,565423],[422576,565458],[422572,565558],[422621,565561],[423008,565588],[423047,565648],[423131,565551],[423391,565274],[423576,565450],[423691,565492],[423655,565616],[423706,565572],[423768,565621],[423763,565652],[423808,565641],[423830,565696],[423849,565686],[423827,565655],[423868,565627],[423909,565597],[423885,565511],[423883,565507],[423944,565436],[424071,565294],[424149,565207],[424088,565100],[424034,564978],[423768,564929],[423754,564912],[423848,564839],[423771,564855],[423704,564875],[423559,564921],[423513,564932],[423492,564909],[423453,564912],[423429,564955],[423394,564935],[423400,564895],[423361,564891],[423346,564734],[423337,564630],[423436,564623],[423447,564622],[423448,564600],[423490,564520],[423547,564522],[423550,564345],[423579,564334],[423604,564320],[423655,564328],[423679,564323],[423675,564282],[423769,564298],[423734,564207],[423605,564249],[423522,564273],[423454,564294],[423312,564333],[423289,564339],[423256,564349],[423215,564361],[423167,564372],[422952,564424],[422737,564483],[422735,564484],[422551,564532],[422415,564570],[422272,564610],[422352,564901],[422359,564926],[422308,565037],[422272,565112],[422266,565130],[422255,565193],[422258,565501],[422257,565538],[422068,565528],[422066,565564],[422187,565622],[422213,565752],[422265,565764],[422329,565735]]]}},{"type":"Feature","properties":{"zone_id":"E02001730"},"geometry":{"type":"Polygon","coordinates":[[[426516,565925],[426535,565818],[426649,565898],[426741,565804],[426837,565775],[426835,565697],[426844,565654],[426869,565485],[426873,565430],[426879,565356],[426901,565291],[426944,565159],[426841,565098],[426723,565029],[426646,564984],[426443,564871],[426260,564777],[426165,564708],[426203,564665],[426262,564650],[426268,564634],[426285,564588],[426225,564526],[426237,564421],[426310,564374],[426358,564266],[426424,564232],[426434,564195],[426445,564073],[426186,564137],[425906,564111],[425726,564039],[425290,563823],[425228,563926],[425156,564110],[425193,564151],[425180,564220],[425232,564262],[425260,564375],[425284,564573],[425291,564606],[425363,564879],[425353,565024],[425275,565175],[425271,565182],[425215,565256],[425468,565450],[425514,565359],[425640,565334],[425632,565306],[425761,565234],[425771,565191],[425849,565286],[425850,565288],[425940,565234],[426017,565216],[426108,565302],[426117,565330],[426133,565368],[426032,565391],[426040,565458],[426058,565429],[426198,565439],[426198,565551],[426280,565610],[426252,565675],[426356,565684],[426372,565806],[426334,565936],[426417,565981],[426516,565925]]]}},{"type":"Feature","properties":{"zone_id":"E02001731"},"geometry":{"type":"Polygon","coordinates":[[[424812,565915],[424852,565694],[424896,565446],[425108,565340],[425215,565256],[425271,565182],[425275,565175],[425353,565024],[425363,564879],[425291,564606],[425284,564573],[425260,564375],[425232,564262],[425180,564220],[425193,564151],[425156,564110],[425228,563926],[425290,563823],[425113,563723],[424710,563458],[424720,563426],[424453,563197],[424441,563215],[424367,563330],[424333,563317],[424232,563453],[424256,563484],[424197,563555],[424188,563628],[424199,563715],[424095,563712],[424105,563777],[424003,563782],[423981,563849],[423938,563869],[423702,563754],[423635,563721],[423615,563657],[423579,563651],[423564,563686],[423608,563708],[423587,563756],[423520,563702],[423451,563671],[423377,563649],[423281,563883],[423464,563935],[423446,563980],[423365,564171],[423328,564252],[423289,564339],[423312,564333],[423454,564294],[423522,564273],[423605,564249],[423734,564207],[423769,564298],[423675,564282],[423679,564323],[423655,564328],[423604,564320],[423579,564334],[423550,564345],[423547,564522],[423490,564520],[423448,564600],[423447,564622],[423436,564623],[423337,564630],[423346,564734],[423361,564891],[423400,564895],[423394,564935],[423429,564955],[423453,564912],[423492,564909],[423513,564932],[423559,564921],[423704,564875],[423771,564855],[423848,564839],[423754,564912],[423768,564929],[424034,564978],[424088,565100],[424149,565207],[424071,565294],[423944,565436],[423883,565507],[423885,565511],[423909,565597],[423868,565627],[423827,565655],[423849,565686],[423830,565696],[423808,565641],[423763,565652],[423768,565621],[423706,565572],[423655,565616],[423691,565492],[423576,565450],[423391,565274],[423131,565551],[423047,565648],[422947,565777],[423221,566077],[423252,566121],[423753,566717],[423857,566788],[424217,566834],[424454,566863],[424641,566824],[424771,566124],[424812,565915]]]}},{"type":"Feature","properties":{"zone_id":"E02001732"},"geometry":{"type":"Polygon","coordinates":[[[420957,563556],[420974,563465],[420416,563498],[419992,563704],[419859,563761],[419762,563851],[419720,563939],[419467,564079],[419479,564408],[419438,564583],[419443,564784],[419453,564927],[419478,565164],[419549,565268],[419550,565270],[419613,565428],[419660,565551],[419694,565638],[420053,565482],[420180,565426],[420302,565373],[420401,565329],[420327,565151],[420219,565043],[420124,564917],[420217,564775],[420352,564574],[420364,564562],[420461,564550],[420756,564517],[420817,564509],[420968,564495],[420965,564458],[420992,564375],[420977,564180],[420890,563614],[420957,563556]]]}},{"type":"Feature","properties":{"zone_id":"E02001733"},"geometry":{"type":"Polygon","coordinates":[[[428028,566198],[428150,565802],[428313,565830],[428330,565705],[428234,565622],[428374,565344],[428420,565231],[428416,565325],[428454,565340],[428479,565427],[428502,565411],[428482,565389],[428550,565453],[428583,565417],[428697,565445],[428733,565452],[428947,565505],[428954,565328],[429058,565247],[428946,564996],[428912,565016],[428917,565056],[428890,565049],[428743,565283],[428712,565273],[428723,565172],[428695,565062],[428660,565038],[428650,564990],[428678,564964],[428637,564897],[428724,564817],[428734,564681],[428638,564687],[428648,564657],[428615,564644],[428640,564586],[428315,564482],[428308,564479],[428310,564487],[428207,564615],[428177,564588],[428096,564602],[428119,564648],[428097,564674],[428059,564647],[428029,564669],[428003,564642],[427891,564644],[427892,564620],[427856,564646],[427878,564686],[427746,564661],[427752,564614],[427774,564425],[427877,564436],[427884,564436],[427915,564216],[427915,564213],[427932,564055],[427951,563894],[427972,563781],[427924,563750],[427922,563743],[427920,563632],[427790,563685],[427788,563651],[427950,563586],[427913,563418],[427807,563475],[427546,563511],[427360,563486],[427216,563471],[427086,563496],[426847,563670],[426470,564099],[426455,564156],[426440,564241],[426374,564273],[426332,564381],[426272,564410],[426236,564522],[426286,564559],[426292,564617],[426281,564637],[426247,564671],[426209,564673],[426165,564708],[426260,564777],[426443,564871],[426646,564984],[426723,565029],[426736,565007],[426853,565059],[426797,564969],[426812,564942],[426776,564920],[426735,564948],[426682,564847],[426690,564806],[426702,564748],[426863,564790],[426894,564691],[427018,564720],[427075,564735],[427085,564696],[427080,564616],[427151,564560],[427184,564481],[427213,564452],[427242,564474],[427224,564544],[427173,564637],[427202,564672],[427257,564656],[427326,564646],[427354,564750],[427415,564685],[427425,564626],[427444,564593],[427513,564639],[427572,564621],[427598,564626],[427592,564679],[427558,564675],[427521,564726],[427367,564867],[427269,564890],[427300,564947],[427298,565131],[427325,565183],[427304,565297],[427285,565358],[427465,565497],[427695,565751],[427924,566123],[428054,566418],[428155,566251],[428028,566198]]]}},{"type":"Feature","properties":{"zone_id":"E02001734"},"geometry":{"type":"Polygon","coordinates":[[[422675,563779],[422649,563569],[422644,563522],[422325,563585],[422306,563385],[422200,563354],[422078,563383],[422044,563390],[422031,563292],[421593,563386],[421479,563384],[420974,563465],[420957,563556],[420890,563614],[420977,564180],[420992,564375],[420965,564458],[420968,564495],[420817,564509],[420756,564517],[420461,564550],[420364,564562],[420352,564574],[420217,564775],[420124,564917],[420219,565043],[420327,565151],[420401,565329],[420479,565294],[420592,565245],[420666,565212],[420969,565077],[421211,564968],[421263,564946],[421301,564929],[421550,564816],[421502,564605],[421460,564580],[421448,564527],[421553,564500],[421576,564494],[421534,564268],[421523,564217],[421592,564189],[421824,564091],[421897,564059],[421909,564052],[422042,563982],[422079,563972],[422201,563956],[422456,563900],[422614,563864],[422683,563855],[422675,563779]]]}},{"type":"Feature","properties":{"zone_id":"E02001735"},"geometry":{"type":"Polygon","coordinates":[[[429851,564872],[429834,564637],[429692,564639],[429678,564601],[429593,564603],[429616,564711],[429519,564703],[429484,564483],[429436,564411],[429314,564421],[429294,564521],[429193,564566],[429055,564623],[429041,564591],[429086,564510],[429139,564514],[429156,564469],[429128,564434],[429144,564410],[429227,564398],[429206,564346],[429138,564313],[429171,564283],[429079,564179],[429112,564106],[428989,564124],[428955,564199],[428809,564147],[428794,564060],[428853,564033],[428823,563990],[428747,563987],[428700,563942],[428649,563991],[428613,563939],[428492,564026],[428419,563922],[428462,563705],[428411,563736],[428334,563725],[428241,563620],[428157,563658],[428176,563734],[428124,563732],[428085,563674],[427922,563743],[427924,563750],[427972,563781],[427951,563894],[427932,564055],[427915,564213],[427915,564216],[427884,564436],[427877,564436],[427774,564425],[427752,564614],[427746,564661],[427878,564686],[427856,564646],[427892,564620],[427891,564644],[428003,564642],[428029,564669],[428059,564647],[428097,564674],[428119,564648],[428096,564602],[428177,564588],[428207,564615],[428310,564487],[428308,564479],[428315,564482],[428640,564586],[428901,564670],[428906,564671],[429026,564706],[429229,564762],[429236,564764],[429245,564766],[429369,564802],[429570,564856],[429753,564867],[429851,564872]]]}},{"type":"Feature","properties":{"zone_id":"E02001736"},"geometry":{"type":"Polygon","coordinates":[[[423281,563883],[423377,563649],[423451,563671],[423520,563702],[423587,563756],[423608,563708],[423564,563686],[423579,563651],[423615,563657],[423635,563721],[423702,563754],[423938,563869],[423981,563849],[424003,563782],[424105,563777],[424095,563712],[424199,563715],[424188,563628],[424197,563555],[424256,563484],[424232,563453],[424333,563317],[424367,563330],[424441,563215],[424453,563197],[424182,563004],[423893,562910],[423350,562903],[423000,562951],[422674,563038],[422031,563292],[422044,563390],[422078,563383],[422200,563354],[422306,563385],[422325,563585],[422644,563522],[422649,563569],[422675,563779],[422683,563855],[422614,563864],[422456,563900],[422201,563956],[422079,563972],[422042,563982],[421909,564052],[421897,564059],[421824,564091],[421592,564189],[421523,564217],[421534,564268],[421576,564494],[421553,564500],[421448,564527],[421460,564580],[421502,564605],[421550,564816],[421608,564793],[421636,564784],[421710,564761],[421867,564719],[421946,564699],[422072,564667],[422128,564651],[422272,564610],[422415,564570],[422551,564532],[422735,564484],[422737,564483],[422952,564424],[423167,564372],[423215,564361],[423256,564349],[423289,564339],[423328,564252],[423365,564171],[423446,563980],[423464,563935],[423281,563883]]]}},{"type":"Feature","properties":{"zone_id":"E02001737"},"geometry":{"type":"Polygon","coordinates":[[[429593,564603],[429678,564601],[429692,564639],[429834,564637],[429776,563790],[429710,563412],[429689,563427],[429434,563204],[429333,563151],[429252,563163],[429043,563046],[428881,562947],[428723,562909],[428626,562920],[428479,563034],[428202,563262],[428087,563319],[427913,563418],[427950,563586],[427788,563651],[427790,563685],[427920,563632],[427922,563743],[428085,563674],[428124,563732],[428176,563734],[428157,563658],[428241,563620],[428334,563725],[428411,563736],[428462,563705],[428419,563922],[428492,564026],[428613,563939],[428649,563991],[428700,563942],[428747,563987],[428823,563990],[428853,564033],[428794,564060],[428809,564147],[428955,564199],[428989,564124],[429112,564106],[429079,564179],[429171,564283],[429138,564313],[429206,564346],[429227,564398],[429144,564410],[429128,564434],[429156,564469],[429139,564514],[429086,564510],[429041,564591],[429055,564623],[429193,564566],[429294,564521],[429314,564421],[429436,564411],[429484,564483],[429519,564703],[429616,564711],[429593,564603]]]}},{"type":"Feature","properties":{"zone_id":"E02001738"},"geometry":{"type":"MultiPolygon","coordinates":[[[[435315,575419],[435252,575480],[435277,575494],[435315,575419]]],[[[435244,575344],[435194,575397],[435203,575442],[435267,575442],[435244,575344]]],[[[433116,572132],[433013,572195],[432951,572233],[432705,572380],[432532,572434],[432583,572576],[432379,572725],[432363,572713],[432315,572771],[432265,572763],[432176,573117],[432273,573172],[432514,573442],[432642,573448],[432819,573353],[432829,573378],[432850,573602],[432522,574731],[432589,574722],[432768,574686],[432884,574739],[433076,574754],[433177,574850],[433309,574860],[433369,574920],[433354,574970],[433466,575221],[433652,575321],[433678,575346],[433677,575446],[433927,575702],[434107,575738],[434154,575680],[434318,575706],[434439,575658],[434465,575672],[434549,575606],[434656,575585],[434642,575500],[434719,575333],[434843,575215],[435016,575183],[435126,575209],[435084,575037],[435090,574842],[434952,574725],[434900,574543],[434934,574271],[435001,574130],[435079,573765],[434940,573693],[434950,573670],[434904,573619],[434891,573514],[434754,573476],[434615,573441],[434593,573393],[434497,573441],[434424,573404],[434334,573490],[434337,573273],[434300,573267],[434299,573304],[434264,573308],[434225,573307],[434210,573253],[434265,573234],[434329,573111],[434288,573027],[434320,572979],[434243,572929],[434101,572857],[434038,572825],[433945,572777],[433659,572602],[433650,572596],[433551,572531],[433432,572454],[433283,572326],[433116,572132]]]]}},{"type":"Feature","properties":{"zone_id":"E02001739"},"geometry":{"type":"Polygon","coordinates":[[[425760,574493],[425919,574428],[425971,574471],[426149,574493],[426202,574472],[426293,574471],[426379,574403],[426464,574384],[426651,574296],[426832,574361],[426984,574360],[427017,574370],[427124,573802],[427147,573649],[427265,573533],[427417,573567],[427526,573501],[427783,573433],[428219,573426],[428555,572945],[428753,572450],[428946,572123],[429094,571967],[429260,571805],[429150,571447],[428936,571577],[428959,571443],[428845,571323],[428804,571354],[428803,571355],[428675,571488],[428614,571525],[428430,571504],[428304,571495],[428074,571501],[428043,571371],[427963,571406],[427945,571364],[427886,571387],[427861,571342],[427791,571406],[427882,571602],[427928,571720],[427949,571937],[427919,572067],[427970,572078],[427917,572105],[427867,572158],[427831,572137],[427416,572166],[427543,572380],[427287,572385],[427112,572290],[427075,572303],[427114,572336],[427067,572426],[427045,572533],[427018,572528],[427004,572582],[426959,572803],[427167,572887],[427092,573202],[426966,573127],[426945,573154],[426601,572802],[426520,572717],[426343,572838],[426157,572723],[425922,573376],[425911,573405],[425777,573455],[425742,573510],[425659,573506],[425650,573532],[425444,573573],[425440,573598],[425428,573671],[425264,573641],[425232,573808],[425303,573829],[425304,573876],[425590,574007],[425704,574193],[425705,574281],[425800,574267],[425828,574357],[425762,574369],[425760,574493]]]}},{"type":"Feature","properties":{"zone_id":"E02001740"},"geometry":{"type":"Polygon","coordinates":[[[435129,573541],[435336,573055],[435514,572770],[435404,572740],[435333,572740],[435211,572613],[435067,572496],[435040,572476],[434839,572378],[434629,572150],[434473,571993],[434369,571967],[434322,571957],[434270,571975],[434246,572025],[434215,571986],[434193,572016],[434296,572084],[434269,572131],[434189,572145],[434278,572170],[434265,572201],[434341,572251],[434363,572249],[434430,572277],[434444,572330],[434406,572649],[434368,572677],[434327,572840],[434243,572929],[434320,572979],[434288,573027],[434329,573111],[434265,573234],[434210,573253],[434225,573307],[434264,573308],[434299,573304],[434300,573267],[434337,573273],[434334,573490],[434424,573404],[434497,573441],[434593,573393],[434615,573441],[434754,573476],[434891,573514],[434904,573619],[434950,573670],[434940,573693],[435079,573765],[435129,573541]]]}},{"type":"Feature","properties":{"zone_id":"E02001741"},"geometry":{"type":"Polygon","coordinates":[[[424578,574594],[424710,574531],[424838,574499],[424864,574518],[424890,574487],[425038,574524],[425059,574494],[425159,574503],[425271,574554],[425284,574591],[425395,574597],[425405,574554],[425558,574591],[425604,574557],[425656,574566],[425722,574501],[425760,574493],[425762,574369],[425828,574357],[425800,574267],[425705,574281],[425704,574193],[425590,574007],[425304,573876],[425303,573829],[425232,573808],[425264,573641],[425428,573671],[425440,573598],[425444,573573],[425650,573532],[425659,573506],[425742,573510],[425777,573455],[425911,573405],[425922,573376],[426157,572723],[426343,572838],[426520,572717],[426276,572384],[426320,572280],[426527,571711],[426527,571709],[426188,571738],[426161,571776],[426052,571739],[425523,571766],[424590,571930],[424417,571840],[424230,571670],[424196,571679],[424227,571804],[424148,571823],[424137,571778],[424090,571788],[423995,571809],[423980,571943],[423769,571946],[423606,571951],[423493,571953],[423235,571955],[423201,571953],[423188,571994],[423172,572058],[423142,572179],[423120,572263],[423223,572442],[423420,572602],[423445,572637],[423465,572668],[423586,572697],[423562,572836],[423498,573187],[423368,573849],[423274,574226],[423114,574398],[423134,574494],[423225,574537],[423328,574586],[423476,574578],[423545,574669],[423650,574631],[423661,574582],[424286,574731],[424578,574594]]]}},{"type":"Feature","properties":{"zone_id":"E02001742"},"geometry":{"type":"Polygon","coordinates":[[[434430,572277],[434363,572249],[434341,572251],[434265,572201],[434278,572170],[434189,572145],[434269,572131],[434296,572084],[434193,572016],[434215,571986],[434246,572025],[434270,571975],[434322,571957],[434211,571884],[434051,571723],[434040,571713],[433872,571580],[433759,571486],[433534,571293],[433451,571358],[433402,571475],[433383,571497],[433236,571663],[433249,571673],[433214,571779],[433247,571802],[433210,571796],[433194,571849],[433230,571882],[433227,571894],[433286,572018],[433264,572037],[433315,572154],[433399,572198],[433450,572376],[433432,572454],[433551,572531],[433650,572596],[433659,572602],[433945,572777],[434038,572825],[434101,572857],[434243,572929],[434327,572840],[434368,572677],[434406,572649],[434444,572330],[434430,572277]]]}},{"type":"Feature","properties":{"zone_id":"E02001743"},"geometry":{"type":"Polygon","coordinates":[[[435944,572304],[436104,572134],[436403,571974],[436435,571909],[436401,571796],[436380,571708],[436464,571681],[436624,571637],[436578,571614],[436577,571565],[436480,571547],[436334,571612],[436304,571594],[436194,571608],[436148,571578],[436037,571539],[435954,571507],[435733,571404],[435727,571401],[435620,571324],[435596,571268],[435328,571203],[435301,571194],[435283,571188],[435199,571151],[435109,571393],[435130,571441],[435138,571474],[435052,571621],[435113,571697],[435084,571737],[434938,571942],[434870,571991],[434878,572014],[434927,572044],[435091,572201],[435107,572183],[435158,572232],[435185,572208],[435184,572215],[435214,572226],[435220,572187],[435374,572286],[435370,572327],[435353,572362],[435379,572382],[435323,572509],[435310,572552],[435359,572561],[435441,572733],[435404,572740],[435514,572770],[435575,572684],[435782,572395],[435944,572304]]]}},{"type":"Feature","properties":{"zone_id":"E02001744"},"geometry":{"type":"Polygon","coordinates":[[[429975,573395],[430373,573366],[430361,573434],[430764,573468],[431077,573401],[431065,573496],[431382,573501],[431486,572729],[431709,572829],[431773,572906],[431844,572932],[431860,572986],[431906,572975],[432176,573117],[432265,572763],[432315,572771],[432363,572713],[432379,572725],[432583,572576],[432532,572434],[432705,572380],[432951,572233],[433013,572195],[433116,572132],[433283,572326],[433432,572454],[433450,572376],[433399,572198],[433315,572154],[433264,572037],[433286,572018],[433227,571894],[433230,571882],[433194,571849],[433210,571796],[433247,571802],[433214,571779],[433249,571673],[433236,571663],[433208,571696],[433011,571635],[432736,571587],[432586,571572],[432147,571531],[432176,571348],[432149,571327],[432177,571285],[432087,571277],[431951,571356],[431946,571403],[431889,571397],[431881,571474],[431777,571433],[431639,571390],[431609,571411],[431614,571483],[431552,571473],[431525,571468],[431556,571408],[431485,571318],[431454,571346],[431409,571319],[431375,571447],[431392,571503],[431284,571419],[431271,571401],[431087,571337],[431029,571447],[430772,571913],[430507,571735],[430636,571564],[430663,571480],[430639,571430],[430509,571521],[430425,571575],[429996,571470],[429879,571472],[429853,571331],[429837,571342],[429573,571527],[429260,571805],[429094,571967],[428946,572123],[428753,572450],[428555,572945],[428219,573426],[428451,573395],[428684,573536],[429002,573671],[429167,573807],[429296,573868],[429351,573940],[429362,574010],[429407,574013],[429445,574186],[429488,574220],[429975,573395]]]}},{"type":"Feature","properties":{"zone_id":"E02001745"},"geometry":{"type":"Polygon","coordinates":[[[427092,573202],[427167,572887],[426959,572803],[427004,572582],[427018,572528],[427045,572533],[427067,572426],[427114,572336],[427075,572303],[427112,572290],[427287,572385],[427543,572380],[427416,572166],[427831,572137],[427867,572158],[427917,572105],[427970,572078],[427919,572067],[427949,571937],[427928,571720],[427882,571602],[427791,571406],[427589,570976],[427482,570808],[427460,570771],[427417,570702],[427303,570437],[427004,570486],[426922,570645],[426807,570929],[426527,571709],[426527,571711],[426320,572280],[426276,572384],[426520,572717],[426601,572802],[426945,573154],[426966,573127],[427092,573202]]]}},{"type":"Feature","properties":{"zone_id":"E02001746"},"geometry":{"type":"Polygon","coordinates":[[[435374,572286],[435220,572187],[435214,572226],[435184,572215],[435185,572208],[435158,572232],[435107,572183],[435091,572201],[434927,572044],[434878,572014],[434870,571991],[434938,571942],[435084,571737],[435113,571697],[435052,571621],[435138,571474],[435130,571441],[435109,571393],[435199,571151],[435173,571139],[435049,571074],[434805,570921],[434607,570845],[434593,570838],[434515,570922],[434542,570933],[434541,570999],[434482,571028],[434298,571242],[434285,571280],[434353,571308],[434362,571499],[434332,571454],[434219,571493],[434214,571421],[434205,571230],[434172,571205],[434092,571190],[434021,571117],[433928,571220],[433872,571192],[433783,571096],[433833,571055],[433818,571026],[433976,570920],[433846,570745],[433714,570500],[433664,570468],[433818,570368],[433831,570397],[433933,570362],[433950,570299],[433877,570261],[433850,570226],[433802,570237],[433667,570214],[433637,570205],[433413,570138],[433324,570113],[432963,570152],[432768,570178],[432430,570207],[432057,570325],[432128,570657],[432029,570725],[432153,570922],[432178,570954],[432305,571121],[432185,571274],[432177,571285],[432149,571327],[432176,571348],[432147,571531],[432586,571572],[432736,571587],[433011,571635],[433208,571696],[433236,571663],[433383,571497],[433402,571475],[433451,571358],[433534,571293],[433759,571486],[433872,571580],[434040,571713],[434051,571723],[434211,571884],[434322,571957],[434369,571967],[434473,571993],[434629,572150],[434839,572378],[435040,572476],[435067,572496],[435211,572613],[435333,572740],[435404,572740],[435441,572733],[435359,572561],[435310,572552],[435323,572509],[435379,572382],[435353,572362],[435370,572327],[435374,572286]]]}},{"type":"Feature","properties":{"zone_id":"E02001747"},"geometry":{"type":"Polygon","coordinates":[[[436334,571612],[436480,571547],[436412,571418],[436489,571301],[436483,571299],[436446,571362],[436444,571364],[436422,571352],[436374,571240],[436433,571179],[436420,571140],[436541,571124],[436530,571199],[436552,571128],[436624,571096],[436550,570954],[436540,570812],[436478,570810],[436306,570778],[436320,570725],[436284,570711],[436082,570631],[436034,570608],[436032,570613],[435907,570565],[435865,570558],[435889,570595],[435859,570590],[435868,570662],[435801,570661],[435814,570594],[435757,570607],[435764,570638],[435711,570687],[435530,570644],[435461,570646],[435430,570640],[435369,570725],[435252,570735],[435203,570773],[435123,570760],[435108,570671],[435160,570655],[435177,570602],[435151,570564],[435108,570497],[435059,570482],[434990,570493],[434994,570463],[434824,570386],[434748,570471],[434739,570481],[434544,570711],[434593,570838],[434607,570845],[434805,570921],[435049,571074],[435173,571139],[435199,571151],[435283,571188],[435301,571194],[435328,571203],[435596,571268],[435620,571324],[435727,571401],[435733,571404],[435954,571507],[436037,571539],[436148,571578],[436194,571608],[436304,571594],[436334,571612]]]}},{"type":"Feature","properties":{"zone_id":"E02001748"},"geometry":{"type":"Polygon","coordinates":[[[431029,571447],[431087,571337],[431271,571401],[431284,571419],[431392,571503],[431375,571447],[431409,571319],[431454,571346],[431485,571318],[431556,571408],[431525,571468],[431552,571473],[431614,571483],[431609,571411],[431639,571390],[431777,571433],[431881,571474],[431889,571397],[431946,571403],[431951,571356],[432087,571277],[432177,571285],[432185,571274],[432305,571121],[432178,570954],[432153,570922],[432029,570725],[432128,570657],[432057,570325],[431752,570430],[431575,570486],[431858,570022],[431658,569902],[431594,569808],[431575,569759],[431334,569446],[431329,569452],[431151,569679],[430859,570076],[430814,570145],[430565,570621],[430503,570728],[430287,571000],[429853,571331],[429879,571472],[429996,571470],[430425,571575],[430509,571521],[430639,571430],[430663,571480],[430636,571564],[430507,571735],[430772,571913],[431029,571447]]]}},{"type":"Feature","properties":{"zone_id":"E02001749"},"geometry":{"type":"Polygon","coordinates":[[[429573,571527],[429837,571342],[429577,571012],[429446,570739],[429020,570604],[428875,570223],[429003,570194],[429012,570137],[428894,569937],[428783,569977],[428822,570093],[428681,570118],[428557,570098],[428527,570140],[428430,570142],[428392,570170],[428352,570052],[428292,570015],[428262,569979],[428181,570024],[428138,570009],[428121,570020],[428040,570025],[427831,570008],[427815,570067],[427777,570203],[427703,570198],[427718,570299],[427522,570401],[427498,570752],[427460,570771],[427482,570808],[427589,570976],[427791,571406],[427861,571342],[427886,571387],[427945,571364],[427963,571406],[428043,571371],[428074,571501],[428304,571495],[428430,571504],[428614,571525],[428675,571488],[428803,571355],[428804,571354],[428845,571323],[428959,571443],[428936,571577],[429150,571447],[429260,571805],[429573,571527]]]}},{"type":"Feature","properties":{"zone_id":"E02001750"},"geometry":{"type":"Polygon","coordinates":[[[434362,571499],[434353,571308],[434285,571280],[434298,571242],[434482,571028],[434541,570999],[434542,570933],[434515,570922],[434593,570838],[434544,570711],[434739,570481],[434748,570471],[434824,570386],[434994,570463],[434990,570493],[435059,570482],[435108,570497],[435151,570564],[435177,570602],[435160,570655],[435108,570671],[435123,570760],[435203,570773],[435252,570735],[435369,570725],[435430,570640],[435461,570646],[435530,570644],[435711,570687],[435764,570638],[435757,570607],[435814,570594],[435801,570661],[435868,570662],[435859,570590],[435889,570595],[435865,570558],[435907,570565],[436032,570613],[436034,570608],[436193,570264],[436226,570208],[435949,570156],[435676,570102],[435374,570039],[435310,570022],[435051,569947],[435027,569938],[434561,569756],[434470,569698],[434393,569635],[434118,569611],[434021,569734],[434051,569807],[433961,569847],[433991,569870],[433918,570069],[433802,570237],[433850,570226],[433877,570261],[433950,570299],[433933,570362],[433831,570397],[433818,570368],[433664,570468],[433714,570500],[433846,570745],[433976,570920],[433818,571026],[433833,571055],[433783,571096],[433872,571192],[433928,571220],[434021,571117],[434092,571190],[434172,571205],[434205,571230],[434214,571421],[434219,571493],[434332,571454],[434362,571499]]]}},{"type":"Feature","properties":{"zone_id":"E02001751"},"geometry":{"type":"Polygon","coordinates":[[[426922,570645],[427004,570486],[427303,570437],[427417,570702],[427460,570771],[427498,570752],[427522,570401],[427718,570299],[427703,570198],[427777,570203],[427815,570067],[427831,570008],[428040,570025],[428121,570020],[428138,570009],[428181,570024],[428262,569979],[428292,570015],[428352,570052],[428392,570170],[428430,570142],[428527,570140],[428557,570098],[428681,570118],[428822,570093],[428783,569977],[428739,569891],[428752,569862],[428725,569870],[428656,569685],[428612,569681],[428616,569634],[428675,569648],[428677,569607],[428536,569496],[428515,569561],[428389,569650],[428271,569718],[428252,569728],[428098,569776],[427935,569757],[427982,569720],[427956,569604],[427964,569489],[427881,569411],[427790,569403],[427739,569432],[427742,569375],[427726,569395],[427534,569325],[427525,569385],[427617,569442],[427631,569507],[427527,569536],[427526,569672],[427538,569708],[427589,569716],[427569,569787],[427604,569851],[427638,569919],[427570,569911],[427564,569884],[427511,569924],[427359,570046],[427295,570105],[427232,570171],[427161,570129],[427022,570246],[426893,570266],[426884,570333],[426920,570387],[426845,570399],[426804,570374],[426775,570440],[426655,570436],[426626,570411],[426601,570488],[426552,570526],[426484,570476],[426491,570558],[426386,570450],[426259,570780],[426214,570990],[426169,571203],[426132,571679],[426188,571738],[426527,571709],[426807,570929],[426922,570645]]]}},{"type":"Feature","properties":{"zone_id":"E02001752"},"geometry":{"type":"Polygon","coordinates":[[[432963,570152],[433324,570113],[433413,570138],[433637,570205],[433667,570214],[433802,570237],[433918,570069],[433991,569870],[433961,569847],[434051,569807],[434021,569734],[434118,569611],[434021,569605],[433926,569721],[433724,569741],[433697,569726],[433706,569637],[433645,569584],[433658,569559],[433650,569515],[433695,569507],[433699,569468],[433650,569451],[433561,569514],[433510,569495],[433497,569558],[433466,569559],[433388,569511],[433360,569457],[433327,569481],[433274,569456],[433389,569317],[433446,569170],[433370,569141],[433349,569081],[433410,568943],[433353,568903],[433369,568853],[433212,568802],[433223,568775],[432217,568405],[431861,568798],[431754,568921],[431604,569106],[431480,569262],[431334,569446],[431575,569759],[431594,569808],[431658,569902],[431858,570022],[431575,570486],[431752,570430],[432057,570325],[432430,570207],[432768,570178],[432963,570152]]]}},{"type":"Feature","properties":{"zone_id":"E02001753"},"geometry":{"type":"Polygon","coordinates":[[[436723,570352],[436925,570053],[437020,569962],[437097,569988],[437123,569953],[437188,569982],[437176,569738],[437139,569603],[437213,569508],[437274,569481],[437364,569528],[437481,569472],[437450,569300],[438287,569046],[437418,569286],[437353,569278],[437370,569166],[437396,569170],[437425,569115],[437399,569031],[437339,568995],[437007,568953],[436874,568980],[436541,568879],[436402,568592],[436434,568510],[436368,568476],[436386,568404],[436358,568430],[436165,568325],[436236,568389],[436230,568464],[436119,568343],[435975,568265],[435848,568438],[435830,568466],[435803,568451],[435729,568579],[435781,568612],[435711,568725],[435611,568718],[435592,568718],[435686,568771],[435694,568810],[435785,568860],[435850,568821],[435933,568860],[435978,568880],[435939,568922],[435963,568946],[436014,568953],[436010,569034],[436043,569047],[436047,569093],[436069,569073],[436130,569116],[436152,569171],[436187,569112],[436259,569132],[436224,569272],[436084,569292],[436081,569337],[436146,569384],[436090,569462],[436199,569467],[436153,569600],[436214,569626],[436228,569598],[436297,569614],[436333,569538],[436315,569509],[436343,569490],[436287,569459],[436339,569390],[436417,569406],[436437,569440],[436404,569468],[436447,569486],[436438,569447],[436475,569429],[436564,569500],[436514,569621],[436555,569656],[436549,569732],[436506,569727],[436483,569951],[436445,569986],[436469,570035],[436369,570069],[436327,570039],[436286,570078],[436268,570085],[436243,570171],[435997,570118],[435949,570156],[436226,570208],[436193,570264],[436034,570608],[436082,570631],[436284,570711],[436320,570725],[436306,570778],[436478,570810],[436540,570812],[436723,570352]]]}},{"type":"Feature","properties":{"zone_id":"E02001754"},"geometry":{"type":"Polygon","coordinates":[[[436243,570171],[436268,570085],[436286,570078],[436327,570039],[436369,570069],[436469,570035],[436445,569986],[436483,569951],[436506,569727],[436549,569732],[436555,569656],[436514,569621],[436564,569500],[436475,569429],[436438,569447],[436447,569486],[436404,569468],[436437,569440],[436417,569406],[436339,569390],[436287,569459],[436343,569490],[436315,569509],[436333,569538],[436297,569614],[436228,569598],[436214,569626],[436153,569600],[436199,569467],[436090,569462],[436146,569384],[436081,569337],[436084,569292],[436224,569272],[436259,569132],[436187,569112],[436152,569171],[436130,569116],[436069,569073],[436047,569093],[436043,569047],[436010,569034],[436014,568953],[435963,568946],[435939,568922],[435978,568880],[435933,568860],[435850,568821],[435785,568860],[435694,568810],[435712,568892],[435756,569097],[435608,569073],[435606,569073],[435612,569047],[435586,569043],[435462,569020],[435418,568974],[435421,568912],[435311,568874],[435309,568878],[435291,568995],[435280,569062],[435244,569076],[435052,569063],[435028,569036],[434928,569034],[434929,569063],[434951,569069],[434918,569122],[434927,569223],[434986,569225],[434938,569428],[434874,569440],[434861,569501],[434735,569496],[434775,569620],[434739,569619],[434671,569742],[434561,569756],[435027,569938],[435051,569947],[435310,570022],[435374,570039],[435676,570102],[435949,570156],[435997,570118],[436243,570171]]]}},{"type":"Feature","properties":{"zone_id":"E02001755"},"geometry":{"type":"Polygon","coordinates":[[[430859,570076],[431151,569679],[430972,569609],[430936,569609],[430707,569398],[430678,569305],[430519,569372],[430346,568946],[430318,568967],[430234,568787],[430165,568780],[429966,568901],[429499,569022],[429492,569025],[429327,569088],[429089,569056],[428796,568975],[428570,568909],[428460,568775],[428289,568716],[428268,568701],[428322,568467],[428329,568264],[428337,567975],[428138,568050],[427997,568015],[427691,567860],[427553,567815],[427476,567790],[427478,567877],[427438,568097],[427413,568097],[427368,568098],[427300,568085],[427317,567985],[427145,567944],[427135,567984],[427093,568148],[427082,568156],[427009,568440],[426929,568613],[427112,568505],[427146,568412],[427259,568454],[427307,568473],[427283,568515],[427166,568506],[427174,568556],[427582,568817],[427559,568859],[427511,568874],[427462,568840],[427405,568890],[427454,568944],[427484,568985],[427567,569108],[427543,569245],[427488,569250],[427466,569395],[427496,569405],[427525,569385],[427534,569325],[427726,569395],[427742,569375],[427739,569432],[427790,569403],[427881,569411],[427964,569489],[427956,569604],[427982,569720],[427935,569757],[428098,569776],[428252,569728],[428271,569718],[428389,569650],[428515,569561],[428536,569496],[428677,569607],[428675,569648],[428616,569634],[428612,569681],[428656,569685],[428725,569870],[428752,569862],[428739,569891],[428783,569977],[428894,569937],[429012,570137],[429003,570194],[428875,570223],[429020,570604],[429446,570739],[429577,571012],[429837,571342],[429853,571331],[430287,571000],[430503,570728],[430565,570621],[430814,570145],[430859,570076]]]}},{"type":"Feature","properties":{"zone_id":"E02001756"},"geometry":{"type":"Polygon","coordinates":[[[426491,570558],[426484,570476],[426552,570526],[426601,570488],[426626,570411],[426655,570436],[426775,570440],[426804,570374],[426845,570399],[426920,570387],[426884,570333],[426893,570266],[427022,570246],[427161,570129],[427232,570171],[427295,570105],[427359,570046],[427511,569924],[427564,569884],[427570,569911],[427638,569919],[427604,569851],[427569,569787],[427589,569716],[427538,569708],[427526,569672],[427527,569536],[427631,569507],[427617,569442],[427525,569385],[427496,569405],[427466,569395],[427488,569250],[427543,569245],[427567,569108],[427484,568985],[427454,568944],[427405,568890],[427462,568840],[427511,568874],[427559,568859],[427582,568817],[427174,568556],[427166,568506],[427283,568515],[427307,568473],[427259,568454],[427146,568412],[427112,568505],[426929,568613],[427009,568440],[426769,568349],[426688,568331],[426531,568308],[426267,568315],[426035,568356],[425816,568399],[425650,568427],[425647,568459],[425600,568632],[425619,568771],[425696,569139],[425736,569309],[426004,569901],[426026,569961],[426152,570065],[426451,570177],[426479,570241],[426386,570450],[426491,570558]]]}},{"type":"Feature","properties":{"zone_id":"E02001757"},"geometry":{"type":"Polygon","coordinates":[[[434671,569742],[434739,569619],[434775,569620],[434735,569496],[434861,569501],[434874,569440],[434938,569428],[434986,569225],[434927,569223],[434918,569122],[434797,569122],[434826,569187],[434769,569149],[434741,569177],[434699,569139],[434594,569156],[434566,569125],[434593,569054],[434788,569029],[434774,568912],[434767,568820],[434841,568821],[434843,568676],[434797,568669],[434905,568564],[434893,568503],[434967,568523],[435050,568427],[434996,568387],[434837,568337],[434817,568331],[434684,568263],[434627,568272],[434598,568329],[434578,568367],[434499,568492],[434462,568485],[434431,568477],[434423,568509],[434341,568513],[434350,568432],[434252,568353],[434192,568541],[434210,568566],[434160,568584],[434104,568426],[434003,568591],[433969,568626],[433944,568613],[433931,568643],[433930,568645],[433883,568736],[433807,569008],[433746,568986],[433601,568929],[433627,568869],[433607,568827],[433513,568813],[433492,568780],[433443,568797],[433430,568758],[433376,568738],[433338,568761],[433337,568731],[433250,568704],[433223,568775],[433212,568802],[433369,568853],[433353,568903],[433410,568943],[433349,569081],[433370,569141],[433446,569170],[433389,569317],[433274,569456],[433327,569481],[433360,569457],[433388,569511],[433466,569559],[433497,569558],[433510,569495],[433561,569514],[433650,569451],[433699,569468],[433695,569507],[433650,569515],[433658,569559],[433645,569584],[433706,569637],[433697,569726],[433724,569741],[433926,569721],[434021,569605],[434118,569611],[434393,569635],[434470,569698],[434561,569756],[434671,569742]]]}},{"type":"Feature","properties":{"zone_id":"E02001758"},"geometry":{"type":"Polygon","coordinates":[[[431334,569446],[431480,569262],[431604,569106],[431754,568921],[431861,568798],[432217,568405],[431829,568261],[431705,568216],[431504,568144],[431285,568066],[431252,568172],[431170,568271],[431228,568268],[431232,568333],[431203,568402],[431243,568400],[431243,568437],[431218,568451],[431058,568457],[431036,568422],[430999,568496],[430923,568478],[430917,568535],[430993,568550],[431017,568591],[430986,568658],[430870,568708],[430874,568827],[430830,568795],[430841,568725],[430692,568580],[430618,568401],[430334,568342],[430188,568328],[430204,568592],[430265,568726],[430234,568787],[430318,568967],[430346,568946],[430519,569372],[430678,569305],[430707,569398],[430936,569609],[430972,569609],[431151,569679],[431329,569452],[431334,569446]]]}},{"type":"Feature","properties":{"zone_id":"E02001759"},"geometry":{"type":"Polygon","coordinates":[[[434826,569187],[434797,569122],[434918,569122],[434951,569069],[434929,569063],[434928,569034],[435028,569036],[435052,569063],[435244,569076],[435280,569062],[435291,568995],[435309,568878],[435311,568874],[435421,568912],[435418,568974],[435462,569020],[435586,569043],[435612,569047],[435606,569073],[435608,569073],[435756,569097],[435712,568892],[435694,568810],[435686,568771],[435592,568718],[435611,568718],[435711,568725],[435781,568612],[435729,568579],[435803,568451],[435830,568466],[435848,568438],[435975,568265],[435747,568119],[435657,567892],[435620,567892],[435628,567923],[435569,567948],[435526,567978],[435429,568096],[435419,568110],[435395,568145],[435295,568275],[435240,568223],[435155,568129],[434970,567948],[434966,567945],[434935,568014],[434966,568043],[434907,568191],[434722,568070],[434639,568197],[434627,568272],[434684,568263],[434817,568331],[434837,568337],[434996,568387],[435050,568427],[434967,568523],[434893,568503],[434905,568564],[434797,568669],[434843,568676],[434841,568821],[434767,568820],[434774,568912],[434788,569029],[434593,569054],[434566,569125],[434594,569156],[434699,569139],[434741,569177],[434769,569149],[434826,569187]]]}},{"type":"Feature","properties":{"zone_id":"E02001760"},"geometry":{"type":"Polygon","coordinates":[[[433807,569008],[433883,568736],[433930,568645],[433931,568643],[433944,568613],[433969,568626],[434003,568591],[434104,568426],[434160,568584],[434210,568566],[434192,568541],[434252,568353],[434350,568432],[434341,568513],[434423,568509],[434431,568477],[434462,568485],[434499,568492],[434578,568367],[434598,568329],[434627,568272],[434639,568197],[434722,568070],[434907,568191],[434966,568043],[434935,568014],[434966,567945],[434834,567845],[434422,567731],[434273,567706],[434234,567704],[434115,567695],[433748,567634],[433719,567636],[433685,567654],[433554,567632],[433295,567488],[433248,567466],[433033,567389],[432967,567359],[432880,567519],[432561,567904],[432369,568134],[432264,568291],[432217,568405],[433223,568775],[433250,568704],[433337,568731],[433338,568761],[433376,568738],[433430,568758],[433443,568797],[433492,568780],[433513,568813],[433607,568827],[433627,568869],[433601,568929],[433746,568986],[433807,569008]]]}},{"type":"Feature","properties":{"zone_id":"E02001761"},"geometry":{"type":"Polygon","coordinates":[[[430917,568535],[430923,568478],[430999,568496],[431036,568422],[431058,568457],[431218,568451],[431243,568437],[431243,568400],[431203,568402],[431232,568333],[431228,568268],[431170,568271],[431252,568172],[431285,568066],[431142,568015],[431069,567988],[430925,567936],[430561,567803],[430457,567765],[430128,567651],[429812,567541],[429764,567524],[429523,567441],[429489,567429],[429453,567555],[429625,567848],[429604,567849],[429587,567969],[429662,568054],[429674,568155],[429747,568153],[429748,568127],[429945,568131],[429963,568507],[430174,568732],[430165,568780],[430234,568787],[430265,568726],[430204,568592],[430188,568328],[430334,568342],[430618,568401],[430692,568580],[430841,568725],[430830,568795],[430874,568827],[430870,568708],[430986,568658],[431017,568591],[430993,568550],[430917,568535]]]}},{"type":"Feature","properties":{"zone_id":"E02001762"},"geometry":{"type":"Polygon","coordinates":[[[429963,568507],[429945,568131],[429748,568127],[429747,568153],[429674,568155],[429662,568054],[429587,567969],[429604,567849],[429625,567848],[429443,567824],[429352,567764],[429295,567763],[429280,567699],[429233,567726],[429138,567654],[429111,567622],[429067,567639],[429051,567601],[428868,567561],[428868,567431],[428911,567325],[428950,567304],[428975,567357],[428934,567432],[428948,567460],[428997,567423],[429007,567366],[429042,567372],[429084,567275],[428909,567201],[428785,567149],[428685,567106],[428213,566907],[428230,566958],[428300,567284],[428302,567294],[428313,567361],[428318,567556],[428321,567647],[428337,567975],[428329,568264],[428322,568467],[428268,568701],[428289,568716],[428460,568775],[428570,568909],[428796,568975],[429089,569056],[429327,569088],[429492,569025],[429499,569022],[429966,568901],[430165,568780],[430174,568732],[429963,568507]]]}},{"type":"Feature","properties":{"zone_id":"E02001763"},"geometry":{"type":"Polygon","coordinates":[[[432561,567904],[432880,567519],[432967,567359],[432897,567321],[432803,567254],[432676,567233],[432586,567211],[432492,567178],[432401,567145],[432254,567086],[432166,567049],[432047,567020],[432060,567056],[432024,567084],[432040,567148],[432014,567186],[431960,567177],[431957,567151],[431916,567177],[431954,567241],[431937,567328],[431969,567358],[432014,567345],[432026,567305],[432132,567332],[432145,567361],[432082,567422],[431966,567396],[431935,567417],[431949,567452],[431915,567465],[431859,567429],[431830,567461],[431822,567461],[431818,567526],[431734,567501],[431760,567450],[431681,567442],[431654,567316],[431619,567305],[431552,567367],[431540,567271],[431502,567311],[431536,567583],[431546,567662],[431362,567666],[431420,567867],[431455,567880],[431509,567989],[431450,568022],[431504,568144],[431705,568216],[431829,568261],[432217,568405],[432264,568291],[432369,568134],[432561,567904]]]}},{"type":"Feature","properties":{"zone_id":"E02001764"},"geometry":{"type":"Polygon","coordinates":[[[435628,567923],[435620,567892],[435657,567892],[435625,567790],[435570,567595],[435435,567685],[435566,567572],[435546,567539],[435570,567518],[435518,567187],[435444,567096],[435316,567017],[435172,567008],[435167,567047],[435130,567052],[435151,567012],[435116,567012],[435005,567134],[434962,567164],[434987,567122],[434992,567115],[435011,567083],[434964,567052],[434962,567015],[434965,566992],[434966,566985],[434962,566863],[434962,566845],[435312,566734],[435355,566893],[435196,566932],[435156,566946],[435211,566972],[435157,566983],[435297,566990],[435258,566957],[435445,566961],[435435,566891],[435370,566637],[435083,566272],[435062,566286],[434906,566143],[434850,566130],[434743,566170],[434736,566130],[434700,566151],[434601,566129],[433979,566191],[433893,566192],[433954,566249],[433971,566345],[434032,566382],[433930,566380],[433920,566347],[433715,566297],[433729,566241],[433784,566245],[433798,566168],[433246,566082],[433031,566077],[433073,566257],[433194,566292],[433174,566320],[433086,566307],[433053,566350],[433009,566341],[432922,566394],[432876,566494],[432930,566598],[433053,566605],[433057,567129],[432989,567324],[433036,567345],[433033,567389],[433248,567466],[433295,567488],[433554,567632],[433685,567654],[433719,567636],[433748,567634],[434115,567695],[434234,567704],[434273,567706],[434422,567731],[434834,567845],[434966,567945],[434970,567948],[435155,568129],[435240,568223],[435295,568275],[435395,568145],[435419,568110],[435429,568096],[435526,567978],[435569,567948],[435628,567923]]]}},{"type":"Feature","properties":{"zone_id":"E02001765"},"geometry":{"type":"Polygon","coordinates":[[[431502,567311],[431540,567271],[431552,567367],[431619,567305],[431654,567316],[431681,567442],[431760,567450],[431734,567501],[431818,567526],[431822,567461],[431830,567461],[431859,567429],[431915,567465],[431949,567452],[431935,567417],[431966,567396],[432082,567422],[432145,567361],[432132,567332],[432026,567305],[432014,567345],[431969,567358],[431937,567328],[431954,567241],[431916,567177],[431957,567151],[431960,567177],[432014,567186],[432040,567148],[432024,567084],[432060,567056],[432047,567020],[432166,567049],[432254,567086],[432401,567145],[432492,567178],[432586,567211],[432676,567233],[432803,567254],[432897,567321],[432967,567359],[433033,567389],[433036,567345],[432989,567324],[433057,567129],[433053,566605],[432930,566598],[432876,566494],[432922,566394],[433009,566341],[433053,566350],[433086,566307],[433174,566320],[433194,566292],[433073,566257],[433031,566077],[432799,566113],[431978,566106],[431970,566223],[431879,566367],[431783,566549],[431468,566750],[431184,566893],[431158,566922],[430951,566970],[431150,566909],[431190,566875],[431400,566770],[431782,566522],[431933,566111],[431761,566090],[431740,566116],[431720,566085],[431582,566076],[431552,566112],[431495,566066],[431264,566059],[431040,566355],[430975,566378],[430938,566389],[430911,566472],[430996,566537],[431004,566585],[430976,566598],[430990,566637],[430890,566675],[430926,566725],[430884,566991],[430886,567115],[431048,567135],[431045,567212],[431102,567199],[431128,567149],[431216,567204],[431213,567399],[431294,567483],[431297,567529],[431311,567537],[431286,567687],[431261,567909],[431142,568015],[431285,568066],[431504,568144],[431450,568022],[431509,567989],[431455,567880],[431420,567867],[431362,567666],[431546,567662],[431536,567583],[431502,567311]]]}},{"type":"Feature","properties":{"zone_id":"E02001766"},"geometry":{"type":"Polygon","coordinates":[[[431213,567399],[431216,567204],[431128,567149],[431102,567199],[431045,567212],[431048,567135],[430886,567115],[430884,566991],[430926,566725],[430890,566675],[430990,566637],[430976,566598],[431004,566585],[430996,566537],[430911,566472],[430938,566389],[430975,566378],[431040,566355],[431264,566059],[430862,566019],[430600,565928],[430584,565977],[430537,565997],[430511,566055],[430414,566020],[430378,566067],[430169,566142],[430246,566207],[430203,566287],[430066,566245],[430048,566268],[430039,566225],[429937,566383],[430107,566446],[430089,566474],[429919,566763],[429950,566940],[429927,567040],[429889,567044],[429841,567111],[429633,567136],[429525,567189],[429461,567266],[429425,567405],[429489,567429],[429523,567441],[429764,567524],[429812,567541],[430128,567651],[430457,567765],[430561,567803],[430925,567936],[431069,567988],[431142,568015],[431261,567909],[431286,567687],[431311,567537],[431297,567529],[431294,567483],[431213,567399]]]}},{"type":"Feature","properties":{"zone_id":"E02001767"},"geometry":{"type":"Polygon","coordinates":[[[429625,567848],[429453,567555],[429489,567429],[429425,567405],[429461,567266],[429525,567189],[429633,567136],[429841,567111],[429889,567044],[429927,567040],[429950,566940],[429919,566763],[430089,566474],[430107,566446],[429937,566383],[430039,566225],[430048,566268],[430066,566245],[430203,566287],[430246,566207],[430169,566142],[430378,566067],[430414,566020],[430511,566055],[430537,565997],[430584,565977],[430600,565928],[430200,565670],[430146,565846],[430092,565832],[430122,565591],[429947,565773],[429665,565468],[429537,565510],[429549,565639],[429575,565654],[429610,565784],[429596,565890],[429628,565921],[429590,566004],[429567,566059],[429553,566087],[429487,566239],[429477,566236],[429429,566220],[429290,566180],[429276,566176],[429162,566152],[429120,566379],[429054,566522],[429023,566542],[428933,566301],[428900,566279],[428880,566305],[428772,566242],[428741,566218],[428483,566622],[428380,566581],[428180,566410],[428086,566493],[428060,566502],[428209,566897],[428213,566907],[428685,567106],[428785,567149],[428909,567201],[429084,567275],[429042,567372],[429007,567366],[428997,567423],[428948,567460],[428934,567432],[428975,567357],[428950,567304],[428911,567325],[428868,567431],[428868,567561],[429051,567601],[429067,567639],[429111,567622],[429138,567654],[429233,567726],[429280,567699],[429295,567763],[429352,567764],[429443,567824],[429625,567848]]]}},{"type":"Feature","properties":{"zone_id":"E02001768"},"geometry":{"type":"Polygon","coordinates":[[[437543,567927],[437695,567476],[437951,567035],[437723,566814],[437689,566847],[437655,566809],[437533,566641],[437515,566620],[437378,566671],[437106,566589],[436807,566459],[436745,566430],[436733,566422],[436728,566431],[436657,566605],[436637,566660],[436551,566944],[436541,566976],[436415,567275],[436323,567428],[436314,567451],[436251,567622],[436191,567748],[436092,567903],[436049,567947],[436356,568116],[436321,568131],[436365,568118],[436666,568237],[436671,568177],[436715,568169],[436777,568268],[436948,568329],[436940,568300],[436858,568284],[436852,568246],[436942,568046],[437178,567835],[437287,567783],[437839,568335],[438268,568520],[438410,568693],[438394,568628],[438287,568517],[437857,568326],[437643,568115],[437543,567927]]]}},{"type":"Feature","properties":{"zone_id":"E02001769"},"geometry":{"type":"Polygon","coordinates":[[[436323,567428],[436415,567275],[436541,566976],[436551,566944],[436637,566660],[436657,566605],[436728,566431],[436733,566422],[436849,566253],[436918,566166],[436952,566124],[437023,566033],[436954,565949],[436907,565919],[436728,565913],[436704,565913],[436500,565880],[436488,565875],[436432,565849],[436394,565744],[436322,565667],[436220,565544],[436128,565333],[436040,565146],[435913,565226],[435896,565237],[435860,565254],[435826,565262],[435779,565391],[435658,565642],[435630,565916],[435544,565926],[435534,565887],[435419,565881],[435422,565924],[435333,565986],[435445,566203],[435488,566231],[435469,566247],[435577,566461],[435595,566452],[435602,566510],[435689,566443],[435607,566522],[435626,566557],[435709,566435],[435637,566579],[435648,566600],[435716,566462],[435666,566621],[435864,566770],[435678,566665],[435835,566909],[435912,567084],[435917,567249],[435940,567261],[435916,567267],[435914,567453],[435963,567418],[435971,567453],[435907,567521],[435908,567761],[435981,567912],[436049,567947],[436092,567903],[436191,567748],[436251,567622],[436314,567451],[436323,567428]]]}},{"type":"Feature","properties":{"zone_id":"E02001770"},"geometry":{"type":"Polygon","coordinates":[[[437650,566150],[437770,565890],[437804,565844],[437802,565766],[437825,565685],[437599,565553],[437564,565557],[437510,565649],[437484,565748],[437644,565843],[437603,565828],[437609,565914],[437560,565914],[437522,565868],[437420,565840],[437403,565867],[437441,565888],[437360,566013],[437269,565955],[437345,565836],[437122,565698],[437194,565564],[437195,565480],[437140,565460],[437066,565380],[436994,565270],[436892,565392],[436756,565563],[436737,565585],[436717,565609],[436570,565792],[436559,565805],[436488,565875],[436500,565880],[436704,565913],[436728,565913],[436907,565919],[436954,565949],[437023,566033],[436952,566124],[436918,566166],[436849,566253],[436733,566422],[436745,566430],[436807,566459],[437106,566589],[437378,566671],[437515,566620],[437539,566606],[437425,566535],[437422,566530],[437453,566468],[437491,566392],[437540,566294],[437577,566217],[437650,566150]]]}},{"type":"Feature","properties":{"zone_id":"E02001771"},"geometry":{"type":"Polygon","coordinates":[[[437951,567035],[438249,566700],[438299,566681],[438337,566733],[438377,566736],[438375,566695],[438441,566676],[438406,566609],[438502,566518],[438706,566486],[438798,566433],[438870,566443],[438842,566317],[438898,566239],[438912,566122],[438996,566112],[439208,566208],[439252,566111],[439335,566096],[439364,566034],[439403,566044],[439414,565981],[439451,565979],[439418,565941],[439443,565901],[439512,565908],[439582,565874],[439625,565898],[439680,565874],[439683,565831],[439731,565851],[439695,565786],[439768,565724],[439736,565687],[439754,565613],[439666,565541],[439644,565441],[439722,565247],[439611,565147],[439558,565095],[439498,565028],[439494,565023],[439149,565106],[438995,565141],[438930,565155],[438675,565241],[438654,565254],[438532,565296],[438552,565298],[438455,565350],[438347,565477],[438356,565533],[438245,565628],[438264,565572],[438311,565538],[438279,565488],[438150,565543],[438173,565601],[438157,565682],[437884,565801],[437872,565774],[437802,565766],[437804,565844],[437770,565890],[437650,566150],[437577,566217],[437540,566294],[437491,566392],[437453,566468],[437422,566530],[437425,566535],[437539,566606],[437515,566620],[437533,566641],[437655,566809],[437689,566847],[437723,566814],[437951,567035]]]}},{"type":"Feature","properties":{"zone_id":"E02001772"},"geometry":{"type":"Polygon","coordinates":[[[436892,565392],[436994,565270],[437066,565380],[437140,565460],[437195,565480],[437242,565485],[437405,565304],[437524,565142],[437505,565072],[437442,565086],[437353,565027],[437331,564938],[437314,564932],[437311,564931],[437274,564934],[437213,565009],[437187,564990],[437242,564958],[437264,564879],[437328,564854],[437293,564796],[437086,564747],[437186,564566],[437272,564410],[437320,564419],[437412,564289],[437168,564183],[436937,564081],[436874,564223],[436867,564240],[436812,564357],[436640,564525],[436660,564551],[436588,564601],[436516,564744],[436426,564933],[436388,564921],[436369,564963],[436355,564993],[436384,565028],[436160,565090],[436040,565146],[436128,565333],[436220,565544],[436322,565667],[436394,565744],[436432,565849],[436488,565875],[436559,565805],[436570,565792],[436717,565609],[436737,565585],[436756,565563],[436892,565392]]]}},{"type":"Feature","properties":{"zone_id":"E02001773"},"geometry":{"type":"Polygon","coordinates":[[[437403,565867],[437420,565840],[437522,565868],[437560,565914],[437609,565914],[437603,565828],[437644,565843],[437484,565748],[437510,565649],[437564,565557],[437599,565553],[437825,565685],[437802,565766],[437872,565774],[437884,565801],[438157,565682],[438173,565601],[438150,565543],[438279,565488],[438311,565538],[438264,565572],[438245,565628],[438356,565533],[438347,565477],[438455,565350],[438552,565298],[438532,565296],[438499,565301],[438366,565302],[438086,565261],[438043,565253],[438001,565236],[438124,564992],[438103,564979],[438117,564954],[438194,564983],[438184,564865],[438247,564867],[438230,564797],[438142,564775],[438170,564707],[438151,564665],[438131,564624],[438068,564608],[438035,564630],[438009,564592],[438041,564583],[438027,564528],[438070,564496],[437969,564418],[437930,564430],[437909,564393],[437815,564374],[437829,564276],[437815,564276],[437498,564297],[437437,564300],[437412,564289],[437320,564419],[437272,564410],[437186,564566],[437086,564747],[437293,564796],[437328,564854],[437264,564879],[437242,564958],[437187,564990],[437213,565009],[437274,564934],[437311,564931],[437314,564932],[437331,564938],[437353,565027],[437442,565086],[437505,565072],[437524,565142],[437405,565304],[437242,565485],[437195,565480],[437194,565564],[437122,565698],[437345,565836],[437269,565955],[437360,566013],[437441,565888],[437403,565867]]]}},{"type":"Feature","properties":{"zone_id":"E02001774"},"geometry":{"type":"MultiPolygon","coordinates":[[[[434387,565078],[434195,565150],[434085,565157],[434055,565195],[434068,565298],[433893,565618],[433870,565737],[433894,565848],[433985,565783],[434035,565778],[434059,565825],[434056,565750],[434119,565697],[434272,565640],[434321,565694],[434301,565633],[434380,565625],[434507,565632],[434498,565663],[434553,565693],[434873,565798],[434837,565667],[434859,565239],[434755,565085],[434464,565137],[434430,565085],[434387,565078]]],[[[434489,564472],[434304,564555],[433923,564663],[433874,564648],[433821,564503],[433734,564541],[433587,564509],[433462,564697],[433505,564860],[433609,565008],[433802,565111],[433885,565126],[434021,565158],[434186,565140],[434386,565068],[434440,565079],[434466,565127],[434755,565079],[434780,564820],[434799,564816],[434775,564768],[434657,564747],[434618,564592],[434565,564586],[434489,564472]]],[[[432720,564149],[432572,564173],[432571,564267],[432531,564538],[432530,564541],[432495,564740],[432401,564725],[432382,564833],[432358,564993],[432354,565022],[432322,565236],[432031,565305],[431973,565374],[431856,565434],[431841,565607],[431770,565609],[431684,565834],[431739,565812],[432122,565852],[432508,565841],[432607,565814],[432886,565833],[433385,565801],[433656,565896],[433862,565859],[433846,565609],[433895,565541],[433921,565393],[434037,565297],[434049,565250],[434007,565184],[433794,565124],[433628,565038],[433576,564979],[433511,564896],[433458,564703],[433456,564701],[433350,564603],[433101,564575],[433063,564502],[433002,564527],[432989,564460],[432930,564441],[432940,564471],[432828,564543],[432688,564345],[432696,564278],[432746,564279],[432793,564226],[432720,564149]]]]}},{"type":"Feature","properties":{"zone_id":"E02001775"},"geometry":{"type":"Polygon","coordinates":[[[439494,565023],[439357,564878],[439201,564732],[439157,564706],[439112,564680],[438946,564609],[438718,564521],[438654,564497],[438630,564489],[438446,564437],[438395,564425],[438266,564389],[438183,564363],[438122,564343],[437951,564291],[437840,564274],[437829,564276],[437815,564374],[437909,564393],[437930,564430],[437969,564418],[438070,564496],[438027,564528],[438041,564583],[438009,564592],[438035,564630],[438068,564608],[438131,564624],[438151,564665],[438170,564707],[438142,564775],[438230,564797],[438247,564867],[438184,564865],[438194,564983],[438117,564954],[438103,564979],[438124,564992],[438001,565236],[438043,565253],[438086,565261],[438366,565302],[438499,565301],[438532,565296],[438654,565254],[438675,565241],[438930,565155],[438995,565141],[439149,565106],[439494,565023]]]}},{"type":"Feature","properties":{"zone_id":"E02001776"},"geometry":{"type":"Polygon","coordinates":[[[431388,565841],[431388,565815],[431481,565823],[431684,565834],[431770,565609],[431841,565607],[431856,565434],[431973,565374],[432031,565305],[432322,565236],[432354,565022],[432358,564993],[432382,564833],[432401,564725],[432495,564740],[432530,564541],[432531,564538],[432571,564267],[432572,564173],[432560,564011],[432562,563966],[432409,563884],[432383,563913],[432344,563894],[432264,563929],[432293,564194],[432138,564190],[432164,564305],[431952,564252],[431818,564203],[431687,564080],[431658,564089],[431625,564189],[431440,564499],[431375,564584],[431295,564594],[431192,564555],[431147,564607],[431096,564620],[431052,564675],[430947,564592],[430927,564617],[430894,564590],[430870,564607],[430839,564726],[430981,564854],[430954,564896],[430991,564937],[430891,565044],[430921,565073],[430903,565097],[430874,565071],[430764,565174],[430804,565224],[430781,565294],[430864,565363],[430902,565319],[431058,565381],[431055,565484],[431097,565497],[431029,565751],[431068,565755],[431069,565805],[431388,565841]]]}},{"type":"Feature","properties":{"zone_id":"E02001777"},"geometry":{"type":"Polygon","coordinates":[[[431069,565805],[431068,565755],[431029,565751],[431097,565497],[431055,565484],[431058,565381],[430902,565319],[430864,565363],[430781,565294],[430804,565224],[430764,565174],[430874,565071],[430903,565097],[430921,565073],[430891,565044],[430991,564937],[430954,564896],[430981,564854],[430839,564726],[430870,564607],[430894,564590],[430927,564617],[430947,564592],[431052,564675],[431096,564620],[431147,564607],[431192,564555],[431295,564594],[431375,564584],[431440,564499],[431233,564421],[431258,564383],[431334,564264],[431268,564226],[431192,564289],[431103,564246],[430968,564170],[430945,564155],[430988,564101],[430983,564017],[430979,563991],[430773,564012],[430756,563860],[430644,563867],[430626,563785],[430582,563605],[430530,563359],[430488,563137],[430484,563117],[430457,563042],[430167,562720],[430193,562973],[430233,563224],[430244,563287],[430124,563398],[429923,563485],[430013,563995],[430013,564324],[430035,564666],[430078,564953],[430160,565121],[430173,565213],[430281,565381],[430305,565364],[430334,565432],[430387,565441],[430373,565485],[430420,565476],[430399,565505],[430429,565538],[430688,565694],[430866,565759],[430911,565736],[430939,565778],[431004,565765],[431069,565805]]]}},{"type":"Feature","properties":{"zone_id":"E02001778"},"geometry":{"type":"Polygon","coordinates":[[[436369,564963],[436388,564921],[436426,564933],[436516,564744],[436588,564601],[436660,564551],[436640,564525],[436812,564357],[436867,564240],[436874,564223],[436937,564081],[436378,563855],[436356,563847],[436138,563776],[436089,563758],[436011,563736],[435749,563650],[435669,563840],[435735,563818],[435773,563932],[435829,563974],[435836,564019],[435886,564035],[435870,564084],[435798,564103],[435782,564176],[435817,564211],[435841,564191],[435841,564224],[435895,564252],[435863,564269],[435799,564397],[435720,564455],[435804,564680],[435908,564873],[435964,564984],[436012,565086],[436040,565146],[436160,565090],[436384,565028],[436355,564993],[436369,564963]]]}},{"type":"Feature","properties":{"zone_id":"E02001779"},"geometry":{"type":"Polygon","coordinates":[[[435630,565916],[435658,565642],[435779,565391],[435826,565262],[435860,565254],[435896,565237],[435913,565226],[436040,565146],[436012,565086],[435964,564984],[435908,564873],[435804,564680],[435720,564455],[435706,564423],[435568,564127],[435474,563933],[435459,563900],[435372,563698],[435276,563483],[435247,563474],[435034,563434],[434898,563476],[434836,563503],[434906,563552],[434928,563575],[434895,563624],[434949,563612],[435072,563687],[435081,563728],[435032,563739],[435044,563761],[435002,563794],[435028,563841],[435069,563823],[435092,563905],[435076,563942],[435036,563931],[435037,563967],[435097,563999],[435034,564056],[435003,564001],[434969,564024],[434872,563987],[434895,563930],[434826,563892],[434779,563887],[434799,563915],[434752,563962],[434656,564100],[434646,564174],[434353,563966],[434239,563865],[434186,563854],[434220,563949],[434159,563988],[434122,563972],[434120,563931],[434067,563960],[434032,563932],[433992,563970],[433954,563941],[434004,563891],[433975,563840],[433869,563793],[433802,563939],[433766,563917],[433762,563954],[433712,563955],[433693,564055],[433688,564077],[433587,564509],[433734,564541],[433821,564503],[433874,564648],[433923,564663],[434304,564555],[434489,564472],[434565,564586],[434618,564592],[434657,564747],[434775,564768],[434799,564816],[434780,564820],[434755,565079],[434858,565033],[434882,564894],[434863,565035],[434755,565085],[434859,565239],[434837,565667],[434873,565798],[435204,565896],[435244,565792],[435273,565853],[435277,565727],[435312,565776],[435326,565665],[435327,565776],[435364,565782],[435419,565881],[435534,565887],[435544,565926],[435630,565916]]]}},{"type":"Feature","properties":{"zone_id":"E02001780"},"geometry":{"type":"Polygon","coordinates":[[[438724,564408],[438776,564391],[438861,564422],[438864,564277],[438899,564234],[438880,564195],[438916,564173],[438890,564125],[438711,564093],[438672,564123],[438646,564080],[438688,564054],[438673,564004],[438734,563985],[438784,563851],[438726,563833],[438757,563444],[438750,563385],[438694,563389],[438656,563523],[438589,563492],[438306,563452],[438123,563408],[438142,563304],[438055,563284],[438036,563383],[437945,563368],[437626,563319],[437601,563449],[437481,564084],[437437,564300],[437498,564297],[437815,564276],[437829,564276],[437840,564274],[437951,564291],[438122,564343],[438183,564363],[438266,564389],[438395,564425],[438446,564437],[438630,564489],[438654,564497],[438718,564521],[438706,564476],[438646,564458],[438710,564441],[438724,564408]]]}},{"type":"Feature","properties":{"zone_id":"E02001781"},"geometry":{"type":"Polygon","coordinates":[[[434799,563915],[434779,563887],[434826,563892],[434895,563930],[434872,563987],[434969,564024],[435003,564001],[435034,564056],[435097,563999],[435037,563967],[435036,563931],[435076,563942],[435092,563905],[435069,563823],[435028,563841],[435002,563794],[435044,563761],[435032,563739],[435081,563728],[435072,563687],[434949,563612],[434895,563624],[434928,563575],[434906,563552],[434836,563503],[434833,563505],[434829,563445],[434779,563415],[434726,563347],[434830,563017],[434732,562960],[434651,562920],[434651,562901],[434373,562858],[434210,562834],[433957,562797],[433947,562980],[433886,563216],[433819,563456],[433803,563519],[433795,563552],[433767,563642],[433712,563955],[433762,563954],[433766,563917],[433802,563939],[433869,563793],[433975,563840],[434004,563891],[433954,563941],[433992,563970],[434032,563932],[434067,563960],[434120,563931],[434122,563972],[434159,563988],[434220,563949],[434186,563854],[434239,563865],[434353,563966],[434646,564174],[434656,564100],[434752,563962],[434799,563915]]]}},{"type":"Feature","properties":{"zone_id":"E02001782"},"geometry":{"type":"Polygon","coordinates":[[[431440,564499],[431625,564189],[431658,564089],[431687,564080],[431818,564203],[431952,564252],[432164,564305],[432138,564190],[432293,564194],[432264,563929],[432344,563894],[432383,563913],[432409,563884],[432562,563966],[432596,563624],[432612,563546],[432597,563547],[432398,563325],[432429,563288],[432418,563160],[432459,563127],[432484,563167],[432530,563148],[432501,563125],[432512,563074],[432552,563065],[432521,563030],[432478,563054],[432458,563002],[432406,562955],[432367,562973],[432302,562943],[432323,562896],[432399,562855],[432473,562879],[432503,562880],[432573,562759],[432621,562744],[432464,562574],[432447,562572],[432306,562552],[431075,562366],[431144,562487],[431140,562612],[431042,562742],[430900,562842],[430859,562652],[430682,562632],[430429,562708],[430338,562600],[430151,562694],[430167,562720],[430457,563042],[430484,563117],[430488,563137],[430530,563359],[430582,563605],[430626,563785],[430644,563867],[430756,563860],[430773,564012],[430979,563991],[430983,564017],[430988,564101],[430945,564155],[430968,564170],[431103,564246],[431192,564289],[431268,564226],[431334,564264],[431258,564383],[431233,564421],[431440,564499]]]}},{"type":"Feature","properties":{"zone_id":"E02001783"},"geometry":{"type":"Polygon","coordinates":[[[435841,564224],[435841,564191],[435817,564211],[435782,564176],[435798,564103],[435870,564084],[435886,564035],[435836,564019],[435829,563974],[435773,563932],[435735,563818],[435669,563840],[435749,563650],[436011,563736],[436065,563452],[436092,563312],[436127,563132],[436135,563088],[436177,562861],[436198,562748],[436255,562467],[436156,562435],[436206,562186],[435760,562500],[435451,562719],[435176,562848],[435098,562873],[434883,562913],[434651,562901],[434651,562920],[434732,562960],[434830,563017],[434726,563347],[434779,563415],[434829,563445],[434833,563505],[434836,563503],[434898,563476],[435034,563434],[435247,563474],[435276,563483],[435372,563698],[435459,563900],[435474,563933],[435568,564127],[435706,564423],[435720,564455],[435799,564397],[435863,564269],[435895,564252],[435841,564224]]]}},{"type":"Feature","properties":{"zone_id":"E02001784"},"geometry":{"type":"Polygon","coordinates":[[[433587,564509],[433688,564077],[433693,564055],[433712,563955],[433767,563642],[433795,563552],[433803,563519],[433819,563456],[433886,563216],[433947,562980],[433957,562797],[433885,562785],[433799,562615],[433752,562658],[433778,562718],[433600,562687],[433677,562619],[433662,562588],[433579,562665],[433549,562633],[433516,562691],[433512,562729],[433307,562698],[433142,562674],[432963,562647],[432890,562636],[432891,562603],[432893,562573],[432805,562560],[432788,562595],[432755,562592],[432584,562562],[432580,562589],[432464,562574],[432621,562744],[432573,562759],[432503,562880],[432473,562879],[432399,562855],[432323,562896],[432302,562943],[432367,562973],[432406,562955],[432458,563002],[432478,563054],[432521,563030],[432552,563065],[432512,563074],[432501,563125],[432530,563148],[432484,563167],[432459,563127],[432418,563160],[432429,563288],[432398,563325],[432597,563547],[432612,563546],[432596,563624],[432562,563966],[432560,564011],[432572,564173],[432720,564149],[432793,564226],[432746,564279],[432696,564278],[432688,564345],[432828,564543],[432940,564471],[432930,564441],[432989,564460],[433002,564527],[433063,564502],[433101,564575],[433350,564603],[433418,564631],[433462,564697],[433587,564509]]]}},{"type":"Feature","properties":{"zone_id":"E02001785"},"geometry":{"type":"Polygon","coordinates":[[[440526,564541],[440600,564438],[440725,564459],[440822,564321],[440939,564316],[440972,564242],[441021,564266],[441018,564218],[440960,564170],[440974,564096],[441039,563993],[441074,563996],[441053,563884],[441100,563868],[441100,563826],[441166,563769],[441220,563757],[441237,563698],[441197,563659],[441286,563596],[441275,563540],[441309,563468],[441399,563164],[441357,563111],[441393,562884],[441512,562746],[441501,562724],[441373,562526],[441381,562395],[441283,562285],[441339,561951],[441249,561781],[441217,561696],[441100,561634],[441058,561506],[440892,561337],[440841,561236],[440730,561242],[440703,561095],[440666,561101],[440338,561145],[440317,561147],[440184,561164],[440123,560713],[440098,560427],[440014,560474],[439897,560430],[439859,560477],[439751,560568],[439558,560616],[439540,561335],[439434,561437],[439433,561546],[439549,561569],[439575,562043],[439602,562039],[439610,562187],[439600,562420],[439692,562416],[439703,562550],[439644,562590],[439644,562890],[439674,563134],[439742,563357],[439691,563416],[439753,563466],[439699,563628],[439360,564196],[439337,564262],[438958,564061],[438721,564019],[438734,563985],[438673,564004],[438688,564054],[438646,564080],[438672,564123],[438711,564093],[438890,564125],[438916,564173],[438880,564195],[438899,564234],[438864,564277],[438861,564422],[438776,564391],[438724,564408],[438710,564441],[438646,564458],[438706,564476],[438718,564521],[438946,564609],[439112,564680],[439157,564706],[439201,564732],[439357,564878],[439494,565023],[439498,565028],[439558,565095],[439611,565147],[439722,565247],[439877,565078],[439931,564960],[440276,564639],[440526,564541]]]}},{"type":"Feature","properties":{"zone_id":"E02001786"},"geometry":{"type":"Polygon","coordinates":[[[436443,562486],[436255,562467],[436198,562748],[436177,562861],[436135,563088],[436127,563132],[436092,563312],[436065,563452],[436011,563736],[436089,563758],[436138,563776],[436356,563847],[436378,563855],[436937,564081],[437168,564183],[437412,564289],[437437,564300],[437481,564084],[437601,563449],[437626,563319],[437629,563305],[437637,563004],[437085,562904],[437092,562861],[436977,562844],[436973,562805],[436973,562680],[436955,562568],[436846,562511],[436734,562503],[436477,562488],[436443,562486]]]}},{"type":"Feature","properties":{"zone_id":"E02001787"},"geometry":{"type":"Polygon","coordinates":[[[433957,562797],[433855,562390],[433847,562367],[433812,562242],[433797,562148],[433786,561995],[433835,561491],[433848,561265],[433803,560768],[433845,560545],[433966,560228],[434289,559625],[433935,559589],[433358,559584],[433292,559467],[433214,559426],[433092,559453],[432867,559669],[432622,559618],[432373,559714],[432121,559658],[431803,559699],[431605,559638],[431457,559682],[431419,559774],[431473,559824],[431159,561030],[431080,561298],[430975,561446],[430964,561588],[430933,562063],[431075,562366],[432306,562552],[432447,562572],[432464,562574],[432580,562589],[432584,562562],[432755,562592],[432788,562595],[432805,562560],[432893,562573],[432891,562603],[432890,562636],[432963,562647],[433142,562674],[433307,562698],[433512,562729],[433516,562691],[433549,562633],[433579,562665],[433662,562588],[433677,562619],[433600,562687],[433778,562718],[433752,562658],[433799,562615],[433885,562785],[433957,562797]]]}},{"type":"Feature","properties":{"zone_id":"E02001788"},"geometry":{"type":"Polygon","coordinates":[[[435484,561813],[435449,561602],[435404,561550],[435321,561523],[435257,561440],[435260,561434],[435236,561378],[435110,561299],[435114,561220],[434928,561176],[434882,561242],[434823,561205],[434747,561231],[434640,561216],[434538,561257],[434499,561451],[434444,561553],[434502,561706],[434486,561717],[434340,561653],[434102,561495],[433982,561464],[433888,561755],[433943,561823],[433920,561858],[433862,561985],[433843,562135],[433797,562148],[433812,562242],[433847,562367],[433855,562390],[433957,562797],[434210,562834],[434373,562858],[434651,562901],[434883,562913],[435098,562873],[435159,562307],[435389,562239],[435450,561909],[435484,561813]]]}},{"type":"Feature","properties":{"zone_id":"E02001789"},"geometry":{"type":"Polygon","coordinates":[[[439691,563416],[439742,563357],[439674,563134],[439644,562890],[439644,562590],[439703,562550],[439692,562416],[439600,562420],[439610,562187],[439602,562039],[439575,562043],[439549,561569],[439433,561546],[438892,561477],[438888,561515],[438741,561426],[438348,561355],[438110,561382],[438099,561269],[437994,561244],[437690,561269],[437582,561359],[437354,561623],[437471,561752],[437503,561791],[437614,561896],[437519,561971],[437418,561916],[437278,562078],[437286,562116],[437115,562104],[437221,561802],[437236,561701],[437130,561639],[437115,561660],[437066,561576],[436866,561717],[436675,561854],[436604,561740],[436647,561713],[436663,561637],[436725,561654],[436755,561571],[436808,561604],[436829,561590],[436811,561559],[436906,561499],[436955,561556],[437056,561534],[437043,561499],[437085,561493],[437087,561438],[437070,561416],[437120,561350],[437093,561329],[437109,561298],[436941,561198],[436870,561188],[436952,561151],[436719,561059],[436690,561104],[436640,561105],[436633,561139],[436698,561200],[436656,561254],[436581,561261],[436604,561304],[436585,561428],[436520,561438],[436375,561512],[436408,561589],[436380,561598],[436226,561573],[436151,561468],[436142,561539],[436012,561595],[435967,561586],[435951,561683],[435950,561687],[435900,561986],[436246,562011],[436206,562186],[436156,562435],[436255,562467],[436443,562486],[436477,562488],[436734,562503],[436846,562511],[436955,562568],[436973,562680],[436973,562805],[436977,562844],[437092,562861],[437085,562904],[437637,563004],[437629,563305],[437626,563319],[437945,563368],[438036,563383],[438055,563284],[438142,563304],[438123,563408],[438306,563452],[438589,563492],[438656,563523],[438694,563389],[438750,563385],[438757,563444],[438726,563833],[438784,563851],[438734,563985],[438721,564019],[438958,564061],[439337,564262],[439360,564196],[439699,563628],[439753,563466],[439691,563416]]]}},{"type":"Feature","properties":{"zone_id":"E02001790"},"geometry":{"type":"Polygon","coordinates":[[[435951,561683],[435967,561586],[436012,561595],[436142,561539],[436151,561468],[436226,561573],[436380,561598],[436408,561589],[436375,561512],[436520,561438],[436585,561428],[436604,561304],[436581,561261],[436656,561254],[436698,561200],[436633,561139],[436640,561105],[436690,561104],[436719,561059],[436952,561151],[436870,561188],[436941,561198],[437109,561298],[437093,561329],[437120,561350],[437070,561416],[437087,561438],[437085,561493],[437043,561499],[437056,561534],[436955,561556],[436906,561499],[436811,561559],[436829,561590],[436808,561604],[436755,561571],[436725,561654],[436663,561637],[436647,561713],[436604,561740],[436675,561854],[436866,561717],[437066,561576],[437115,561660],[437130,561639],[437236,561701],[437221,561802],[437115,562104],[437286,562116],[437278,562078],[437418,561916],[437519,561971],[437614,561896],[437503,561791],[437471,561752],[437354,561623],[437582,561359],[437690,561269],[437994,561244],[438099,561269],[438110,561382],[438348,561355],[438741,561426],[438888,561515],[438892,561477],[439433,561546],[439434,561437],[439540,561335],[439558,560616],[439314,560545],[439120,560602],[439059,560693],[438961,560721],[438659,560712],[438367,560603],[438153,560459],[438089,560409],[437880,560355],[437742,560284],[437448,560052],[437345,559875],[437307,559625],[437215,559633],[436879,559680],[436853,559760],[436790,559734],[436509,559612],[436444,559946],[435865,559950],[435849,560005],[435474,560010],[435397,560074],[435210,560037],[435173,560028],[434906,559944],[434643,559839],[434661,559644],[434634,559645],[434289,559625],[433966,560228],[433845,560545],[433803,560768],[433848,561265],[433835,561491],[433786,561995],[433797,562148],[433843,562135],[433862,561985],[433920,561858],[433943,561823],[433888,561755],[433982,561464],[434102,561495],[434340,561653],[434486,561717],[434502,561706],[434444,561553],[434499,561451],[434538,561257],[434640,561216],[434747,561231],[434823,561205],[434882,561242],[434928,561176],[435114,561220],[435110,561299],[435236,561378],[435260,561434],[435257,561440],[435321,561523],[435404,561550],[435449,561602],[435484,561813],[435450,561909],[435389,562239],[435159,562307],[435098,562873],[435176,562848],[435451,562719],[435760,562500],[436206,562186],[436246,562011],[435900,561986],[435950,561687],[435951,561683]]]}},{"type":"Feature","properties":{"zone_id":"E02001791"},"geometry":{"type":"Polygon","coordinates":[[[439120,560602],[439314,560545],[439558,560616],[439751,560568],[439859,560477],[439815,560425],[439855,560305],[439749,560279],[439764,560124],[439944,560031],[439968,560044],[439980,560012],[439996,559958],[439967,559948],[439989,559860],[440022,559869],[440026,559842],[439930,559810],[439951,559790],[439998,559813],[440007,559725],[440031,559699],[439955,559654],[439905,559637],[439775,559618],[439772,559533],[439744,559528],[439747,559502],[439669,559486],[439678,559397],[439542,559389],[439596,559317],[439612,559261],[439589,559242],[439517,559196],[439509,559226],[439469,559169],[439416,559204],[439409,559176],[439329,559153],[439370,559054],[439291,559047],[439238,559239],[439153,559214],[439127,559178],[439081,559291],[439113,559302],[439112,559335],[438959,559313],[438928,559248],[438880,559238],[438849,559293],[438791,559279],[438706,559528],[438634,559526],[438568,559606],[438526,559737],[438549,559847],[438464,559999],[438259,560142],[438153,560459],[438367,560603],[438659,560712],[438961,560721],[439059,560693],[439120,560602]]]}},{"type":"Feature","properties":{"zone_id":"E02001792"},"geometry":{"type":"Polygon","coordinates":[[[440841,561236],[440801,561004],[440689,560748],[440617,560436],[440598,560177],[440622,560011],[440762,559792],[440765,559634],[440658,559499],[440754,559263],[440722,559230],[440906,558881],[441092,558910],[441280,558894],[441480,558816],[441616,558710],[441594,558696],[441400,558831],[441170,558888],[440899,558858],[440916,558762],[440759,558740],[440705,559093],[440599,559044],[440529,559059],[440513,559196],[440463,559207],[440444,559161],[440419,559171],[440410,559112],[440367,559111],[440361,559074],[440240,559070],[440238,559102],[440139,559090],[440139,559216],[440277,559217],[440277,559254],[440023,559261],[440003,559262],[439794,559268],[439768,559269],[439797,559022],[439798,559013],[439801,558966],[439693,559004],[439572,558987],[439517,559196],[439589,559242],[439612,559261],[439596,559317],[439542,559389],[439678,559397],[439669,559486],[439747,559502],[439744,559528],[439772,559533],[439775,559618],[439905,559637],[439955,559654],[440031,559699],[440007,559725],[439998,559813],[439951,559790],[439930,559810],[440026,559842],[440022,559869],[439989,559860],[439967,559948],[439996,559958],[439980,560012],[439968,560044],[439944,560031],[439764,560124],[439749,560279],[439855,560305],[439815,560425],[439859,560477],[439897,560430],[440014,560474],[440098,560427],[440123,560713],[440184,561164],[440317,561147],[440338,561145],[440666,561101],[440703,561095],[440730,561242],[440841,561236]]]}},{"type":"Feature","properties":{"zone_id":"E02001793"},"geometry":{"type":"Polygon","coordinates":[[[436444,559946],[436509,559612],[436790,559734],[436793,559521],[436742,559422],[436651,559395],[436555,559247],[436485,559271],[436409,559251],[436326,559196],[436278,559206],[436195,559124],[436204,559022],[436155,559000],[436125,559031],[436077,558992],[436151,558896],[435951,558807],[435725,558921],[435649,558980],[435501,559068],[435385,559047],[435377,559022],[435353,558993],[435316,559023],[435292,559114],[435125,559120],[435106,559168],[434965,559182],[434912,559183],[434943,559130],[435053,559123],[435078,559092],[435056,559074],[435010,559044],[434937,559090],[434866,559081],[434840,559016],[434782,559054],[434746,559000],[434690,559027],[434693,559155],[434746,559163],[434731,559196],[434657,559195],[434605,559245],[434625,559147],[434521,559140],[434339,559537],[434289,559625],[434634,559645],[434661,559644],[434643,559839],[434906,559944],[435173,560028],[435210,560037],[435397,560074],[435474,560010],[435849,560005],[435865,559950],[436444,559946]]]}},{"type":"Feature","properties":{"zone_id":"E02001794"},"geometry":{"type":"Polygon","coordinates":[[[438526,559737],[438568,559606],[438634,559526],[438706,559528],[438791,559279],[438849,559293],[438880,559238],[438928,559248],[438959,559313],[439112,559335],[439113,559302],[439081,559291],[439127,559178],[439170,559066],[439101,559071],[439065,559030],[439014,559027],[439063,558927],[438932,558938],[438956,558956],[438923,559037],[438828,559054],[438796,559003],[438781,559071],[438673,559063],[438669,559128],[438535,559120],[438504,559148],[438468,559175],[438344,559165],[438382,559078],[438138,559059],[438136,559059],[438146,558918],[438147,558799],[438112,558787],[438035,558808],[438006,558763],[437996,558809],[437967,558804],[437965,558762],[437928,558795],[437885,558776],[437876,558753],[437652,558797],[437454,558862],[437419,558858],[436909,558790],[436902,558795],[436744,558776],[436610,558761],[436253,558741],[435951,558807],[436151,558896],[436077,558992],[436125,559031],[436155,559000],[436204,559022],[436195,559124],[436278,559206],[436326,559196],[436409,559251],[436485,559271],[436555,559247],[436651,559395],[436742,559422],[436793,559521],[436790,559734],[436853,559760],[436879,559680],[437215,559633],[437307,559625],[437345,559875],[437448,560052],[437742,560284],[437880,560355],[438089,560409],[438153,560459],[438259,560142],[438464,559999],[438549,559847],[438526,559737]]]}},{"type":"Feature","properties":{"zone_id":"E02001795"},"geometry":{"type":"Polygon","coordinates":[[[439238,559239],[439291,559047],[439370,559054],[439329,559153],[439409,559176],[439416,559204],[439469,559169],[439509,559226],[439517,559196],[439572,558987],[439599,558880],[439641,558714],[439664,558545],[439662,558422],[439625,558222],[439664,558106],[439673,558066],[439680,557976],[439681,557942],[439674,557938],[439646,557927],[439605,557910],[439407,557827],[439391,557859],[439336,557834],[439324,557777],[439274,557753],[439200,557750],[439151,557827],[439098,557832],[439096,558011],[439055,558163],[438912,558278],[438814,558306],[438724,558272],[438532,558147],[438385,557931],[438177,557889],[438159,557916],[437935,557903],[437695,558233],[437597,558202],[437448,558268],[437227,558273],[437209,558298],[436973,558269],[436882,558209],[436883,558481],[436920,558670],[436909,558790],[437419,558858],[437454,558862],[437652,558797],[437876,558753],[437885,558776],[437928,558795],[437965,558762],[437967,558804],[437996,558809],[438006,558763],[438035,558808],[438112,558787],[438147,558799],[438146,558918],[438136,559059],[438138,559059],[438382,559078],[438344,559165],[438468,559175],[438504,559148],[438535,559120],[438669,559128],[438673,559063],[438781,559071],[438796,559003],[438828,559054],[438923,559037],[438956,558956],[438932,558938],[439063,558927],[439014,559027],[439065,559030],[439101,559071],[439170,559066],[439127,559178],[439153,559214],[439238,559239]]]}},{"type":"Feature","properties":{"zone_id":"E02001796"},"geometry":{"type":"Polygon","coordinates":[[[440139,559216],[440139,559090],[440238,559102],[440240,559070],[440361,559074],[440367,559111],[440410,559112],[440419,559171],[440444,559161],[440463,559207],[440513,559196],[440529,559059],[440599,559044],[440705,559093],[440759,558740],[440916,558762],[440902,558536],[440934,558415],[440976,558386],[441076,558430],[441129,558419],[440915,558306],[440828,558361],[440765,558318],[440745,558255],[440725,558402],[440715,558412],[440712,558424],[440705,558482],[440640,558526],[440576,558385],[440657,558350],[440669,558301],[440611,558273],[440527,558139],[440540,557880],[440420,557723],[440431,557632],[440273,557529],[440142,557547],[440024,557562],[439712,557480],[439693,557448],[439441,557464],[439259,557572],[439112,557707],[439098,557832],[439151,557827],[439200,557750],[439274,557753],[439324,557777],[439336,557834],[439391,557859],[439407,557827],[439605,557910],[439646,557927],[439674,557938],[439681,557942],[439680,557976],[439673,558066],[439664,558106],[439625,558222],[439662,558422],[439664,558545],[439641,558714],[439599,558880],[439572,558987],[439693,559004],[439801,558966],[439798,559013],[439797,559022],[439768,559269],[439794,559268],[440003,559262],[440023,559261],[440277,559254],[440277,559217],[440139,559216]]]}},{"type":"Feature","properties":{"zone_id":"E02001797"},"geometry":{"type":"Polygon","coordinates":[[[430554,559934],[430919,559711],[431033,559673],[431134,559707],[431207,559778],[431362,559824],[431419,559774],[431457,559682],[431605,559638],[431803,559699],[432121,559658],[432373,559714],[432622,559618],[432867,559669],[433092,559453],[433214,559426],[433292,559467],[433358,559584],[433935,559589],[434289,559625],[434339,559537],[434521,559140],[434657,558685],[434687,558509],[434715,558052],[434655,557303],[434024,557095],[433294,556948],[432794,556894],[432019,556873],[431926,556870],[432003,557071],[431936,557579],[431967,557724],[431930,557759],[431926,557941],[431872,558183],[431824,558254],[431723,558271],[431762,558122],[431668,558099],[431541,558034],[431481,558031],[431406,558014],[431419,557960],[431446,557958],[431432,557883],[431426,557819],[431335,557822],[431266,557788],[431197,557965],[431101,557947],[431068,558054],[431049,558228],[430733,558177],[430726,558239],[430616,558247],[430489,558283],[430467,558256],[430412,558299],[430366,558337],[430409,558458],[430561,558435],[430547,558594],[430546,558622],[430544,558650],[430498,558650],[430464,558577],[430297,558552],[430194,558546],[430224,558723],[430086,558688],[430129,558525],[430150,558526],[430159,558358],[430160,558220],[430160,558161],[429997,558140],[429934,558157],[429932,558122],[429848,558106],[429775,558123],[429842,558228],[429804,558267],[429747,558306],[429752,558397],[429728,558429],[429749,558478],[429593,558434],[429495,558309],[429514,558519],[429510,558545],[429474,558541],[429459,558542],[429292,558535],[429147,558417],[429225,558359],[429111,558357],[429089,558394],[429014,558362],[429005,558296],[428930,558292],[428937,558191],[428869,558187],[428807,558142],[428812,558102],[428664,558056],[428588,558280],[428516,558257],[428521,558208],[428500,558208],[428475,558287],[428424,558312],[427967,558649],[427891,558640],[427840,558808],[427728,558967],[428159,559311],[428195,559338],[428517,559561],[428725,559316],[428749,559351],[429063,559609],[429327,559739],[429852,559818],[430003,559764],[430057,559734],[430184,559869],[430380,559929],[430554,559934]]]}},{"type":"Feature","properties":{"zone_id":"E02001798"},"geometry":{"type":"Polygon","coordinates":[[[434605,559245],[434657,559195],[434731,559196],[434746,559163],[434693,559155],[434690,559027],[434746,559000],[434782,559054],[434840,559016],[434866,559081],[434937,559090],[435010,559044],[435056,559074],[435078,559092],[435053,559123],[434943,559130],[434912,559183],[434965,559182],[435106,559168],[435125,559120],[435292,559114],[435316,559023],[435353,558993],[435377,559022],[435385,559047],[435501,559068],[435649,558980],[435725,558921],[435951,558807],[436253,558741],[436610,558761],[436744,558776],[436902,558795],[436909,558790],[436920,558670],[436883,558481],[436882,558209],[436838,558203],[436858,558219],[436819,558229],[436829,558271],[436775,558290],[436821,558186],[436499,558051],[436301,557873],[436212,557795],[435861,557681],[435431,557435],[435239,557267],[435029,556959],[434826,556786],[434682,557147],[434655,557303],[434715,558052],[434687,558509],[434657,558685],[434521,559140],[434625,559147],[434605,559245]]]}},{"type":"Feature","properties":{"zone_id":"E02001799"},"geometry":{"type":"Polygon","coordinates":[[[430224,558723],[430194,558546],[430297,558552],[430464,558577],[430498,558650],[430544,558650],[430546,558622],[430547,558594],[430561,558435],[430409,558458],[430366,558337],[430412,558299],[430467,558256],[430489,558283],[430616,558247],[430726,558239],[430733,558177],[431049,558228],[431068,558054],[431101,557947],[431197,557965],[431266,557788],[431335,557822],[431426,557819],[431432,557883],[431446,557958],[431419,557960],[431406,558014],[431481,558031],[431541,558034],[431668,558099],[431762,558122],[431723,558271],[431824,558254],[431872,558183],[431926,557941],[431930,557759],[431967,557724],[431936,557579],[432003,557071],[431926,556870],[431749,556865],[431635,556863],[431207,556869],[430929,556914],[430908,556916],[430872,556920],[430582,556921],[430506,556907],[430460,556964],[430447,557076],[430446,557090],[430444,557117],[430435,557266],[430312,557246],[430194,557282],[430195,557334],[430199,557689],[430057,557689],[429899,557701],[429904,557735],[429666,557719],[429633,557818],[429581,557848],[429609,557915],[429573,557931],[429539,557873],[429474,557907],[429497,557965],[429442,558003],[429445,558051],[429481,558266],[429495,558309],[429593,558434],[429749,558478],[429728,558429],[429752,558397],[429747,558306],[429804,558267],[429842,558228],[429775,558123],[429848,558106],[429932,558122],[429934,558157],[429997,558140],[430160,558161],[430160,558220],[430159,558358],[430150,558526],[430129,558525],[430086,558688],[430224,558723]]]}},{"type":"Feature","properties":{"zone_id":"E02001800"},"geometry":{"type":"Polygon","coordinates":[[[428500,558208],[428521,558208],[428516,558257],[428588,558280],[428664,558056],[428812,558102],[428807,558142],[428869,558187],[428937,558191],[428930,558292],[429005,558296],[429014,558362],[429089,558394],[429111,558357],[429225,558359],[429147,558417],[429292,558535],[429459,558542],[429474,558541],[429510,558545],[429514,558519],[429495,558309],[429481,558266],[429445,558051],[429442,558003],[429497,557965],[429474,557907],[429539,557873],[429573,557931],[429609,557915],[429581,557848],[429633,557818],[429666,557719],[429904,557735],[429899,557701],[430057,557689],[430199,557689],[430195,557334],[430194,557282],[430312,557246],[430435,557266],[430444,557117],[430446,557090],[430447,557076],[430460,556964],[430506,556907],[430350,556850],[430261,556801],[430188,556749],[429810,556497],[429703,556450],[429515,556403],[429412,556376],[429343,556360],[429028,556346],[428720,556284],[428417,556266],[428345,556533],[428208,556738],[428133,556795],[428305,556935],[428399,556957],[428497,557110],[428490,557276],[428288,557850],[428008,558333],[427891,558640],[427967,558649],[428424,558312],[428475,558287],[428500,558208]]]}},{"type":"Feature","properties":{"zone_id":"E02001801"},"geometry":{"type":"Polygon","coordinates":[[[437847,557329],[437919,557326],[437986,557357],[438136,557357],[438164,557333],[438114,557267],[438146,557242],[438275,557256],[438319,557214],[438350,557183],[438470,557240],[438517,557109],[438475,557067],[438595,557069],[438594,557027],[438664,557002],[438675,557043],[438783,557033],[438819,556965],[438767,556914],[438708,556918],[438697,556856],[438759,556841],[438799,556778],[438794,556745],[438914,556667],[438737,556611],[438669,556587],[438487,556537],[438410,556511],[438391,556504],[438335,556483],[438186,556468],[438094,556425],[437959,556362],[437764,556734],[437729,556793],[437719,556817],[437715,556825],[437662,557110],[437660,557120],[437622,557360],[437619,557369],[437616,557378],[437511,557607],[437499,557709],[437751,557611],[437955,557571],[437850,557366],[437847,557329]]]}},{"type":"Feature","properties":{"zone_id":"E02001802"},"geometry":{"type":"Polygon","coordinates":[[[437530,557358],[437556,557313],[437507,557318],[437460,557325],[437398,557319],[437412,557251],[437344,557236],[437370,557117],[437422,557117],[437405,557218],[437430,557223],[437456,557226],[437475,557129],[437450,557121],[437458,557085],[437341,557041],[437346,556982],[437266,556914],[437236,556859],[437399,556914],[437379,556764],[437507,556698],[437283,556631],[437290,556594],[437221,556586],[436985,556535],[436939,556514],[436950,556481],[437034,556167],[437006,556159],[436751,556090],[436716,556085],[436713,556081],[436621,556210],[436620,556172],[436586,556174],[436587,556251],[436622,556251],[436622,556306],[436598,556307],[436487,556328],[436451,556503],[436518,556497],[436523,556531],[436361,556542],[436355,556580],[436306,556601],[436217,556573],[436235,556500],[436044,556440],[435982,556535],[436001,556764],[436149,556937],[436161,556950],[436366,557140],[436355,557174],[436391,557184],[436720,557247],[436738,557219],[436741,557367],[436768,557647],[436725,557750],[436727,557945],[436963,558003],[437049,558092],[437184,558127],[437319,558136],[437537,558094],[437499,557709],[437511,557607],[437616,557378],[437530,557358]]]}},{"type":"Feature","properties":{"zone_id":"E02001803"},"geometry":{"type":"Polygon","coordinates":[[[438970,557815],[439051,557628],[439316,557433],[439381,557389],[439664,557372],[439714,557355],[440012,557441],[440093,557424],[440311,557378],[440426,557441],[440478,557408],[440447,557362],[440408,557335],[440406,557222],[440359,557201],[440335,557271],[440286,557225],[440260,557250],[440219,557239],[440190,557269],[440213,557155],[440249,557050],[440380,557078],[440386,557058],[440456,557083],[440484,557016],[440398,556988],[440412,556909],[440308,556883],[440240,556876],[440088,556897],[439914,556817],[439763,556808],[439495,556785],[439359,556714],[439411,556651],[439502,556721],[439590,556598],[439604,556577],[439769,556575],[439810,556610],[439803,556674],[439883,556678],[439968,556538],[439984,556430],[440109,556469],[440108,556505],[440139,556448],[440114,556408],[439991,556371],[440037,556236],[440055,556177],[439935,556132],[439794,556077],[439702,556035],[439621,555999],[439590,555985],[439498,555942],[439451,556010],[439327,555979],[439303,556004],[439347,556024],[439349,556068],[439403,556079],[439356,556127],[439311,556106],[439308,556052],[439143,555973],[439080,556042],[439086,556049],[439312,556179],[439313,556250],[439197,556285],[439175,556319],[439054,556324],[439030,556310],[438996,556358],[438928,556317],[438849,556433],[438933,556497],[438961,556518],[438936,556546],[438851,556509],[438834,556526],[438764,556560],[438737,556611],[438914,556667],[438794,556745],[438799,556778],[438759,556841],[438697,556856],[438708,556918],[438767,556914],[438819,556965],[438783,557033],[438675,557043],[438664,557002],[438594,557027],[438595,557069],[438475,557067],[438517,557109],[438470,557240],[438350,557183],[438319,557214],[438275,557256],[438146,557242],[438114,557267],[438164,557333],[438136,557357],[437986,557357],[437919,557326],[437847,557329],[437850,557366],[437955,557571],[437751,557611],[437499,557709],[437537,558094],[437708,557993],[437764,557893],[437858,557818],[438006,557761],[438055,557786],[438084,557734],[438228,557789],[438442,557830],[438554,557957],[438560,558014],[438694,558151],[438860,558157],[438966,558082],[438970,557815]]]}},{"type":"Feature","properties":{"zone_id":"E02001804"},"geometry":{"type":"Polygon","coordinates":[[[436768,557647],[436741,557367],[436738,557219],[436720,557247],[436391,557184],[436355,557174],[436366,557140],[436161,556950],[436149,556937],[436001,556764],[435982,556535],[436044,556440],[436235,556500],[436217,556573],[436306,556601],[436355,556580],[436361,556542],[436523,556531],[436518,556497],[436451,556503],[436487,556328],[436598,556307],[436622,556306],[436622,556251],[436587,556251],[436586,556174],[436620,556172],[436621,556210],[436713,556081],[436712,556069],[436703,556006],[436682,555827],[436681,555719],[436219,555522],[436198,555545],[436094,555746],[436040,555847],[435968,555834],[435923,555900],[435855,556026],[435757,556203],[435817,556254],[435772,556321],[435727,556347],[435549,556237],[435528,556225],[435428,556157],[435286,555993],[435212,555904],[435105,555819],[434999,555927],[435025,556185],[434933,556540],[434859,556708],[435103,556964],[435246,557156],[435405,557289],[435422,557269],[435419,557292],[435489,557338],[435668,557445],[436046,557586],[436079,557524],[436321,557590],[436496,557833],[436727,557945],[436725,557750],[436768,557647]]]}},{"type":"Feature","properties":{"zone_id":"E02001805"},"geometry":{"type":"Polygon","coordinates":[[[437622,557360],[437660,557120],[437662,557110],[437715,556825],[437719,556817],[437729,556793],[437764,556734],[437959,556362],[437959,556360],[437893,556330],[437816,556294],[437718,556242],[437734,556208],[437706,556191],[437771,556031],[437883,556075],[437949,556065],[437991,556001],[437849,555946],[437856,555930],[437833,555920],[437824,555941],[437684,555886],[437667,555928],[437560,555887],[437584,555800],[437561,555763],[437603,555536],[437346,555468],[437159,555422],[437096,555436],[437042,555424],[436881,555490],[436824,555449],[436746,555568],[436708,555640],[436681,555719],[436682,555827],[436703,556006],[436712,556069],[436713,556081],[436716,556085],[436751,556090],[437006,556159],[437034,556167],[436950,556481],[436939,556514],[436985,556535],[437221,556586],[437290,556594],[437283,556631],[437507,556698],[437379,556764],[437399,556914],[437236,556859],[437266,556914],[437346,556982],[437341,557041],[437458,557085],[437450,557121],[437475,557129],[437456,557226],[437430,557223],[437405,557218],[437422,557117],[437370,557117],[437344,557236],[437412,557251],[437398,557319],[437460,557325],[437507,557318],[437556,557313],[437530,557358],[437616,557378],[437619,557369],[437622,557360]]]}},{"type":"Feature","properties":{"zone_id":"E02001806"},"geometry":{"type":"Polygon","coordinates":[[[441434,557972],[441240,557840],[441216,557783],[441302,557556],[441482,557386],[441517,557412],[441475,557365],[441546,557201],[441751,556991],[441714,556994],[441533,557186],[441470,557187],[441433,557099],[441441,557027],[441410,557016],[441448,556918],[441528,556814],[441649,556917],[441674,556940],[441670,556917],[441314,556624],[441259,556499],[441173,556449],[441086,556330],[441092,556159],[441037,556138],[441109,555781],[440925,555771],[440865,555697],[440761,555705],[440783,555414],[440753,555395],[440619,555294],[440617,555292],[440545,555240],[440445,555386],[440433,555378],[440352,555501],[440304,555477],[440229,555583],[440195,555537],[440252,555439],[440206,555412],[440162,555496],[439964,555753],[439852,555652],[439790,555758],[439755,555793],[439658,555773],[439609,555795],[439610,555739],[439544,555714],[439521,555562],[439325,555436],[439205,555466],[439268,555699],[439285,555896],[439498,555942],[439590,555985],[439621,555999],[439702,556035],[439794,556077],[439935,556132],[440055,556177],[440037,556236],[439991,556371],[440114,556408],[440139,556448],[440108,556505],[440109,556469],[439984,556430],[439968,556538],[439883,556678],[439803,556674],[439810,556610],[439769,556575],[439604,556577],[439590,556598],[439502,556721],[439411,556651],[439359,556714],[439495,556785],[439763,556808],[439914,556817],[440088,556897],[440240,556876],[440308,556883],[440412,556909],[440398,556988],[440484,557016],[440456,557083],[440386,557058],[440380,557078],[440249,557050],[440213,557155],[440190,557269],[440219,557239],[440260,557250],[440286,557225],[440335,557271],[440359,557201],[440406,557222],[440408,557335],[440447,557362],[440478,557408],[440426,557441],[440528,557582],[440705,557833],[440871,557795],[440889,557838],[440837,558092],[440914,558074],[440909,558175],[440954,558132],[441009,558237],[441047,558253],[441028,558226],[441065,558113],[441098,558124],[441103,558004],[441177,557870],[441234,557865],[441385,557952],[441521,558146],[441585,558466],[441569,558239],[441519,558092],[441434,557972]]]}},{"type":"Feature","properties":{"zone_id":"E02001807"},"geometry":{"type":"Polygon","coordinates":[[[434682,557147],[434826,556786],[434748,556663],[434760,556322],[434690,556169],[434621,556119],[434534,556171],[434455,556463],[434294,556684],[434074,556720],[433861,556670],[433772,556584],[433623,556218],[433369,555810],[433052,555498],[432559,555266],[432369,554969],[432088,554823],[431968,554562],[431926,554584],[431719,554720],[431616,554921],[431612,555070],[431665,555235],[431418,555033],[431157,554892],[430768,554740],[430332,554575],[430324,554573],[430214,554858],[430298,554966],[430740,555062],[430938,555126],[431245,555214],[431481,555324],[431407,555411],[431300,555437],[431309,555471],[431274,555490],[431096,555528],[431094,555578],[430999,555596],[431018,555699],[431051,555728],[431159,555692],[431167,555726],[431063,555804],[431043,555959],[431068,555976],[431121,555931],[431100,555830],[431262,555740],[431294,555791],[431342,555941],[431313,555942],[431249,556160],[431074,556199],[430995,556123],[430954,556156],[430905,556101],[430735,556176],[430666,556348],[430766,556437],[430853,556360],[430863,556438],[431030,556580],[430994,556604],[431070,556629],[431255,556576],[431305,556789],[431240,556801],[431207,556869],[431635,556863],[431749,556865],[431926,556870],[432019,556873],[432794,556894],[433294,556948],[434024,557095],[434655,557303],[434682,557147]]]}},{"type":"Feature","properties":{"zone_id":"E02001808"},"geometry":{"type":"Polygon","coordinates":[[[438834,556526],[438747,556392],[438805,556401],[438869,556282],[438824,556255],[438826,556189],[438762,556183],[438727,556100],[438693,556106],[438684,556012],[438608,556004],[438614,556047],[438578,556055],[438504,555886],[438418,555920],[438265,555745],[438288,555714],[438406,555560],[438169,555401],[437920,555336],[437913,555334],[437878,555387],[437783,555312],[437690,555460],[437635,555434],[437603,555536],[437561,555763],[437584,555800],[437560,555887],[437667,555928],[437684,555886],[437824,555941],[437833,555920],[437856,555930],[437849,555946],[437991,556001],[437949,556065],[437883,556075],[437771,556031],[437706,556191],[437734,556208],[437718,556242],[437816,556294],[437893,556330],[437959,556360],[437959,556362],[438094,556425],[438186,556468],[438335,556483],[438391,556504],[438410,556511],[438487,556537],[438669,556587],[438737,556611],[438764,556560],[438834,556526]]]}},{"type":"Feature","properties":{"zone_id":"E02001809"},"geometry":{"type":"Polygon","coordinates":[[[431305,556789],[431255,556576],[431070,556629],[430994,556604],[431030,556580],[430863,556438],[430853,556360],[430766,556437],[430666,556348],[430735,556176],[430905,556101],[430954,556156],[430995,556123],[431074,556199],[431249,556160],[431313,555942],[431342,555941],[431294,555791],[431262,555740],[431100,555830],[431121,555931],[431068,555976],[431043,555959],[431063,555804],[431167,555726],[431159,555692],[431051,555728],[431018,555699],[430999,555596],[431094,555578],[431096,555528],[431274,555490],[431309,555471],[431300,555437],[431407,555411],[431481,555324],[431245,555214],[430938,555126],[430740,555062],[430298,554966],[430214,554858],[430074,555223],[430037,555331],[429875,555872],[429798,556132],[429743,556318],[429703,556450],[429810,556497],[430188,556749],[430261,556801],[430350,556850],[430506,556907],[430582,556921],[430872,556920],[430908,556916],[430929,556914],[431207,556869],[431240,556801],[431305,556789]]]}},{"type":"Feature","properties":{"zone_id":"E02001810"},"geometry":{"type":"Polygon","coordinates":[[[429968,555147],[430007,555057],[429946,554992],[429946,554933],[429777,554916],[429777,555048],[429700,555117],[429671,555136],[429566,555061],[429578,555012],[429511,554963],[429452,554921],[429257,554881],[429182,554918],[429135,554995],[429066,554988],[429030,554942],[429052,554757],[428932,554716],[428957,554678],[428931,554628],[428956,554588],[428993,554598],[428984,554541],[428893,554524],[428883,554553],[428833,554548],[428822,554514],[428614,554465],[428487,554491],[428512,554533],[428574,554540],[428575,554584],[428462,554617],[428412,554708],[428418,554917],[428502,554917],[428510,555228],[428430,555239],[428429,555269],[428407,555591],[428411,555780],[428417,556266],[428720,556284],[429028,556346],[429343,556360],[429412,556376],[429515,556403],[429703,556450],[429743,556318],[429798,556132],[429875,555872],[430037,555331],[429976,555302],[429968,555147]]]}},{"type":"Feature","properties":{"zone_id":"E02001811"},"geometry":{"type":"Polygon","coordinates":[[[435923,555900],[435968,555834],[436040,555847],[436094,555746],[436198,555545],[436219,555522],[436681,555719],[436708,555640],[436746,555568],[436824,555449],[436759,555379],[436728,555288],[436558,555107],[436469,555069],[436302,554975],[436290,554873],[436196,554757],[436135,554611],[436079,554568],[435855,554339],[435781,554354],[435756,554380],[435633,554323],[435536,554480],[435281,554376],[435217,554387],[435169,554443],[435061,554369],[434982,554547],[434914,554714],[434843,555091],[434865,555426],[434999,555927],[435105,555819],[435212,555904],[435286,555993],[435428,556157],[435528,556225],[435549,556237],[435727,556347],[435772,556321],[435817,556254],[435757,556203],[435855,556026],[435923,555900]]]}},{"type":"Feature","properties":{"zone_id":"E02001812"},"geometry":{"type":"Polygon","coordinates":[[[438961,556518],[438933,556497],[438849,556433],[438928,556317],[438996,556358],[439030,556310],[439054,556324],[439175,556319],[439197,556285],[439313,556250],[439312,556179],[439086,556049],[439080,556042],[439143,555973],[439308,556052],[439311,556106],[439356,556127],[439403,556079],[439349,556068],[439347,556024],[439303,556004],[439327,555979],[439451,556010],[439498,555942],[439285,555896],[439268,555699],[439205,555466],[439325,555436],[439521,555562],[439544,555714],[439610,555739],[439609,555795],[439658,555773],[439755,555793],[439790,555758],[439852,555652],[439964,555753],[440162,555496],[440206,555412],[440252,555439],[440195,555537],[440229,555583],[440304,555477],[440352,555501],[440433,555378],[440449,555345],[440408,555317],[440302,555278],[440318,555255],[440286,555233],[440176,555216],[440143,555182],[440204,555062],[440234,555026],[440355,555134],[440462,554978],[440470,554954],[440330,554819],[440276,554829],[440252,554801],[440096,554881],[440010,554792],[439990,554814],[439888,554754],[439880,554712],[439827,554703],[439656,554518],[439762,554380],[439741,554360],[439670,554459],[439620,554461],[439569,554523],[439535,554495],[439477,554539],[439452,554573],[439481,554602],[439362,554691],[439110,554828],[439098,554750],[439041,554734],[438986,554759],[438939,554631],[438880,554571],[438880,554394],[438863,554394],[438473,554400],[438280,554702],[438221,554746],[438116,554826],[438101,554871],[438183,554903],[438068,555102],[438039,555107],[437846,555292],[437913,555334],[437920,555336],[438169,555401],[438406,555560],[438288,555714],[438265,555745],[438418,555920],[438504,555886],[438578,556055],[438614,556047],[438608,556004],[438684,556012],[438693,556106],[438727,556100],[438762,556183],[438826,556189],[438824,556255],[438869,556282],[438805,556401],[438747,556392],[438834,556526],[438851,556509],[438936,556546],[438961,556518]]]}},{"type":"Feature","properties":{"zone_id":"E02001813"},"geometry":{"type":"Polygon","coordinates":[[[437603,555536],[437635,555434],[437690,555460],[437783,555312],[437878,555387],[437913,555334],[437846,555292],[438039,555107],[438068,555102],[438183,554903],[438101,554871],[438116,554826],[437824,554760],[437846,554729],[437828,554631],[437698,554569],[437596,554519],[437540,554490],[437328,554358],[437229,553934],[437218,553944],[437045,554251],[436989,554305],[436801,554135],[436624,553969],[436518,553846],[436440,553756],[436284,553768],[436123,553667],[435987,553870],[435864,554170],[435781,554354],[435855,554339],[436079,554568],[436135,554611],[436196,554757],[436290,554873],[436302,554975],[436469,555069],[436558,555107],[436728,555288],[436759,555379],[436824,555449],[436881,555490],[437042,555424],[437096,555436],[437159,555422],[437346,555468],[437603,555536]]]}},{"type":"Feature","properties":{"zone_id":"E02001814"},"geometry":{"type":"Polygon","coordinates":[[[441109,555781],[441139,555656],[441175,555650],[441121,555642],[441098,555562],[441156,555181],[441313,554634],[441542,554103],[441464,554010],[441448,553818],[441071,553824],[440745,553865],[440439,553905],[440370,553908],[440247,553920],[440085,553966],[439980,554016],[439857,554130],[439815,554175],[439773,554232],[439693,554206],[439623,554301],[439523,554276],[439151,554526],[439145,554572],[438939,554631],[438986,554759],[439041,554734],[439098,554750],[439110,554828],[439362,554691],[439481,554602],[439452,554573],[439477,554539],[439535,554495],[439569,554523],[439620,554461],[439670,554459],[439741,554360],[439762,554380],[439656,554518],[439827,554703],[439880,554712],[439888,554754],[439990,554814],[440010,554792],[440096,554881],[440252,554801],[440276,554829],[440330,554819],[440470,554954],[440462,554978],[440355,555134],[440234,555026],[440204,555062],[440143,555182],[440176,555216],[440286,555233],[440318,555255],[440302,555278],[440408,555317],[440449,555345],[440433,555378],[440445,555386],[440545,555240],[440617,555292],[440619,555294],[440753,555395],[440783,555414],[440761,555705],[440865,555697],[440925,555771],[441109,555781]]]}},{"type":"Feature","properties":{"zone_id":"E02001815"},"geometry":{"type":"MultiPolygon","coordinates":[[[[429516,553284],[428779,553552],[428530,553541],[428216,553527],[428206,553710],[428175,553754],[428305,553993],[428365,554231],[428406,554475],[428512,554533],[428487,554491],[428614,554465],[428822,554514],[428833,554548],[428883,554553],[428893,554524],[428984,554541],[428993,554598],[428956,554588],[428931,554628],[428957,554678],[428932,554716],[429052,554757],[429030,554942],[429066,554988],[429135,554995],[429182,554918],[429257,554881],[429452,554921],[429511,554963],[429578,555012],[429566,555061],[429671,555136],[429700,555117],[429777,555048],[429777,554916],[429946,554933],[429946,554992],[430007,555057],[429968,555147],[429976,555302],[430037,555331],[430074,555223],[430214,554858],[430324,554573],[430332,554575],[430768,554740],[431157,554892],[431418,555033],[431665,555235],[431612,555070],[431616,554921],[431719,554720],[431926,554584],[431968,554562],[431884,554348],[431754,554142],[431673,554136],[431467,554196],[431335,554151],[431199,554044],[431044,553903],[431008,553902],[431027,553884],[430953,553790],[430901,553579],[430791,553576],[430684,553615],[430535,553752],[430425,553683],[430318,553726],[430255,553697],[430205,553782],[430134,553815],[430072,553776],[430058,553649],[430017,553594],[429863,553429],[429778,553389],[429682,553507],[429516,553284]]],[[[431919,552956],[431782,553059],[431757,553042],[431436,553347],[431231,553479],[431113,553463],[431081,553546],[430949,553572],[431013,553813],[431257,554036],[431491,554147],[431727,554077],[431831,554178],[431857,554131],[431862,553890],[431932,553808],[432014,553777],[432060,553683],[432122,553661],[432171,553842],[432118,553551],[432407,553530],[432418,553429],[432293,553376],[432202,553384],[432101,553292],[432138,553249],[432131,553133],[432181,553126],[432137,553078],[432095,553144],[432069,552990],[432026,553003],[431919,552956]]]]}},{"type":"Feature","properties":{"zone_id":"E02001816"},"geometry":{"type":"Polygon","coordinates":[[[438473,554400],[438863,554394],[438880,554394],[438921,554263],[439114,554112],[439145,553988],[439115,553922],[438763,553792],[438597,553794],[438468,553860],[438588,553939],[438528,553976],[438344,554069],[438286,554073],[438230,554022],[438160,554028],[438114,553965],[438284,553828],[438203,553733],[438079,553837],[438056,553768],[438128,553704],[438048,553565],[438089,553584],[438150,553466],[438034,553442],[438026,553534],[437935,553562],[437896,553572],[437815,553606],[437836,553526],[437756,553532],[437730,553506],[437762,553415],[437720,553407],[437623,553386],[437666,553288],[437624,553195],[437480,553185],[437423,553074],[437259,552995],[436988,552995],[436841,552994],[436698,552949],[436674,552943],[436656,552979],[436532,552962],[436524,553005],[436545,553135],[436494,553192],[436490,553250],[436544,553274],[436517,553345],[436564,553394],[436549,553420],[436435,553385],[436409,553402],[436467,553462],[436401,553486],[436520,553608],[436525,553687],[436503,553687],[436322,553501],[436303,553524],[436228,553492],[436179,553578],[436141,553553],[436087,553625],[436123,553667],[436284,553768],[436440,553756],[436518,553846],[436624,553969],[436801,554135],[436989,554305],[437045,554251],[437218,553944],[437229,553934],[437328,554358],[437540,554490],[437596,554519],[437698,554569],[437828,554631],[437846,554729],[437824,554760],[438116,554826],[438221,554746],[438280,554702],[438473,554400]]]}},{"type":"Feature","properties":{"zone_id":"E02001817"},"geometry":{"type":"Polygon","coordinates":[[[438344,554069],[438528,553976],[438588,553939],[438468,553860],[438597,553794],[438763,553792],[439115,553922],[439080,553855],[439101,553742],[439154,553508],[439220,553498],[439262,553387],[439038,553318],[439041,553289],[438951,553270],[438925,553148],[438910,553094],[438779,552777],[438694,552612],[438647,552523],[438593,552445],[438483,552385],[438269,552347],[438263,552345],[438072,552351],[437840,552445],[437694,552457],[437641,552455],[437694,552639],[437735,552607],[437801,552610],[437826,552653],[437805,552694],[437886,552733],[437804,552752],[437739,552939],[437756,552964],[437693,553043],[437862,553107],[437852,553139],[437983,553123],[437948,553195],[438084,553203],[438135,553155],[438183,553168],[438095,553390],[438196,553420],[438161,553456],[438150,553466],[438089,553584],[438048,553565],[438128,553704],[438056,553768],[438079,553837],[438203,553733],[438284,553828],[438114,553965],[438160,554028],[438230,554022],[438286,554073],[438344,554069]]]}},{"type":"Feature","properties":{"zone_id":"E02001818"},"geometry":{"type":"Polygon","coordinates":[[[441448,553818],[441449,553615],[441547,553341],[441626,553124],[441798,552728],[441979,552421],[441992,552326],[441930,552136],[441986,551955],[441878,551932],[441859,551892],[441686,551950],[441620,551933],[441556,551908],[441453,551767],[441397,551756],[441379,551720],[441214,551684],[441172,551636],[441156,551662],[441125,551641],[440931,551678],[440841,551617],[440715,551631],[440691,551630],[440614,551608],[440460,551692],[440311,551704],[440107,551856],[440089,551836],[440022,551874],[440009,551927],[439931,551985],[439867,551954],[439719,552012],[439787,552123],[439689,552294],[439723,552347],[439683,552480],[439582,552466],[439553,552583],[439355,552569],[439442,552759],[439496,552781],[439503,552749],[439663,552810],[439884,552981],[439931,552949],[439890,553023],[439911,553107],[439865,553189],[440021,553174],[440050,553305],[440057,553364],[440099,553372],[440149,553491],[440192,553511],[440019,553643],[439973,553618],[439998,553557],[439889,553512],[439522,553705],[439453,553803],[439815,554175],[439857,554130],[439980,554016],[440085,553966],[440247,553920],[440370,553908],[440439,553905],[440745,553865],[441071,553824],[441448,553818]]]}},{"type":"Feature","properties":{"zone_id":"E02001819"},"geometry":{"type":"Polygon","coordinates":[[[435536,554480],[435633,554323],[435756,554380],[435781,554354],[435864,554170],[435987,553870],[436123,553667],[436087,553625],[436141,553553],[436179,553578],[436228,553492],[436303,553524],[436322,553501],[436503,553687],[436525,553687],[436520,553608],[436401,553486],[436467,553462],[436409,553402],[436435,553385],[436549,553420],[436564,553394],[436517,553345],[436544,553274],[436490,553250],[436494,553192],[436545,553135],[436524,553005],[436532,552962],[436656,552979],[436674,552943],[436698,552949],[436841,552994],[436988,552995],[437259,552995],[437423,553074],[437480,553185],[437624,553195],[437666,553288],[437623,553386],[437720,553407],[437762,553415],[437730,553506],[437756,553532],[437836,553526],[437815,553606],[437896,553572],[437935,553562],[438026,553534],[438034,553442],[438150,553466],[438161,553456],[438196,553420],[438095,553390],[438183,553168],[438135,553155],[438084,553203],[437948,553195],[437983,553123],[437852,553139],[437862,553107],[437693,553043],[437756,552964],[437739,552939],[437804,552752],[437886,552733],[437805,552694],[437826,552653],[437801,552610],[437735,552607],[437694,552639],[437641,552455],[437528,552474],[437384,552547],[437377,552551],[437263,552580],[437262,552526],[437206,552480],[437225,552414],[437257,552353],[437226,552271],[437173,552142],[437118,552095],[437107,551994],[437102,551484],[436784,551624],[436263,551858],[435904,552098],[435634,552371],[435601,552412],[435461,552628],[435339,552973],[435272,553515],[435220,553862],[435061,554369],[435169,554443],[435217,554387],[435281,554376],[435536,554480]]]}},{"type":"Feature","properties":{"zone_id":"E02001820"},"geometry":{"type":"Polygon","coordinates":[[[432600,553551],[432713,553527],[432776,553592],[432887,553450],[432929,553422],[432980,553389],[433086,553578],[433291,553840],[433364,553750],[433618,553553],[433695,553595],[433437,553148],[433437,552848],[433385,552807],[433419,552769],[433330,552707],[433307,552723],[433229,552636],[433191,552810],[433074,552833],[433013,552693],[432973,552706],[432965,552683],[432851,552711],[432841,552684],[432809,552692],[432795,552670],[432826,552636],[432833,552665],[432861,552659],[432864,552621],[432783,552606],[432784,552631],[432686,552642],[432666,552557],[432943,552551],[432863,552355],[432764,552361],[432685,552328],[432708,552258],[432595,552150],[432585,552081],[432553,551994],[432466,551934],[432385,551973],[432392,551927],[432308,551805],[432406,551794],[432491,551656],[432864,551712],[432883,551855],[433022,551719],[433271,551415],[433325,551409],[433385,551269],[432813,550890],[432537,550801],[432503,550764],[432430,550813],[432178,550743],[432147,550737],[432049,550722],[431966,550824],[431836,550794],[431806,550736],[431711,550734],[431617,551292],[431588,551457],[431535,551807],[431542,552265],[431653,552795],[431757,553042],[431782,553059],[431919,552956],[432026,553003],[432069,552990],[432095,553144],[432137,553078],[432181,553126],[432131,553133],[432138,553249],[432101,553292],[432202,553384],[432293,553376],[432418,553429],[432407,553530],[432118,553551],[432171,553842],[432176,553849],[432213,553850],[432475,553881],[432493,553777],[432492,553705],[432634,553662],[432600,553551]]]}},{"type":"Feature","properties":{"zone_id":"E02001821"},"geometry":{"type":"Polygon","coordinates":[[[439151,554526],[439523,554276],[439623,554301],[439693,554206],[439773,554232],[439815,554175],[439453,553803],[439522,553705],[439889,553512],[439998,553557],[439973,553618],[440019,553643],[440192,553511],[440149,553491],[440099,553372],[440057,553364],[440050,553305],[440021,553174],[439865,553189],[439911,553107],[439890,553023],[439931,552949],[439884,552981],[439663,552810],[439503,552749],[439496,552781],[439442,552759],[439355,552569],[439553,552583],[439582,552466],[439683,552480],[439723,552347],[439689,552294],[439787,552123],[439719,552012],[439867,551954],[439931,551985],[440009,551927],[440022,551874],[440089,551836],[440107,551856],[440311,551704],[440460,551692],[440614,551608],[439996,550739],[439803,550436],[439657,550545],[439558,550470],[439451,550366],[439106,550266],[439050,550326],[438854,550284],[438800,550348],[438657,550339],[438626,550365],[438322,550239],[438145,550263],[438038,550202],[437756,550163],[437606,550428],[437445,550617],[437283,550619],[437285,550760],[436830,551018],[436542,551137],[436512,551106],[436483,551166],[436407,551179],[436376,551226],[437076,551351],[437360,551371],[437102,551484],[437107,551994],[437118,552095],[437173,552142],[437226,552271],[437257,552353],[437225,552414],[437206,552480],[437262,552526],[437263,552580],[437377,552551],[437384,552547],[437528,552474],[437641,552455],[437694,552457],[437840,552445],[438072,552351],[438263,552345],[438269,552347],[438483,552385],[438593,552445],[438647,552523],[438694,552612],[438779,552777],[438910,553094],[438925,553148],[438951,553270],[439041,553289],[439038,553318],[439262,553387],[439220,553498],[439154,553508],[439101,553742],[439080,553855],[439115,553922],[439145,553988],[439114,554112],[438921,554263],[438880,554394],[438880,554571],[438939,554631],[439145,554572],[439151,554526]]]}},{"type":"Feature","properties":{"zone_id":"E02001822"},"geometry":{"type":"Polygon","coordinates":[[[435025,556185],[434999,555927],[434865,555426],[434843,555091],[434914,554714],[434982,554547],[435061,554369],[435220,553862],[435272,553515],[435339,552973],[435461,552628],[435601,552412],[435634,552371],[435904,552098],[436263,551858],[436784,551624],[437102,551484],[437360,551371],[437076,551351],[436376,551226],[436407,551179],[436483,551166],[436512,551106],[436263,550866],[436268,550513],[436169,550481],[436212,550390],[436157,550342],[436234,550178],[436279,549977],[436178,549742],[435250,549422],[435214,549435],[435142,549560],[435128,549582],[434964,549782],[435145,549980],[434966,550002],[434834,549962],[434808,550008],[434769,549965],[434742,549997],[434668,549989],[434607,550071],[434647,550170],[434510,550209],[434393,550297],[434327,550304],[434290,550149],[434389,550067],[434372,549981],[434301,549957],[434168,550035],[434051,550248],[433949,550402],[433855,550464],[433751,550568],[433722,550656],[433694,550822],[433716,551178],[433488,551037],[433474,551072],[433385,551269],[433325,551409],[433271,551415],[433022,551719],[432883,551855],[432864,551712],[432491,551656],[432406,551794],[432308,551805],[432392,551927],[432385,551973],[432466,551934],[432553,551994],[432585,552081],[432595,552150],[432708,552258],[432685,552328],[432764,552361],[432863,552355],[432943,552551],[432666,552557],[432686,552642],[432784,552631],[432783,552606],[432864,552621],[432861,552659],[432833,552665],[432826,552636],[432795,552670],[432809,552692],[432841,552684],[432851,552711],[432965,552683],[432973,552706],[433013,552693],[433074,552833],[433191,552810],[433229,552636],[433307,552723],[433330,552707],[433419,552769],[433385,552807],[433437,552848],[433437,553148],[433695,553595],[433618,553553],[433364,553750],[433291,553840],[433086,553578],[432980,553389],[432929,553422],[432887,553450],[432776,553592],[432713,553527],[432600,553551],[432634,553662],[432492,553705],[432493,553777],[432475,553881],[432213,553850],[432176,553849],[432171,553842],[432122,553661],[432060,553683],[432014,553777],[431932,553808],[431862,553890],[431857,554131],[431831,554178],[432124,554792],[432286,554857],[432415,554953],[432573,555220],[433006,555403],[433358,555712],[433644,556098],[433838,556521],[433908,556614],[434134,556666],[434262,556639],[434420,556385],[434478,556123],[434601,556063],[434732,556128],[434805,556265],[434818,556619],[434859,556708],[434933,556540],[435025,556185]]]}},{"type":"Feature","properties":{"zone_id":"E02001823"},"geometry":{"type":"Polygon","coordinates":[[[433474,551072],[433488,551037],[433716,551178],[433694,550822],[433722,550656],[433751,550568],[433855,550464],[433826,550386],[433834,550210],[433659,550108],[433541,550135],[433457,550102],[433445,550211],[433460,550217],[433393,550388],[433422,550430],[433370,550467],[433334,550466],[433344,550426],[433302,550420],[433251,550338],[433181,550335],[433180,550282],[433033,550146],[433052,550126],[433048,550055],[433138,549847],[433034,549855],[433133,549631],[433219,549542],[433256,549399],[432836,549206],[432861,549141],[432821,549120],[432703,549068],[432525,549044],[432260,549109],[432087,549207],[432000,549203],[431983,549297],[431973,549360],[431842,550076],[431817,550205],[431745,550434],[431711,550734],[431806,550736],[431836,550794],[431966,550824],[432049,550722],[432147,550737],[432178,550743],[432430,550813],[432503,550764],[432537,550801],[432813,550890],[433385,551269],[433474,551072]]]}},{"type":"Feature","properties":{"zone_id":"E02001824"},"geometry":{"type":"Polygon","coordinates":[[[433445,550211],[433457,550102],[433541,550135],[433659,550108],[433834,550210],[433826,550386],[433855,550464],[433949,550402],[434051,550248],[434168,550035],[434301,549957],[434372,549981],[434389,550067],[434290,550149],[434327,550304],[434393,550297],[434510,550209],[434647,550170],[434607,550071],[434668,549989],[434742,549997],[434769,549965],[434808,550008],[434834,549962],[434966,550002],[435145,549980],[434964,549782],[435128,549582],[435142,549560],[435214,549435],[435250,549422],[436178,549742],[436376,549359],[436150,549328],[435990,549153],[435774,549076],[435689,548958],[435600,548921],[435507,548935],[435494,548904],[435457,548986],[435365,549009],[435104,548981],[434930,548893],[434790,548781],[434531,548632],[434432,548630],[434316,548598],[434296,548538],[434173,548523],[434063,548680],[433984,548679],[433891,548765],[433790,548787],[433738,548845],[433732,548847],[433608,548880],[433542,549039],[433362,549179],[433288,549186],[433263,549317],[433292,549298],[433290,549339],[433256,549399],[433219,549542],[433133,549631],[433034,549855],[433138,549847],[433048,550055],[433052,550126],[433033,550146],[433180,550282],[433181,550335],[433251,550338],[433302,550420],[433344,550426],[433334,550466],[433370,550467],[433422,550430],[433393,550388],[433460,550217],[433445,550211]]]}},{"type":"Feature","properties":{"zone_id":"E02001825"},"geometry":{"type":"Polygon","coordinates":[[[437736,549780],[437559,549723],[437517,549733],[437401,549597],[437250,549560],[437247,549405],[437309,548914],[437582,548579],[437612,548445],[437563,548368],[437648,548222],[437639,548102],[437733,548053],[437804,547904],[437812,547765],[437631,547858],[437484,547881],[437468,548091],[437088,548209],[437069,548262],[436985,548263],[436743,548159],[436533,548131],[436243,548161],[435986,548037],[436121,547575],[436067,547472],[435971,547433],[435955,547304],[435910,547229],[436031,547227],[435909,547093],[436084,547111],[436126,546918],[435791,546859],[435802,547037],[435690,547032],[435693,547101],[435607,547075],[435613,547007],[435461,546981],[435489,546854],[435377,546787],[435433,546886],[435305,546869],[435142,546992],[435163,547040],[435147,547059],[434916,547004],[434492,546906],[434419,547137],[434465,547350],[434022,547388],[433868,547347],[433642,547420],[433342,547278],[433221,547090],[433177,547370],[433124,547438],[432975,547513],[432863,547379],[432843,547395],[432626,547743],[432421,547646],[432384,547647],[432367,547739],[431942,548601],[432005,548831],[432030,549035],[432000,549203],[432087,549207],[432260,549109],[432525,549044],[432703,549068],[432821,549120],[432861,549141],[432836,549206],[433256,549399],[433290,549339],[433292,549298],[433263,549317],[433288,549186],[433362,549179],[433542,549039],[433608,548880],[433732,548847],[433738,548845],[433790,548787],[433891,548765],[433984,548679],[434063,548680],[434173,548523],[434296,548538],[434316,548598],[434432,548630],[434531,548632],[434790,548781],[434930,548893],[435104,548981],[435365,549009],[435457,548986],[435494,548904],[435507,548935],[435600,548921],[435689,548958],[435774,549076],[435990,549153],[436150,549328],[436376,549359],[436178,549742],[436279,549977],[436234,550178],[436157,550342],[436212,550390],[436169,550481],[436268,550513],[436263,550866],[436512,551106],[436542,551137],[436830,551018],[437285,550760],[437283,550619],[437445,550617],[437606,550428],[437756,550163],[437865,549971],[437860,549834],[437746,549819],[437736,549780]]]}},{"type":"Feature","properties":{"zone_id":"E02001826"},"geometry":{"type":"Polygon","coordinates":[[[437088,548209],[437468,548091],[437484,547881],[437631,547858],[437812,547765],[437798,547636],[437727,547533],[437729,547328],[437635,547223],[437506,547196],[437422,546749],[437262,546645],[437273,546516],[437190,546085],[437171,545964],[437130,545768],[437226,545545],[437218,545519],[437157,545526],[436784,545277],[436726,545336],[436257,545217],[436054,545122],[436014,545216],[436081,545327],[436036,545349],[435924,545371],[435838,545430],[435567,545265],[435160,545152],[435130,545209],[435043,545203],[435068,545251],[434801,545335],[434297,545177],[434020,545135],[433664,545146],[433525,545111],[433394,545031],[433201,545100],[432839,545055],[432658,545137],[432606,545261],[432811,545612],[433198,546079],[433400,546210],[433376,546248],[433241,546300],[433175,546468],[433035,546545],[432595,546912],[432723,547116],[432741,547177],[432716,547203],[432843,547395],[432863,547379],[432975,547513],[433124,547438],[433177,547370],[433221,547090],[433342,547278],[433642,547420],[433868,547347],[434022,547388],[434465,547350],[434419,547137],[434492,546906],[434916,547004],[435147,547059],[435163,547040],[435142,546992],[435305,546869],[435433,546886],[435377,546787],[435489,546854],[435461,546981],[435613,547007],[435607,547075],[435693,547101],[435690,547032],[435802,547037],[435791,546859],[436126,546918],[436084,547111],[435909,547093],[436031,547227],[435910,547229],[435955,547304],[435971,547433],[436067,547472],[436121,547575],[435986,548037],[436243,548161],[436533,548131],[436743,548159],[436985,548263],[437069,548262],[437088,548209]]]}},{"type":"Feature","properties":{"zone_id":"E02006841"},"geometry":{"type":"Polygon","coordinates":[[[427011,563238],[426841,562928],[426698,562985],[426703,562906],[426691,562831],[426721,562830],[426734,562773],[426758,562676],[426839,562685],[426909,562458],[426922,562408],[427201,562293],[427175,562233],[427148,562061],[427156,561983],[427201,561968],[427177,561848],[427083,561868],[427100,562067],[426906,562090],[426796,562092],[426739,562099],[426724,562132],[426633,562151],[426642,562196],[426481,562222],[426453,562224],[426471,562318],[426417,562325],[426402,562380],[426310,562386],[426210,562379],[426213,562300],[426144,562293],[426095,562464],[426082,562463],[426075,562495],[425971,562492],[425967,562575],[425915,562630],[426029,562711],[425818,562797],[425786,562708],[425713,562646],[425646,562639],[425658,562597],[425681,562506],[425548,562439],[425526,562427],[425361,562344],[425326,562370],[425333,562418],[425237,562376],[425198,562393],[425299,562445],[425292,562477],[425322,562460],[425296,562560],[425266,562573],[425288,562618],[425269,562680],[425168,562628],[425148,562703],[425101,562716],[425090,562759],[425201,562885],[425246,562935],[425202,562983],[425110,563010],[425037,562970],[425018,562874],[424847,562697],[424764,562646],[424722,562675],[424761,562736],[424760,562809],[424711,562827],[424671,562795],[424651,562827],[424721,562915],[424759,563030],[424737,563138],[424792,563243],[424982,563421],[424998,563438],[425200,563607],[425415,563773],[425817,563940],[425981,563987],[426197,564001],[426364,563970],[426481,563910],[426813,563502],[426963,563361],[427052,563319],[427011,563238]]]}},{"type":"Feature","properties":{"zone_id":"E02006842"},"geometry":{"type":"Polygon","coordinates":[[[425967,562575],[425971,562492],[426075,562495],[426082,562463],[426091,562438],[425979,562365],[425993,562315],[426037,562225],[426074,562231],[426046,562190],[426044,562156],[426082,562152],[426060,562119],[426106,562075],[426190,562060],[426186,562004],[426228,562064],[426309,562081],[426304,562042],[426348,562011],[426352,561922],[426138,561932],[426190,561906],[426258,561787],[426236,561727],[426332,561670],[426315,561643],[426274,561663],[426202,561718],[426099,561737],[426051,561750],[426024,561721],[426034,561641],[426136,561654],[426199,561540],[426223,561555],[426253,561473],[426368,561503],[426429,561457],[426437,561400],[426400,561361],[426338,561390],[426274,561355],[426285,561389],[426242,561392],[426232,561434],[426089,561374],[425968,561269],[425921,561206],[425790,561068],[425769,561054],[425748,561041],[425764,561521],[425770,561585],[425773,561652],[425773,561694],[425775,561744],[425776,561780],[425780,561926],[425731,562248],[425730,562250],[425728,562262],[425603,562207],[425586,562199],[425421,562128],[425418,562135],[425358,562324],[425361,562344],[425526,562427],[425548,562439],[425681,562506],[425658,562597],[425646,562639],[425713,562646],[425786,562708],[425818,562797],[426029,562711],[425915,562630],[425967,562575]]]}},{"type":"Feature","properties":{"zone_id":"E02006893"},"geometry":{"type":"Polygon","coordinates":[[[418182,568541],[418363,568420],[418459,568422],[418529,568117],[418669,568195],[418734,568066],[418841,568051],[418936,567875],[419127,567912],[419114,567885],[419184,567828],[419271,567761],[419672,567458],[419783,567384],[420006,567310],[420078,567258],[420084,567256],[420331,567183],[420336,567136],[420576,567001],[420574,566907],[420543,566882],[420560,566847],[420537,566822],[420586,566772],[420535,566701],[420435,566560],[420312,566671],[420280,566699],[420208,566734],[420217,566762],[420145,566789],[420151,566821],[420090,566862],[420002,566867],[419482,566902],[419507,566762],[419512,566735],[419281,566757],[419204,566733],[419035,566841],[418776,566902],[418714,566694],[418699,566641],[418673,566579],[418454,566673],[418331,566712],[418224,566740],[418151,566759],[418148,566760],[418056,566785],[418025,566755],[417862,566758],[417752,566758],[417747,566847],[417679,566848],[417696,567003],[417746,567117],[417769,567087],[417842,566999],[417879,567020],[418035,566975],[418057,567045],[418105,567072],[418133,567140],[417970,567213],[417977,567237],[418026,567232],[418050,567322],[417974,567357],[417998,567398],[417934,567418],[417897,567392],[417854,567447],[417752,567455],[417602,567475],[417622,567531],[417602,567562],[417569,567542],[417502,567589],[417518,567696],[417588,567772],[417674,567789],[417788,567763],[417798,567838],[417757,567921],[417606,568139],[417824,568245],[417934,568364],[417934,568394],[418182,568541]]]}}]}