origin_id,E02001682,E02001683,E02001684,E02001685,E02001686,E02001688,E02001689,E02001690,E02001691,E02001692,E02001693,E02001694,E02001695,E02001696,E02001697,E02001698,E02001699,E02001700,E02001701,E02001702,E02001703,E02001704,E02001705,E02001706,E02001707,E02001708,E02001709,E02001710,E02001711,E02001712,E02001713,E02001714,E02001715,E02001718,E02001719,E02001720,E02001721,E02001722,E02001723,E02001724,E02001725,E02001726,E02001727,E02001728,E02001729,E02001730,E02001731,E02001732,E02001733,E02001734,E02001735,E02001736,E02001737,E02001738,E02001739,E02001740,E02001741,E02001742,E02001743,E02001744,E02001745,E02001746,E02001747,E02001748,E02001749,E02001750,E02001751,E02001752,E02001753,E02001754,E02001755,E02001756,E02001757,E02001758,E02001759,E02001760,E02001761,E02001762,E02001763,E02001764,E02001765,E02001766,E02001767,E02001768,E02001769,E02001770,E02001771,E02001772,E02001773,E02001774,E02001775,E02001776,E02001777,E02001778,E02001779,E02001780,E02001781,E02001782,E02001783,E02001784,E02001785,E02001786,E02001787,E02001788,E02001789,E02001790,E02001791,E02001792,E02001793,E02001794,E02001795,E02001796,E02001797,E02001798,E02001799,E02001800,E02001801,E02001802,E02001803,E02001804,E02001805,E02001806,E02001807,E02001808,E02001809,E02001810,E02001811,E02001812,E02001813,E02001814,E02001815,E02001816,E02001817,E02001818,E02001819,E02001820,E02001821,E02001822,E02001823,E02001824,E02001825,E02001826,E02006841,E02006842,E02006893
E02001682,131.72,87.17,16.01,28.59,185.68,217.1,15.93,251.97,6.15,1.4,2.42,14.36,2.76,2.1,17.88,27.08,1.42,15.69,6.06,1.97,9.3,1.49,16.12,12.85,8.42,41.52,10.27,13.94,42.63,10.59,52.5,28.08,21.22,10.75,4.79,6.29,119.88,21.67,9.09,16.43,12.58,27.76,5.28,69.98,24.74,53.01,434.4,32.75,33.2,35.96,2.43,130.29,9.37,0.15,2.38,0.16,6.05,0.23,1.07,0.77,8.51,0.83,0.22,4.35,1.16,2.23,2.49,7.31,1.01,0.4,9.06,20.29,0.58,1.43,3.37,2.63,1.26,0.49,0.91,1.83,2.27,4.94,5.83,1.66,3.26,0.39,0.1,0.51,0.27,4.64,0.23,3.99,3.13,1.58,2.53,0.09,0.32,2.65,0.26,0.53,0.15,0.2,1.12,1.6,0.37,1.71,0.37,0.33,0.44,0.28,1.56,0.64,11.97,2.4,4.24,3.77,0.82,0.3,2.15,0.42,0.16,0.46,7.02,0.18,6.4,2.51,0.38,0.25,0.29,0.29,2.04,0.21,0.12,0.11,1.85,0.68,0.06,0.67,0.47,0.64,1.04,0.16,57.65,5.5,15.62
E02001683,165.65,249.51,17.3,30.94,200.65,234.61,17.21,272.28,6.64,1.52,2.61,15.53,2.99,2.27,19.33,29.26,1.54,16.96,6.55,2.13,13.7,1.61,43.47,13.88,9.1,44.87,11.09,15.06,46.07,11.46,56.73,30.34,22.96,11.63,5.18,6.79,129.54,23.42,9.84,17.78,13.6,30.0,5.71,75.62,26.74,57.29,469.42,35.43,35.88,38.86,2.62,140.79,10.13,0.16,2.57,0.18,6.53,0.25,1.15,0.83,9.19,0.89,0.24,4.7,1.26,2.41,2.69,7.9,1.1,0.44,9.79,21.92,0.62,1.55,3.64,2.84,1.36,0.53,0.98,1.98,2.45,5.33,6.3,1.8,3.53,0.42,0.11,0.55,0.29,5.02,0.25,4.31,3.38,1.71,2.73,0.09,0.34,2.87,0.28,0.57,0.17,0.21,1.2,1.73,0.4,1.84,0.4,0.36,0.47,0.3,1.69,0.7,12.94,2.59,4.59,4.07,0.88,0.33,2.32,0.46,0.17,0.5,7.59,0.2,6.92,2.71,0.41,0.27,0.31,0.32,2.21,0.23,0.13,0.12,2.0,0.73,0.06,0.73,0.51,0.7,1.12,0.17,62.3,5.94,16.88
E02001684,2.94,1.67,135.36,2.03,12.03,129.28,22.77,39.75,9.63,4.73,16.67,7.1,23.47,17.83,52.42,5.5,12.03,9.0,12.61,7.05,1.11,4.73,0.5,22.73,24.61,13.29,11.03,7.34,10.6,11.89,41.1,40.81,9.55,3.89,6.97,9.14,6.89,4.06,3.9,23.88,18.29,9.36,7.68,9.31,17.75,77.05,428.03,5.98,48.26,12.15,3.53,65.96,13.67,0.35,2.03,0.47,3.72,0.67,3.13,1.55,9.53,2.42,0.66,8.82,1.69,6.54,3.61,21.08,3.94,1.58,13.17,29.49,1.86,2.98,13.53,10.56,1.83,0.72,2.79,8.4,5.63,7.17,8.47,14.34,28.12,3.36,0.87,4.37,2.26,40.77,1.93,35.0,27.45,13.65,21.46,0.73,2.7,23.3,2.19,4.52,1.32,1.68,9.47,13.59,3.11,14.49,3.11,2.84,3.73,2.38,13.28,5.48,101.72,20.39,33.54,24.18,6.61,2.57,18.24,3.42,1.27,3.89,46.17,1.49,33.43,10.22,3.06,2.01,2.33,2.5,9.67,1.41,0.72,0.91,10.04,3.37,0.37,3.35,1.76,2.89,4.59,0.62,162.71,13.22,3.56
E02001685,43.94,25.02,17.0,64.97,317.07,243.99,19.22,346.38,7.41,1.56,2.57,19.76,2.94,2.23,23.31,37.22,1.51,21.57,8.33,2.19,16.73,2.05,9.07,17.66,11.58,41.7,10.31,14.0,42.81,10.65,52.72,28.2,21.34,10.81,4.81,6.31,59.9,21.76,9.14,16.52,12.64,27.87,5.31,70.27,24.85,53.24,436.23,32.92,33.34,36.11,2.44,130.99,9.41,0.15,2.39,0.16,6.07,0.23,1.07,0.77,8.54,0.83,0.22,4.37,1.17,2.24,2.5,7.34,1.02,0.41,9.11,20.37,0.58,1.44,3.39,2.64,1.26,0.5,0.91,1.84,2.28,4.96,5.85,1.77,3.46,0.41,0.11,0.54,0.28,4.93,0.24,4.23,3.32,1.68,2.68,0.09,0.34,2.82,0.27,0.56,0.16,0.21,1.18,1.7,0.39,1.81,0.39,0.36,0.47,0.3,1.66,0.69,12.86,2.55,5.83,5.18,1.12,0.41,2.91,0.58,0.22,0.56,9.66,0.25,8.8,3.45,0.52,0.34,0.4,0.39,2.81,0.29,0.17,0.15,2.55,0.93,0.08,0.93,0.65,0.89,1.43,0.21,64.26,6.36,15.69
E02001686,44.49,25.3,15.71,49.44,333.88,213.06,15.63,260.82,6.03,1.37,2.37,14.88,2.71,2.06,17.55,28.03,1.4,16.24,6.27,1.93,15.23,1.54,9.17,13.3,8.72,40.75,10.07,13.68,41.83,10.39,51.46,27.55,20.83,10.55,4.7,6.17,60.59,21.27,8.93,16.13,12.35,27.24,5.19,68.6,24.28,52.03,425.81,32.14,32.58,35.29,2.38,127.86,9.19,0.15,2.33,0.16,5.93,0.22,1.05,0.75,8.34,0.81,0.21,4.27,1.14,2.19,2.44,7.18,0.99,0.4,8.89,19.91,0.57,1.4,3.31,2.58,1.23,0.49,0.89,1.8,2.22,4.84,5.71,1.63,3.2,0.38,0.1,0.5,0.26,4.56,0.22,3.91,3.06,1.55,2.48,0.08,0.31,2.6,0.25,0.52,0.15,0.19,1.09,1.57,0.36,1.67,0.36,0.33,0.43,0.27,1.53,0.63,11.75,2.35,4.4,3.9,0.84,0.31,2.19,0.44,0.16,0.45,7.28,0.19,6.63,2.6,0.39,0.26,0.3,0.3,2.11,0.22,0.13,0.12,1.92,0.7,0.06,0.7,0.49,0.67,1.08,0.16,56.58,5.39,15.33
E02001688,11.13,6.33,36.11,8.14,45.56,475.96,41.51,129.21,16.01,3.38,5.54,27.14,6.23,4.73,46.28,19.72,3.21,26.95,13.34,4.74,4.46,3.67,2.02,28.3,18.56,19.34,13.49,8.97,19.77,14.54,50.27,49.91,12.21,5.65,8.52,11.17,23.35,10.06,5.68,29.21,22.37,15.09,9.39,32.45,28.61,94.23,689.95,15.2,59.02,19.59,4.31,106.32,16.74,0.27,2.49,0.29,4.55,0.41,1.89,1.36,11.65,1.47,0.39,7.73,2.07,3.96,4.42,13.0,1.8,0.72,16.11,36.06,1.03,2.54,5.99,4.67,2.24,0.88,1.62,3.26,4.03,8.77,10.36,3.75,7.36,0.88,0.23,1.14,0.6,10.47,0.51,8.99,7.05,3.57,5.7,0.19,0.72,5.98,0.58,1.2,0.35,0.45,2.52,3.61,0.83,3.85,0.83,0.75,0.99,0.63,3.53,1.45,27.01,5.41,9.36,8.3,1.8,0.68,4.84,0.93,0.35,1.03,15.48,0.41,14.11,5.53,0.83,0.55,0.63,0.66,4.5,0.47,0.27,0.25,4.08,1.5,0.12,1.49,1.03,1.42,2.29,0.34,138.97,13.73,7.25
E02001689,5.22,2.97,40.66,4.1,21.37,265.44,51.33,80.17,21.92,4.59,6.87,14.32,7.02,5.33,63.3,12.24,4.23,20.19,17.91,6.44,2.25,5.03,1.02,25.27,16.57,17.85,13.7,9.12,14.24,14.77,51.01,50.7,11.87,5.22,8.65,11.35,11.9,6.05,5.25,29.67,22.72,13.94,9.54,16.54,26.43,95.72,636.7,8.91,59.95,18.1,4.38,98.23,16.99,0.27,2.52,0.29,4.62,0.41,1.92,1.38,11.84,1.49,0.39,7.85,2.1,4.02,4.49,13.2,1.83,0.73,16.36,36.63,1.04,2.58,6.09,4.75,2.27,0.89,1.64,3.31,4.09,8.91,10.51,4.23,8.29,0.99,0.26,1.29,0.68,11.79,0.58,10.12,7.94,4.02,6.42,0.22,0.81,6.74,0.66,1.35,0.39,0.5,2.83,4.07,0.93,4.33,0.93,0.85,1.12,0.71,3.97,1.64,30.41,6.1,10.03,7.89,1.98,0.77,5.45,1.02,0.38,1.16,13.94,0.45,12.71,4.99,0.91,0.6,0.7,0.75,4.05,0.42,0.24,0.27,3.68,1.35,0.11,1.34,0.93,1.28,2.06,0.31,171.85,18.77,4.78
E02001690,26.4,15.02,22.7,23.62,114.06,264.22,25.64,471.48,9.9,2.09,3.42,29.88,3.92,2.98,33.23,64.3,2.02,37.21,11.87,3.12,12.96,3.0,5.86,26.81,17.58,40.73,10.07,13.67,41.82,10.39,51.5,31.38,20.82,10.55,5.36,7.02,44.29,21.26,8.01,18.36,14.06,24.45,5.9,61.56,21.76,59.24,424.11,28.84,37.06,31.67,2.71,114.74,10.51,0.17,2.33,0.18,5.93,0.25,1.19,0.85,8.34,0.92,0.24,4.86,1.3,2.49,2.78,8.17,1.13,0.45,10.13,22.67,0.65,1.6,3.77,2.94,1.4,0.55,1.02,2.04,2.53,5.52,6.5,2.36,4.62,0.55,0.14,0.72,0.38,6.58,0.32,5.64,4.43,2.25,3.58,0.12,0.45,3.76,0.37,0.75,0.22,0.28,1.58,2.27,0.52,2.42,0.52,0.47,0.62,0.43,2.46,1.05,19.53,3.4,8.86,7.87,1.7,0.62,4.42,0.88,0.33,0.85,14.67,0.39,13.37,5.24,0.79,0.52,0.6,0.6,4.26,0.45,0.25,0.24,3.87,1.42,0.12,1.41,0.98,1.35,2.17,0.33,85.83,8.49,15.32
E02001691,6.01,3.42,51.28,4.71,24.58,305.2,65.35,92.29,34.13,7.42,11.07,16.46,8.88,7.21,109.02,14.75,6.84,24.31,30.84,10.56,2.59,8.65,1.17,43.51,28.53,20.55,15.75,10.49,16.37,16.98,58.71,58.29,13.65,6.01,9.95,13.05,13.68,6.95,6.04,34.15,26.12,16.03,10.97,19.04,30.42,110.06,732.93,10.26,68.93,20.81,5.04,112.94,19.55,0.31,2.9,0.34,5.32,0.47,2.21,1.59,13.61,1.72,0.45,9.04,2.41,4.62,5.17,15.18,2.11,0.84,18.83,42.12,1.2,2.97,7.0,5.47,2.61,1.03,1.89,3.8,4.7,10.25,12.1,5.35,10.48,1.25,0.33,1.63,0.85,14.87,0.73,12.75,10.0,5.09,8.12,0.28,1.02,8.49,0.83,1.71,0.5,0.63,3.58,5.14,1.18,5.48,1.18,1.08,1.41,0.9,5.03,2.07,46.58,7.71,14.58,12.95,2.79,1.02,7.25,1.45,0.54,1.47,24.0,0.63,21.9,8.59,1.29,0.85,0.99,0.98,6.97,0.73,0.42,0.39,6.33,2.32,0.19,2.31,1.6,2.2,3.55,0.53,243.4,30.26,5.5
E02001692,2.96,1.69,54.51,2.15,12.12,139.22,29.56,42.05,16.04,8.32,12.51,7.51,9.51,9.11,94.64,6.68,8.95,11.01,21.63,11.06,1.18,7.48,0.53,33.24,21.79,12.47,10.34,6.89,9.94,11.14,38.53,38.26,8.97,3.65,6.53,8.56,6.77,3.99,3.67,22.41,17.14,9.21,7.21,9.38,17.46,72.23,420.74,5.89,45.24,11.95,3.31,64.83,12.83,0.21,1.91,0.22,3.49,0.31,1.45,1.04,8.94,1.13,0.3,5.93,1.58,3.03,3.39,9.96,1.53,0.61,12.36,27.64,0.79,1.95,5.25,4.1,1.71,0.68,1.24,3.26,3.09,6.73,7.94,5.73,11.22,1.34,0.35,1.74,0.91,15.83,0.78,13.57,10.64,5.45,8.69,0.3,1.1,9.03,0.89,1.83,0.53,0.68,3.84,5.51,1.26,5.87,1.26,1.15,1.51,0.96,5.38,2.22,48.82,8.26,15.28,13.57,2.68,1.04,7.39,1.38,0.51,1.58,20.56,0.6,18.76,6.82,1.24,0.81,0.94,1.01,5.54,0.59,0.34,0.37,5.16,1.89,0.15,1.88,1.27,1.75,2.82,0.42,180.7,22.17,3.34
E02001693,2.23,1.27,83.66,1.54,9.1,99.6,19.31,30.08,10.44,5.44,17.98,5.37,14.58,12.99,60.28,4.36,10.14,7.19,14.48,8.03,0.84,5.43,0.38,24.15,15.83,10.07,8.35,5.56,8.02,9.01,31.11,30.89,7.24,2.95,5.28,6.92,5.22,3.08,2.96,18.1,13.84,7.09,5.82,7.05,13.45,58.32,324.35,4.53,36.52,9.21,2.67,49.98,10.36,0.21,1.54,0.28,2.82,0.4,1.86,0.92,7.22,1.44,0.39,5.25,1.28,3.88,2.74,12.53,2.34,0.94,9.98,22.34,1.1,1.77,8.05,6.28,1.38,0.55,1.66,5.0,3.35,5.44,6.41,8.78,17.2,2.06,0.53,2.67,1.4,24.26,1.2,20.8,16.32,8.36,13.33,0.45,1.68,13.85,1.36,2.8,0.82,1.04,5.88,8.44,1.93,9.0,1.93,1.77,2.32,1.48,8.25,3.4,63.16,12.66,20.83,15.02,4.11,1.6,11.33,2.12,0.79,2.42,28.67,0.93,20.76,6.35,1.9,1.25,1.44,1.55,6.01,0.87,0.45,0.57,6.23,2.09,0.23,2.08,1.09,1.79,2.85,0.39,154.98,14.48,2.7
E02001694,10.98,6.25,29.58,9.82,47.47,404.92,33.4,218.05,12.88,2.72,4.46,39.26,5.1,3.88,38.45,34.85,2.63,35.46,13.74,3.82,5.39,3.38,2.44,29.94,19.63,20.25,11.04,7.35,20.79,11.91,41.13,40.83,10.36,5.25,6.98,9.15,22.31,10.57,4.56,23.92,18.3,12.3,7.69,31.0,22.94,77.19,552.55,14.53,48.29,15.93,3.53,85.25,13.7,0.22,2.04,0.24,3.72,0.33,1.55,1.11,9.54,1.2,0.32,6.33,1.69,3.24,3.62,10.63,1.48,0.59,13.19,29.54,0.84,2.08,4.91,3.83,1.83,0.72,1.32,2.66,3.3,7.19,8.47,3.08,6.02,0.72,0.19,0.94,0.49,8.58,0.42,7.35,5.77,2.93,4.67,0.16,0.59,4.9,0.48,0.98,0.29,0.36,2.06,2.96,0.68,3.15,0.68,0.62,0.81,0.52,2.89,1.19,22.12,4.43,9.9,8.78,1.9,0.7,4.94,0.99,0.37,0.95,16.38,0.43,14.93,5.85,0.88,0.58,0.67,0.67,4.76,0.5,0.28,0.26,4.32,1.58,0.13,1.57,1.09,1.5,2.42,0.36,111.82,11.05,7.62
E02001695,2.5,1.42,115.81,1.73,10.24,110.09,19.39,33.85,8.23,4.07,14.33,6.04,34.19,23.48,45.12,4.69,11.05,7.66,10.98,10.76,0.95,6.45,0.43,34.68,37.54,11.32,9.39,6.25,9.03,10.12,35.0,34.75,8.14,3.31,5.93,7.78,5.87,3.46,3.33,20.34,15.57,7.97,6.54,7.93,15.13,65.61,364.5,5.1,41.1,10.35,3.0,56.17,11.66,0.45,1.73,0.6,3.17,0.85,3.96,1.96,8.11,3.07,0.84,11.18,1.44,8.28,3.08,26.7,4.99,2.0,11.22,25.11,2.35,3.77,17.14,13.38,1.95,0.61,3.54,10.65,7.14,8.24,7.21,23.38,45.84,5.48,1.42,7.12,3.74,39.55,3.19,32.92,25.82,22.28,35.49,1.21,4.47,25.72,3.62,7.47,2.18,2.78,15.66,22.51,5.14,23.96,5.15,4.7,6.17,3.93,21.97,9.06,155.17,33.71,51.17,36.89,10.94,4.26,30.17,5.66,2.1,6.44,70.43,2.46,51.01,15.6,5.06,3.32,3.85,4.13,14.76,2.32,1.2,1.51,16.6,5.14,0.62,5.11,2.69,4.41,7.01,0.95,139.05,11.3,3.03
E02001696,3.09,1.76,142.96,2.13,12.64,135.89,23.93,41.78,10.85,6.34,20.76,7.46,38.16,38.11,75.25,5.78,20.15,9.44,18.42,15.49,1.17,9.28,0.53,49.94,42.7,13.97,11.59,7.71,11.13,12.49,43.16,42.9,10.04,4.09,7.32,9.6,7.24,4.27,4.1,25.1,19.22,9.84,8.07,9.78,18.65,80.99,449.92,6.29,50.67,12.78,3.71,69.33,14.37,0.44,2.14,0.59,3.91,0.84,3.92,1.94,10.01,3.04,0.83,11.07,1.78,8.2,3.8,26.44,4.94,1.98,13.84,30.99,2.33,3.74,16.99,13.25,1.93,0.76,3.51,10.55,7.07,8.16,8.89,23.18,45.39,5.42,1.41,7.06,3.7,41.85,3.16,35.88,28.15,22.06,35.18,1.2,4.43,25.47,3.59,7.4,2.16,2.75,15.51,22.28,5.1,23.75,5.1,4.66,6.12,3.9,21.78,8.98,176.71,33.38,58.21,42.01,10.83,4.22,29.91,5.6,2.08,6.38,80.21,2.44,58.09,17.76,5.01,3.3,3.81,4.09,16.79,2.3,1.19,1.49,16.45,5.85,0.61,5.82,3.06,5.01,7.97,1.08,171.64,15.06,3.74
E02001697,3.97,2.26,63.47,3.37,16.27,200.62,42.91,70.43,24.78,9.95,14.54,11.17,11.07,11.36,209.19,11.26,11.79,18.57,52.32,18.7,1.85,15.89,0.86,73.81,48.4,16.72,13.88,9.23,13.32,14.96,51.66,51.35,12.02,4.89,8.76,11.5,9.09,5.36,4.91,30.05,23.01,12.35,9.66,12.59,23.41,96.95,564.7,7.89,60.65,16.03,4.44,87.02,17.2,0.28,2.56,0.3,4.68,0.42,1.95,1.4,11.99,1.51,0.4,7.95,2.13,4.07,4.55,13.37,1.85,0.74,16.57,37.1,1.06,2.61,6.17,4.81,2.3,0.91,1.66,3.8,4.14,9.03,10.64,6.66,13.06,1.56,0.41,2.03,1.06,18.4,0.91,15.8,12.39,6.35,10.12,0.34,1.28,10.52,1.03,2.13,0.62,0.79,4.46,6.41,1.47,6.83,1.47,1.34,1.76,1.18,6.82,2.93,82.45,9.61,25.84,22.95,4.73,1.74,12.29,2.45,0.91,2.36,40.71,1.07,37.15,14.57,2.2,1.44,1.67,1.66,11.82,1.24,0.71,0.65,10.74,3.93,0.32,3.91,2.72,3.73,6.03,0.9,235.45,30.08,4.48
E02001698,17.25,9.81,19.09,15.43,74.51,245.14,23.79,390.85,9.62,2.01,3.02,29.04,3.3,2.5,32.29,107.5,1.86,56.65,11.54,3.03,8.46,2.92,4.24,26.05,17.08,26.61,7.13,8.92,27.29,7.68,33.6,26.38,13.6,6.89,4.5,5.91,28.93,13.89,5.23,15.46,11.82,15.97,4.96,40.21,14.82,49.82,357.03,18.84,31.2,20.69,2.28,74.96,8.85,0.14,1.52,0.15,3.87,0.21,1.0,0.72,6.17,0.78,0.21,4.09,1.09,2.09,2.34,6.87,0.95,0.38,8.52,19.06,0.54,1.35,3.17,2.47,1.18,0.47,0.85,1.72,2.13,4.64,5.48,1.98,3.89,0.46,0.12,0.6,0.32,5.54,0.27,4.75,3.73,1.89,3.01,0.1,0.38,3.16,0.31,0.63,0.19,0.24,1.33,1.91,0.44,2.03,0.44,0.4,0.52,0.41,2.39,1.02,18.97,3.07,8.62,7.65,1.66,0.61,4.3,0.86,0.32,0.83,14.25,0.37,12.99,5.09,0.77,0.5,0.59,0.58,4.14,0.43,0.25,0.23,3.76,1.38,0.11,1.37,0.95,1.31,2.11,0.32,74.25,8.25,10.01
E02001699,2.6,1.48,119.61,1.8,10.63,114.37,23.55,35.12,12.78,7.73,20.09,6.27,22.27,24.98,96.81,5.32,26.32,8.77,26.49,18.83,0.98,11.28,0.45,60.62,45.23,11.76,9.75,6.49,9.37,10.5,36.32,36.06,8.45,3.44,6.16,8.08,6.09,3.59,3.45,21.13,16.16,8.28,6.79,8.23,15.7,68.09,378.69,5.29,42.64,10.75,3.12,58.35,12.1,0.3,1.8,0.4,3.29,0.57,2.66,1.32,8.43,2.06,0.56,7.5,1.49,5.56,3.2,17.94,3.35,1.34,11.65,26.09,1.58,2.53,11.51,8.99,1.62,0.64,2.38,7.15,4.79,6.35,7.48,13.56,26.59,3.18,0.82,4.13,2.17,34.68,1.85,29.78,23.36,12.9,20.58,0.7,2.59,19.82,2.1,4.33,1.27,1.61,9.08,13.13,3.0,13.98,3.0,2.74,3.6,2.3,12.81,5.28,131.64,19.67,41.26,36.6,6.89,2.53,17.89,3.57,1.33,3.75,56.72,1.56,50.6,17.48,3.2,2.1,2.43,2.41,14.65,1.6,0.91,0.95,13.91,5.1,0.42,5.07,2.77,4.37,6.95,0.94,156.22,17.66,3.15
E02001700,14.94,8.5,46.69,13.37,64.55,500.8,58.67,338.18,23.69,4.96,7.44,44.16,8.06,6.11,79.63,84.7,4.58,113.03,28.45,7.47,13.33,7.18,7.45,64.18,42.13,23.08,16.44,10.94,23.64,17.72,61.27,60.83,14.57,6.74,10.38,13.62,25.07,12.02,6.78,35.59,27.26,18.0,11.45,34.84,34.13,114.84,823.11,16.32,71.93,23.37,5.26,126.84,20.38,0.33,3.03,0.35,5.55,0.49,2.31,1.66,14.2,1.79,0.47,9.42,2.52,4.82,5.39,15.84,2.2,0.87,19.63,43.95,1.25,3.1,7.31,5.7,2.72,1.07,1.97,3.97,4.91,10.69,12.61,4.85,9.51,1.14,0.29,1.48,0.78,13.54,0.66,11.61,9.11,4.62,7.37,0.25,0.93,7.73,0.75,1.55,0.45,0.58,3.25,4.67,1.07,4.97,1.07,0.97,1.28,1.02,5.88,2.52,46.8,7.57,21.23,18.85,4.08,1.5,10.6,2.12,0.78,2.04,35.11,0.92,32.03,12.55,1.89,1.25,1.44,1.43,10.19,1.07,0.61,0.56,9.26,3.39,0.28,3.37,2.35,3.22,5.2,0.78,182.92,20.32,8.66
E02001701,3.7,2.1,41.96,3.31,15.98,159.0,33.41,69.17,19.27,6.25,9.6,10.97,7.41,7.65,143.81,11.06,8.87,18.24,54.2,14.2,1.81,14.08,0.85,70.8,46.48,13.02,10.79,7.19,10.37,11.63,40.22,39.93,9.36,3.8,6.82,8.94,7.51,4.16,3.83,23.39,17.89,9.6,7.52,10.45,18.23,75.39,439.13,6.15,47.22,12.47,3.45,67.67,13.39,0.22,1.99,0.23,3.64,0.32,1.52,1.09,9.33,1.18,0.31,6.19,1.65,3.17,3.54,10.4,1.44,0.57,12.9,28.85,0.82,2.04,4.8,3.74,1.79,0.7,1.29,2.61,3.22,7.02,8.29,4.85,9.5,1.14,0.29,1.48,0.77,12.17,0.66,10.44,8.19,4.62,7.36,0.25,0.93,6.95,0.75,1.55,0.45,0.58,3.25,4.69,1.07,5.0,1.07,0.98,1.29,1.14,6.54,2.81,62.69,8.42,23.64,20.99,4.54,1.66,11.8,2.35,0.87,2.27,39.09,1.03,35.63,13.97,2.11,1.39,1.6,1.59,11.35,1.19,0.68,0.63,10.31,3.78,0.31,3.76,2.61,3.59,5.78,0.87,183.31,23.39,3.49
E02001702,2.57,1.46,50.19,1.86,10.52,120.8,25.65,38.9,14.12,6.83,11.39,6.51,15.52,13.75,109.91,6.22,13.48,10.25,30.37,27.16,1.02,15.74,0.48,83.98,55.07,10.81,8.97,5.97,8.61,9.67,33.4,33.2,7.77,3.16,5.67,7.43,5.88,3.46,3.18,19.43,14.88,7.98,6.25,8.14,15.14,62.68,365.09,5.1,39.26,10.37,2.87,56.26,11.12,0.19,1.65,0.26,3.03,0.37,1.72,0.9,7.75,1.33,0.36,5.14,1.38,3.6,2.94,11.6,2.17,0.87,10.71,23.99,1.02,1.69,7.45,5.81,1.49,0.59,1.54,4.63,3.1,5.84,6.88,10.16,19.91,2.38,0.62,3.09,1.62,17.2,1.38,13.05,10.24,9.68,15.43,0.52,1.94,11.17,1.57,3.24,0.95,1.21,6.8,9.83,2.25,10.48,2.25,2.06,2.7,1.72,9.61,3.98,131.35,14.73,41.12,36.52,6.43,2.36,16.71,3.34,1.24,3.21,55.4,1.46,50.49,17.44,2.98,1.96,2.27,2.25,14.6,1.6,0.91,0.89,13.88,5.09,0.42,5.06,3.22,4.42,7.13,1.07,156.8,19.22,2.89
E02001703,18.0,13.94,11.74,21.07,122.97,168.33,13.26,239.24,5.12,1.08,1.77,13.63,2.03,1.54,16.08,25.68,1.04,27.07,5.75,1.51,41.46,1.42,29.54,12.19,7.99,27.76,6.86,9.32,28.5,7.08,35.1,16.85,14.19,7.19,2.88,3.77,30.19,14.49,5.46,9.86,7.55,16.66,3.17,42.0,14.85,31.82,260.44,19.66,19.93,21.59,1.46,78.2,5.63,0.09,1.59,0.1,4.04,0.14,0.64,0.46,5.68,0.5,0.13,2.64,0.71,1.34,1.51,4.39,0.61,0.24,5.5,12.31,0.35,0.86,2.02,1.58,0.75,0.3,0.55,1.1,1.36,2.96,3.5,1.22,2.39,0.29,0.07,0.37,0.19,3.4,0.17,2.92,2.29,1.16,1.85,0.06,0.23,1.95,0.19,0.39,0.11,0.14,0.82,1.17,0.27,1.25,0.27,0.25,0.32,0.21,1.15,0.48,8.88,1.76,4.03,3.58,0.78,0.28,2.01,0.4,0.15,0.39,6.67,0.18,6.08,2.38,0.36,0.24,0.27,0.27,1.94,0.2,0.12,0.11,1.76,0.64,0.05,0.64,0.45,0.61,0.99,0.15,44.38,4.38,10.45
E02001704,2.79,1.58,48.12,2.49,12.03,133.84,28.63,53.4,16.53,6.61,11.0,8.26,13.3,11.78,133.57,8.55,11.54,14.08,43.05,22.51,1.37,23.04,0.65,89.37,58.6,11.15,9.26,6.16,8.9,9.98,34.5,34.25,8.02,3.26,5.85,7.67,6.06,3.57,3.28,20.05,15.35,8.24,6.45,8.4,15.62,64.68,376.72,5.27,40.51,10.7,2.96,58.05,11.48,0.18,1.71,0.22,3.12,0.32,1.47,0.93,8.0,1.14,0.31,5.3,1.42,3.08,3.03,9.94,1.86,0.74,11.05,24.75,0.88,1.74,6.39,4.98,1.53,0.6,1.32,3.97,2.76,6.02,7.11,8.7,17.06,2.04,0.53,2.65,1.39,14.74,1.19,11.96,9.38,8.29,13.22,0.45,1.67,9.57,1.35,2.78,0.82,1.03,5.83,8.42,1.93,8.98,1.93,1.76,2.31,1.47,8.25,3.54,112.53,12.62,35.22,31.28,5.73,2.1,14.88,2.97,1.1,2.86,49.29,1.29,44.98,17.62,2.66,1.75,2.02,2.01,14.31,1.5,0.85,0.79,13.0,4.76,0.39,4.74,3.3,4.52,7.3,1.1,157.26,20.07,2.99
E02001705,55.31,78.53,9.43,20.25,131.35,135.28,10.66,192.05,4.11,0.87,1.42,10.95,1.63,1.24,13.3,22.85,0.84,26.87,4.75,1.25,52.4,1.2,387.66,10.73,7.03,22.31,5.52,7.49,22.91,5.69,28.21,13.55,11.4,5.78,2.31,3.03,43.0,11.65,4.39,7.93,6.07,13.39,2.55,33.72,11.94,25.57,209.31,15.8,16.02,17.35,1.17,62.85,4.52,0.07,1.28,0.08,3.25,0.11,0.51,0.37,4.57,0.4,0.11,2.12,0.57,1.07,1.21,3.53,0.49,0.19,4.42,9.89,0.28,0.69,1.63,1.27,0.61,0.24,0.44,0.88,1.09,2.38,2.81,0.98,1.92,0.23,0.06,0.3,0.16,2.74,0.13,2.35,1.84,0.93,1.49,0.05,0.19,1.56,0.15,0.31,0.09,0.12,0.66,0.94,0.22,1.01,0.22,0.2,0.26,0.17,0.98,0.42,7.81,1.41,3.55,3.15,0.68,0.25,1.77,0.35,0.13,0.34,5.87,0.15,5.35,2.1,0.32,0.21,0.24,0.24,1.7,0.18,0.1,0.09,1.55,0.57,0.05,0.56,0.42,0.58,0.94,0.14,35.67,3.52,8.39
E02001706,2.97,1.69,28.65,2.66,12.84,127.72,17.83,59.17,10.3,3.64,6.06,9.06,8.86,7.85,76.84,9.46,7.68,15.58,26.85,14.87,1.46,11.07,0.72,141.79,116.04,6.95,5.77,3.84,5.62,6.21,21.49,21.34,5.0,2.03,3.64,4.78,6.03,2.86,2.04,12.49,9.56,5.13,4.01,8.38,9.73,40.28,234.65,3.93,25.23,6.66,1.84,36.16,7.15,0.13,1.06,0.18,1.95,0.26,1.19,0.59,4.98,0.92,0.25,3.36,0.88,2.49,1.89,8.02,1.5,0.6,6.89,15.42,0.71,1.14,5.16,4.02,0.96,0.38,1.06,3.2,2.15,3.75,4.43,7.03,13.77,1.65,0.43,2.14,1.12,11.9,0.96,8.5,6.67,6.69,10.68,0.36,1.34,7.73,1.09,2.25,0.67,0.83,4.71,6.97,1.59,7.42,1.81,1.78,2.13,2.05,11.82,5.08,94.15,15.23,42.91,38.11,8.21,3.01,21.33,4.26,1.58,4.09,70.63,1.86,64.44,25.24,3.81,2.5,2.9,2.87,20.61,2.15,1.22,1.13,18.63,6.82,0.56,6.79,4.74,6.51,10.49,1.58,97.95,12.5,2.06
E02001707,2.84,1.61,45.18,2.54,12.26,121.99,17.03,56.52,9.84,3.47,5.79,8.65,13.97,9.78,73.4,9.03,8.35,14.9,25.64,14.21,1.39,10.58,0.69,169.03,295.32,6.64,5.51,3.66,5.38,5.94,20.53,20.38,4.77,1.94,3.48,4.56,5.76,2.73,1.95,11.93,9.13,4.9,3.83,8.01,9.29,38.48,224.13,3.75,24.1,6.36,1.76,34.54,6.84,0.21,1.01,0.28,1.86,0.4,1.88,0.93,4.76,1.46,0.4,5.31,0.84,3.93,1.8,12.68,2.37,0.95,6.58,14.73,1.12,1.79,8.15,6.35,0.93,0.36,1.68,5.06,3.39,3.92,4.23,11.12,21.77,2.6,0.68,3.39,1.78,18.81,1.51,13.43,10.54,10.58,16.87,0.57,2.13,12.21,1.72,3.55,1.07,1.32,7.44,11.01,2.52,11.73,2.79,2.74,3.29,3.17,18.27,7.84,145.32,23.51,69.69,61.89,12.68,4.65,32.92,6.57,2.44,6.33,109.15,2.87,99.47,39.01,5.88,3.87,4.7,4.44,47.42,4.07,2.32,1.93,35.29,12.93,1.06,12.86,8.17,11.21,18.08,2.71,93.56,11.94,1.97
E02001708,12.27,6.98,21.4,8.02,50.24,111.53,16.1,114.84,6.21,1.74,3.23,7.82,3.69,2.81,22.24,12.34,1.9,7.16,6.3,2.45,4.24,1.77,1.92,8.88,5.82,383.89,72.96,99.07,164.37,44.57,220.72,70.25,89.34,34.31,10.01,15.73,50.29,33.32,21.86,34.33,23.44,46.92,8.56,64.17,40.03,89.71,663.88,32.74,53.78,37.84,3.93,125.58,13.99,0.94,17.53,1.0,44.57,1.39,3.7,4.49,62.65,3.15,0.54,20.51,5.53,6.62,11.91,22.22,2.33,0.89,34.61,81.25,1.25,2.99,6.83,4.77,2.68,1.21,1.75,3.1,3.92,8.86,10.93,2.42,4.74,0.57,0.15,0.74,0.36,6.21,0.3,5.33,4.18,2.3,3.38,0.11,0.43,3.55,0.34,0.71,0.21,0.26,1.49,2.14,0.49,2.28,0.49,0.45,0.59,0.37,2.09,0.86,16.0,3.21,5.28,3.81,1.04,0.41,2.87,0.54,0.2,0.61,7.26,0.23,5.27,1.75,0.48,0.32,0.37,0.39,1.52,0.22,0.11,0.14,1.58,0.53,0.06,0.53,0.33,0.45,0.72,0.11,75.8,6.83,35.89
E02001709,4.82,2.74,28.24,3.15,19.75,123.65,19.64,45.14,7.57,2.3,4.26,6.78,4.87,3.7,29.35,5.26,2.51,8.11,8.3,3.23,1.67,2.33,0.75,11.71,7.68,116.0,149.79,70.51,53.33,81.77,295.1,128.88,64.19,15.99,15.49,27.32,19.77,13.1,11.39,45.31,34.9,23.29,11.29,25.23,33.35,118.39,636.95,13.51,70.88,19.72,5.19,93.61,18.44,1.26,23.55,1.35,59.88,1.87,5.43,6.03,84.16,4.23,0.8,30.46,9.78,9.84,21.06,33.01,3.46,1.32,63.49,160.42,1.87,4.57,10.15,7.54,4.92,2.22,2.68,4.92,6.5,14.7,18.13,3.99,7.82,0.94,0.24,1.22,0.55,9.07,0.42,7.02,5.51,3.8,4.93,0.16,0.59,4.68,0.47,0.94,0.27,0.36,1.96,2.82,0.65,3.01,0.65,0.59,0.77,0.49,2.76,1.14,21.12,4.23,6.96,5.02,1.37,0.53,3.78,0.71,0.26,0.81,9.59,0.31,6.94,2.31,0.63,0.42,0.48,0.52,2.01,0.29,0.15,0.19,2.08,0.7,0.08,0.7,0.43,0.6,0.96,0.14,99.91,9.01,14.11
E02001710,7.76,4.41,22.25,5.07,31.76,97.44,15.48,72.6,5.98,1.81,3.36,5.35,3.84,2.92,23.13,7.79,1.98,6.39,6.55,2.54,2.68,1.84,1.21,9.23,6.05,186.56,83.51,135.3,87.72,64.44,278.45,101.68,91.16,24.01,12.21,21.53,31.79,21.06,15.32,35.71,27.54,32.88,8.9,40.57,32.03,93.29,531.33,20.7,55.92,26.49,4.09,89.91,14.55,0.84,14.78,0.9,37.58,1.24,4.28,4.23,52.89,3.32,0.63,24.04,6.42,7.76,13.75,26.02,2.73,1.04,50.1,112.03,1.47,3.6,8.01,5.95,3.88,1.75,2.11,3.87,5.12,11.59,14.29,3.15,6.17,0.74,0.19,0.96,0.44,7.15,0.33,5.54,4.35,3.0,3.89,0.12,0.46,3.69,0.37,0.74,0.22,0.29,1.55,2.23,0.51,2.37,0.51,0.47,0.61,0.39,2.17,0.9,16.64,3.34,5.49,3.96,1.08,0.42,2.99,0.56,0.21,0.64,7.55,0.24,5.48,1.82,0.5,0.33,0.38,0.41,1.58,0.23,0.12,0.15,1.64,0.55,0.06,0.55,0.34,0.47,0.75,0.11,78.83,7.11,22.69
E02001711,12.91,7.34,17.49,8.43,52.86,116.79,13.16,120.82,5.07,1.42,2.64,8.23,3.02,2.29,18.16,12.97,1.55,7.51,5.14,2.0,4.46,1.44,2.02,7.36,4.83,168.45,34.37,47.73,250.0,35.45,175.78,55.95,71.06,31.53,8.18,12.72,57.01,44.59,18.38,28.03,19.14,45.49,6.99,68.73,32.68,73.24,542.02,34.41,43.91,35.4,3.21,115.56,11.42,0.46,8.14,0.49,20.7,0.68,2.35,2.33,29.13,1.83,0.37,13.22,3.53,4.27,7.56,14.31,1.73,0.69,27.56,61.71,0.99,2.44,5.36,3.9,2.15,0.96,1.43,2.54,3.2,7.24,8.92,1.97,3.87,0.46,0.12,0.6,0.29,5.07,0.25,4.35,3.41,1.88,2.76,0.09,0.35,2.9,0.28,0.58,0.17,0.22,1.22,1.75,0.4,1.86,0.4,0.37,0.48,0.31,1.71,0.7,13.08,2.62,4.31,3.11,0.85,0.33,2.34,0.44,0.16,0.5,5.94,0.19,4.3,1.44,0.39,0.26,0.3,0.32,1.24,0.18,0.09,0.12,1.29,0.43,0.05,0.43,0.27,0.37,0.6,0.09,61.89,5.58,61.09
E02001712,4.98,2.84,30.47,3.26,20.4,133.44,21.2,46.63,8.17,2.48,4.6,7.33,5.26,4.0,31.67,5.67,2.71,8.75,8.96,3.48,1.72,2.51,0.78,12.64,8.29,70.96,81.88,54.48,55.15,96.33,305.16,177.74,66.3,16.52,21.34,34.27,20.42,13.53,12.29,48.89,48.08,25.14,14.89,26.09,35.99,127.76,687.36,13.99,89.13,21.28,6.51,101.02,19.9,1.46,15.78,1.57,27.63,2.18,7.48,7.39,70.14,5.8,1.1,42.02,11.23,13.56,24.0,45.48,4.77,1.82,87.46,195.82,2.57,6.29,13.98,10.39,6.78,3.06,3.69,6.77,8.95,20.25,24.98,5.5,10.78,1.29,0.33,1.67,0.76,12.5,0.57,7.58,5.95,5.24,6.8,0.22,0.81,5.05,0.65,1.01,0.3,0.5,2.12,3.05,0.7,3.25,0.7,0.64,0.84,0.53,2.98,1.23,22.79,4.57,7.52,5.42,1.48,0.58,4.09,0.77,0.28,0.87,10.35,0.33,7.49,2.49,0.68,0.45,0.52,0.56,2.17,0.31,0.16,0.2,2.25,0.75,0.08,0.75,0.47,0.65,1.03,0.15,107.94,9.72,14.57
E02001713,7.17,4.08,30.62,4.69,29.39,134.08,21.27,67.17,8.21,2.49,4.62,7.35,5.29,4.01,31.78,7.21,2.72,8.79,9.0,3.5,2.48,2.53,1.12,12.7,8.33,102.1,85.85,68.4,79.34,88.66,383.13,139.74,95.51,23.77,16.8,29.63,29.41,19.49,15.53,49.07,37.85,32.55,12.24,37.53,45.4,128.21,753.05,20.08,76.86,26.84,5.62,127.58,20.0,1.15,12.42,1.23,28.97,1.71,5.89,5.81,55.21,4.56,0.86,33.03,8.84,10.67,18.89,35.75,3.76,1.43,68.85,154.14,2.03,4.95,11.01,8.18,5.33,2.41,2.9,5.32,7.04,15.94,19.66,4.33,8.48,1.01,0.26,1.32,0.6,9.83,0.45,7.61,5.97,4.12,5.34,0.17,0.63,5.07,0.51,1.02,0.3,0.39,2.13,3.06,0.7,3.26,0.7,0.64,0.84,0.54,2.99,1.23,22.9,4.58,7.55,5.44,1.49,0.58,4.1,0.77,0.29,0.88,10.39,0.34,7.53,2.5,0.69,0.45,0.52,0.56,2.18,0.32,0.16,0.2,2.26,0.76,0.08,0.75,0.47,0.65,1.04,0.16,108.33,9.77,20.99
E02001714,4.32,2.46,34.26,2.83,17.71,150.02,23.83,46.12,9.19,2.79,5.17,8.23,5.91,4.49,35.61,6.38,3.04,9.84,10.07,3.92,1.34,2.83,0.61,14.21,9.32,36.63,42.26,28.15,28.46,58.2,157.5,345.89,34.26,8.94,40.03,24.74,12.06,7.6,8.99,72.62,90.19,18.38,27.93,15.86,28.77,163.05,707.07,10.22,167.19,18.81,12.22,102.08,35.81,1.74,16.1,1.87,16.87,2.6,8.92,8.82,75.48,6.91,1.81,50.06,13.39,18.38,28.63,60.35,8.37,3.33,104.34,233.6,4.77,11.8,25.92,18.85,10.38,4.08,6.92,12.27,15.47,35.05,43.23,9.51,18.65,2.23,0.58,2.9,1.32,21.62,0.99,10.78,6.68,9.05,11.75,0.38,1.39,5.68,1.13,1.7,0.51,0.87,2.9,4.91,0.78,3.65,0.8,0.72,0.94,0.6,3.35,1.38,25.62,5.13,8.45,6.09,1.66,0.65,4.59,0.86,0.32,0.98,11.63,0.38,8.42,2.8,0.77,0.51,0.59,0.63,2.44,0.35,0.18,0.23,2.53,0.85,0.09,0.84,0.52,0.73,1.16,0.17,121.22,10.93,8.19
E02001715,10.36,5.9,25.41,6.78,42.41,116.25,17.67,96.94,6.82,2.07,3.84,6.61,4.39,3.33,26.41,10.42,2.26,7.46,7.48,2.9,3.58,2.1,1.62,10.54,6.91,147.53,66.67,79.94,114.51,68.77,340.96,108.52,156.1,34.34,13.03,24.3,42.45,28.12,21.91,40.77,29.39,47.03,10.16,54.23,41.77,106.52,692.78,29.01,63.86,37.88,4.67,125.87,16.59,0.89,9.65,0.96,22.5,1.33,4.57,4.51,42.82,3.54,0.67,25.65,6.85,8.28,14.67,27.77,2.91,1.11,53.46,119.56,1.57,3.85,8.55,6.35,4.14,1.87,2.25,4.13,5.47,12.36,15.25,3.36,6.58,0.79,0.2,1.02,0.46,7.63,0.36,6.33,4.96,3.2,4.15,0.14,0.51,4.21,0.41,0.84,0.25,0.31,1.77,2.54,0.58,2.71,0.58,0.53,0.7,0.44,2.48,1.02,19.0,3.81,6.27,4.52,1.24,0.48,3.41,0.64,0.24,0.73,8.63,0.28,6.25,2.08,0.57,0.38,0.43,0.47,1.81,0.26,0.14,0.17,1.88,0.63,0.07,0.63,0.39,0.54,0.86,0.13,90.01,8.12,30.3
E02001718,6.65,3.79,13.1,4.35,27.23,68.21,9.86,62.24,3.8,1.07,1.98,4.25,2.26,1.72,13.62,6.69,1.17,4.38,3.85,1.5,2.3,1.08,1.04,5.44,3.56,71.7,21.05,26.68,64.39,21.71,107.53,35.88,43.52,24.19,6.12,9.54,27.25,17.43,13.38,21.02,14.35,31.74,5.24,34.78,24.51,54.93,406.51,19.58,32.93,23.36,2.41,77.63,8.56,0.28,4.21,0.3,10.72,0.42,1.44,1.42,15.06,1.12,0.28,8.09,2.16,2.85,4.63,9.35,1.3,0.52,16.86,37.75,0.74,1.83,4.02,2.92,1.61,0.63,1.07,1.9,2.4,5.43,6.69,1.48,2.9,0.35,0.09,0.45,0.22,3.8,0.19,3.26,2.56,1.41,2.07,0.07,0.26,2.17,0.21,0.44,0.13,0.16,0.91,1.31,0.3,1.4,0.3,0.27,0.36,0.23,1.28,0.53,9.8,1.96,3.23,2.33,0.64,0.25,1.76,0.33,0.12,0.37,4.45,0.14,3.22,1.07,0.29,0.19,0.22,0.24,0.93,0.14,0.07,0.09,0.97,0.32,0.04,0.32,0.2,0.28,0.44,0.07,46.41,4.18,18.77
E02001719,4.24,2.41,33.57,2.77,17.36,146.99,23.35,45.19,9.0,2.73,5.07,8.07,5.79,4.4,34.89,6.25,2.99,9.64,9.87,3.84,1.31,2.77,0.6,13.92,9.13,29.97,29.15,19.4,23.88,40.11,108.66,229.76,23.61,8.76,39.31,24.27,11.82,7.45,8.81,71.16,89.42,18.01,27.72,15.54,28.18,159.94,692.77,10.01,165.76,18.43,12.11,100.02,35.51,1.28,11.44,1.39,11.99,1.98,9.26,6.47,53.64,7.19,1.9,36.78,9.52,19.36,20.37,63.57,8.82,3.51,74.15,166.01,5.02,12.44,27.34,19.85,10.93,4.3,7.29,12.93,16.32,36.91,45.53,10.02,19.65,2.35,0.61,3.05,1.39,22.77,1.05,11.36,6.55,9.55,12.37,0.4,1.47,5.56,1.19,1.79,0.54,0.91,3.06,5.18,0.81,3.76,0.84,0.74,0.97,0.62,3.45,1.42,25.11,5.1,8.28,5.97,1.64,0.64,4.71,0.85,0.31,1.01,11.4,0.37,8.25,2.74,0.76,0.5,0.58,0.65,2.39,0.35,0.18,0.23,2.49,0.83,0.09,0.83,0.51,0.71,1.14,0.17,118.91,10.72,8.03
E02001720,3.86,2.2,30.59,2.52,15.81,133.93,21.27,41.18,8.2,2.49,4.62,7.35,5.28,4.01,31.79,5.7,2.72,8.78,8.99,3.5,1.2,2.52,0.54,12.69,8.32,32.7,35.72,23.77,25.8,44.75,133.14,98.64,30.59,9.48,16.86,31.74,12.77,8.05,9.52,53.51,39.45,19.46,12.84,16.79,27.87,139.81,631.97,10.83,80.69,16.81,5.9,91.24,20.94,0.71,7.62,0.76,12.05,1.05,3.74,3.57,33.85,2.9,0.77,20.25,5.42,7.83,11.58,25.69,3.56,1.42,42.21,94.5,2.03,5.03,11.05,8.02,4.42,1.74,2.94,5.22,6.59,14.92,18.4,4.05,7.94,0.95,0.25,1.23,0.56,9.21,0.43,7.6,5.97,3.86,5.01,0.16,0.61,5.07,0.49,1.02,0.3,0.38,2.13,3.06,0.7,3.26,0.7,0.64,0.84,0.53,2.99,1.23,22.88,4.59,7.54,5.44,1.49,0.58,4.1,0.77,0.29,0.88,10.38,0.34,7.52,2.5,0.69,0.45,0.52,0.56,2.17,0.32,0.16,0.2,2.26,0.76,0.08,0.75,0.47,0.65,1.04,0.16,108.34,9.77,8.67
E02001721,60.64,34.49,19.0,19.72,127.9,230.47,18.37,213.81,7.08,1.62,2.87,14.76,3.28,2.49,20.7,22.98,1.69,13.31,6.22,2.28,7.89,1.64,6.34,13.19,8.65,86.1,21.29,28.9,95.25,21.96,108.86,39.61,44.01,22.3,6.76,10.52,337.08,60.94,16.3,23.18,15.82,49.75,6.47,165.12,38.06,64.96,549.56,47.81,40.68,49.14,2.97,160.59,11.49,0.29,4.93,0.31,12.54,0.42,1.5,1.44,17.62,1.16,0.31,8.19,2.19,3.14,4.68,10.32,1.43,0.57,17.07,38.17,0.82,2.02,4.43,3.22,1.77,0.7,1.18,2.24,2.78,6.05,7.38,1.98,3.87,0.46,0.12,0.6,0.32,5.51,0.27,4.72,3.71,1.88,3.0,0.1,0.38,3.15,0.31,0.63,0.18,0.23,1.32,1.9,0.43,2.02,0.43,0.4,0.52,0.33,1.86,0.77,14.21,2.85,4.69,3.88,0.92,0.36,2.55,0.48,0.18,0.54,7.22,0.21,6.58,2.58,0.43,0.28,0.33,0.35,2.1,0.22,0.13,0.13,1.9,0.7,0.06,0.69,0.48,0.66,1.07,0.16,67.29,6.35,52.29
E02001722,19.72,11.21,20.13,12.89,80.76,178.65,16.79,184.6,6.47,1.72,3.04,12.58,3.48,2.64,21.94,19.84,1.79,11.48,6.21,2.41,6.82,1.74,3.09,11.26,7.38,102.61,25.37,34.45,133.99,26.17,129.74,44.92,52.45,25.65,7.67,11.93,109.61,86.24,17.46,26.28,17.94,52.73,6.86,132.15,40.34,68.84,582.44,50.67,43.12,52.14,3.15,170.19,12.17,0.34,5.88,0.36,14.94,0.51,1.74,1.72,21.0,1.35,0.35,9.76,2.61,3.56,5.58,11.7,1.62,0.64,20.34,45.49,0.92,2.29,5.02,3.65,2.01,0.79,1.34,2.38,3.0,6.79,8.37,2.09,4.1,0.49,0.13,0.64,0.33,5.84,0.29,5.01,3.93,1.99,3.18,0.11,0.4,3.34,0.32,0.67,0.19,0.25,1.4,2.01,0.46,2.14,0.46,0.42,0.55,0.35,1.97,0.81,15.06,3.02,4.97,3.58,0.98,0.38,2.7,0.51,0.19,0.58,6.83,0.22,5.61,2.2,0.45,0.3,0.34,0.37,1.79,0.21,0.11,0.13,1.62,0.6,0.06,0.59,0.41,0.56,0.91,0.14,71.32,6.73,62.68
E02001723,7.35,4.19,17.21,4.81,30.11,89.69,12.96,61.8,5.0,1.4,2.6,4.82,2.97,2.26,17.88,6.64,1.53,5.76,5.07,1.97,2.28,1.42,1.03,7.14,4.69,59.81,19.6,22.26,49.08,21.13,91.84,47.18,36.3,17.5,8.05,12.53,26.05,15.52,18.13,27.61,18.85,42.22,6.88,34.29,32.19,72.14,533.85,22.49,43.24,35.7,3.16,118.64,11.25,0.32,3.52,0.35,8.94,0.48,1.79,1.64,15.57,1.39,0.37,9.31,2.49,3.74,5.33,12.29,1.71,0.68,19.41,43.46,0.97,2.4,5.28,3.84,2.11,0.83,1.41,2.5,3.15,7.14,8.79,1.94,3.81,0.46,0.12,0.59,0.29,5.0,0.24,4.28,3.36,1.85,2.72,0.09,0.34,2.85,0.28,0.57,0.17,0.21,1.2,1.72,0.39,1.83,0.39,0.36,0.47,0.3,1.68,0.69,12.88,2.58,4.24,3.06,0.84,0.33,2.31,0.43,0.16,0.49,5.85,0.19,4.24,1.41,0.39,0.25,0.29,0.32,1.22,0.18,0.09,0.12,1.27,0.43,0.05,0.42,0.26,0.37,0.58,0.09,60.95,5.5,16.71
E02001724,4.34,2.47,34.38,2.84,17.77,150.54,23.91,46.28,9.23,2.8,5.19,8.26,5.93,4.51,35.73,6.41,3.06,9.87,10.12,3.93,1.35,2.84,0.61,14.26,9.35,30.69,25.48,16.95,24.45,27.46,94.84,124.53,22.07,8.98,21.26,23.01,12.1,7.63,9.02,70.42,49.75,18.44,15.41,15.93,28.87,160.17,709.54,10.26,92.44,18.9,6.76,102.56,24.02,0.67,6.2,0.72,8.6,1.01,4.73,3.4,29.07,3.67,0.97,19.31,5.16,9.88,11.04,32.43,4.5,1.79,40.19,89.98,2.56,6.34,13.93,10.13,5.58,2.2,3.72,6.6,8.32,18.84,23.23,5.11,10.02,1.2,0.31,1.56,0.71,11.62,0.53,8.56,6.71,4.87,6.31,0.2,0.75,5.7,0.61,1.14,0.33,0.47,2.39,3.44,0.79,3.66,0.79,0.72,0.94,0.6,3.36,1.38,25.71,5.15,8.48,6.12,1.67,0.65,4.61,0.86,0.32,0.98,11.67,0.38,8.46,2.81,0.77,0.51,0.59,0.63,2.45,0.36,0.18,0.23,2.54,0.85,0.09,0.85,0.53,0.73,1.16,0.17,121.78,10.98,8.22
E02001725,5.21,2.96,41.29,3.41,21.34,180.78,28.72,55.58,11.07,3.36,6.23,9.91,7.13,5.41,42.91,7.69,3.67,11.86,12.14,4.72,1.62,3.41,0.73,17.13,11.23,32.86,30.77,20.5,26.18,42.34,114.7,242.52,24.95,9.61,41.89,26.6,12.96,8.17,9.66,78.01,126.03,19.74,43.16,17.03,32.51,206.75,784.22,10.99,258.39,22.27,18.88,120.84,55.35,1.31,12.08,1.41,12.67,2.01,9.38,6.62,56.69,7.28,1.93,37.6,10.06,19.63,21.5,64.37,8.93,3.55,78.36,175.44,5.09,12.6,29.9,23.34,11.07,4.36,8.06,15.2,20.09,43.76,51.66,12.35,24.22,2.89,0.75,3.76,1.71,28.07,1.29,14.0,8.05,11.76,15.26,0.49,1.81,6.84,1.47,2.21,0.67,1.13,3.77,6.37,1.0,4.63,1.04,0.91,1.19,0.76,4.25,1.75,30.88,6.29,10.18,7.34,2.02,0.79,5.81,1.04,0.39,1.25,14.02,0.46,10.15,3.38,0.93,0.61,0.71,0.8,2.93,0.43,0.22,0.28,3.07,1.02,0.11,1.02,0.63,0.88,1.4,0.21,146.07,13.17,8.8
E02001726,16.33,9.29,30.01,10.67,66.88,173.19,25.02,137.24,9.65,2.56,4.53,9.46,5.18,3.93,32.7,14.75,2.67,11.12,9.25,3.6,5.07,2.6,2.3,13.05,8.56,93.42,29.17,34.77,88.38,31.44,140.09,70.2,56.7,30.2,11.98,18.64,57.86,34.09,30.72,41.08,28.04,92.67,10.24,76.06,60.2,107.34,868.13,49.95,64.34,76.43,4.7,253.68,18.14,0.48,5.48,0.52,13.96,0.72,2.66,2.44,23.16,2.06,0.55,13.86,3.71,5.57,7.93,18.28,2.54,1.01,28.88,64.67,1.44,3.58,7.85,5.71,3.14,1.24,2.1,3.71,4.69,10.6,13.08,3.12,6.12,0.73,0.19,0.95,0.5,8.7,0.43,7.47,5.86,2.97,4.74,0.16,0.6,4.97,0.48,1.0,0.29,0.37,2.09,3.0,0.69,3.2,0.69,0.63,0.82,0.53,2.93,1.21,22.44,4.5,7.4,5.34,1.46,0.57,4.03,0.75,0.28,0.86,10.19,0.33,7.38,2.58,0.67,0.44,0.51,0.55,2.14,0.31,0.16,0.2,2.21,0.74,0.08,0.74,0.48,0.66,1.07,0.16,106.3,10.05,30.1
E02001727,3.65,2.08,28.92,2.39,14.95,126.62,20.11,38.93,7.76,2.36,4.37,6.95,4.99,3.79,30.05,5.38,2.57,8.3,8.51,3.31,1.13,2.39,0.51,12.0,7.87,20.01,16.61,11.05,15.96,21.87,61.9,125.27,14.39,5.86,21.66,14.44,8.84,5.21,5.88,40.29,72.0,12.02,52.83,11.64,22.8,144.98,549.28,7.69,184.01,15.6,17.1,84.64,61.18,1.2,6.24,1.4,6.55,2.0,9.34,6.06,29.28,7.24,1.92,34.46,5.75,19.52,11.91,64.03,11.25,4.51,46.83,90.62,5.31,12.54,38.69,30.17,10.99,4.03,10.43,21.83,26.0,55.5,64.43,17.8,34.87,4.17,1.08,5.42,2.46,40.45,1.86,20.18,10.41,16.94,21.99,0.71,2.61,7.24,2.11,3.18,0.96,1.62,5.43,9.19,1.43,6.68,1.5,1.31,1.72,1.1,6.12,2.53,21.63,9.06,7.13,5.15,2.91,1.13,8.37,1.5,0.56,1.79,9.82,0.66,7.11,2.37,1.35,0.88,1.02,1.15,2.06,0.62,0.32,0.4,4.42,0.72,0.16,0.74,0.44,0.92,1.44,0.19,102.43,9.24,5.36
E02001728,29.94,17.02,21.7,19.56,122.46,270.88,21.59,251.3,8.34,1.9,3.28,17.35,3.75,2.85,24.24,27.01,1.93,15.65,7.32,2.67,9.29,1.92,4.2,15.51,10.17,92.92,22.97,31.19,97.11,23.72,117.49,44.04,47.55,24.07,7.52,11.69,139.64,62.13,18.14,25.8,17.59,55.31,7.21,207.14,42.36,72.21,611.64,53.15,45.22,55.47,3.31,178.52,12.77,0.31,5.32,0.33,13.53,0.46,1.67,1.56,19.04,1.3,0.34,8.84,2.36,3.49,5.06,11.47,1.59,0.63,18.42,41.25,0.91,2.25,4.93,3.59,1.97,0.78,1.31,2.5,3.09,6.72,8.21,2.26,4.42,0.53,0.14,0.69,0.36,6.29,0.31,5.4,4.24,2.15,3.42,0.12,0.43,3.6,0.35,0.72,0.21,0.27,1.51,2.17,0.5,2.31,0.5,0.45,0.6,0.38,2.12,0.87,16.23,3.25,5.35,4.56,1.06,0.41,2.91,0.55,0.2,0.62,8.48,0.24,7.74,3.03,0.49,0.32,0.37,0.4,2.46,0.26,0.15,0.15,2.24,0.82,0.07,0.82,0.57,0.78,1.26,0.19,78.16,7.45,53.25
E02001729,7.82,4.45,30.56,5.11,32.01,176.35,25.48,65.62,9.84,2.61,4.61,9.48,5.28,4.01,33.3,7.35,2.72,11.32,9.43,3.66,2.43,2.64,1.1,13.29,8.72,42.8,22.43,18.19,34.1,24.17,104.95,59.0,27.05,12.52,10.07,14.33,23.77,14.01,12.58,34.52,24.8,32.33,10.43,31.28,69.83,104.49,965.02,20.54,65.44,37.73,4.79,227.55,18.48,0.37,4.01,0.4,7.57,0.55,2.24,1.88,17.79,1.73,0.46,10.66,2.85,4.68,6.09,15.37,2.13,0.85,22.21,49.67,1.21,3.0,6.65,5.19,2.64,1.04,1.79,3.61,4.47,9.73,11.48,3.18,6.23,0.74,0.19,0.97,0.51,8.87,0.43,7.61,5.97,3.03,4.82,0.16,0.61,5.06,0.49,1.01,0.3,0.38,2.13,3.06,0.7,3.26,0.7,0.64,0.84,0.53,2.99,1.23,22.88,4.58,7.54,5.44,1.49,0.58,4.1,0.77,0.28,0.87,10.39,0.33,7.52,2.62,0.69,0.45,0.52,0.56,2.17,0.32,0.16,0.2,2.26,0.76,0.08,0.75,0.49,0.67,1.08,0.16,108.24,10.23,11.46
E02001730,6.32,3.59,50.05,4.13,25.88,219.17,34.82,67.38,13.43,4.07,7.55,12.03,8.64,6.56,52.02,9.32,4.45,14.37,14.72,5.72,1.96,4.13,0.89,20.76,13.61,36.19,30.04,19.98,28.83,32.37,111.81,126.16,26.02,10.59,21.56,27.13,15.3,9.02,10.63,72.27,59.49,21.75,25.01,20.12,39.42,235.68,950.76,13.29,156.99,27.0,11.49,146.51,40.8,0.68,6.29,0.73,10.14,1.03,4.79,3.44,29.49,3.71,0.98,19.56,5.23,10.02,11.19,32.86,4.64,1.86,40.76,91.27,2.6,6.43,15.96,12.45,5.65,2.23,4.31,8.66,10.73,23.37,27.55,7.07,13.84,1.65,0.43,2.15,0.98,16.05,0.74,12.45,9.76,6.72,8.73,0.28,1.04,8.29,0.84,1.66,0.48,0.64,3.48,5.0,1.14,5.33,1.15,1.05,1.37,0.87,4.89,2.02,37.43,7.49,12.35,8.9,2.43,0.95,6.71,1.26,0.47,1.43,16.99,0.55,12.31,4.09,1.12,0.74,0.86,0.92,3.56,0.52,0.27,0.33,3.69,1.24,0.14,1.23,0.77,1.06,1.69,0.25,177.09,15.97,9.69
E02001731,6.47,3.68,34.73,4.23,26.45,200.43,28.93,60.25,11.17,2.96,5.24,10.76,5.99,4.55,37.85,8.34,3.09,12.87,10.71,4.16,2.0,3.0,0.91,15.11,9.9,33.45,20.18,14.22,26.65,21.75,82.03,68.33,21.14,9.79,11.66,15.32,16.17,9.53,9.83,39.99,28.19,21.97,11.84,21.28,45.47,118.75,1001.13,14.06,74.38,28.53,5.44,154.82,21.0,0.37,3.61,0.39,6.81,0.56,2.59,1.86,16.01,2.01,0.53,10.58,2.83,5.42,6.05,17.8,2.47,0.98,22.05,49.37,1.41,3.48,7.64,5.89,3.06,1.2,2.04,4.1,5.08,11.06,13.05,3.61,7.08,0.85,0.22,1.1,0.58,10.07,0.49,8.65,6.78,3.44,5.48,0.19,0.69,5.76,0.56,1.15,0.34,0.43,2.42,3.48,0.79,3.7,0.79,0.73,0.95,0.61,3.39,1.4,25.97,5.21,8.57,6.18,1.69,0.66,4.66,0.87,0.32,0.99,11.79,0.38,8.54,2.98,0.78,0.51,0.59,0.64,2.47,0.36,0.19,0.23,2.56,0.86,0.1,0.86,0.56,0.76,1.23,0.19,123.02,11.63,8.96
E02001732,10.95,6.24,10.91,7.17,44.87,99.24,9.1,92.07,3.51,0.93,1.65,6.36,1.89,1.43,11.89,9.89,0.97,5.73,3.37,1.31,3.4,0.94,1.54,5.68,3.73,37.07,9.62,12.43,38.02,9.95,49.15,22.19,19.89,10.59,3.79,5.9,31.62,18.63,9.31,13.0,8.87,28.4,3.72,41.56,21.75,37.3,315.97,31.21,23.36,36.02,1.71,103.7,6.6,0.15,2.12,0.16,5.4,0.23,0.84,0.77,7.59,0.65,0.17,4.39,1.17,1.76,2.51,5.78,0.8,0.32,9.14,20.44,0.46,1.13,2.49,1.85,0.99,0.39,0.66,1.29,1.59,3.47,4.14,1.13,2.22,0.27,0.07,0.35,0.18,3.17,0.15,2.72,2.13,1.08,1.72,0.06,0.22,1.81,0.18,0.36,0.11,0.13,0.76,1.09,0.25,1.16,0.25,0.23,0.3,0.19,1.07,0.44,8.17,1.64,2.69,1.94,0.53,0.21,1.46,0.27,0.1,0.31,3.71,0.12,2.83,1.11,0.25,0.16,0.19,0.2,0.9,0.11,0.06,0.07,0.82,0.3,0.03,0.3,0.21,0.29,0.46,0.07,38.64,3.65,13.43
E02001733,5.06,2.88,40.06,3.31,20.69,175.43,27.87,53.87,10.75,3.26,6.04,9.62,6.92,5.25,41.59,7.46,3.56,11.5,11.78,4.58,1.57,3.31,0.71,16.62,10.9,27.72,22.98,15.31,22.09,28.86,85.66,165.33,19.94,8.11,28.56,20.01,12.25,7.22,8.15,53.31,95.02,16.66,40.57,16.1,31.55,200.64,761.02,10.64,307.8,21.61,25.35,117.27,74.32,0.89,8.23,0.96,8.63,1.37,6.39,4.51,38.6,4.96,1.31,25.6,6.85,13.36,14.64,43.88,7.41,2.97,53.35,119.46,3.5,8.58,25.5,19.88,7.55,2.97,6.88,14.07,17.14,37.32,44.0,11.46,22.47,2.69,0.7,3.49,1.59,26.04,1.2,12.99,7.81,10.91,14.15,0.45,1.68,6.63,1.36,2.05,0.62,1.04,3.5,5.92,0.92,4.3,0.96,0.84,1.11,0.71,3.95,1.63,29.96,6.0,9.88,7.12,1.95,0.76,5.39,1.01,0.37,1.16,13.6,0.44,9.85,3.28,0.9,0.59,0.69,0.74,2.85,0.41,0.21,0.27,2.96,0.99,0.11,0.99,0.61,0.85,1.36,0.2,141.75,12.78,7.42
E02001734,11.5,6.54,21.18,7.51,47.09,122.23,17.66,96.63,6.81,1.81,3.2,6.66,3.66,2.78,23.08,10.38,1.88,7.85,6.53,2.54,3.57,1.83,1.62,9.21,6.04,40.95,13.42,15.22,37.38,14.46,62.8,39.04,24.82,12.08,6.66,8.75,31.06,18.32,14.12,22.88,17.19,41.54,7.22,41.46,38.19,72.42,612.71,34.43,45.36,57.92,3.31,201.32,12.81,0.22,2.4,0.24,6.11,0.33,1.48,1.12,10.65,1.15,0.3,6.38,1.7,3.1,3.65,10.17,1.41,0.56,13.29,29.72,0.8,1.99,4.61,3.59,1.75,0.69,1.24,2.5,3.1,6.74,7.96,2.2,4.32,0.52,0.13,0.67,0.35,6.14,0.3,5.27,4.14,2.1,3.34,0.11,0.42,3.51,0.34,0.7,0.21,0.26,1.48,2.12,0.48,2.26,0.48,0.44,0.58,0.37,2.07,0.85,15.84,3.18,5.22,3.77,1.03,0.4,2.84,0.53,0.2,0.61,7.19,0.23,5.21,1.82,0.48,0.31,0.36,0.39,1.51,0.22,0.11,0.14,1.56,0.52,0.06,0.52,0.34,0.47,0.75,0.11,75.02,7.09,13.21
E02001735,2.27,1.29,17.95,1.48,9.28,78.58,12.48,24.16,4.82,1.46,2.71,4.31,3.1,2.35,18.65,3.35,1.6,5.15,5.28,2.05,0.7,1.48,0.32,7.44,4.88,12.42,10.31,6.86,9.91,12.93,38.41,74.05,8.93,3.63,12.79,8.96,5.49,3.23,3.65,23.91,42.56,7.46,23.11,7.22,14.15,89.97,340.87,4.77,155.4,9.68,16.26,52.53,52.35,0.49,3.69,0.57,3.87,0.81,3.78,2.46,17.31,2.94,0.78,13.96,3.07,7.91,6.57,25.97,4.56,1.83,23.93,53.57,2.15,5.08,15.69,12.23,4.46,1.63,4.23,8.85,10.54,22.51,24.22,7.21,14.14,1.69,0.44,2.2,1.0,16.41,0.75,8.18,4.22,6.87,8.92,0.29,1.06,2.97,0.86,1.29,0.39,0.66,2.2,3.73,0.58,2.71,0.61,0.53,0.7,0.44,2.48,1.02,13.42,3.67,4.43,3.19,1.18,0.46,3.39,0.61,0.23,0.73,6.09,0.27,4.42,1.47,0.55,0.36,0.42,0.47,1.28,0.25,0.13,0.16,1.79,0.44,0.07,0.44,0.27,0.38,0.61,0.09,63.57,5.73,3.33
E02001736,11.46,6.52,31.62,7.5,46.93,182.49,26.37,96.31,10.17,2.7,4.77,9.81,5.46,4.15,34.46,10.35,2.81,11.71,9.75,3.79,3.56,2.74,1.61,13.75,9.02,37.38,17.53,14.21,33.57,18.89,82.11,58.29,22.69,11.04,9.95,13.07,27.92,16.45,12.91,34.15,25.66,37.93,10.78,36.7,63.35,108.12,914.75,27.27,67.72,55.38,4.95,293.88,19.12,0.31,3.13,0.34,5.91,0.47,2.21,1.59,13.92,1.72,0.45,9.04,2.41,4.62,5.17,15.18,2.11,0.84,18.81,42.12,1.2,2.97,6.88,5.36,2.61,1.03,1.85,3.74,4.62,10.07,11.88,3.29,6.45,0.77,0.2,1.0,0.52,9.17,0.45,7.87,6.17,3.13,4.99,0.17,0.63,5.24,0.51,1.05,0.31,0.39,2.2,3.16,0.72,3.37,0.72,0.66,0.87,0.55,3.09,1.27,23.65,4.74,7.8,5.62,1.54,0.6,4.24,0.79,0.29,0.9,10.73,0.35,7.77,2.71,0.71,0.47,0.54,0.58,2.25,0.33,0.17,0.21,2.33,0.78,0.09,0.78,0.51,0.7,1.12,0.17,112.01,10.59,11.86
E02001737,2.18,1.24,17.33,1.42,8.92,75.98,12.06,23.33,4.65,1.41,2.62,4.17,3.0,2.27,18.01,3.23,1.54,4.98,5.1,1.98,0.68,1.43,0.31,7.19,4.72,11.01,9.13,6.08,8.77,9.84,34.02,54.07,7.91,3.22,9.34,7.93,5.28,3.11,3.24,21.15,31.08,7.17,20.59,6.94,13.6,79.6,328.04,4.59,113.47,9.31,13.04,50.55,58.21,0.46,2.69,0.54,3.08,0.76,3.57,2.32,12.62,2.77,0.73,13.17,2.24,7.46,4.79,24.46,4.3,1.72,17.89,39.07,2.03,4.79,14.78,11.52,4.2,1.54,3.99,8.34,9.93,21.2,22.82,6.8,13.32,1.59,0.41,2.07,0.94,15.45,0.71,7.71,3.98,6.47,8.4,0.27,1.0,2.87,0.81,1.22,0.37,0.62,2.07,3.51,0.55,2.55,0.57,0.5,0.66,0.42,2.34,0.96,12.98,3.46,4.27,3.09,1.11,0.43,3.2,0.57,0.21,0.69,5.89,0.25,4.27,1.42,0.51,0.34,0.39,0.44,1.23,0.24,0.12,0.15,1.69,0.43,0.06,0.43,0.27,0.37,0.59,0.09,61.39,5.54,2.95
E02001738,0.52,0.3,6.63,0.34,2.14,18.13,2.88,5.57,1.11,0.34,0.79,0.99,1.7,1.04,4.3,0.77,0.57,1.19,1.22,0.51,0.16,0.34,0.07,2.0,2.17,10.93,9.24,5.19,5.24,10.72,29.02,39.02,6.31,1.57,4.99,3.96,1.94,1.29,1.38,8.78,10.9,2.83,5.99,2.48,4.05,19.7,85.34,1.57,20.2,2.39,1.8,12.34,6.8,33.79,11.01,31.37,7.6,22.88,114.75,36.46,39.27,70.07,14.89,95.12,8.72,89.37,10.28,157.91,46.5,12.1,36.85,44.39,10.18,8.43,73.0,35.1,4.35,1.62,4.93,27.6,9.67,11.35,13.24,9.33,18.29,2.19,0.57,2.84,1.29,21.23,0.98,10.58,5.45,8.89,11.54,0.37,1.37,3.8,1.11,1.67,0.5,0.85,2.85,4.82,0.75,3.5,0.78,0.69,0.9,0.57,3.21,1.33,9.33,4.75,3.08,2.14,1.53,0.59,4.39,0.79,0.29,0.94,4.24,0.34,2.96,0.9,0.71,0.46,0.54,0.6,0.85,0.32,0.17,0.21,2.32,0.36,0.09,0.39,0.18,0.48,0.75,0.1,14.65,1.32,1.39
E02001739,2.61,1.49,12.17,1.71,10.7,53.28,8.46,24.45,3.26,0.99,1.84,2.92,2.1,1.6,12.64,2.63,1.08,3.49,3.58,1.39,0.9,1.0,0.41,5.05,3.31,65.17,55.06,29.18,29.54,36.85,99.84,114.81,21.72,7.49,14.21,13.62,10.71,7.09,4.78,25.79,32.03,10.24,9.92,13.66,13.93,57.97,266.1,6.97,59.37,8.26,4.34,39.11,12.72,3.51,79.19,3.76,54.56,5.22,13.87,15.47,161.38,11.8,2.03,68.07,13.8,21.96,29.71,73.68,7.74,2.95,80.04,158.43,4.16,7.65,22.63,15.77,4.51,2.04,4.47,10.26,8.39,13.49,16.64,7.76,15.22,1.82,0.47,2.36,1.07,17.66,0.81,8.81,4.54,7.4,9.6,0.31,1.14,3.16,0.92,1.39,0.42,0.71,2.37,4.01,0.63,2.92,0.65,0.57,0.75,0.48,2.67,1.1,9.1,3.95,3.0,2.16,1.27,0.49,3.65,0.66,0.24,0.78,4.13,0.29,2.99,0.99,0.59,0.39,0.45,0.5,0.86,0.27,0.14,0.17,1.93,0.3,0.07,0.32,0.19,0.4,0.63,0.08,43.05,3.88,7.64
E02001740,0.55,0.31,8.64,0.36,2.24,18.97,3.01,5.83,1.16,0.35,1.02,1.04,2.22,1.35,4.5,0.81,0.74,1.24,1.27,0.67,0.17,0.4,0.08,2.61,2.83,11.45,9.67,5.43,5.5,11.22,30.41,40.89,6.61,1.65,5.31,4.15,2.03,1.35,1.45,9.19,11.49,2.96,6.85,2.6,4.24,20.65,89.43,1.65,21.3,2.51,2.06,12.91,7.78,30.67,11.53,40.65,7.95,26.26,162.67,38.21,41.15,92.85,21.08,99.55,9.12,116.33,10.76,205.55,65.92,15.75,38.61,46.46,13.25,10.98,95.02,45.74,5.67,1.7,6.43,35.96,12.59,14.79,13.88,12.16,23.84,2.85,0.74,3.7,1.68,27.63,1.27,13.78,7.11,11.57,15.02,0.48,1.78,4.94,1.44,2.17,0.65,1.11,3.71,6.28,0.98,4.57,1.02,0.9,1.18,0.75,4.19,1.73,12.16,6.19,4.01,2.79,1.99,0.77,5.72,1.03,0.38,1.23,5.52,0.45,3.85,1.18,0.92,0.6,0.7,0.79,1.11,0.42,0.22,0.27,3.02,0.47,0.11,0.51,0.24,0.63,0.98,0.13,15.35,1.38,1.45
E02001741,4.1,2.33,13.76,2.68,16.8,60.26,9.57,38.4,3.69,1.12,2.08,3.3,2.38,1.8,14.29,4.13,1.22,3.95,4.05,1.57,1.42,1.14,0.64,5.71,3.74,102.36,86.48,45.83,46.39,39.85,143.82,74.32,31.28,11.76,9.2,13.32,16.81,11.14,7.5,22.08,20.76,16.1,6.43,21.46,16.25,57.7,310.42,10.95,38.43,12.97,2.81,45.62,8.99,1.49,33.7,1.6,89.74,2.22,5.91,7.16,99.99,5.03,0.87,32.73,8.83,10.56,19.01,35.42,3.72,1.42,51.2,102.55,2.0,3.68,10.88,7.58,2.92,1.32,2.15,4.94,4.03,8.74,10.77,3.74,7.32,0.87,0.23,1.14,0.52,8.49,0.39,4.24,2.68,3.56,4.61,0.15,0.55,2.28,0.44,0.67,0.2,0.34,1.14,1.93,0.31,1.47,0.32,0.29,0.38,0.24,1.34,0.55,10.29,2.06,3.39,2.45,0.67,0.26,1.84,0.35,0.13,0.39,4.67,0.15,3.38,1.13,0.31,0.2,0.24,0.25,0.98,0.14,0.07,0.09,1.02,0.34,0.04,0.34,0.21,0.29,0.47,0.07,48.69,4.39,12.0
E02001742,0.66,0.37,10.54,0.43,2.7,22.86,3.63,7.02,1.4,0.43,1.25,1.25,2.71,1.65,5.42,0.97,0.9,1.5,1.54,0.82,0.2,0.49,0.09,3.18,3.45,13.61,11.5,6.46,6.53,13.35,36.17,48.63,7.86,1.96,6.48,4.93,2.42,1.6,1.72,11.07,14.01,3.52,8.35,3.09,5.04,24.85,107.75,1.96,25.96,2.98,2.51,15.56,9.48,19.15,13.71,22.48,9.46,36.05,110.58,45.44,48.94,95.44,15.04,118.39,10.85,141.83,12.8,250.6,50.27,19.21,45.92,55.25,16.15,13.39,115.85,55.76,6.91,2.02,7.84,43.84,15.35,18.04,16.5,14.83,29.07,3.47,0.9,4.52,2.05,33.68,1.55,16.81,8.67,14.11,18.31,0.59,2.17,6.03,1.76,2.65,0.8,1.35,4.52,7.65,1.19,5.57,1.25,1.09,1.43,0.91,5.1,2.11,14.83,7.54,4.88,3.4,2.42,0.94,6.97,1.25,0.46,1.5,6.73,0.55,4.7,1.43,1.12,0.74,0.85,0.96,1.36,0.52,0.27,0.33,3.68,0.57,0.14,0.62,0.29,0.77,1.2,0.16,18.47,1.67,1.73
E02001743,0.84,0.48,13.4,0.55,3.43,29.05,4.61,8.93,1.78,0.54,1.59,1.59,3.44,2.1,6.9,1.24,1.15,1.91,1.95,1.04,0.26,0.62,0.12,4.05,4.39,9.85,9.08,6.04,6.11,12.49,33.85,45.52,7.35,1.83,8.23,4.79,2.34,1.5,1.74,14.06,17.8,3.56,10.63,3.07,5.57,31.61,136.92,1.98,33.0,3.64,3.19,19.77,12.06,26.15,9.92,37.92,6.84,30.11,271.24,32.85,35.38,123.02,32.69,105.31,7.85,180.24,11.96,318.83,102.25,24.41,42.88,51.72,20.55,17.01,147.39,70.86,8.79,1.9,9.96,55.72,19.51,22.92,20.82,18.84,36.94,4.41,1.15,5.74,2.61,42.81,1.97,21.36,11.01,17.95,23.27,0.75,2.76,7.67,2.24,3.37,1.02,1.72,5.75,9.73,1.52,7.08,1.58,1.39,1.82,1.16,6.49,2.68,18.84,9.6,6.21,4.32,3.08,1.2,8.86,1.59,0.59,1.9,8.55,0.69,5.97,1.83,1.42,0.94,1.09,1.22,1.73,0.65,0.34,0.42,4.67,0.73,0.17,0.78,0.37,0.98,1.52,0.21,23.5,2.12,1.62
E02001744,1.0,0.57,11.02,0.65,4.09,34.7,5.51,10.66,2.13,0.65,1.3,1.9,2.83,1.72,8.23,1.48,0.94,2.27,2.33,0.9,0.31,0.65,0.14,3.33,3.61,19.84,16.76,9.93,10.04,20.53,55.55,74.78,12.08,3.01,9.56,7.59,3.72,2.47,2.65,16.8,20.86,5.41,11.46,4.75,7.75,37.71,163.35,3.01,38.67,4.58,3.44,23.61,13.01,13.81,18.4,14.8,13.79,20.56,54.58,67.43,71.35,46.5,8.01,182.06,15.82,80.32,19.68,223.96,28.47,10.88,70.53,84.96,12.65,15.25,68.79,43.02,7.88,3.11,8.93,28.49,16.72,20.58,25.38,15.49,30.38,3.63,0.94,4.72,2.14,35.2,1.62,17.56,9.06,14.74,19.13,0.61,2.27,6.3,1.84,2.77,0.83,1.41,4.73,8.0,1.25,5.82,1.3,1.14,1.5,0.95,5.33,2.2,15.5,7.88,5.1,3.55,2.53,0.99,7.28,1.31,0.49,1.56,7.03,0.57,4.91,1.5,1.17,0.77,0.89,1.0,1.42,0.54,0.28,0.35,3.84,0.6,0.14,0.64,0.3,0.8,1.25,0.17,28.04,2.53,2.66
E02001745,2.17,1.23,13.22,1.42,8.86,57.88,9.2,20.25,3.55,1.08,2.0,3.18,2.28,1.73,13.74,2.46,1.18,3.8,3.89,1.51,0.75,1.09,0.34,5.48,3.6,53.98,45.61,24.2,24.49,37.96,102.84,124.74,22.35,6.2,15.44,14.03,8.87,5.87,4.9,28.02,34.84,10.02,10.79,11.33,14.34,62.99,273.79,5.77,64.51,8.48,4.72,40.28,13.82,2.9,37.4,3.11,37.52,4.32,11.46,13.91,290.14,9.76,1.68,63.55,20.26,20.51,43.62,68.78,7.22,2.76,117.51,172.13,3.89,7.14,21.13,14.72,5.26,2.37,4.18,9.57,7.83,15.72,19.39,7.25,14.21,1.7,0.44,2.21,1.0,16.47,0.76,8.21,4.24,6.9,8.95,0.29,1.06,2.95,0.86,1.29,0.39,0.66,2.21,3.74,0.58,2.72,0.61,0.53,0.7,0.45,2.5,1.03,9.89,3.69,3.26,2.35,1.18,0.46,3.41,0.61,0.23,0.73,4.49,0.27,3.25,1.08,0.55,0.36,0.42,0.47,0.94,0.25,0.13,0.16,1.8,0.33,0.07,0.33,0.2,0.38,0.59,0.08,46.83,4.22,6.33
E02001746,0.94,0.53,14.99,0.61,3.84,32.54,5.16,9.99,1.99,0.6,1.78,1.78,3.85,2.35,7.71,1.38,1.28,2.13,2.18,1.16,0.29,0.7,0.13,4.53,4.92,12.1,10.22,6.77,6.84,13.99,37.87,50.92,8.24,2.05,9.22,5.37,2.61,1.68,1.95,15.75,19.94,3.98,11.89,3.44,6.23,35.36,153.18,2.22,36.91,4.08,3.57,22.14,13.49,23.06,12.19,31.25,8.41,37.52,177.61,40.4,43.51,145.85,26.03,117.81,9.65,201.87,13.38,356.68,81.41,27.34,48.03,57.93,22.99,19.05,164.89,79.37,9.83,2.13,11.15,62.4,21.85,25.64,23.32,21.1,41.37,4.94,1.28,6.43,2.92,47.94,2.21,23.92,12.33,20.08,26.06,0.84,3.09,8.58,2.5,3.77,1.14,1.92,6.44,10.89,1.7,7.92,1.77,1.55,2.04,1.3,7.27,3.0,21.1,10.74,6.95,4.84,3.45,1.34,9.92,1.78,0.66,2.13,9.57,0.78,6.68,2.04,1.59,1.05,1.21,1.36,1.93,0.73,0.38,0.47,5.24,0.81,0.19,0.88,0.41,1.09,1.7,0.23,26.29,2.37,1.81
E02001747,0.72,0.41,11.88,0.47,2.96,25.12,3.99,7.71,1.54,0.47,1.41,1.38,3.05,1.86,5.96,1.07,1.02,1.65,1.69,0.92,0.22,0.55,0.1,3.59,3.9,6.08,5.6,3.73,4.08,7.71,20.88,38.8,4.54,1.5,7.12,4.14,2.02,1.27,1.51,12.16,15.39,3.08,9.18,2.66,4.82,27.3,118.4,1.71,28.53,3.15,2.75,17.09,10.42,14.28,6.12,20.68,4.22,17.24,137.61,20.29,21.85,75.89,24.47,64.97,4.84,121.37,7.38,225.13,92.93,21.87,26.48,31.94,17.75,14.71,130.66,62.89,7.59,1.65,8.61,49.45,17.32,19.82,18.0,16.72,32.78,3.92,1.02,5.09,2.31,37.99,1.75,18.95,9.77,15.91,20.65,0.66,2.45,6.8,1.98,2.99,0.9,1.52,5.1,8.63,1.35,6.28,1.4,1.23,1.62,1.03,5.76,2.37,16.72,8.51,5.51,3.83,2.73,1.06,7.86,1.41,0.52,1.69,7.59,0.62,5.3,1.62,1.26,0.83,0.96,1.08,1.53,0.58,0.3,0.38,4.15,0.64,0.15,0.7,0.33,0.87,1.35,0.18,20.3,1.83,1.37
E02001748,1.4,0.8,15.51,0.92,5.75,48.68,7.73,14.97,2.99,0.91,1.84,2.67,3.99,2.43,11.55,2.07,1.33,3.19,3.27,1.27,0.44,0.92,0.2,4.69,5.09,22.4,20.93,13.94,14.1,28.83,78.02,104.91,16.97,4.22,13.43,10.64,5.23,3.46,3.72,23.59,29.3,7.6,16.1,6.67,10.89,52.97,229.44,4.23,54.25,6.44,4.83,33.16,18.27,8.9,20.0,9.53,15.57,13.24,43.25,45.0,80.58,33.51,6.34,202.72,17.34,78.41,27.57,262.72,27.59,10.54,98.95,119.34,14.85,21.5,80.79,50.47,11.1,4.36,12.59,33.42,23.57,28.97,35.6,21.84,42.82,5.12,1.33,6.65,3.02,49.62,2.28,24.76,12.76,20.78,26.97,0.87,3.2,8.88,2.59,3.9,1.18,1.99,6.66,11.27,1.76,8.2,1.83,1.61,2.11,1.35,7.52,3.1,21.84,11.11,7.19,5.01,3.57,1.39,10.27,1.84,0.68,2.2,9.91,0.8,6.92,2.11,1.65,1.09,1.26,1.41,2.0,0.76,0.39,0.49,5.42,0.84,0.2,0.91,0.43,1.13,1.76,0.24,39.38,3.55,3.73
E02001749,1.72,0.98,13.62,1.12,7.04,59.64,9.47,18.34,3.65,1.11,2.06,3.27,2.35,1.79,14.16,2.54,1.21,3.91,4.0,1.56,0.54,1.12,0.24,5.65,3.7,27.68,30.78,17.06,17.25,35.28,95.59,128.53,20.77,5.17,15.91,13.04,6.4,4.24,4.56,28.87,35.9,9.32,12.29,8.17,13.33,64.9,281.11,5.18,66.47,7.88,4.86,40.58,14.24,3.74,18.57,4.0,19.24,5.56,14.77,17.91,117.65,12.57,2.16,79.44,33.06,25.63,46.68,85.98,9.02,3.45,167.33,154.22,4.86,9.19,26.47,18.93,7.38,3.33,5.37,12.31,10.07,22.07,27.22,9.32,18.27,2.18,0.57,2.84,1.29,21.2,0.97,10.58,5.45,8.88,11.52,0.37,1.37,3.79,1.11,1.67,0.5,0.85,2.85,4.82,0.75,3.5,0.78,0.69,0.9,0.57,3.21,1.32,10.19,4.75,3.36,2.42,1.52,0.59,4.39,0.79,0.29,0.94,4.62,0.34,3.35,1.11,0.7,0.46,0.54,0.6,0.97,0.32,0.17,0.21,2.32,0.36,0.09,0.39,0.21,0.48,0.75,0.1,48.25,4.35,4.56
E02001750,0.84,0.48,13.46,0.55,3.45,29.2,4.64,8.98,1.79,0.54,1.59,1.6,3.46,2.11,6.93,1.24,1.15,1.91,1.96,1.04,0.26,0.62,0.12,4.07,4.41,8.47,7.92,5.27,5.33,10.89,29.51,45.1,6.41,1.74,8.28,4.82,2.35,1.48,1.75,14.13,17.91,3.58,10.68,3.09,5.6,31.77,137.61,1.99,33.16,3.66,3.2,19.87,12.12,9.8,7.56,13.04,5.88,18.57,86.67,23.25,30.44,67.24,13.87,91.81,6.55,185.49,10.43,284.29,64.28,24.53,37.38,45.09,20.65,17.1,148.13,71.22,8.83,1.91,10.01,56.0,19.61,23.04,20.93,18.94,37.12,4.44,1.15,5.77,2.62,43.02,1.98,21.46,11.07,18.04,23.41,0.75,2.78,7.71,2.25,3.38,1.02,1.72,5.78,9.78,1.53,7.11,1.59,1.4,1.83,1.17,6.52,2.69,18.94,9.65,6.25,4.34,3.1,1.21,8.9,1.6,0.59,1.91,8.6,0.7,6.0,1.83,1.43,0.94,1.09,1.23,1.73,0.66,0.34,0.43,4.7,0.73,0.18,0.79,0.37,0.98,1.53,0.21,23.62,2.13,1.59
E02001751,0.25,0.14,8.89,0.22,1.07,10.65,1.5,4.93,0.87,0.33,1.1,0.76,2.98,1.82,6.47,0.79,1.02,1.3,2.26,1.42,0.12,0.93,0.06,10.78,14.02,0.87,0.72,0.48,0.69,0.78,2.68,2.66,0.62,0.25,0.46,0.6,0.5,0.27,0.26,1.56,1.2,0.61,1.04,0.7,1.16,5.03,27.98,0.39,3.15,0.79,0.31,4.31,1.18,0.11,0.28,0.15,0.24,0.21,0.97,0.48,1.15,0.75,0.2,2.73,0.25,2.02,0.4,6.52,1.22,0.49,1.45,1.95,0.57,0.92,4.18,3.26,0.48,0.11,0.86,2.6,1.74,2.01,1.7,9.24,15.59,2.58,0.87,3.5,2.24,9.65,1.96,4.81,2.65,6.7,8.85,0.89,1.11,3.07,0.94,1.39,3.96,1.25,3.56,8.2,3.95,11.01,13.12,12.88,6.35,9.39,71.56,46.08,32.96,36.27,19.22,11.52,106.62,37.0,310.96,41.44,20.29,61.42,42.45,27.31,28.84,9.04,31.15,51.89,64.09,57.3,19.27,69.27,29.62,23.62,371.78,17.72,12.7,25.73,14.43,38.25,59.56,8.06,10.66,1.05,0.23
E02001752,0.84,0.48,13.24,0.55,3.45,29.24,4.64,8.99,1.79,0.54,1.57,1.6,3.4,2.07,6.94,1.24,1.13,1.92,1.96,1.02,0.26,0.61,0.12,4.0,4.34,8.67,8.1,5.39,5.45,11.14,30.15,45.16,6.56,1.74,8.29,4.82,2.35,1.48,1.75,14.15,17.91,3.58,10.68,3.09,5.61,31.78,137.8,1.99,33.21,3.67,3.21,19.89,12.12,5.28,7.73,7.03,6.02,10.01,46.76,19.77,31.14,36.23,7.84,93.81,6.7,86.7,10.66,388.32,36.36,14.38,38.24,46.12,20.61,17.12,112.02,70.06,8.84,1.92,10.02,46.39,19.45,23.07,20.95,18.63,36.52,4.36,1.13,5.67,2.58,42.32,1.95,21.11,10.89,17.75,23.0,0.74,2.73,7.57,2.21,3.33,1.0,1.7,5.69,9.62,1.5,7.0,1.57,1.37,1.8,1.15,6.41,2.65,18.63,9.48,6.14,4.27,3.05,1.19,8.76,1.57,0.58,1.88,8.46,0.69,5.9,1.8,1.41,0.93,1.07,1.21,1.71,0.65,0.33,0.42,4.62,0.72,0.17,0.77,0.36,0.97,1.5,0.2,23.62,2.13,1.6
E02001753,0.74,0.42,15.64,0.48,3.02,25.64,4.07,7.87,1.57,0.53,1.85,1.41,4.01,2.45,6.08,1.09,1.34,1.68,1.72,1.21,0.23,0.72,0.1,4.72,5.12,5.75,5.37,3.57,4.16,7.39,20.02,39.6,4.35,1.53,7.27,4.23,2.06,1.3,1.54,12.41,15.71,3.14,11.86,2.71,4.92,28.37,120.84,1.75,35.45,3.21,3.56,17.45,13.46,9.82,5.13,14.24,3.99,12.69,94.76,15.88,20.65,52.26,20.46,62.27,4.44,123.88,7.07,229.77,124.56,30.81,25.35,30.58,18.16,15.01,178.06,82.72,7.75,1.68,11.29,69.5,22.77,25.61,21.61,21.99,43.12,5.15,1.34,6.7,3.04,49.97,2.3,24.93,12.85,20.93,27.16,0.87,3.22,8.94,2.61,3.93,1.18,2.0,6.72,11.36,1.77,8.26,1.85,1.62,2.13,1.35,7.57,3.12,22.0,11.19,7.24,5.04,3.6,1.4,10.34,1.86,0.69,2.22,9.98,0.81,6.97,2.13,1.66,1.09,1.27,1.42,2.01,0.76,0.39,0.49,5.46,0.85,0.2,0.91,0.43,1.14,1.78,0.24,20.72,1.87,1.4
E02001754,0.82,0.47,17.46,0.54,3.35,28.39,4.51,8.73,1.74,0.59,2.07,1.56,4.48,2.73,6.74,1.21,1.49,1.86,1.91,1.35,0.25,0.81,0.12,5.27,5.72,6.12,5.72,3.81,4.61,7.87,21.31,43.86,4.63,1.69,8.06,4.69,2.28,1.44,1.7,13.74,17.42,3.48,13.24,3.0,5.44,31.67,133.81,1.94,39.58,3.56,3.97,19.32,15.03,7.13,5.46,9.49,4.25,13.51,63.04,16.91,21.99,48.91,13.42,66.31,4.73,131.76,7.53,253.24,85.87,34.32,27.0,32.56,22.16,16.65,198.83,92.36,8.59,1.86,12.6,75.16,25.43,28.59,24.13,24.56,48.15,5.75,1.49,7.48,3.4,55.79,2.57,27.84,14.35,23.37,30.33,0.97,3.6,9.98,2.91,4.39,1.32,2.24,7.5,12.69,1.98,9.22,2.07,1.81,2.37,1.51,8.46,3.49,24.56,12.49,8.09,5.63,4.01,1.56,11.54,2.07,0.77,2.48,11.15,0.9,7.78,2.38,1.86,1.22,1.41,1.59,2.25,0.85,0.44,0.55,6.09,0.95,0.23,1.02,0.48,1.27,1.98,0.27,22.97,2.07,1.55
E02001755,2.43,1.38,19.28,1.59,9.97,84.42,13.41,25.96,5.18,1.57,2.91,4.63,3.33,2.53,20.04,3.59,1.72,5.54,5.68,2.2,0.76,1.59,0.35,8.0,5.24,31.46,36.3,24.18,24.45,49.94,135.31,181.94,29.43,7.32,22.52,18.46,9.06,6.01,6.45,40.87,50.81,13.19,18.2,11.57,18.88,91.87,397.91,7.34,94.09,11.16,6.88,57.45,20.66,2.87,19.57,3.08,20.27,4.27,14.65,14.51,123.98,11.37,2.15,82.33,30.4,26.57,59.05,89.11,9.35,3.57,276.96,206.96,5.04,10.15,27.44,19.62,10.93,4.93,5.95,12.76,14.44,32.68,40.3,9.66,18.94,2.26,0.59,2.94,1.34,21.97,1.01,10.96,5.65,9.2,11.94,0.38,1.42,3.93,1.15,1.73,0.52,0.88,2.95,4.99,0.78,3.63,0.81,0.71,0.93,0.6,3.33,1.37,14.42,4.92,4.76,3.43,1.58,0.61,4.55,0.82,0.3,0.97,6.55,0.36,4.75,1.58,0.73,0.48,0.56,0.63,1.37,0.34,0.17,0.22,2.4,0.48,0.09,0.48,0.29,0.5,0.78,0.11,68.3,6.16,6.47
E02001756,3.25,1.85,25.78,2.13,13.33,112.89,17.93,34.71,6.91,2.1,3.89,6.2,4.45,3.38,26.79,4.8,2.29,7.4,7.58,2.95,1.02,2.13,0.46,10.69,7.01,44.11,54.78,32.3,32.69,66.78,180.92,243.27,39.31,9.79,30.12,24.68,12.11,8.02,8.62,54.65,67.95,17.63,21.04,15.47,25.22,122.84,532.05,9.8,125.8,14.91,9.2,76.81,26.95,2.06,23.14,2.21,24.25,3.07,10.56,10.44,108.47,8.19,1.55,59.31,16.73,19.14,35.77,64.19,6.73,2.57,123.6,329.39,3.63,8.89,19.76,14.66,9.57,4.31,5.2,9.56,12.64,28.59,35.25,7.77,15.21,1.82,0.47,2.37,1.07,17.65,0.81,8.81,5.03,7.39,9.59,0.31,1.14,4.27,0.92,1.39,0.42,0.71,2.37,4.01,0.63,2.91,0.65,0.57,0.75,0.48,2.67,1.1,19.28,3.95,6.36,4.58,1.27,0.49,3.65,0.66,0.24,0.78,8.75,0.29,6.34,2.11,0.59,0.39,0.45,0.5,1.83,0.27,0.14,0.17,1.93,0.64,0.07,0.64,0.39,0.55,0.87,0.13,91.32,8.23,8.64
E02001757,0.9,0.51,15.83,0.59,3.7,31.33,4.98,9.63,1.92,0.58,1.87,1.72,4.06,2.48,7.44,1.33,1.35,2.05,2.1,1.22,0.28,0.73,0.13,4.78,5.19,6.64,6.21,4.14,5.09,8.55,23.16,48.4,5.03,1.87,8.88,5.17,2.52,1.59,1.88,15.17,19.2,3.84,12.0,3.31,6.01,34.1,147.68,2.13,35.88,3.93,3.6,21.32,13.62,4.61,5.92,6.14,4.61,8.75,40.87,15.15,23.87,31.67,8.39,71.89,5.14,85.41,8.19,279.48,38.96,17.06,29.34,35.39,20.99,18.35,133.87,83.73,9.48,2.05,11.42,55.44,23.05,25.92,22.46,22.26,43.65,5.22,1.35,6.78,3.08,50.58,2.33,25.23,13.01,21.18,27.49,0.88,3.26,9.05,2.64,3.98,1.2,2.03,6.8,11.49,1.79,8.36,1.87,1.64,2.15,1.37,7.67,3.16,22.26,11.33,7.33,5.1,3.64,1.42,10.47,1.88,0.7,2.25,10.11,0.82,7.05,2.16,1.68,1.11,1.28,1.44,2.04,0.77,0.4,0.5,5.52,0.86,0.21,0.93,0.43,1.15,1.8,0.24,25.35,2.29,1.71
E02001758,1.53,0.87,17.36,1.0,6.26,53.03,8.42,16.3,3.25,0.99,2.06,2.91,4.46,2.72,12.59,2.26,1.49,3.48,3.57,1.38,0.47,1.0,0.21,5.25,5.7,10.81,10.39,6.92,8.61,14.3,38.74,81.92,8.43,3.16,15.05,8.76,4.26,2.69,3.18,25.67,32.53,6.5,19.4,5.61,10.17,57.71,249.95,3.62,60.23,6.65,5.82,36.09,22.02,2.61,7.45,3.48,5.8,4.96,23.14,12.49,29.97,17.95,4.75,71.22,6.64,48.37,10.56,158.82,22.04,8.77,40.41,59.26,12.55,40.07,68.3,49.6,16.05,3.48,18.64,32.3,32.59,41.84,38.05,24.45,47.93,5.73,1.49,7.45,3.38,55.55,2.56,27.71,14.29,23.27,30.19,0.97,3.58,9.94,2.9,4.37,1.32,2.22,7.46,12.62,1.97,9.17,2.05,1.8,2.36,1.51,8.42,3.47,24.45,12.44,8.05,5.6,3.99,1.55,11.49,2.06,0.77,2.46,11.09,0.9,7.74,2.37,1.85,1.22,1.41,1.58,2.24,0.85,0.44,0.55,6.07,0.94,0.23,1.02,0.48,1.27,1.97,0.27,42.9,3.87,2.9
E02001759,0.93,0.53,20.41,0.61,3.82,32.37,5.14,9.95,1.98,0.69,2.42,1.78,5.24,3.2,7.68,1.38,1.75,2.12,2.17,1.58,0.29,0.95,0.13,6.17,6.7,6.39,5.98,3.98,4.9,8.23,22.29,46.58,4.85,1.8,8.56,4.98,2.42,1.53,1.81,14.6,19.98,3.69,15.5,3.19,5.82,37.07,142.11,2.06,46.33,3.99,4.65,21.64,17.59,5.86,5.7,7.8,4.44,11.11,51.89,14.58,22.97,40.21,10.93,69.26,4.96,108.46,7.88,268.94,67.65,27.1,28.27,34.09,23.7,17.68,212.66,108.1,9.12,1.98,14.75,87.65,29.76,33.43,28.25,28.74,56.28,6.73,1.75,8.75,3.98,65.3,3.0,32.58,16.8,27.35,35.49,1.14,4.21,11.68,3.41,5.14,1.55,2.61,8.77,14.83,2.32,10.78,2.41,2.12,2.78,1.77,9.9,4.08,28.71,14.62,9.47,6.58,4.69,1.83,13.51,2.43,0.9,2.9,13.03,1.06,9.1,2.78,2.17,1.43,1.65,1.86,2.63,1.0,0.51,0.65,7.13,1.11,0.27,1.19,0.56,1.49,2.32,0.31,26.19,2.36,1.65
E02001760,1.04,0.59,22.76,0.68,4.26,36.05,5.73,11.08,2.21,0.77,2.7,1.98,5.84,3.56,8.56,1.54,1.95,2.36,2.42,1.76,0.32,1.05,0.15,6.87,7.46,6.38,6.34,4.23,5.09,8.73,23.65,48.37,5.14,1.87,8.87,5.16,2.52,1.59,1.88,15.16,22.27,3.84,17.26,3.31,6.49,41.28,156.4,2.19,51.59,4.44,5.18,24.1,19.59,4.02,5.67,5.36,4.42,7.64,35.64,13.02,22.85,27.65,7.51,61.8,5.06,74.48,8.05,240.26,44.89,17.98,28.87,36.13,21.17,18.34,154.41,116.04,9.46,2.12,16.43,63.87,33.15,37.27,31.46,32.01,62.75,7.5,1.95,9.75,4.43,72.72,3.35,36.28,18.71,30.49,39.53,1.27,4.69,13.01,3.8,5.72,1.73,2.92,9.77,16.54,2.58,12.02,2.69,2.36,3.1,1.97,11.02,4.55,32.01,16.29,10.56,7.34,5.23,2.04,15.05,2.7,1.0,3.23,14.53,1.18,10.14,3.1,2.42,1.59,1.84,2.07,2.93,1.11,0.57,0.72,7.94,1.23,0.3,1.33,0.63,1.66,2.58,0.35,29.17,2.63,1.71
E02001761,1.68,0.95,13.28,1.1,6.86,58.17,9.23,17.86,3.56,1.08,2.0,3.19,2.87,1.75,13.79,2.47,1.18,3.81,3.91,1.52,0.52,1.1,0.24,5.51,3.66,12.1,13.96,9.29,9.45,19.21,52.04,89.85,11.31,3.47,16.49,9.59,4.67,2.94,3.49,28.16,35.64,7.13,21.2,6.15,11.14,63.22,273.83,3.96,66.06,7.29,6.36,39.58,24.06,1.68,5.48,2.24,5.74,3.19,14.91,8.05,27.55,11.55,3.06,45.83,6.66,31.16,13.81,102.2,14.18,5.64,54.27,79.5,8.09,20.01,43.95,31.91,20.92,4.67,11.71,20.78,20.53,45.14,45.67,15.73,30.84,3.69,0.96,4.79,2.18,35.74,1.64,17.83,9.2,14.99,19.43,0.62,2.31,6.4,1.87,2.81,0.85,1.43,4.8,8.13,1.27,5.91,1.32,1.16,1.52,0.97,5.42,2.23,15.73,8.0,5.19,3.61,2.57,1.0,7.4,1.33,0.49,1.59,7.14,0.58,4.99,1.52,1.19,0.78,0.9,1.02,1.44,0.55,0.28,0.35,3.9,0.61,0.15,0.65,0.31,0.82,1.27,0.17,47.0,4.24,3.17
E02001762,2.28,1.29,18.04,1.49,9.33,78.98,12.55,24.28,4.84,1.47,2.72,4.34,3.11,2.36,18.74,3.36,1.6,5.18,5.3,2.06,0.71,1.49,0.32,7.48,4.91,18.83,21.73,14.46,14.63,29.89,80.97,122.0,17.59,4.71,22.41,13.04,6.35,4.0,4.73,38.23,48.45,9.68,26.84,8.35,15.14,85.94,372.24,5.39,89.7,9.9,8.06,53.74,30.47,2.16,8.53,2.32,8.94,3.22,11.14,10.94,42.87,8.64,2.29,62.08,10.36,23.28,21.48,76.46,10.61,4.22,84.45,123.71,6.04,14.97,32.88,24.71,16.12,6.61,8.76,16.09,21.27,48.18,59.42,13.08,25.64,3.06,0.79,3.98,1.81,29.72,1.37,14.83,7.64,12.45,16.15,0.52,1.92,5.32,1.55,2.34,0.7,1.19,3.99,6.75,1.05,4.91,1.1,0.96,1.26,0.81,4.5,1.86,13.49,6.65,4.45,3.21,2.14,0.83,6.15,1.1,0.41,1.32,6.12,0.48,4.43,1.48,0.99,0.65,0.75,0.85,1.28,0.45,0.23,0.29,3.25,0.5,0.12,0.54,0.28,0.68,1.06,0.14,63.89,5.76,4.31
E02001763,1.3,0.74,21.72,0.85,5.32,45.04,7.15,13.85,2.76,0.84,2.58,2.47,5.58,3.4,10.69,1.92,1.86,2.95,3.02,1.68,0.4,1.01,0.18,6.57,7.13,8.46,8.13,5.41,6.74,11.19,30.32,64.1,6.59,2.47,11.76,6.84,3.34,2.1,2.49,20.09,27.79,5.08,21.56,4.39,8.1,51.57,195.6,2.83,64.45,5.55,6.47,30.1,24.47,2.04,5.81,2.72,4.53,3.88,18.09,9.76,23.42,14.03,3.72,55.67,5.19,37.8,8.26,124.13,22.12,8.86,31.62,46.32,10.43,24.88,76.08,59.32,12.54,2.72,26.95,38.68,41.4,46.5,39.29,30.59,59.97,7.17,1.86,9.32,4.23,69.5,3.2,34.67,17.88,29.11,37.78,1.21,4.48,12.43,3.63,5.47,1.65,2.78,9.33,15.79,2.46,11.47,2.57,2.25,2.96,1.88,10.53,4.34,30.56,15.56,10.08,7.01,5.0,1.94,14.38,2.58,0.96,3.08,13.87,1.13,9.68,2.96,2.31,1.52,1.76,1.98,2.8,1.06,0.55,0.69,7.59,1.18,0.28,1.27,0.6,1.59,2.47,0.33,36.43,3.28,2.26
E02001764,1.0,0.57,25.02,0.65,4.09,34.71,5.51,10.66,2.13,0.84,2.97,1.9,6.42,3.92,9.34,1.48,2.14,2.28,2.33,1.94,0.31,1.16,0.14,7.56,8.21,5.74,5.72,3.8,4.58,7.86,21.28,43.52,4.63,1.68,7.98,4.65,2.42,1.43,1.69,13.64,20.04,3.45,17.26,3.19,6.24,39.69,150.55,2.1,50.43,4.27,5.18,23.2,19.59,4.37,5.1,5.82,3.97,8.3,38.71,11.91,20.54,30.03,8.16,56.54,4.55,80.91,7.24,219.79,52.17,20.22,25.95,32.54,19.37,16.5,172.98,88.24,8.51,1.91,14.8,106.8,29.86,33.53,28.34,35.23,69.06,8.25,2.14,10.73,4.87,80.03,3.68,39.93,20.59,33.52,43.5,1.4,5.16,14.32,4.18,6.29,1.9,3.2,10.74,18.18,2.84,13.21,2.96,2.59,3.41,2.17,12.13,5.0,35.23,17.92,11.6,8.07,5.75,2.24,16.56,2.97,1.1,3.55,15.97,1.3,11.15,3.41,2.66,1.75,2.03,2.28,3.23,1.22,0.63,0.79,8.74,1.36,0.33,1.46,0.69,1.83,2.84,0.38,28.95,2.53,1.54
E02001765,1.67,0.95,22.59,1.09,6.83,57.83,9.19,17.78,3.54,1.08,2.68,3.17,5.8,3.54,13.73,2.46,1.93,3.79,3.88,1.75,0.52,1.09,0.23,6.83,7.41,9.75,10.18,6.77,7.77,14.0,37.88,73.9,8.24,2.85,13.58,7.9,4.04,2.42,2.87,23.16,35.68,5.86,27.68,5.31,10.4,66.22,250.87,3.51,82.76,7.12,8.31,38.66,31.42,2.06,5.62,2.75,4.37,3.91,18.26,9.42,22.63,14.17,3.85,53.72,5.01,38.16,10.06,124.13,23.0,9.21,39.56,57.95,10.85,22.42,79.12,61.68,11.33,3.4,21.34,40.22,47.45,59.71,50.46,31.81,62.36,7.45,1.93,9.69,4.4,72.27,3.32,36.06,18.59,30.27,39.28,1.26,4.66,12.93,3.78,5.68,1.71,2.89,9.7,16.42,2.56,11.93,2.67,2.34,3.08,1.96,10.95,4.52,31.81,16.18,10.48,7.29,5.19,2.02,14.95,2.69,1.0,3.21,14.42,1.17,10.08,3.08,2.4,1.58,1.83,2.06,2.91,1.1,0.57,0.72,7.89,1.23,0.29,1.32,0.62,1.65,2.57,0.35,46.73,4.21,2.61
E02001766,2.33,1.32,18.44,1.52,9.53,80.73,12.82,24.82,4.95,1.5,2.78,4.43,4.29,2.62,19.16,3.43,1.64,5.29,5.42,2.11,0.72,1.52,0.33,7.65,5.48,14.14,14.76,9.82,11.28,20.3,55.0,107.28,11.95,4.14,19.68,11.45,5.64,3.52,4.16,33.62,49.82,8.5,37.88,7.41,14.52,92.44,350.21,4.9,115.53,9.94,11.37,53.97,42.99,1.55,5.79,2.07,6.08,2.95,13.75,7.43,29.11,10.65,2.82,42.31,7.04,28.74,14.59,94.36,16.57,6.64,57.36,84.02,7.82,18.45,56.95,44.45,15.96,4.94,15.36,28.95,38.27,85.86,73.16,23.53,46.13,5.51,1.43,7.17,3.25,53.46,2.46,26.67,13.75,22.39,29.06,0.93,3.45,9.56,2.79,4.2,1.27,2.14,7.18,12.14,1.9,8.83,1.98,1.73,2.28,1.45,8.1,3.34,23.5,11.97,7.75,5.39,3.84,1.5,11.06,1.99,0.74,2.37,10.67,0.87,7.45,2.28,1.78,1.17,1.35,1.52,2.16,0.82,0.42,0.53,5.84,0.91,0.22,0.98,0.46,1.22,1.9,0.26,65.31,5.89,3.79
E02001767,2.6,1.48,20.59,1.7,10.63,90.18,14.31,27.69,5.52,1.68,3.11,4.94,3.55,2.7,21.38,3.84,1.83,5.91,6.06,2.35,0.81,1.7,0.36,8.54,5.6,16.51,17.22,11.46,13.15,23.69,64.18,125.21,13.95,4.83,22.97,13.37,6.51,4.1,4.85,39.24,55.65,9.92,41.61,8.57,16.22,103.13,391.19,5.52,128.89,11.11,11.58,60.28,43.78,1.71,6.76,1.84,7.08,2.55,11.82,8.67,33.98,9.17,2.43,49.21,8.21,24.73,17.03,81.11,13.24,5.3,66.94,98.06,6.41,15.88,45.54,35.51,15.28,5.76,12.28,23.15,30.6,69.23,82.4,18.79,36.85,4.4,1.14,5.72,2.6,42.75,1.96,21.33,10.98,17.9,23.24,0.74,2.76,7.65,2.23,3.36,1.01,1.71,5.74,9.71,1.51,7.06,1.58,1.38,1.82,1.16,6.47,2.67,18.8,9.57,6.2,4.31,3.07,1.2,8.85,1.59,0.59,1.9,8.53,0.69,5.96,1.82,1.42,0.93,1.08,1.22,1.72,0.65,0.34,0.42,4.66,0.73,0.17,0.78,0.37,0.97,1.52,0.21,72.86,6.57,4.42
E02001768,0.61,0.35,28.8,0.42,2.51,26.99,4.75,8.3,2.02,1.0,3.51,1.48,9.52,5.81,11.05,1.15,2.74,1.88,2.93,2.87,0.23,1.72,0.11,11.21,12.16,3.01,3.13,2.08,2.4,4.31,11.67,22.76,2.54,0.88,4.18,2.43,1.44,0.85,0.89,7.13,10.99,1.95,9.49,1.94,3.71,21.84,89.37,1.25,27.72,2.54,2.85,13.77,10.78,1.0,2.6,1.33,2.03,1.89,8.83,4.37,10.49,6.85,1.86,24.93,2.32,18.46,3.7,59.54,11.12,4.46,13.25,17.84,5.25,8.42,38.26,29.83,4.35,1.05,7.89,23.76,15.93,18.39,15.52,374.98,443.24,64.18,16.66,50.0,31.16,92.14,25.01,45.97,23.68,130.32,116.45,7.74,9.69,16.49,11.25,9.33,13.01,10.65,16.26,27.52,12.87,29.96,16.09,13.13,5.15,5.22,61.34,25.3,52.14,27.13,17.2,11.95,27.26,5.31,83.85,4.51,3.29,17.97,23.67,5.42,16.52,5.05,4.03,7.87,4.43,11.53,4.78,2.93,2.21,3.64,13.81,2.06,0.57,2.22,1.04,2.77,4.3,0.58,34.09,2.77,0.81
E02001769,0.53,0.3,24.95,0.37,2.17,23.38,4.12,7.18,1.75,0.86,3.04,1.28,8.25,5.02,9.57,0.99,2.37,1.63,2.53,2.48,0.2,1.49,0.09,9.7,10.52,2.61,2.71,1.8,2.08,3.73,10.11,19.71,2.2,0.76,3.62,2.1,1.24,0.73,0.77,6.18,9.52,1.69,8.22,1.68,3.21,18.9,77.42,1.08,24.01,2.2,2.47,11.93,9.33,0.86,2.26,1.15,1.76,1.64,7.65,3.79,9.09,5.94,1.61,21.59,2.01,15.99,3.2,51.58,9.64,3.86,11.48,15.44,4.55,7.3,33.11,25.85,3.77,0.91,6.84,20.59,13.8,15.93,13.44,195.86,350.93,45.51,11.8,42.3,23.23,79.73,17.74,39.78,20.51,110.26,100.88,5.77,8.38,14.27,9.53,8.07,9.13,9.03,14.09,23.84,9.59,25.38,11.99,9.79,4.46,3.89,45.72,18.86,45.17,23.48,14.9,10.35,20.32,3.95,62.5,3.9,2.45,13.4,20.5,4.04,14.31,4.38,3.49,5.86,3.3,8.59,4.14,2.19,1.65,2.71,11.45,1.78,0.43,1.92,0.9,2.39,3.73,0.5,29.5,2.4,0.7
E02001770,0.52,0.3,24.58,0.36,2.14,23.03,4.06,7.07,1.72,0.85,3.0,1.26,8.12,4.95,9.43,0.98,2.34,1.6,2.5,2.45,0.2,1.47,0.09,9.55,10.36,2.57,2.67,1.78,2.05,3.67,9.96,19.42,2.17,0.75,3.56,2.07,1.23,0.72,0.76,6.09,9.38,1.67,8.09,1.66,3.16,18.62,76.27,1.07,23.66,2.17,2.43,11.75,9.19,0.85,2.22,1.13,1.73,1.62,7.54,3.73,8.95,5.85,1.59,21.27,1.98,15.75,3.15,50.81,9.49,3.8,11.31,15.21,4.48,7.19,32.65,25.46,3.71,0.89,6.74,20.28,13.6,15.69,13.24,233.77,375.14,64.35,18.45,50.43,31.69,78.54,27.71,39.18,20.2,121.41,99.38,7.86,8.26,14.07,10.49,7.95,14.26,9.94,13.88,23.48,13.08,27.95,16.36,13.34,4.43,5.3,62.39,25.73,44.5,23.15,14.67,10.2,27.69,5.39,85.18,4.58,3.34,18.28,20.2,5.52,14.1,4.31,3.44,8.0,4.5,11.71,4.08,2.98,2.25,3.7,14.04,1.75,0.58,1.89,0.89,2.36,3.67,0.5,29.06,2.36,0.69
E02001771,0.38,0.21,17.7,0.26,1.54,16.59,2.92,5.1,1.24,0.61,2.16,0.91,5.85,3.57,6.8,0.71,1.68,1.15,1.8,1.76,0.14,1.06,0.06,6.89,7.47,1.85,1.93,1.28,1.48,2.65,7.17,13.98,1.56,0.54,2.57,1.49,0.88,0.52,0.54,4.38,6.75,1.2,5.83,1.19,2.28,13.42,54.92,0.77,17.03,1.56,1.75,8.46,6.62,0.61,1.6,0.82,1.25,1.16,5.43,2.69,6.45,4.21,1.14,15.32,1.43,11.36,2.27,36.63,6.84,2.74,8.15,10.96,3.22,5.18,23.51,18.35,2.67,0.64,4.85,14.6,9.79,11.3,9.55,168.52,270.12,51.24,25.19,42.51,35.05,56.62,40.0,28.25,14.57,87.53,71.64,8.93,6.48,10.13,9.17,5.73,20.58,8.94,9.99,16.91,12.22,25.14,15.29,14.25,4.0,4.96,58.3,28.52,32.08,16.67,10.57,7.35,25.91,5.04,79.6,4.28,3.12,17.08,14.54,5.15,10.16,3.1,3.21,7.48,4.21,10.96,2.94,2.79,2.1,3.46,13.12,1.26,0.54,1.36,0.72,1.92,3.0,0.41,20.95,1.7,0.5
E02001772,0.42,0.24,19.78,0.29,1.72,18.54,3.26,5.7,1.39,0.69,2.41,1.02,6.54,3.99,7.59,0.79,1.88,1.29,2.01,1.97,0.16,1.18,0.07,7.7,8.35,2.07,2.15,1.43,1.65,2.96,8.01,15.63,1.74,0.61,2.87,1.67,0.99,0.58,0.61,4.9,7.55,1.34,6.52,1.33,2.54,15.0,61.37,0.86,19.04,1.74,1.95,9.46,7.4,0.68,1.79,0.91,1.39,1.3,6.07,3.0,7.2,4.71,1.28,17.12,1.6,12.68,2.54,40.89,7.64,3.06,9.1,12.25,3.6,5.79,26.28,20.49,2.99,0.72,5.42,16.32,10.94,12.63,10.66,112.75,215.87,31.22,9.48,52.11,25.6,63.28,17.45,31.57,16.26,106.66,79.97,6.6,6.65,11.32,9.2,6.41,8.98,8.72,11.17,18.9,10.97,24.55,13.73,11.19,3.89,4.45,52.27,21.56,35.81,18.63,11.81,8.21,23.23,4.52,71.45,3.85,2.8,15.31,16.25,4.62,11.35,3.47,2.88,6.71,3.78,9.82,3.28,2.5,1.89,3.1,11.76,1.41,0.49,1.52,0.72,1.9,2.95,0.4,23.41,1.9,0.55
E02001773,0.44,0.25,20.16,0.3,1.78,19.16,3.38,5.89,1.43,0.71,2.49,1.05,6.77,4.12,7.85,0.82,1.95,1.33,2.08,2.04,0.17,1.22,0.07,7.96,8.63,1.97,1.93,1.28,1.57,2.65,7.18,14.0,1.56,0.58,2.57,1.49,1.02,0.6,0.58,4.39,6.76,1.39,5.83,1.38,2.63,13.42,63.45,0.89,17.05,1.8,1.75,9.78,6.62,0.61,1.6,0.82,1.25,1.16,5.43,2.69,6.45,4.21,1.15,15.33,1.43,11.35,2.27,36.63,6.84,2.74,8.15,10.96,3.23,5.18,23.54,18.35,2.67,0.64,4.86,14.62,9.8,11.31,9.55,138.58,233.74,38.69,15.41,50.48,37.09,56.62,28.67,28.25,14.56,95.54,71.64,8.91,7.52,10.82,10.65,6.62,13.53,10.39,11.56,19.56,13.84,29.23,17.32,14.11,4.63,5.61,66.02,27.23,37.07,19.26,12.22,8.49,29.34,5.7,90.14,4.85,3.53,19.34,16.82,5.84,11.74,3.59,3.63,8.47,4.77,12.4,3.4,3.16,2.38,3.92,14.86,1.46,0.61,1.57,0.82,2.18,3.39,0.46,24.21,1.97,0.53
E02001774,0.91,0.52,43.46,0.63,3.72,39.97,7.04,12.29,2.98,1.47,5.15,2.19,8.55,5.56,16.21,1.7,3.72,2.78,3.9,2.58,0.34,1.54,0.16,10.06,10.92,4.11,3.78,2.51,3.28,5.2,14.07,27.45,3.06,1.2,5.04,2.93,2.13,1.25,1.21,8.6,13.25,2.89,11.45,2.88,5.49,26.34,132.32,1.85,33.43,3.76,3.44,20.39,13.0,1.2,3.14,1.6,2.45,2.28,10.65,5.27,12.65,8.26,2.25,30.07,2.8,22.26,4.46,71.82,13.42,5.38,16.0,21.52,6.33,10.16,46.15,35.98,5.24,1.26,9.52,28.66,19.22,22.18,18.74,48.92,95.79,11.45,2.97,14.9,6.76,132.76,4.99,69.37,35.77,46.55,60.41,1.89,6.87,24.88,5.56,8.82,2.57,4.26,14.3,24.19,3.78,17.58,4.01,3.45,4.53,2.89,16.14,6.66,46.82,23.85,15.44,10.74,7.65,2.98,22.03,3.96,1.47,4.72,21.25,1.73,14.84,4.54,3.54,2.33,2.7,3.03,4.29,1.63,0.84,1.05,11.63,1.81,0.43,1.95,0.92,2.43,3.78,0.51,50.3,4.09,1.1
E02001775,0.42,0.24,19.28,0.29,1.71,18.33,3.23,5.64,1.37,0.68,2.39,1.01,6.46,3.94,7.5,0.78,1.86,1.27,1.99,1.95,0.16,1.17,0.07,7.61,8.25,1.88,1.63,1.09,1.5,2.24,6.07,11.85,1.35,0.55,2.17,1.3,0.98,0.58,0.55,3.71,5.72,1.33,4.94,1.32,2.52,11.37,60.69,0.85,14.43,1.72,1.48,9.35,5.61,0.52,1.36,0.69,1.06,0.99,4.6,2.28,5.46,3.57,0.97,12.98,1.21,9.61,1.93,31.01,5.79,2.32,6.9,9.29,2.73,4.39,19.93,15.54,2.26,0.55,4.11,12.38,8.3,9.57,8.08,124.62,199.98,37.89,19.7,38.54,32.12,46.8,44.09,23.35,12.04,72.78,64.49,10.15,7.19,10.34,10.18,6.33,20.28,9.93,11.04,18.69,13.57,27.92,16.98,14.04,4.44,5.5,64.73,28.09,35.41,18.42,11.68,8.11,28.73,5.59,88.38,4.76,3.46,18.97,16.07,5.72,11.22,3.43,3.56,8.3,4.67,12.15,3.24,3.1,2.33,3.84,14.57,1.4,0.6,1.51,0.8,2.14,3.33,0.45,23.15,1.88,0.5
E02001776,2.0,1.14,95.68,1.38,8.18,87.99,15.49,27.02,6.55,3.22,11.33,4.82,18.24,12.24,35.68,3.74,8.19,6.11,8.58,5.02,0.76,3.22,0.34,18.44,20.01,9.04,7.5,4.99,7.21,8.08,27.94,35.12,6.5,2.64,6.44,6.21,4.68,2.76,2.66,16.25,16.96,6.37,14.65,6.33,12.08,52.38,291.31,4.07,42.78,8.27,4.39,44.89,16.63,1.54,4.02,2.05,3.13,2.92,13.63,6.75,16.19,10.57,2.87,38.47,3.59,28.48,5.7,91.89,17.17,6.88,20.47,27.54,8.1,13.0,59.05,46.04,6.71,1.62,12.18,36.68,24.59,28.37,23.98,62.58,122.56,14.65,3.8,19.06,8.65,177.89,6.38,134.85,78.65,59.56,77.29,2.42,8.79,54.7,7.12,13.68,3.29,5.46,18.44,30.95,4.83,22.5,5.13,4.41,5.79,3.69,20.65,8.52,85.89,30.51,28.29,19.68,9.79,3.81,28.19,5.06,1.88,6.04,38.99,2.21,27.21,8.31,4.53,2.98,3.45,3.88,7.87,2.08,1.07,1.35,14.88,2.74,0.55,2.72,1.43,3.11,4.84,0.65,110.61,8.99,2.42
E02001777,1.99,1.13,95.06,1.37,8.12,87.41,15.39,26.84,6.5,3.2,11.26,4.79,18.13,12.16,35.45,3.72,8.13,6.08,8.53,4.98,0.75,3.19,0.34,18.32,19.88,8.98,7.45,4.96,7.16,8.04,27.76,27.56,6.46,2.63,4.71,6.18,4.66,2.74,2.64,16.15,12.35,6.33,9.57,6.29,12.0,52.04,289.41,4.05,32.59,8.22,2.87,44.6,10.86,1.0,2.62,1.34,2.51,1.91,8.9,4.41,10.57,6.91,1.88,25.12,2.34,18.6,3.73,60.01,11.21,4.49,13.35,19.94,5.29,8.49,38.57,30.07,4.38,1.06,7.96,23.95,16.06,18.53,15.64,40.83,80.04,9.57,2.48,12.43,5.65,116.18,4.17,99.62,83.1,38.9,50.48,1.58,5.74,44.22,4.65,8.93,2.15,3.56,14.42,20.21,3.2,14.94,3.35,2.93,3.85,2.45,13.7,5.65,85.33,21.02,28.14,19.55,6.82,2.65,18.81,3.52,1.31,4.01,38.73,1.54,27.04,8.27,3.15,2.07,2.4,2.57,7.82,1.45,0.75,0.94,10.35,2.72,0.39,2.71,1.42,2.33,3.71,0.5,109.88,8.93,2.41
E02001778,0.57,0.33,26.86,0.4,2.34,25.17,4.43,7.74,1.88,0.93,3.28,1.38,8.89,5.41,10.32,1.07,2.55,1.75,2.73,2.68,0.22,1.6,0.1,10.45,11.34,2.81,2.92,1.94,2.24,4.02,10.88,21.22,2.37,0.82,3.9,2.27,1.34,0.79,0.83,6.65,10.25,1.82,8.86,1.81,3.46,20.37,83.35,1.17,25.85,2.37,2.66,12.84,10.05,0.93,2.43,1.24,1.89,1.77,8.25,4.08,9.79,6.39,1.74,23.25,2.17,17.23,3.45,55.6,10.37,4.16,12.37,16.64,4.89,7.86,35.69,27.86,4.06,0.98,7.36,22.16,14.86,17.15,14.49,127.73,244.55,32.67,8.48,46.36,21.06,85.93,14.32,42.87,22.11,149.38,108.73,5.43,9.04,15.38,12.69,8.7,7.39,12.03,15.17,25.66,9.14,33.82,11.43,9.32,5.36,3.71,43.56,17.97,48.69,25.3,16.04,11.16,19.36,3.77,59.55,4.2,2.33,12.76,22.1,3.85,15.43,4.71,3.76,5.59,3.15,8.19,4.46,2.08,1.57,2.58,12.34,1.92,0.46,2.07,0.97,2.58,4.01,0.54,31.8,2.58,0.75
E02001779,0.59,0.33,27.14,0.4,2.4,25.8,4.54,7.93,1.93,0.95,3.36,1.42,9.1,5.55,10.57,1.1,2.62,1.79,2.8,2.74,0.22,1.64,0.1,10.71,11.62,2.65,2.43,1.62,2.11,3.35,9.07,17.7,1.97,0.78,3.25,1.89,1.37,0.81,0.78,5.55,8.54,1.87,7.38,1.86,3.54,16.98,85.41,1.2,21.56,2.43,2.22,13.16,8.38,0.78,2.03,1.03,1.58,1.47,6.87,3.4,8.16,5.33,1.45,19.38,1.81,14.37,2.87,46.3,8.65,3.47,10.32,13.88,4.08,6.55,29.76,23.2,3.38,0.81,6.14,18.48,12.39,14.3,12.08,73.32,143.75,17.18,4.46,22.33,10.14,71.65,8.15,35.75,18.43,69.86,107.66,3.09,9.26,14.55,8.89,8.91,4.2,6.96,15.54,26.3,5.24,20.0,6.55,5.35,4.92,3.14,24.98,10.3,49.83,25.93,16.43,11.42,11.1,3.24,34.14,4.3,1.6,7.32,22.62,2.21,15.79,4.83,3.85,3.2,2.93,4.7,4.57,1.77,0.91,1.48,12.64,1.96,0.47,2.12,1.0,2.64,4.11,0.56,32.58,2.65,0.71
E02001780,0.37,0.21,17.02,0.25,1.51,16.18,2.85,4.97,1.21,0.6,2.11,0.89,5.7,3.48,6.62,0.69,1.64,1.12,1.75,1.72,0.14,1.03,0.06,6.72,7.29,1.66,1.44,0.96,1.32,1.98,5.36,10.46,1.2,0.49,1.92,1.14,0.86,0.51,0.49,3.28,5.05,1.17,4.36,1.16,2.22,10.04,53.55,0.75,12.74,1.52,1.31,8.25,4.95,0.46,1.2,0.61,0.93,0.87,4.06,2.01,4.82,3.15,0.86,11.45,1.07,8.48,1.7,27.36,5.11,2.05,6.09,8.2,2.41,3.87,17.58,13.71,2.0,0.48,3.63,10.92,7.32,8.45,7.13,89.8,151.47,25.04,10.25,33.93,23.25,41.3,23.63,20.61,10.63,64.23,56.91,8.91,6.35,9.13,8.99,5.59,12.22,8.76,9.75,16.49,14.42,28.3,18.03,14.71,4.72,5.85,68.73,28.34,31.25,17.48,10.3,7.16,30.54,5.94,93.94,5.06,3.68,20.14,14.18,6.08,9.9,3.03,3.78,8.81,4.96,12.92,2.86,3.29,2.48,4.08,15.47,1.28,0.64,1.53,0.86,2.27,3.53,0.48,20.43,1.66,0.45
E02001781,0.66,0.38,30.7,0.46,2.72,29.18,5.14,8.97,2.18,1.08,3.8,1.6,10.29,6.28,11.96,1.24,2.96,2.03,3.16,3.1,0.25,1.86,0.11,12.12,13.15,3.0,2.6,1.73,2.39,3.57,9.67,18.87,2.16,0.88,3.46,2.06,1.56,0.92,0.88,5.91,9.11,2.11,7.87,2.1,4.01,18.11,96.62,1.35,22.98,2.74,2.36,14.89,8.94,0.83,2.16,1.1,1.68,1.57,7.32,3.62,8.7,5.68,1.54,20.67,1.93,15.3,3.06,49.37,9.22,3.7,11.0,14.79,4.35,6.98,31.72,24.73,3.6,0.87,6.55,19.7,13.21,15.24,12.88,54.79,107.29,12.82,3.62,16.69,9.56,73.2,8.16,36.52,18.83,52.14,83.16,3.09,11.03,16.46,9.27,10.08,4.21,7.1,17.58,29.75,5.25,21.63,6.56,5.35,5.57,3.55,25.01,10.31,56.37,29.33,18.59,12.92,11.11,3.67,34.19,4.87,1.81,7.33,25.59,2.21,17.86,5.46,4.36,3.21,3.32,4.7,5.17,2.0,1.03,1.48,14.3,2.22,0.53,2.4,1.13,2.99,4.65,0.63,36.86,2.99,0.8
E02001782,2.25,1.28,107.89,1.56,9.23,99.21,17.47,30.5,7.38,3.63,12.78,5.44,24.14,14.71,40.23,4.22,9.23,6.9,9.68,7.27,0.85,4.36,0.39,28.39,30.81,10.2,8.46,5.63,8.12,9.12,31.51,31.32,7.33,2.98,5.35,7.01,5.29,3.12,3.0,18.33,14.03,7.18,8.9,7.14,13.62,59.13,328.49,4.59,36.99,9.33,2.71,50.62,10.49,0.94,2.44,1.25,2.85,1.77,8.29,4.1,9.84,6.42,1.75,23.37,2.18,17.32,3.47,55.82,10.43,4.18,12.44,22.63,4.92,7.9,35.87,27.97,4.08,0.98,7.4,22.28,14.93,17.24,14.57,38.02,74.45,8.91,2.31,11.58,5.61,108.06,4.79,92.66,59.14,36.18,53.3,1.81,6.71,71.62,5.44,12.64,2.47,4.17,22.36,24.72,4.97,23.15,4.98,4.54,5.96,3.8,21.23,8.76,132.27,32.58,43.62,30.31,10.57,4.11,29.16,5.46,2.03,6.22,60.04,2.38,41.91,12.81,4.88,3.21,3.72,3.99,12.12,2.25,1.16,1.45,16.04,4.22,0.6,4.2,2.21,3.62,5.75,0.78,124.72,10.14,2.73
E02001783,0.68,0.39,31.45,0.47,2.78,29.9,5.27,9.19,2.23,1.11,3.89,1.64,10.55,6.43,12.25,1.27,3.03,2.08,3.24,3.18,0.26,1.9,0.12,12.41,13.47,3.08,2.66,1.77,2.45,3.66,9.91,19.33,2.21,0.9,3.55,2.11,1.59,0.94,0.9,6.06,9.33,2.16,8.07,2.15,4.11,18.55,98.99,1.39,23.55,2.81,2.42,15.25,9.15,0.85,2.21,1.13,1.72,1.61,7.51,3.71,8.92,5.82,1.58,21.17,1.98,15.7,3.14,50.64,9.45,3.79,11.27,15.16,4.46,7.16,32.5,25.37,3.7,0.89,6.71,20.19,13.53,15.62,13.2,80.47,154.26,20.61,6.49,29.21,17.14,75.0,14.63,37.42,19.29,92.68,101.05,5.54,11.73,16.89,17.13,10.33,7.54,13.19,18.04,30.48,10.54,45.11,11.76,9.59,7.15,4.56,44.83,18.49,57.83,30.05,19.05,13.25,19.92,3.87,61.28,4.99,2.4,13.13,26.25,3.96,18.32,5.6,4.46,5.75,3.4,8.43,5.3,2.14,1.62,2.66,14.66,2.28,0.55,2.46,1.15,3.06,4.77,0.65,37.76,3.07,0.82
E02001784,1.12,0.64,51.95,0.78,4.6,49.38,8.7,15.18,3.69,1.83,6.43,2.71,17.41,10.62,20.22,2.1,5.01,3.43,5.35,5.24,0.43,3.14,0.19,20.5,22.25,5.08,4.21,2.8,4.04,4.54,15.68,23.3,3.65,1.49,4.27,3.49,2.63,1.55,1.49,9.12,11.25,3.58,9.72,3.56,6.78,29.43,163.51,2.29,28.38,4.64,2.91,25.2,11.03,1.02,2.67,1.36,2.08,1.94,9.04,4.47,10.74,7.01,1.91,25.52,2.38,18.9,3.78,60.95,11.39,4.56,13.56,18.27,5.37,8.62,39.17,30.54,4.45,1.07,8.08,24.33,16.31,18.82,15.89,53.44,104.64,12.51,3.25,16.27,8.53,95.23,7.28,57.56,29.68,50.85,81.11,2.76,10.22,31.4,8.27,15.19,3.75,6.34,23.28,37.62,5.87,27.34,5.87,5.37,7.04,4.49,25.07,10.34,95.4,37.09,31.46,21.86,11.9,4.63,34.23,6.16,2.28,7.34,43.3,2.68,30.23,9.24,5.5,3.62,4.19,4.71,8.74,2.53,1.31,1.64,18.06,3.05,0.67,3.03,1.59,3.78,5.88,0.8,62.38,5.07,1.36
E02001785,0.45,0.26,20.78,0.31,1.84,19.75,3.48,6.07,1.48,0.73,2.57,1.08,6.97,4.25,8.09,0.84,2.02,1.37,2.16,2.11,0.17,1.27,0.08,8.45,9.16,2.03,1.68,1.12,1.62,1.82,6.28,9.63,1.46,0.59,1.77,1.4,1.05,0.62,0.6,3.65,4.65,1.43,4.02,1.42,2.71,11.77,65.39,0.92,11.74,1.86,1.21,10.08,4.56,0.42,1.1,0.56,0.86,0.8,3.74,1.85,4.44,2.9,0.79,10.55,0.98,7.82,1.57,25.23,4.71,1.89,5.61,7.55,2.22,3.57,16.19,12.64,1.84,0.44,3.34,10.06,6.74,7.78,6.58,102.24,162.33,30.76,15.99,31.29,23.91,38.03,31.98,18.98,9.78,59.22,52.41,8.28,5.84,8.41,8.28,5.15,67.58,9.18,8.99,26.32,29.0,56.9,50.8,58.46,9.49,15.37,180.62,117.0,39.34,35.86,15.32,9.02,91.76,15.6,282.28,15.12,11.06,60.5,28.86,18.28,17.66,3.84,11.37,26.51,14.93,38.82,4.26,9.89,7.45,12.25,46.54,3.85,1.92,4.58,2.57,6.82,10.61,1.44,24.94,2.03,0.54
E02001786,0.69,0.39,31.94,0.48,2.82,30.39,5.35,9.33,2.27,1.12,3.95,1.67,10.72,6.53,12.44,1.29,3.08,2.11,3.29,3.23,0.26,1.93,0.12,12.6,13.68,3.12,2.7,1.8,2.49,3.72,10.07,19.65,2.25,0.91,3.61,2.15,1.62,0.95,0.92,6.16,9.49,2.2,8.19,2.19,4.17,18.84,100.63,1.41,23.94,2.86,2.46,15.51,9.29,0.86,2.25,1.15,1.75,1.63,7.63,3.77,9.06,5.91,1.61,21.52,2.01,15.94,3.19,51.41,9.61,3.85,11.44,15.39,4.53,7.27,33.0,25.76,3.75,0.9,6.81,20.5,13.74,15.86,13.4,101.02,193.64,25.87,8.38,36.66,22.16,76.15,18.89,37.99,19.59,116.33,104.81,7.16,11.91,17.15,17.48,10.49,11.08,23.38,18.31,39.69,16.49,60.58,20.64,16.82,9.61,6.69,78.69,32.45,58.71,35.64,19.36,13.46,34.97,6.8,107.44,5.78,4.22,23.06,26.65,6.96,18.6,5.69,4.53,10.09,5.68,14.79,5.38,3.76,2.84,4.67,17.71,2.31,0.73,2.49,1.17,3.11,4.84,0.66,38.34,3.11,0.84
E02001787,1.06,0.6,49.07,0.73,4.33,46.64,8.21,14.32,3.49,1.73,6.07,2.56,16.45,10.02,19.09,1.98,4.73,3.24,5.06,4.95,0.4,2.97,0.18,19.34,20.99,4.79,3.97,2.65,3.82,4.29,14.81,17.92,3.45,1.4,3.29,3.3,2.49,1.46,1.41,8.62,8.64,3.38,7.47,3.36,6.4,27.77,154.43,2.16,21.83,4.38,2.24,23.8,8.48,0.79,2.05,1.05,1.6,1.49,6.96,3.44,8.26,5.39,1.47,19.61,1.83,14.54,2.91,46.9,8.76,3.51,10.44,14.04,4.13,6.63,30.1,23.5,3.42,0.83,6.21,18.7,12.53,14.46,12.22,41.95,82.25,9.83,2.55,12.78,6.71,69.46,5.72,34.94,21.57,39.92,63.67,2.17,8.02,25.01,6.5,10.48,2.95,4.98,33.22,45.14,6.77,31.55,6.78,6.19,8.12,5.18,28.93,11.93,90.1,42.8,29.71,20.65,13.73,5.35,39.54,7.1,2.63,8.47,40.9,3.09,28.55,8.73,6.35,4.18,4.84,5.44,8.25,2.92,1.51,1.89,20.87,3.24,0.78,3.5,1.64,4.36,6.78,0.92,58.84,4.79,1.28
E02001788,0.91,0.52,42.3,0.63,3.74,40.21,7.09,12.36,3.01,1.49,5.23,2.21,14.2,8.65,16.48,1.71,4.11,2.8,4.39,4.3,0.35,2.58,0.16,17.2,18.66,4.14,3.43,2.29,3.3,3.7,12.79,18.2,2.97,1.21,3.34,2.84,2.14,1.26,1.22,7.44,8.79,2.91,7.59,2.9,5.53,23.97,133.3,1.86,22.19,3.78,2.28,20.52,8.62,0.8,2.08,1.06,1.62,1.51,7.07,3.5,8.4,5.48,1.49,19.93,1.86,14.78,2.96,47.67,8.91,3.57,10.61,14.27,4.2,6.74,30.6,23.89,3.48,0.84,6.31,19.01,12.74,14.7,12.43,42.64,83.61,9.99,2.59,12.99,6.82,70.61,5.81,35.23,18.16,40.58,647.3,2.2,8.15,16.61,6.6,10.18,5.19,6.49,27.12,67.6,12.25,59.32,12.27,11.21,14.71,9.38,52.36,21.6,80.11,60.12,31.19,18.36,23.27,7.89,71.58,9.81,3.64,15.34,48.85,4.63,31.46,7.76,8.78,6.71,6.68,9.84,7.34,4.03,2.08,3.11,28.8,4.48,1.07,4.83,2.27,6.02,9.37,1.27,50.79,4.13,1.11
E02001789,0.63,0.36,29.39,0.44,2.6,27.93,4.92,8.59,2.09,1.03,3.64,1.53,9.85,6.01,11.45,1.19,2.85,1.94,3.05,2.99,0.24,1.79,0.11,11.95,12.96,2.87,2.38,1.59,2.29,2.57,8.88,8.82,2.06,0.84,1.58,1.97,1.49,0.88,0.84,5.16,4.17,2.02,3.6,2.01,3.84,16.65,92.49,1.29,10.51,2.63,1.08,14.25,4.08,0.38,0.99,0.5,0.8,0.72,3.35,1.66,3.98,2.6,0.71,9.46,0.88,7.0,1.4,22.58,4.22,1.69,5.03,6.76,1.99,3.2,14.51,11.32,1.65,0.4,2.99,9.01,6.04,6.97,5.89,60.6,102.21,16.9,5.69,22.9,14.65,33.49,12.82,16.71,8.75,43.91,39.19,5.85,4.37,10.14,6.93,4.82,17.37,8.19,12.35,37.22,34.79,80.49,32.37,26.38,13.42,10.49,123.42,50.9,55.59,49.71,21.66,12.75,54.84,10.66,168.51,9.07,6.61,36.16,33.93,10.91,21.83,5.39,6.79,15.83,8.91,23.2,5.1,5.9,4.45,7.32,27.78,3.11,1.15,3.35,1.57,4.18,6.51,0.88,35.28,2.87,0.77
E02001790,0.81,0.46,37.74,0.56,3.34,35.87,6.32,11.03,2.68,1.33,4.67,1.97,12.65,7.72,14.7,1.53,3.66,2.5,3.91,3.84,0.31,2.3,0.14,15.34,16.65,3.69,3.06,2.04,2.94,3.3,11.41,11.32,2.65,1.08,2.03,2.54,1.91,1.13,1.08,6.63,5.35,2.6,4.62,2.58,4.92,21.38,118.77,1.66,13.5,3.37,1.39,18.3,5.24,0.49,1.27,0.65,1.03,0.92,4.3,2.13,5.11,3.33,0.91,12.14,1.13,8.99,1.8,29.0,5.42,2.17,6.45,8.68,2.56,4.1,18.62,14.53,2.12,0.51,3.84,11.56,7.75,8.94,7.56,38.86,74.49,9.95,3.22,14.12,8.52,42.96,7.27,21.43,11.24,44.75,41.19,3.16,4.96,13.02,8.18,6.19,9.39,8.29,15.86,49.65,22.18,89.77,22.21,20.28,17.23,10.98,94.77,39.08,71.38,63.83,27.82,16.36,42.11,9.23,129.54,8.74,5.08,27.77,43.57,8.38,28.03,6.92,7.82,12.15,6.84,17.81,6.54,4.53,3.42,5.62,25.69,3.99,0.96,4.3,2.02,5.37,8.36,1.13,45.31,3.68,0.99
E02001791,0.36,0.21,16.89,0.25,1.49,16.05,2.83,4.94,1.2,0.59,2.09,0.88,5.66,3.45,6.58,0.68,1.64,1.12,1.75,1.72,0.14,1.03,0.06,7.77,8.25,1.65,1.37,0.91,1.31,1.48,5.1,5.17,1.19,0.48,0.95,1.13,0.86,0.5,0.48,2.97,2.49,1.16,2.15,1.16,2.2,9.57,53.15,0.74,6.3,1.51,0.65,8.19,2.45,0.23,0.59,0.3,0.46,0.43,2.01,0.99,2.38,1.55,0.42,5.66,0.53,4.19,0.84,13.53,2.53,1.01,3.01,4.05,1.19,1.91,8.68,6.78,0.99,0.24,1.79,5.39,3.62,4.17,3.53,43.46,73.3,12.14,4.08,16.44,10.52,20.4,9.21,10.18,5.25,31.49,28.1,4.2,3.13,5.83,4.44,2.77,17.47,5.88,7.1,21.39,18.57,46.25,62.59,56.89,9.45,20.0,235.01,109.64,31.94,46.65,17.02,8.87,104.43,20.33,321.24,17.29,12.59,68.86,37.59,20.8,23.01,5.0,12.93,30.17,16.99,44.17,4.85,11.25,8.48,13.94,52.96,4.37,2.19,5.22,2.93,7.77,12.08,1.63,20.27,1.65,0.44
E02001792,0.4,0.23,18.66,0.28,1.65,17.73,3.12,5.45,1.33,0.66,2.31,0.97,6.25,3.81,7.26,0.75,1.81,1.23,1.94,1.9,0.15,1.14,0.07,9.24,9.81,1.82,1.51,1.01,1.45,1.63,5.63,5.6,1.31,0.53,1.01,1.25,0.95,0.56,0.54,3.28,2.64,1.28,2.28,1.28,2.43,10.57,58.72,0.82,6.67,1.67,0.69,9.05,2.59,0.24,0.63,0.32,0.51,0.46,2.13,1.05,2.53,1.65,0.45,6.0,0.56,4.44,0.89,14.34,2.68,1.07,3.19,4.29,1.26,2.03,9.2,7.18,1.05,0.25,1.9,5.72,3.83,4.42,3.74,42.9,72.37,11.97,4.6,16.21,10.37,21.24,9.21,10.6,5.55,31.09,27.75,4.14,3.09,6.44,4.38,3.06,24.31,5.8,7.84,23.63,18.32,51.1,68.83,86.97,11.23,23.78,279.44,164.64,35.29,55.47,20.24,10.53,124.17,24.17,381.97,20.56,14.97,81.87,44.65,24.71,27.36,5.95,15.38,35.83,20.2,52.53,5.77,13.37,10.08,16.58,62.9,5.2,2.6,6.2,3.48,9.22,14.36,1.94,22.4,1.82,0.49
E02001793,0.86,0.49,39.67,0.59,3.51,37.71,6.64,11.59,2.82,1.4,4.91,2.07,13.3,8.11,15.46,1.6,3.85,2.62,4.12,4.03,0.32,2.42,0.15,17.99,19.06,3.88,3.22,2.14,3.09,3.47,11.99,11.9,2.79,1.13,2.14,2.66,2.01,1.18,1.14,6.97,5.63,2.73,4.86,2.71,5.18,22.48,124.85,1.75,14.19,3.55,1.46,19.24,5.51,0.51,1.33,0.68,1.09,0.97,4.52,2.24,5.37,3.51,0.95,12.76,1.19,9.45,1.89,30.49,5.7,2.28,6.78,9.13,2.69,4.31,19.57,15.28,2.23,0.54,4.04,12.17,8.16,9.41,7.95,27.27,53.47,6.44,2.09,9.14,5.52,45.21,4.72,22.53,11.81,28.98,41.39,2.15,5.21,13.69,5.29,6.51,6.39,5.37,16.68,50.25,15.09,70.34,18.53,18.21,55.57,33.84,121.28,52.01,78.59,211.81,45.23,22.66,78.74,30.62,217.2,26.08,11.58,41.7,86.86,14.05,53.16,11.57,18.58,20.4,16.68,29.27,11.17,10.68,5.73,8.72,61.03,9.48,2.27,10.22,4.8,12.75,19.83,2.68,47.63,3.87,1.04
E02001794,0.53,0.3,24.47,0.37,2.16,23.26,4.1,7.69,1.74,0.86,3.03,1.28,8.21,5.0,10.07,1.23,2.38,2.02,3.52,2.49,0.2,1.49,0.09,16.77,17.8,2.39,1.98,1.32,1.91,2.14,7.4,7.34,1.72,0.7,1.32,1.64,1.24,0.73,0.7,4.3,3.47,1.69,3.0,1.67,3.2,13.86,77.1,1.08,8.75,2.19,0.9,11.87,3.4,0.31,0.82,0.42,0.67,0.6,2.79,1.38,3.31,2.16,0.59,7.87,0.73,5.83,1.17,18.8,3.51,1.41,4.19,5.64,1.66,2.66,12.08,9.42,1.37,0.33,2.49,7.51,5.03,5.81,4.9,26.77,45.15,7.46,2.51,10.11,6.47,27.89,5.66,13.91,7.28,19.39,25.56,2.58,3.22,8.44,3.27,4.01,10.03,3.62,10.3,31.03,11.43,43.38,37.96,37.31,32.76,53.29,248.45,90.48,63.06,145.69,36.73,19.14,121.67,43.86,335.22,37.31,16.57,64.89,81.11,21.71,49.64,10.79,21.28,31.48,23.87,45.18,10.43,15.28,8.86,13.46,71.89,8.84,2.44,9.54,4.48,11.9,18.52,2.51,29.38,2.39,0.64
E02001795,0.36,0.2,16.46,0.25,1.46,15.65,2.76,5.33,1.17,0.58,2.04,0.86,5.52,3.37,6.98,0.85,1.6,1.4,2.44,1.67,0.13,1.01,0.07,11.62,12.33,1.61,1.33,0.89,1.28,1.44,4.97,4.94,1.16,0.47,0.89,1.11,0.83,0.49,0.47,2.89,2.33,1.13,2.01,1.13,2.15,9.33,51.8,0.72,5.89,1.47,0.6,7.98,2.29,0.21,0.55,0.28,0.45,0.4,1.88,0.93,2.23,1.46,0.4,5.3,0.49,3.92,0.79,12.65,2.36,0.95,2.82,3.79,1.11,1.79,8.13,6.34,0.92,0.22,1.68,5.05,3.38,3.91,3.3,37.85,63.85,10.57,3.56,14.3,9.16,18.76,8.02,9.36,4.9,27.43,24.48,3.66,2.73,5.68,3.87,2.7,14.18,5.12,6.92,20.85,16.18,45.09,53.68,52.77,14.13,29.9,335.5,119.74,43.69,69.75,25.45,13.26,130.24,30.39,400.65,25.85,15.7,85.88,56.2,25.91,34.4,7.48,16.13,37.58,21.16,55.09,7.23,14.02,10.58,17.39,65.97,6.13,2.72,6.61,3.65,9.67,15.06,2.04,19.76,1.61,0.43
E02001796,0.36,0.2,16.48,0.25,1.46,15.67,2.76,5.55,1.17,0.58,2.04,0.86,5.52,3.37,7.27,0.89,1.6,1.46,2.54,1.68,0.14,1.05,0.07,12.12,12.84,1.61,1.34,0.89,1.28,1.44,4.98,4.95,1.16,0.47,0.89,1.11,0.84,0.49,0.47,2.89,2.34,1.13,2.02,1.13,2.15,9.34,51.87,0.73,5.9,1.47,0.61,7.99,2.29,0.21,0.55,0.28,0.45,0.4,1.88,0.93,2.23,1.46,0.4,5.3,0.49,3.93,0.79,12.67,2.37,0.95,2.82,3.79,1.12,1.79,8.14,6.35,0.92,0.22,1.68,5.06,3.39,3.91,3.3,37.9,63.93,10.58,4.22,14.32,9.17,18.78,8.45,9.37,4.91,27.47,24.51,3.66,2.73,5.69,3.87,2.7,22.31,5.13,6.93,20.88,16.2,45.15,60.81,75.48,14.72,26.44,290.73,249.39,45.5,72.72,26.53,13.81,203.39,33.1,625.66,33.52,24.52,134.11,58.53,40.52,35.82,7.79,25.19,58.76,33.08,86.04,9.45,21.92,16.52,27.16,103.14,8.53,4.26,10.16,5.7,15.12,23.52,3.18,19.79,1.61,0.43
E02001797,1.31,0.74,60.59,0.91,5.36,57.59,10.14,20.36,5.21,2.53,7.5,3.16,18.73,13.13,40.57,3.25,7.89,5.37,11.22,10.99,0.5,6.59,0.25,44.49,47.14,5.92,4.91,3.27,4.72,5.29,18.31,18.18,4.26,1.73,3.1,4.07,3.07,1.81,1.74,10.64,8.15,4.17,3.42,4.15,7.92,34.32,190.68,2.67,21.5,5.41,1.57,29.38,6.1,0.3,0.91,0.39,1.66,0.56,2.62,1.3,4.24,2.03,0.55,7.39,0.75,5.48,1.61,17.66,3.3,1.32,5.87,13.14,1.56,2.5,11.34,8.85,1.29,0.32,2.34,7.05,4.73,5.45,4.6,15.47,30.32,3.62,0.94,4.71,2.47,26.16,2.11,18.71,14.68,14.74,23.48,0.8,2.96,17.01,2.4,4.94,1.49,1.84,10.36,15.33,3.51,16.32,3.51,3.2,4.4,3.64,21.0,9.01,347.86,27.02,103.23,57.75,14.57,5.34,37.84,7.55,2.8,7.27,119.94,3.3,77.52,22.66,6.76,4.45,5.15,5.1,21.43,3.1,1.6,2.01,22.19,7.47,0.83,7.42,3.24,6.39,10.17,1.38,72.74,7.1,1.59
E02001798,0.9,0.51,41.82,0.62,3.69,39.75,7.0,12.21,2.97,1.47,5.17,2.18,14.02,8.54,16.27,1.82,4.06,2.99,5.19,4.25,0.34,2.54,0.15,24.78,26.26,4.09,3.39,2.26,3.26,3.66,12.63,12.53,2.94,1.2,2.17,2.81,2.12,1.25,1.2,7.34,5.71,2.88,4.93,2.86,5.46,23.67,131.62,1.84,14.82,3.74,1.48,20.28,5.6,0.52,1.35,0.69,1.14,0.98,4.6,2.27,5.46,3.56,0.97,12.96,1.21,9.6,1.92,30.95,5.78,2.32,6.89,9.27,2.73,4.38,19.89,15.51,2.26,0.54,4.1,12.35,8.28,9.56,8.08,27.71,54.27,6.49,1.68,8.44,4.42,45.89,3.78,22.89,12.45,26.37,42.07,1.54,5.3,14.43,4.29,6.61,4.66,3.84,16.95,39.63,10.79,50.27,17.64,17.34,40.86,29.03,115.47,49.58,93.05,264.85,54.26,28.24,74.97,29.19,206.8,28.62,11.03,39.75,119.69,13.39,73.25,15.94,25.61,19.42,19.5,27.87,15.4,11.76,6.07,8.3,84.1,13.07,3.13,14.09,6.62,17.58,27.36,3.7,50.15,4.08,1.09
E02001799,1.73,0.99,74.71,1.55,7.5,74.64,12.51,34.54,6.1,2.96,9.24,5.29,23.1,16.17,47.54,5.53,9.24,9.11,15.82,12.87,0.85,7.71,0.42,75.82,84.54,7.3,6.06,4.03,5.82,6.53,22.58,22.42,5.25,2.14,3.83,5.02,3.78,2.23,2.15,13.12,10.05,5.14,4.22,5.11,9.75,42.33,235.14,3.29,26.51,6.68,1.94,36.23,7.51,0.36,1.12,0.49,2.04,0.69,3.23,1.6,5.23,2.5,0.68,9.11,0.93,6.75,1.99,21.78,4.06,1.63,7.23,16.2,1.92,3.08,13.98,10.91,1.59,0.4,2.88,8.68,5.82,6.72,5.68,19.07,37.39,4.47,1.16,5.81,3.05,32.26,2.6,23.05,18.1,18.15,28.95,0.99,3.65,20.98,2.95,6.09,2.16,2.27,12.78,22.32,5.1,23.79,6.99,6.87,9.47,7.95,45.74,19.64,386.02,58.92,219.57,112.39,31.77,11.63,82.51,16.47,6.1,15.84,261.23,7.18,170.24,44.04,14.73,9.68,11.22,11.12,41.7,6.77,3.49,4.39,48.34,14.51,1.8,14.44,6.3,12.44,19.79,2.68,89.7,8.31,1.95
E02001800,1.9,1.08,66.56,1.7,8.22,81.83,12.16,37.91,6.69,3.24,8.24,5.8,20.58,14.42,52.18,6.07,10.13,10.0,17.36,14.12,0.93,8.46,0.46,83.22,92.79,6.51,5.4,3.6,5.19,5.82,20.12,19.97,4.68,1.9,3.41,4.47,3.87,1.99,1.91,11.7,8.95,4.59,3.76,5.38,8.7,37.71,209.74,2.93,23.62,5.95,1.73,32.28,6.7,0.31,0.99,0.42,1.82,0.59,2.77,1.37,4.67,2.15,0.59,7.83,0.83,5.8,1.77,18.71,3.49,1.4,6.45,14.43,1.65,2.65,12.01,9.37,1.37,0.35,2.48,7.47,5.0,5.78,4.88,16.38,32.11,3.84,1.0,4.99,2.62,27.74,2.23,19.82,15.54,15.61,24.86,0.85,3.13,18.02,2.54,5.23,1.57,1.95,10.97,16.24,3.71,17.29,4.5,4.42,5.87,5.12,29.46,12.63,266.89,37.89,138.89,120.04,20.44,7.49,53.07,10.59,3.93,10.2,175.96,4.62,162.27,48.34,9.48,6.23,7.22,7.16,45.76,5.01,2.86,2.82,43.48,15.93,1.3,15.85,6.91,13.66,21.72,2.94,79.92,9.12,1.74
E02001801,0.18,0.1,7.93,0.16,0.78,7.71,1.33,3.57,0.63,0.28,0.98,0.55,2.66,1.62,4.69,0.57,0.83,0.94,1.64,1.08,0.09,0.68,0.04,7.81,8.27,0.77,0.64,0.43,0.62,0.69,2.39,2.38,0.56,0.23,0.41,0.53,0.4,0.24,0.23,1.39,1.07,0.55,0.93,0.54,1.03,4.48,24.94,0.35,2.81,0.71,0.28,3.84,1.05,0.1,0.25,0.13,0.22,0.18,0.86,0.43,1.02,0.67,0.18,2.43,0.23,1.8,0.36,5.81,1.09,0.43,1.29,1.74,0.51,0.82,3.73,2.91,0.42,0.1,0.77,2.32,1.55,1.79,1.51,16.27,27.44,4.54,1.53,6.15,3.94,8.6,3.44,4.29,2.36,11.79,10.52,1.57,1.17,2.74,1.66,1.24,6.97,2.2,3.18,8.96,6.95,19.37,23.07,22.67,8.87,14.16,125.95,81.01,29.32,43.8,17.1,8.9,245.0,45.59,477.02,39.29,27.03,92.56,37.71,44.44,23.08,5.02,27.7,53.32,31.07,64.9,10.39,20.2,15.24,19.66,95.06,9.37,3.93,10.1,5.26,13.96,21.7,2.94,9.5,0.77,0.21
E02001802,0.23,0.13,10.67,0.2,0.98,10.15,1.79,4.53,0.8,0.38,1.32,0.69,3.58,2.18,5.94,0.72,1.05,1.2,2.07,1.37,0.11,0.86,0.06,9.89,10.5,1.04,0.87,0.58,0.83,0.93,3.22,3.2,0.75,0.3,0.55,0.72,0.54,0.32,0.31,1.88,1.44,0.73,1.25,0.73,1.39,6.04,33.61,0.47,3.79,0.95,0.37,5.18,1.42,0.13,0.34,0.17,0.29,0.25,1.16,0.57,1.38,0.9,0.24,3.27,0.31,2.43,0.49,7.83,1.46,0.59,1.74,2.34,0.69,1.11,5.02,3.92,0.57,0.14,1.04,3.12,2.09,2.41,2.04,10.96,18.48,3.06,1.03,4.14,2.65,11.59,2.32,5.78,3.18,7.94,10.63,1.06,1.34,3.68,1.12,1.67,4.1,1.48,4.28,10.51,4.68,14.69,15.54,15.28,11.94,17.67,101.72,45.64,37.19,59.02,21.66,11.29,157.79,60.93,293.7,58.98,27.18,56.92,47.84,28.42,29.28,6.37,33.79,35.08,37.86,39.96,12.68,24.27,12.53,15.72,114.18,11.43,3.87,12.32,6.31,16.74,26.04,3.52,12.81,1.04,0.28
E02001803,0.21,0.12,9.75,0.19,0.9,9.27,1.63,4.14,0.73,0.34,1.21,0.63,3.27,1.99,5.43,0.66,0.96,1.09,1.89,1.25,0.1,0.78,0.05,9.04,9.58,0.95,0.79,0.53,0.76,0.85,2.94,2.92,0.68,0.28,0.52,0.65,0.49,0.29,0.28,1.71,1.37,0.67,1.19,0.67,1.27,5.52,30.68,0.43,3.47,0.87,0.36,4.73,1.35,0.12,0.33,0.17,0.27,0.24,1.1,0.55,1.31,0.86,0.23,3.12,0.29,2.31,0.46,7.45,1.39,0.56,1.66,2.23,0.66,1.05,4.79,3.73,0.54,0.13,0.99,2.97,1.99,2.3,1.94,22.31,37.63,6.22,2.09,8.43,5.39,11.04,4.72,5.51,2.9,16.17,14.43,2.15,1.61,3.36,2.28,1.59,9.56,3.02,4.08,12.29,9.52,26.57,31.64,31.1,10.91,17.4,172.76,111.12,33.94,53.87,19.79,10.3,212.7,37.84,661.32,38.36,28.06,150.05,43.66,46.36,26.72,5.82,28.83,72.54,39.7,105.21,10.82,26.27,19.82,31.34,123.61,9.76,5.18,12.19,6.84,18.15,28.22,3.82,11.7,0.95,0.26
E02001804,0.32,0.18,14.22,0.29,1.4,13.89,2.38,6.43,1.13,0.5,1.76,0.98,4.77,2.91,8.44,1.03,1.5,1.7,2.94,1.95,0.16,1.22,0.08,14.06,14.9,1.39,1.15,0.77,1.11,1.24,4.3,4.27,1.0,0.41,0.73,0.96,0.72,0.42,0.41,2.5,1.92,0.98,1.66,0.97,1.86,8.05,44.8,0.63,5.04,1.27,0.5,6.9,1.89,0.17,0.46,0.23,0.39,0.33,1.55,0.76,1.84,1.2,0.33,4.36,0.41,3.23,0.65,10.42,1.95,0.78,2.32,3.12,0.92,1.47,6.7,5.22,0.76,0.18,1.38,4.16,2.79,3.22,2.72,9.35,18.28,2.61,0.88,3.53,2.26,15.45,1.98,7.71,4.23,8.88,14.16,0.9,1.78,4.91,1.44,2.23,3.99,1.26,5.71,13.12,3.99,13.97,13.27,13.04,10.21,15.08,86.83,46.37,52.78,58.07,30.78,16.02,136.46,59.18,298.76,99.98,24.59,57.9,67.89,28.91,41.55,9.04,47.39,39.01,45.2,42.87,18.71,27.27,14.08,17.67,128.31,16.87,4.35,18.19,8.98,23.85,37.08,5.02,17.07,1.39,0.37
E02001805,0.22,0.13,9.79,0.2,0.96,9.57,1.64,4.43,0.78,0.34,1.21,0.68,3.28,2.0,5.81,0.71,1.03,1.17,2.03,1.34,0.11,0.84,0.05,9.67,10.26,0.96,0.79,0.53,0.76,0.86,2.96,2.94,0.69,0.28,0.5,0.66,0.5,0.29,0.28,1.72,1.32,0.67,1.14,0.67,1.28,5.55,30.82,0.43,3.48,0.88,0.34,4.75,1.3,0.12,0.31,0.16,0.27,0.23,1.06,0.53,1.26,0.83,0.22,3.01,0.28,2.23,0.45,7.18,1.34,0.54,1.6,2.15,0.63,1.02,4.61,3.6,0.52,0.13,0.95,2.87,1.92,2.22,1.87,12.65,21.33,3.53,1.19,4.78,3.06,10.64,2.68,5.31,2.92,9.16,9.76,1.22,1.23,3.38,1.29,1.53,5.42,1.71,3.93,9.03,5.4,15.06,17.94,17.63,8.42,12.44,97.92,62.98,36.36,41.55,21.17,11.03,174.28,50.64,405.82,45.65,32.04,78.74,46.76,39.27,28.62,6.22,34.35,48.48,38.49,55.21,12.89,24.79,14.49,18.45,116.63,11.62,3.95,12.53,6.44,17.1,26.63,3.6,11.76,0.96,0.26
E02001806,0.18,0.1,8.26,0.14,0.73,7.85,1.38,3.16,0.59,0.29,1.02,0.48,2.77,1.69,4.14,0.5,0.8,0.83,1.44,0.96,0.08,0.6,0.04,6.89,7.31,0.81,0.67,0.45,0.64,0.72,2.5,2.48,0.58,0.24,0.44,0.55,0.42,0.25,0.24,1.45,1.17,0.57,1.01,0.56,1.08,4.68,25.98,0.36,2.95,0.74,0.3,4.0,1.15,0.11,0.28,0.14,0.23,0.2,0.94,0.47,1.12,0.73,0.2,2.66,0.25,1.97,0.39,6.34,1.19,0.47,1.41,1.9,0.56,0.9,4.07,3.18,0.46,0.11,0.84,2.53,1.7,1.96,1.65,18.99,32.02,5.3,1.78,7.17,4.59,9.4,4.02,4.69,2.46,13.76,12.28,1.83,1.37,2.85,1.94,1.35,8.13,2.57,3.47,10.46,8.11,22.61,26.92,26.46,8.32,13.37,147.0,94.55,25.9,41.1,15.09,7.86,163.84,29.11,595.66,29.51,21.61,189.22,33.32,35.71,20.39,4.43,22.21,71.41,31.09,120.25,8.33,20.6,15.7,38.0,96.93,7.51,5.1,9.55,5.35,14.21,22.13,2.99,9.91,0.81,0.22
E02001807,1.32,0.75,47.4,1.18,5.72,56.9,8.01,26.36,4.63,1.83,5.86,4.03,14.66,10.27,34.52,4.21,5.86,6.94,12.06,7.99,0.65,4.97,0.32,57.52,61.03,4.63,3.84,2.56,3.69,4.14,14.32,14.22,3.33,1.36,2.43,3.18,2.69,1.41,1.36,8.32,6.37,3.26,2.68,3.73,6.19,26.85,149.17,2.09,16.82,4.24,1.23,22.99,4.77,0.23,0.71,0.31,1.3,0.44,2.05,1.01,3.32,1.59,0.43,5.78,0.59,4.28,1.26,13.82,2.58,1.03,4.59,10.28,1.22,1.95,8.87,6.92,1.01,0.25,1.83,5.51,3.69,4.26,3.6,12.1,23.72,2.83,0.73,3.68,1.93,20.47,1.65,14.64,11.48,11.53,18.36,0.62,2.31,13.31,1.88,3.86,1.88,1.44,8.11,16.11,3.68,17.17,7.11,6.98,8.39,8.09,46.56,19.97,206.71,59.9,120.4,65.62,32.3,11.84,83.88,16.74,6.21,16.12,361.41,7.31,235.8,37.62,14.98,9.86,11.41,11.31,50.58,6.89,3.55,4.46,49.2,17.6,1.83,17.51,7.64,15.09,24.01,3.25,56.9,5.61,1.24
E02001808,0.18,0.1,8.11,0.16,0.8,7.93,1.36,3.67,0.64,0.29,1.0,0.56,2.72,1.66,4.81,0.59,0.85,0.97,1.68,1.11,0.09,0.69,0.04,8.01,8.5,0.79,0.66,0.44,0.63,0.71,2.45,2.43,0.57,0.23,0.42,0.55,0.41,0.24,0.23,1.42,1.1,0.56,0.95,0.56,1.06,4.6,25.53,0.36,2.88,0.73,0.28,3.93,1.08,0.1,0.26,0.13,0.22,0.19,0.88,0.44,1.05,0.68,0.19,2.49,0.23,1.84,0.37,5.95,1.11,0.45,1.32,1.78,0.52,0.84,3.82,2.98,0.43,0.1,0.79,2.37,1.59,1.84,1.55,14.7,24.8,4.11,1.38,5.56,3.56,8.82,3.11,4.39,2.42,10.65,9.51,1.42,1.06,2.8,1.5,1.27,6.31,1.99,3.25,8.1,6.28,17.51,20.88,20.5,7.19,11.48,113.85,73.31,30.12,35.54,17.54,9.14,201.9,37.31,472.37,37.82,27.67,91.66,38.74,47.76,23.71,5.15,28.46,57.64,35.47,64.27,10.68,23.5,16.95,21.83,110.59,9.63,4.37,10.91,6.11,16.22,25.25,3.42,9.74,0.79,0.21
E02001809,1.46,0.83,41.61,1.31,6.32,62.87,8.86,29.12,5.12,2.03,5.15,4.46,12.87,9.02,38.19,4.66,6.33,7.68,13.32,8.83,0.72,5.5,0.36,63.63,67.43,4.07,3.37,2.25,3.24,3.64,12.58,12.49,2.92,1.19,2.13,2.8,2.97,1.41,1.2,7.32,5.6,2.86,2.35,4.13,5.44,23.57,130.96,1.93,14.77,3.72,1.08,20.18,4.19,0.2,0.62,0.26,1.14,0.37,1.73,0.86,2.91,1.34,0.37,4.9,0.52,3.63,1.11,11.69,2.18,0.88,4.03,9.02,1.03,1.65,7.51,5.86,0.85,0.22,1.55,4.66,3.13,3.61,3.05,10.24,20.08,2.4,0.62,3.12,1.64,17.32,1.4,12.39,9.72,9.76,15.54,0.53,1.96,11.26,1.59,3.27,1.39,1.22,6.86,12.58,2.87,13.39,5.28,5.19,6.22,6.0,34.55,14.82,161.97,44.44,95.12,73.37,23.97,8.79,62.24,12.42,4.61,11.96,285.88,5.42,308.28,50.01,11.12,7.31,8.46,8.4,51.8,5.67,3.23,3.31,49.21,18.05,1.47,17.94,7.82,15.46,24.59,3.33,49.96,6.21,1.09
E02001810,2.95,1.68,65.53,2.64,12.76,126.98,17.9,58.83,10.34,3.8,8.11,9.0,20.26,14.2,77.13,9.4,11.27,15.49,26.91,15.71,1.45,11.1,0.72,128.37,136.19,6.97,5.78,3.85,5.59,6.23,21.54,21.39,5.01,2.04,3.65,4.79,6.0,2.84,2.05,12.53,9.59,5.15,4.03,8.33,9.76,40.38,235.52,3.9,25.29,6.69,1.85,36.25,7.18,0.31,1.07,0.41,1.95,0.58,2.73,1.35,5.0,2.12,0.58,7.7,0.89,5.71,1.9,18.42,3.44,1.38,6.91,15.45,1.62,2.6,11.82,9.23,1.34,0.38,2.44,7.34,4.92,5.68,4.8,16.13,31.61,3.78,0.98,4.91,2.58,27.28,2.2,19.51,15.3,15.34,24.48,0.83,3.08,17.74,2.5,5.15,1.56,1.92,10.8,15.99,3.65,17.02,5.91,5.81,6.97,6.72,38.68,16.61,243.85,49.81,126.75,112.57,26.86,9.85,69.76,13.93,5.16,13.39,234.9,6.07,257.54,112.77,12.46,8.57,10.59,9.47,83.63,9.16,5.22,4.35,79.45,29.11,2.38,28.96,12.63,24.96,39.7,5.37,98.2,12.54,2.05
E02001811,0.51,0.29,22.47,0.46,2.21,21.95,3.77,10.17,1.79,0.79,2.78,1.56,7.54,4.59,13.33,1.63,2.36,2.68,4.65,3.08,0.25,1.92,0.12,22.22,23.54,2.2,1.82,1.21,1.75,1.96,6.79,6.74,1.58,0.64,1.16,1.51,1.14,0.67,0.65,3.95,3.04,1.55,2.63,1.54,2.94,12.73,70.72,0.99,7.97,2.01,0.79,10.9,2.98,0.28,0.72,0.37,0.61,0.52,2.44,1.21,2.9,1.9,0.52,6.9,0.64,5.11,1.02,16.47,3.08,1.23,3.67,4.94,1.45,2.33,10.58,8.25,1.2,0.29,2.18,6.57,4.41,5.09,4.3,14.75,28.89,3.46,1.16,4.67,2.99,24.42,2.62,12.19,6.69,14.04,22.39,1.19,2.82,7.75,2.28,3.52,5.3,1.75,9.02,20.74,5.28,22.08,17.53,17.23,12.85,15.2,95.73,61.57,83.42,91.79,48.64,25.32,169.97,59.91,396.73,83.73,32.69,76.98,107.3,38.44,65.67,14.29,62.71,51.86,60.02,57.0,29.58,36.21,18.69,23.46,198.76,26.66,6.71,28.75,14.2,37.69,58.61,7.93,26.98,2.19,0.59
E02001812,0.26,0.15,11.55,0.23,1.13,11.28,1.93,5.23,0.92,0.41,1.43,0.8,3.87,2.36,6.85,0.84,1.21,1.38,2.39,1.58,0.13,0.99,0.06,11.41,12.1,1.13,0.94,0.62,0.9,1.01,3.49,3.47,0.81,0.33,0.59,0.78,0.59,0.34,0.33,2.03,1.56,0.79,1.35,0.79,1.51,6.54,36.35,0.51,4.1,1.03,0.4,5.6,1.53,0.14,0.37,0.19,0.32,0.27,1.26,0.62,1.49,0.97,0.26,3.54,0.33,2.62,0.53,8.47,1.58,0.63,1.88,2.54,0.75,1.2,5.44,4.24,0.62,0.15,1.12,3.38,2.27,2.61,2.21,22.5,37.95,6.28,2.11,8.51,5.45,12.55,4.77,6.26,3.44,16.3,14.55,2.17,1.62,3.99,2.3,1.81,9.65,3.04,4.63,12.39,9.62,26.8,31.95,31.36,11.02,17.57,174.22,112.19,42.88,54.39,24.97,13.01,255.61,48.59,779.83,53.84,36.04,193.38,55.15,60.83,33.75,7.68,40.51,155.43,71.12,173.08,16.36,47.12,41.86,68.84,221.74,15.06,13.6,21.85,12.25,32.51,50.62,6.85,13.87,1.13,0.3
E02001813,0.33,0.19,14.67,0.3,1.44,14.33,2.46,6.64,1.17,0.52,1.82,1.02,4.92,3.0,8.7,1.06,1.54,1.75,3.04,2.01,0.16,1.25,0.08,14.5,16.15,1.44,1.19,0.79,1.14,1.28,4.43,4.4,1.03,0.42,0.75,0.99,0.74,0.44,0.42,2.58,1.98,1.01,1.71,1.0,1.92,8.31,46.22,0.65,5.21,1.31,0.51,7.11,1.95,0.18,0.47,0.24,0.4,0.34,1.6,0.79,1.9,1.24,0.34,4.5,0.42,3.34,0.67,10.75,2.01,0.8,2.4,3.22,0.95,1.52,6.91,5.39,0.79,0.19,1.43,4.29,2.88,3.32,2.81,13.92,23.45,3.88,1.31,5.26,3.37,15.94,2.95,7.95,4.37,10.09,14.62,1.34,1.84,5.06,1.49,2.3,5.96,1.88,5.89,13.54,5.94,16.56,19.74,19.4,9.89,14.62,107.66,69.33,54.46,59.92,31.76,16.53,163.48,57.55,468.39,68.46,31.4,92.4,70.05,41.08,42.87,10.42,51.46,78.06,91.31,86.31,22.18,63.89,32.98,35.53,300.61,20.42,10.2,29.65,16.6,44.08,68.63,9.28,17.61,1.43,0.38
E02001814,0.13,0.08,6.14,0.12,0.56,5.84,1.03,2.57,0.45,0.22,0.76,0.39,2.06,1.26,3.37,0.41,0.6,0.68,1.18,0.78,0.06,0.49,0.03,5.61,5.95,0.6,0.5,0.33,0.48,0.54,1.85,1.84,0.43,0.18,0.33,0.41,0.31,0.18,0.18,1.08,0.87,0.42,0.75,0.42,0.8,3.48,19.34,0.27,2.2,0.55,0.23,2.98,0.85,0.08,0.21,0.11,0.17,0.15,0.7,0.35,0.83,0.54,0.15,1.97,0.18,1.46,0.29,4.72,0.88,0.35,1.05,1.41,0.42,0.67,3.03,2.37,0.34,0.08,0.63,1.88,1.26,1.46,1.23,14.13,23.83,3.94,1.33,5.34,3.42,6.99,2.99,3.49,1.83,10.24,9.14,1.36,1.02,2.12,1.44,1.01,6.05,1.91,2.58,7.78,6.04,16.83,20.04,19.69,6.77,10.8,109.4,70.36,21.07,33.43,12.28,6.4,133.26,23.71,484.49,25.35,17.58,139.49,27.1,29.05,16.6,3.63,19.07,74.14,33.69,171.52,7.74,22.29,20.59,59.95,104.9,7.13,6.69,10.35,5.8,15.38,23.95,3.24,7.38,0.6,0.16
E02001815,2.29,1.3,59.2,2.05,9.9,98.56,13.87,45.66,8.01,2.94,7.33,6.99,18.33,12.83,59.79,7.3,9.02,12.03,20.89,12.56,1.12,8.62,0.56,100.12,158.15,5.79,4.8,3.2,4.61,5.17,17.89,17.76,4.16,1.69,3.03,3.98,4.65,2.21,1.7,10.41,7.96,4.08,3.35,6.47,7.73,33.54,186.52,3.03,21.0,5.3,1.54,28.74,5.96,0.28,0.88,0.37,1.62,0.53,2.47,1.22,4.15,1.91,0.52,6.96,0.74,5.16,1.57,16.63,3.11,1.25,5.74,12.83,1.47,2.35,10.69,8.34,1.21,0.31,2.21,6.64,4.45,5.14,4.34,14.57,28.56,3.41,0.89,4.44,2.33,24.67,1.99,17.62,13.82,13.88,22.14,0.75,2.79,16.02,2.26,4.65,1.66,1.73,9.76,14.44,3.3,15.37,5.48,5.39,6.44,6.21,35.73,19.24,220.27,45.97,114.63,101.81,53.11,18.72,123.97,27.53,10.21,24.05,301.7,12.01,254.86,79.9,24.63,17.44,21.54,19.26,172.34,18.66,10.61,8.84,161.8,59.28,4.84,58.91,25.69,50.77,80.85,10.94,76.22,9.73,1.59
E02001816,1.65,0.94,13.1,1.08,6.78,57.38,9.12,17.64,3.52,1.07,1.98,3.15,2.26,1.72,13.62,2.44,1.17,3.76,3.86,1.5,0.52,1.08,0.24,5.44,3.56,26.82,29.83,16.44,16.62,33.95,91.97,123.66,20.01,4.98,15.33,12.55,6.16,4.08,4.38,27.81,34.54,8.96,11.47,7.86,12.84,62.44,270.46,4.99,63.95,7.59,4.68,39.09,13.7,1.98,18.0,2.12,18.64,2.95,10.13,10.02,114.0,7.85,1.48,56.83,21.01,18.36,47.66,61.51,6.46,2.47,146.26,148.38,3.48,6.57,18.94,13.54,6.89,3.11,3.85,8.82,9.1,20.59,25.39,6.68,13.09,1.56,0.41,2.03,0.92,15.17,0.7,7.57,3.9,6.35,8.24,0.26,0.98,2.71,0.79,1.19,0.36,0.61,2.04,3.45,0.54,2.51,0.56,0.49,0.65,0.41,2.3,0.95,9.81,3.4,3.23,2.33,1.09,0.42,3.14,0.56,0.21,0.67,4.45,0.25,3.23,1.07,0.5,0.33,0.38,0.43,0.93,0.23,0.12,0.15,1.66,0.32,0.06,0.32,0.2,0.35,0.54,0.07,46.42,4.19,4.4
E02001817,0.2,0.11,6.46,0.18,0.86,8.55,1.2,3.96,0.7,0.26,0.8,0.61,2.17,1.32,5.19,0.63,0.82,1.04,1.81,1.14,0.1,0.75,0.05,8.65,11.25,0.63,0.52,0.35,0.5,0.56,1.95,1.94,0.45,0.18,0.33,0.43,0.4,0.19,0.19,1.14,0.87,0.45,0.76,0.56,0.84,3.66,20.36,0.28,2.29,0.58,0.23,3.14,0.86,0.08,0.21,0.11,0.18,0.15,0.7,0.35,0.84,0.54,0.15,1.98,0.18,1.47,0.29,4.74,0.88,0.35,1.06,1.42,0.42,0.67,3.04,2.38,0.35,0.08,0.63,1.89,1.27,1.46,1.24,9.83,16.57,2.74,0.92,3.71,2.38,7.02,2.08,3.5,1.93,7.12,6.44,0.95,0.81,2.23,1.0,1.01,4.21,1.33,2.59,5.96,4.2,11.7,13.94,13.7,4.81,7.67,76.09,48.94,23.99,26.39,13.99,9.25,113.37,26.93,330.63,30.16,16.72,66.01,30.85,27.75,23.15,7.26,22.66,64.97,46.64,74.61,15.45,41.75,68.93,67.06,325.1,14.23,21.75,20.66,13.42,35.62,55.45,7.5,7.76,0.84,0.17
E02001818,0.18,0.1,7.83,0.16,0.77,7.65,1.31,3.54,0.62,0.28,0.97,0.54,2.63,1.6,4.65,0.57,0.82,0.93,1.62,1.07,0.09,0.67,0.04,7.74,9.04,0.77,0.63,0.42,0.61,0.68,2.37,2.35,0.55,0.22,0.4,0.53,0.4,0.23,0.23,1.38,1.06,0.54,0.92,0.54,1.02,4.44,24.67,0.34,2.78,0.7,0.27,3.8,1.04,0.1,0.25,0.13,0.21,0.18,0.85,0.42,1.01,0.66,0.18,2.4,0.22,1.78,0.36,5.74,1.07,0.43,1.28,1.72,0.51,0.81,3.69,2.88,0.42,0.1,0.76,2.29,1.54,1.77,1.5,15.6,26.31,4.36,1.47,5.89,3.78,8.51,3.3,4.25,2.33,11.3,10.09,1.51,1.12,2.7,1.59,1.23,6.68,2.11,3.14,8.59,6.67,18.58,22.12,21.74,7.06,11.25,120.78,77.68,29.06,34.83,16.95,8.83,141.15,32.63,504.72,36.54,20.55,154.18,37.38,34.51,22.91,5.84,27.46,103.13,48.5,209.68,12.43,32.13,64.73,160.79,249.0,11.44,24.37,16.59,12.29,32.62,51.7,8.42,9.4,0.76,0.21
E02001819,0.38,0.22,11.34,0.34,1.66,16.51,2.32,7.65,1.34,0.51,1.4,1.17,3.8,2.32,10.02,1.22,1.58,2.01,3.5,2.2,0.19,1.44,0.09,16.69,21.71,1.11,0.92,0.61,0.88,0.99,3.43,3.4,0.8,0.32,0.58,0.76,0.78,0.37,0.33,1.99,1.53,0.78,1.32,1.08,1.48,6.42,35.68,0.51,4.02,1.01,0.4,5.5,1.5,0.14,0.36,0.19,0.31,0.26,1.23,0.61,1.46,0.96,0.26,3.48,0.32,2.58,0.52,8.31,1.55,0.62,1.85,2.49,0.73,1.18,5.34,4.16,0.61,0.15,1.1,3.32,2.22,2.57,2.17,7.77,14.57,2.17,0.73,2.93,1.88,12.32,1.64,6.15,3.38,7.08,11.29,0.75,1.42,3.91,1.15,1.77,3.33,1.05,4.55,10.45,3.32,11.14,11.03,10.82,6.48,7.89,60.13,38.72,42.08,46.31,24.51,17.84,89.59,31.09,261.28,34.82,17.05,51.61,54.13,22.94,44.66,14.0,30.53,43.6,53.85,48.15,29.84,66.39,41.18,32.68,529.31,27.45,17.91,39.85,22.74,60.37,94.0,12.72,13.61,1.63,0.3
E02001820,1.1,0.62,29.68,0.98,4.74,47.19,6.64,21.86,3.84,1.45,3.67,3.35,9.18,6.43,28.63,3.49,4.52,5.76,10.0,6.3,0.54,4.12,0.27,47.7,62.05,2.9,2.41,1.6,2.31,2.59,8.97,8.91,2.09,0.85,1.52,1.99,2.23,1.06,0.85,5.21,3.99,2.04,1.68,3.1,3.88,16.82,93.41,1.45,10.53,2.65,0.77,14.39,2.99,0.17,0.44,0.22,0.81,0.32,1.49,0.74,2.08,1.16,0.31,4.22,0.39,3.12,0.79,10.07,1.88,0.75,2.87,6.43,0.89,1.42,6.47,5.05,0.74,0.18,1.34,4.02,2.69,3.11,2.63,9.02,17.66,2.11,0.55,2.75,1.44,14.93,1.23,8.83,6.93,8.58,13.69,0.48,1.72,8.03,1.4,2.33,2.15,1.07,5.51,12.67,2.9,13.5,7.11,6.98,7.86,7.57,43.57,24.98,110.44,56.12,57.41,50.99,68.88,24.28,160.97,35.71,13.25,31.2,151.09,15.58,127.79,40.01,31.94,23.11,28.54,25.52,85.29,24.69,14.06,11.71,214.12,75.35,6.41,78.05,32.19,67.27,106.99,14.47,36.49,4.66,0.78
E02001821,0.27,0.15,9.96,0.24,1.17,11.65,1.67,5.4,0.95,0.36,1.23,0.83,3.34,2.03,7.08,0.86,1.12,1.42,2.47,1.56,0.13,1.02,0.07,11.78,15.32,0.97,0.81,0.54,0.78,0.87,3.01,2.99,0.7,0.28,0.51,0.67,0.55,0.3,0.29,1.75,1.35,0.69,1.16,0.77,1.3,5.64,31.35,0.44,3.53,0.89,0.35,4.83,1.32,0.12,0.32,0.16,0.27,0.23,1.08,0.54,1.29,0.84,0.23,3.06,0.28,2.26,0.45,7.3,1.36,0.55,1.62,2.19,0.64,1.03,4.69,3.66,0.53,0.13,0.97,2.91,1.95,2.25,1.9,7.57,12.81,2.11,0.71,2.86,1.83,10.81,1.6,5.4,2.97,6.22,9.91,0.73,1.25,3.44,1.01,1.56,3.24,1.02,3.99,9.19,3.23,9.78,10.74,10.55,5.69,6.31,58.58,37.72,36.94,40.65,21.54,12.61,87.38,24.85,258.5,27.83,13.62,64.1,47.57,21.37,31.56,9.89,24.32,63.1,43.1,72.46,21.06,53.51,64.99,75.44,422.59,19.4,33.89,28.13,20.86,55.3,86.1,11.65,11.95,1.15,0.26
E02001822,0.91,0.52,24.6,0.81,3.93,39.07,5.51,18.1,3.18,1.2,3.04,2.77,7.61,5.32,23.73,2.9,3.74,4.77,8.29,5.22,0.45,3.42,0.22,39.54,51.43,2.4,2.0,1.33,1.92,2.15,7.43,7.38,1.73,0.7,1.26,1.65,1.85,0.88,0.71,4.32,3.31,1.69,1.44,2.57,3.21,13.94,77.43,1.2,8.72,2.2,0.64,11.93,2.47,0.15,0.4,0.2,0.67,0.29,1.34,0.66,1.72,1.04,0.28,3.79,0.35,2.8,0.65,9.05,1.69,0.68,2.38,5.33,0.8,1.28,5.81,4.53,0.66,0.16,1.2,3.61,2.42,2.79,2.36,8.1,15.87,1.9,0.49,2.47,1.29,13.42,1.1,7.32,5.74,7.71,12.3,0.48,1.55,6.65,1.25,1.93,2.13,0.96,4.96,11.38,2.6,12.13,7.06,6.94,7.06,6.8,39.15,24.8,91.44,50.42,47.59,42.26,61.89,21.81,167.53,32.08,11.9,33.05,125.24,14.69,105.8,33.17,28.7,27.92,34.53,30.87,70.62,29.87,17.01,14.15,259.03,65.03,7.75,107.18,41.17,96.63,153.69,20.79,30.25,3.86,0.64
E02001823,0.82,0.46,16.71,0.73,3.53,35.1,4.95,16.26,2.86,1.05,2.07,2.49,5.17,3.62,21.32,2.6,2.65,4.29,7.44,4.29,0.4,3.07,0.21,35.66,42.18,1.93,1.6,1.06,1.55,1.72,5.96,5.92,1.39,0.56,1.01,1.33,1.66,0.79,0.57,3.46,2.65,1.42,1.11,2.31,2.7,11.18,65.1,1.08,7.0,1.85,0.51,10.03,1.98,0.09,0.29,0.12,0.54,0.17,0.81,0.4,1.38,0.63,0.17,2.3,0.25,1.7,0.52,5.49,1.03,0.41,1.91,4.28,0.48,0.78,3.53,2.75,0.4,0.1,0.73,2.19,1.47,1.7,1.43,4.92,9.63,1.15,0.34,1.5,0.87,8.14,0.76,4.97,3.9,4.68,7.46,0.35,0.94,4.52,0.76,1.31,1.54,0.58,3.01,6.92,1.58,7.36,5.11,5.03,4.28,4.13,27.92,17.96,51.51,30.61,26.81,23.81,41.6,14.42,121.32,20.47,7.9,23.93,70.55,10.64,59.6,18.68,18.31,20.22,24.97,22.36,39.78,21.63,14.27,13.54,190.94,34.65,7.42,53.18,113.36,152.07,245.04,33.15,27.18,3.47,0.57
E02001824,0.55,0.31,13.39,0.49,2.37,23.57,3.32,10.92,1.92,0.7,1.66,1.67,4.14,2.9,14.3,1.75,2.04,2.88,4.99,2.88,0.27,2.06,0.14,23.94,28.29,1.31,1.08,0.72,1.04,1.17,4.04,4.01,0.94,0.38,0.69,0.9,1.11,0.53,0.38,2.35,1.8,0.95,1.14,1.55,1.81,7.58,43.66,0.72,4.74,1.24,0.35,6.73,1.35,0.12,0.31,0.16,0.37,0.23,1.06,0.52,1.26,0.82,0.22,2.98,0.28,2.21,0.44,7.13,1.33,0.53,1.59,2.9,0.63,1.01,4.58,3.57,0.52,0.13,0.94,2.84,1.91,2.2,1.86,6.38,12.5,1.49,0.44,1.94,1.13,10.57,0.99,5.27,3.12,6.07,9.69,0.45,1.22,3.62,0.99,1.52,2.0,0.76,3.9,8.96,2.05,9.55,6.63,6.51,5.56,5.36,36.18,23.3,49.76,39.71,25.89,23.0,53.97,18.71,157.41,26.56,10.26,31.05,68.15,13.81,57.57,18.05,23.73,26.23,32.4,28.97,38.43,28.03,18.52,17.57,247.75,35.38,9.62,61.01,74.32,229.63,353.3,47.8,18.22,2.33,0.38
E02001825,0.38,0.22,9.26,0.34,1.66,16.51,2.33,7.65,1.34,0.49,1.15,1.17,2.86,2.0,10.03,1.22,1.41,2.02,3.5,2.02,0.19,1.44,0.1,16.77,19.84,0.91,0.75,0.5,0.73,0.81,2.8,2.78,0.65,0.27,0.48,0.62,0.78,0.37,0.27,1.63,1.25,0.67,0.77,1.08,1.27,5.26,30.62,0.51,3.29,0.87,0.24,4.72,0.93,0.08,0.21,0.11,0.25,0.15,0.72,0.35,0.85,0.56,0.15,2.02,0.19,1.5,0.3,4.82,0.9,0.36,1.07,2.01,0.43,0.68,3.1,2.42,0.35,0.08,0.64,1.93,1.29,1.49,1.26,4.31,8.46,1.01,0.3,1.31,0.77,7.15,0.67,3.56,2.16,4.11,6.55,0.31,0.82,2.5,0.67,1.03,1.36,0.51,2.64,6.07,1.39,6.47,4.49,4.41,3.76,3.63,24.49,15.75,34.41,26.88,17.91,15.9,36.49,12.65,106.43,17.95,6.94,21.02,47.13,9.35,39.81,12.48,16.06,17.76,21.94,19.61,26.6,18.97,12.53,12.11,167.7,24.47,6.51,42.19,52.07,153.61,512.99,83.2,12.78,1.63,0.27
E02001826,0.29,0.17,6.38,0.26,1.27,12.64,1.78,5.85,1.03,0.38,0.79,0.9,1.97,1.38,7.68,0.94,0.97,1.54,2.68,1.54,0.14,1.11,0.08,12.84,15.17,0.69,0.58,0.38,0.56,0.62,2.14,2.13,0.5,0.2,0.36,0.48,0.6,0.28,0.2,1.25,0.96,0.51,0.53,0.83,0.97,4.02,23.44,0.39,2.52,0.67,0.18,3.61,0.71,0.06,0.15,0.07,0.19,0.11,0.49,0.24,0.59,0.38,0.1,1.39,0.13,1.03,0.21,3.33,0.62,0.25,0.74,1.54,0.29,0.47,2.13,1.67,0.24,0.06,0.44,1.33,0.89,1.03,0.87,2.98,5.83,0.7,0.2,0.91,0.53,4.93,0.46,2.46,1.49,2.83,4.52,0.21,0.57,1.73,0.46,0.71,0.93,0.35,1.82,4.18,0.96,4.46,3.09,3.04,2.59,2.5,16.89,10.86,23.73,18.54,12.35,10.97,25.16,8.72,73.39,12.38,4.79,14.5,32.5,6.44,27.45,8.61,11.08,12.25,15.13,13.52,18.35,13.08,8.64,10.04,115.65,16.87,4.49,29.09,35.91,105.93,424.07,98.84,9.77,1.25,0.2
E02006841,4.29,2.44,66.05,3.11,17.59,201.96,39.06,61.0,18.55,6.37,12.54,10.89,11.44,8.69,78.94,8.68,6.38,14.31,22.36,8.94,1.71,6.27,0.77,31.55,20.69,19.11,15.84,10.55,15.22,17.09,59.03,58.61,13.74,5.59,10.02,13.14,9.91,5.84,5.61,34.34,26.26,13.46,11.04,13.61,25.52,110.66,615.45,8.6,69.31,17.48,5.07,94.84,19.66,0.32,2.92,0.34,5.34,0.48,2.23,1.6,13.7,1.73,0.46,9.09,2.43,4.65,5.2,15.26,2.12,0.84,18.94,42.4,1.21,2.99,7.05,5.5,2.63,1.03,1.9,3.95,4.73,10.32,12.16,6.89,13.5,1.61,0.42,2.1,1.1,19.15,0.94,16.42,12.88,6.56,10.46,0.36,1.32,10.93,1.07,2.2,0.64,0.82,4.61,6.63,1.52,7.06,1.52,1.39,1.82,1.16,6.47,2.67,49.57,9.92,16.35,11.79,3.22,1.25,8.89,1.66,0.62,1.9,22.5,0.73,16.29,6.22,1.49,0.98,1.13,1.22,5.05,0.68,0.35,0.44,4.89,1.68,0.18,1.67,1.16,1.6,2.58,0.39,304.36,24.26,5.12
E02006842,2.82,1.6,36.94,2.12,11.53,137.36,29.38,41.54,15.88,5.38,8.06,7.41,6.4,5.25,69.43,6.64,4.96,10.94,19.64,7.55,1.16,5.51,0.53,27.71,18.17,11.86,9.83,6.55,9.45,10.6,36.65,36.38,8.53,3.47,6.22,8.16,6.44,3.8,3.49,21.32,16.31,8.76,6.85,8.93,16.61,68.7,400.63,5.6,43.03,11.38,3.15,61.74,12.21,0.2,1.81,0.21,3.32,0.3,1.38,0.99,8.5,1.07,0.28,5.64,1.51,2.89,3.23,9.48,1.31,0.52,11.76,26.32,0.75,1.86,4.38,3.41,1.63,0.64,1.18,2.37,2.94,6.4,7.55,3.85,7.55,0.9,0.23,1.17,0.62,10.71,0.53,9.19,7.2,3.67,5.85,0.2,0.74,6.12,0.6,1.23,0.36,0.46,2.58,3.71,0.85,3.95,0.85,0.78,1.02,0.65,3.62,1.49,33.32,5.56,10.43,9.26,1.8,0.7,4.97,0.93,0.35,1.06,15.29,0.41,13.95,5.47,0.83,0.55,0.63,0.68,4.44,0.46,0.26,0.25,4.03,1.48,0.12,1.47,1.02,1.4,2.26,0.34,167.04,19.99,3.18
E02006893,18.26,10.38,22.67,11.93,74.79,165.43,17.05,170.94,6.58,1.85,3.42,11.65,3.91,2.97,23.56,18.37,2.02,10.63,6.67,2.59,6.31,1.87,2.86,10.42,6.84,141.99,35.1,47.67,235.85,36.21,179.53,62.16,72.58,35.49,10.61,16.5,120.82,80.52,24.16,36.37,24.83,59.79,9.07,145.48,42.4,95.04,703.3,46.92,56.97,48.28,4.16,157.6,14.8,0.47,8.13,0.5,20.67,0.7,2.4,2.38,29.06,1.86,0.48,13.51,3.61,4.93,7.72,16.19,2.24,0.89,28.15,62.95,1.28,3.17,6.95,5.06,2.78,1.1,1.85,3.29,4.15,9.39,11.58,2.56,5.02,0.6,0.16,0.78,0.38,6.57,0.32,5.64,4.43,2.44,3.58,0.12,0.45,3.76,0.36,0.75,0.22,0.28,1.58,2.27,0.52,2.42,0.52,0.47,0.62,0.4,2.21,0.91,16.95,3.4,5.59,4.04,1.1,0.43,3.04,0.57,0.21,0.65,7.7,0.25,5.57,2.04,0.51,0.34,0.39,0.42,1.65,0.23,0.12,0.15,1.67,0.56,0.06,0.56,0.38,0.52,0.84,0.13,80.3,7.24,108.39
