origin_id,destination_id,trips
E02001682,E02001682,206
E02001682,E02001683,131
E02001682,E02001684,32
E02001682,E02001685,18
E02001682,E02001686,207
E02001682,E02001688,155
E02001682,E02001689,25
E02001682,E02001690,177
E02001682,E02001691,4
E02001682,E02001692,3
E02001682,E02001693,11
E02001682,E02001694,10
E02001682,E02001695,3
E02001682,E02001696,9
E02001682,E02001697,39
E02001682,E02001698,23
E02001682,E02001699,7
E02001682,E02001700,17
E02001682,E02001701,4
E02001682,E02001702,8
E02001682,E02001703,7
E02001682,E02001704,5
E02001682,E02001705,11
E02001682,E02001706,31
E02001682,E02001707,14
E02001682,E02001708,24
E02001682,E02001709,5
E02001682,E02001710,11
E02001682,E02001711,27
E02001682,E02001712,15
E02001682,E02001713,71
E02001682,E02001714,37
E02001682,E02001715,7
E02001682,E02001718,10
E02001682,E02001719,6
E02001682,E02001720,3
E02001682,E02001721,41
E02001682,E02001722,6
E02001682,E02001723,5
E02001682,E02001724,19
E02001682,E02001725,9
E02001682,E02001726,9
E02001682,E02001727,11
E02001682,E02001728,70
E02001682,E02001729,16
E02001682,E02001730,53
E02001682,E02001731,352
E02001682,E02001732,30
E02001682,E02001733,33
E02001682,E02001734,18
E02001682,E02001735,1
E02001682,E02001736,115
E02001682,E02001737,9
E02001682,E02001739,2
E02001682,E02001740,1
E02001682,E02001741,5
E02001682,E02001742,3
E02001682,E02001743,5
E02001682,E02001744,5
E02001682,E02001745,11
E02001682,E02001746,4
E02001682,E02001747,1
E02001682,E02001748,6
E02001682,E02001750,5
E02001682,E02001751,5
E02001682,E02001752,19
E02001682,E02001753,1
E02001682,E02001755,9
E02001682,E02001756,33
E02001682,E02001758,3
E02001682,E02001759,3
E02001682,E02001760,8
E02001682,E02001761,2
E02001682,E02001762,2
E02001682,E02001763,1
E02001682,E02001764,7
E02001682,E02001765,3
E02001682,E02001766,1
E02001682,E02001767,3
E02001682,E02001768,5
E02001682,E02001769,8
E02001682,E02001770,1
E02001682,E02001772,3
E02001682,E02001773,2
E02001682,E02001774,9
E02001682,E02001776,4
E02001682,E02001777,2
E02001682,E02001778,1
E02001682,E02001779,4
E02001682,E02001781,2
E02001682,E02001782,4
E02001682,E02001784,2
E02001682,E02001785,1
E02001682,E02001787,5
E02001682,E02001790,4
E02001682,E02001793,1
E02001682,E02001795,4
E02001682,E02001796,1
E02001682,E02001797,18
E02001682,E02001798,4
E02001682,E02001799,5
E02001682,E02001800,6
E02001682,E02001801,3
E02001682,E02001802,3
E02001682,E02001803,12
E02001682,E02001804,4
E02001682,E02001806,3
E02001682,E02001807,13
E02001682,E02001808,4
E02001682,E02001809,7
E02001682,E02001810,4
E02001682,E02001812,2
E02001682,E02001813,2
E02001682,E02001815,3
E02001682,E02001818,1
E02001682,E02001819,11
E02001682,E02001820,3
E02001682,E02001823,1
E02001682,E02001824,3
E02001682,E02001825,10
E02001682,E02001826,3
E02001682,E02006841,106
E02001682,E02006842,7
E02001682,E02006893,4
E02001683,E02001682,141
E02001683,E02001683,299
E02001683,E02001684,26
E02001683,E02001685,17
E02001683,E02001686,172
E02001683,E02001688,184
E02001683,E02001689,18
E02001683,E02001690,234
E02001683,E02001691,17
E02001683,E02001692,4
E02001683,E02001693,4
E02001683,E02001694,17
E02001683,E02001695,3
E02001683,E02001696,6
E02001683,E02001697,51
E02001683,E02001698,11
E02001683,E02001699,4
E02001683,E02001700,17
E02001683,E02001701,16
E02001683,E02001702,6
E02001683,E02001703,7
E02001683,E02001704,3
E02001683,E02001705,25
E02001683,E02001706,30
E02001683,E02001707,22
E02001683,E02001708,19
E02001683,E02001709,12
E02001683,E02001710,11
E02001683,E02001711,27
E02001683,E02001712,14
E02001683,E02001713,58
E02001683,E02001714,53
E02001683,E02001715,13
E02001683,E02001718,9
E02001683,E02001719,3
E02001683,E02001720,3
E02001683,E02001721,47
E02001683,E02001722,8
E02001683,E02001723,3
E02001683,E02001724,15
E02001683,E02001725,11
E02001683,E02001726,16
E02001683,E02001727,11
E02001683,E02001728,48
E02001683,E02001729,18
E02001683,E02001730,78
E02001683,E02001731,413
E02001683,E02001732,15
E02001683,E02001733,35
E02001683,E02001734,20
E02001683,E02001735,3
E02001683,E02001736,126
E02001683,E02001737,14
E02001683,E02001739,2
E02001683,E02001741,6
E02001683,E02001742,1
E02001683,E02001743,5
E02001683,E02001744,6
E02001683,E02001745,14
E02001683,E02001746,2
E02001683,E02001747,2
E02001683,E02001748,13
E02001683,E02001750,8
E02001683,E02001751,6
E02001683,E02001752,35
E02001683,E02001753,2
E02001683,E02001754,2
E02001683,E02001755,14
E02001683,E02001756,51
E02001683,E02001757,1
E02001683,E02001758,5
E02001683,E02001759,7
E02001683,E02001760,6
E02001683,E02001763,1
E02001683,E02001764,7
E02001683,E02001765,2
E02001683,E02001766,8
E02001683,E02001767,3
E02001683,E02001768,2
E02001683,E02001769,9
E02001683,E02001770,1
E02001683,E02001772,1
E02001683,E02001773,1
E02001683,E02001774,8
E02001683,E02001776,5
E02001683,E02001778,8
E02001683,E02001779,9
E02001683,E02001780,1
E02001683,E02001781,2
E02001683,E02001782,5
E02001683,E02001783,1
E02001683,E02001784,1
E02001683,E02001787,3
E02001683,E02001788,6
E02001683,E02001790,4
E02001683,E02001793,2
E02001683,E02001795,7
E02001683,E02001796,1
E02001683,E02001797,36
E02001683,E02001798,15
E02001683,E02001799,5
E02001683,E02001800,7
E02001683,E02001801,2
E02001683,E02001802,2
E02001683,E02001803,10
E02001683,E02001804,1
E02001683,E02001805,3
E02001683,E02001806,4
E02001683,E02001807,11
E02001683,E02001809,5
E02001683,E02001810,2
E02001683,E02001811,1
E02001683,E02001812,2
E02001683,E02001813,1
E02001683,E02001814,1
E02001683,E02001815,5
E02001683,E02001816,1
E02001683,E02001817,1
E02001683,E02001818,1
E02001683,E02001819,6
E02001683,E02001820,5
E02001683,E02001822,2
E02001683,E02001824,1
E02001683,E02001825,9
E02001683,E02001826,2
E02001683,E02006841,155
E02001683,E02006842,15
E02001683,E02006893,9
E02001684,E02001682,3
E02001684,E02001683,5
E02001684,E02001684,305
E02001684,E02001686,20
E02001684,E02001688,181
E02001684,E02001689,30
E02001684,E02001690,72
E02001684,E02001691,3
E02001684,E02001692,7
E02001684,E02001693,49
E02001684,E02001694,12
E02001684,E02001695,27
E02001684,E02001696,29
E02001684,E02001697,94
E02001684,E02001698,3
E02001684,E02001699,10
E02001684,E02001700,11
E02001684,E02001701,23
E02001684,E02001702,6
E02001684,E02001703,1
E02001684,E02001704,7
E02001684,E02001705,9
E02001684,E02001706,39
E02001684,E02001707,24
E02001684,E02001708,14
E02001684,E02001709,9
E02001684,E02001710,5
E02001684,E02001711,13
E02001684,E02001712,14
E02001684,E02001713,41
E02001684,E02001714,37
E02001684,E02001715,5
E02001684,E02001718,1
E02001684,E02001720,4
E02001684,E02001721,10
E02001684,E02001723,1
E02001684,E02001724,12
E02001684,E02001725,7
E02001684,E02001726,10
E02001684,E02001727,1
E02001684,E02001728,10
E02001684,E02001729,11
E02001684,E02001730,62
E02001684,E02001731,356
E02001684,E02001732,5
E02001684,E02001733,29
E02001684,E02001734,17
E02001684,E02001735,2
E02001684,E02001736,50
E02001684,E02001737,6
E02001684,E02001739,1
E02001684,E02001741,2
E02001684,E02001743,4
E02001684,E02001745,7
E02001684,E02001746,2
E02001684,E02001748,11
E02001684,E02001750,4
E02001684,E02001751,1
E02001684,E02001752,26
E02001684,E02001753,1
E02001684,E02001755,13
E02001684,E02001756,30
E02001684,E02001757,1
E02001684,E02001758,2
E02001684,E02001759,6
E02001684,E02001760,5
E02001684,E02001761,1
E02001684,E02001764,2
E02001684,E02001765,7
E02001684,E02001766,5
E02001684,E02001767,5
E02001684,E02001768,11
E02001684,E02001769,27
E02001684,E02001770,1
E02001684,E02001771,2
E02001684,E02001772,8
E02001684,E02001773,1
E02001684,E02001774,30
E02001684,E02001775,1
E02001684,E02001776,28
E02001684,E02001777,21
E02001684,E02001778,7
E02001684,E02001779,15
E02001684,E02001781,1
E02001684,E02001782,23
E02001684,E02001783,2
E02001684,E02001784,2
E02001684,E02001787,7
E02001684,E02001788,6
E02001684,E02001789,1
E02001684,E02001790,7
E02001684,E02001791,3
E02001684,E02001793,1
E02001684,E02001795,19
E02001684,E02001796,2
E02001684,E02001797,40
E02001684,E02001798,9
E02001684,E02001799,18
E02001684,E02001800,17
E02001684,E02001801,8
E02001684,E02001802,2
E02001684,E02001803,20
E02001684,E02001805,4
E02001684,E02001806,3
E02001684,E02001807,32
E02001684,E02001808,4
E02001684,E02001809,14
E02001684,E02001810,10
E02001684,E02001811,7
E02001684,E02001812,1
E02001684,E02001813,2
E02001684,E02001815,5
E02001684,E02001817,3
E02001684,E02001819,16
E02001684,E02001820,2
E02001684,E02001821,1
E02001684,E02001823,1
E02001684,E02001824,2
E02001684,E02001825,11
E02001684,E02001826,2
E02001684,E02006841,197
E02001684,E02006842,20
E02001685,E02001682,70
E02001685,E02001683,26
E02001685,E02001684,33
E02001685,E02001685,179
E02001685,E02001686,376
E02001685,E02001688,202
E02001685,E02001689,21
E02001685,E02001690,302
E02001685,E02001691,10
E02001685,E02001692,3
E02001685,E02001693,4
E02001685,E02001694,18
E02001685,E02001695,6
E02001685,E02001696,5
E02001685,E02001697,39
E02001685,E02001698,32
E02001685,E02001699,7
E02001685,E02001700,18
E02001685,E02001701,16
E02001685,E02001702,3
E02001685,E02001703,17
E02001685,E02001704,4
E02001685,E02001705,21
E02001685,E02001706,26
E02001685,E02001707,21
E02001685,E02001708,23
E02001685,E02001709,8
E02001685,E02001710,12
E02001685,E02001711,25
E02001685,E02001712,17
E02001685,E02001713,61
E02001685,E02001714,40
E02001685,E02001715,16
E02001685,E02001718,6
E02001685,E02001719,5
E02001685,E02001720,6
E02001685,E02001721,28
E02001685,E02001722,2
E02001685,E02001723,4
E02001685,E02001724,8
E02001685,E02001725,8
E02001685,E02001726,13
E02001685,E02001727,5
E02001685,E02001728,34
E02001685,E02001729,12
E02001685,E02001730,36
E02001685,E02001731,295
E02001685,E02001732,19
E02001685,E02001733,25
E02001685,E02001734,19
E02001685,E02001736,74
E02001685,E02001737,12
E02001685,E02001739,2
E02001685,E02001741,5
E02001685,E02001743,2
E02001685,E02001745,16
E02001685,E02001746,1
E02001685,E02001748,3
E02001685,E02001751,2
E02001685,E02001752,26
E02001685,E02001753,1
E02001685,E02001755,13
E02001685,E02001756,47
E02001685,E02001758,2
E02001685,E02001759,5
E02001685,E02001760,8
E02001685,E02001764,4
E02001685,E02001765,2
E02001685,E02001766,2
E02001685,E02001767,6
E02001685,E02001768,5
E02001685,E02001769,3
E02001685,E02001770,2
E02001685,E02001774,6
E02001685,E02001776,6
E02001685,E02001777,1
E02001685,E02001778,2
E02001685,E02001779,11
E02001685,E02001780,1
E02001685,E02001782,2
E02001685,E02001783,1
E02001685,E02001785,1
E02001685,E02001787,2
E02001685,E02001789,1
E02001685,E02001790,5
E02001685,E02001794,1
E02001685,E02001795,7
E02001685,E02001797,25
E02001685,E02001798,6
E02001685,E02001799,17
E02001685,E02001800,10
E02001685,E02001801,1
E02001685,E02001802,5
E02001685,E02001803,17
E02001685,E02001804,5
E02001685,E02001805,1
E02001685,E02001806,2
E02001685,E02001807,5
E02001685,E02001809,11
E02001685,E02001810,3
E02001685,E02001811,1
E02001685,E02001812,2
E02001685,E02001815,3
E02001685,E02001816,1
E02001685,E02001819,12
E02001685,E02001820,1
E02001685,E02001824,1
E02001685,E02001825,14
E02001685,E02001826,3
E02001685,E02006841,140
E02001685,E02006842,6
E02001685,E02006893,9
E02001686,E02001682,41
E02001686,E02001683,26
E02001686,E02001684,32
E02001686,E02001685,111
E02001686,E02001686,375
E02001686,E02001688,172
E02001686,E02001689,18
E02001686,E02001690,287
E02001686,E02001691,9
E02001686,E02001692,2
E02001686,E02001693,6
E02001686,E02001694,17
E02001686,E02001695,2
E02001686,E02001696,7
E02001686,E02001697,37
E02001686,E02001698,43
E02001686,E02001699,1
E02001686,E02001700,21
E02001686,E02001701,8
E02001686,E02001702,2
E02001686,E02001703,17
E02001686,E02001704,2
E02001686,E02001705,24
E02001686,E02001706,35
E02001686,E02001707,19
E02001686,E02001708,22
E02001686,E02001709,14
E02001686,E02001710,6
E02001686,E02001711,17
E02001686,E02001712,10
E02001686,E02001713,52
E02001686,E02001714,43
E02001686,E02001715,6
E02001686,E02001718,6
E02001686,E02001719,3
E02001686,E02001720,3
E02001686,E02001721,39
E02001686,E02001722,7
E02001686,E02001723,2
E02001686,E02001724,6
E02001686,E02001725,8
E02001686,E02001726,11
E02001686,E02001727,9
E02001686,E02001728,29
E02001686,E02001729,13
E02001686,E02001730,37
E02001686,E02001731,276
E02001686,E02001732,17
E02001686,E02001733,18
E02001686,E02001734,17
E02001686,E02001735,4
E02001686,E02001736,80
E02001686,E02001737,3
E02001686,E02001739,2
E02001686,E02001741,4
E02001686,E02001743,1
E02001686,E02001744,1
E02001686,E02001745,13
E02001686,E02001746,1
E02001686,E02001748,8
E02001686,E02001749,1
E02001686,E02001750,3
E02001686,E02001751,3
E02001686,E02001752,33
E02001686,E02001755,18
E02001686,E02001756,27
E02001686,E02001757,2
E02001686,E02001758,1
E02001686,E02001759,2
E02001686,E02001760,9
E02001686,E02001764,9
E02001686,E02001765,3
E02001686,E02001766,9
E02001686,E02001767,1
E02001686,E02001768,7
E02001686,E02001769,6
E02001686,E02001770,1
E02001686,E02001772,3
E02001686,E02001773,3
E02001686,E02001774,5
E02001686,E02001776,9
E02001686,E02001777,10
E02001686,E02001778,1
E02001686,E02001779,7
E02001686,E02001780,1
E02001686,E02001781,2
E02001686,E02001782,8
E02001686,E02001785,1
E02001686,E02001787,3
E02001686,E02001790,4
E02001686,E02001793,4
E02001686,E02001794,1
E02001686,E02001795,10
E02001686,E02001796,3
E02001686,E02001797,17
E02001686,E02001798,5
E02001686,E02001799,7
E02001686,E02001800,7
E02001686,E02001801,3
E02001686,E02001802,2
E02001686,E02001803,8
E02001686,E02001804,2
E02001686,E02001805,2
E02001686,E02001806,1
E02001686,E02001807,11
E02001686,E02001809,3
E02001686,E02001810,5
E02001686,E02001811,5
E02001686,E02001812,2
E02001686,E02001814,3
E02001686,E02001815,3
E02001686,E02001818,1
E02001686,E02001819,4
E02001686,E02001820,1
E02001686,E02001825,9
E02001686,E02001826,2
E02001686,E02006841,144
E02001686,E02006842,2
E02001686,E02006893,3
E02001688,E02001682,11
E02001688,E02001683,5
E02001688,E02001684,56
E02001688,E02001685,11
E02001688,E02001686,57
E02001688,E02001688,480
E02001688,E02001689,84
E02001688,E02001690,250
E02001688,E02001691,22
E02001688,E02001692,5
E02001688,E02001693,2
E02001688,E02001694,65
E02001688,E02001695,10
E02001688,E02001696,8
E02001688,E02001697,54
E02001688,E02001698,19
E02001688,E02001699,6
E02001688,E02001700,23
E02001688,E02001701,25
E02001688,E02001702,9
E02001688,E02001703,3
E02001688,E02001704,6
E02001688,E02001705,1
E02001688,E02001706,70
E02001688,E02001707,18
E02001688,E02001708,20
E02001688,E02001709,12
E02001688,E02001710,5
E02001688,E02001711,15
E02001688,E02001712,7
E02001688,E02001713,66
E02001688,E02001714,50
E02001688,E02001715,12
E02001688,E02001718,4
E02001688,E02001719,3
E02001688,E02001720,3
E02001688,E02001721,15
E02001688,E02001722,8
E02001688,E02001723,2
E02001688,E02001724,16
E02001688,E02001725,7
E02001688,E02001726,3
E02001688,E02001727,6
E02001688,E02001728,25
E02001688,E02001729,12
E02001688,E02001730,73
E02001688,E02001731,452
E02001688,E02001732,4
E02001688,E02001733,28
E02001688,E02001734,18
E02001688,E02001735,3
E02001688,E02001736,85
E02001688,E02001737,9
E02001688,E02001739,2
E02001688,E02001741,4
E02001688,E02001742,1
E02001688,E02001743,2
E02001688,E02001745,13
E02001688,E02001746,2
E02001688,E02001747,1
E02001688,E02001748,14
E02001688,E02001749,2
E02001688,E02001751,4
E02001688,E02001752,24
E02001688,E02001753,3
E02001688,E02001754,3
E02001688,E02001755,15
E02001688,E02001756,30
E02001688,E02001757,2
E02001688,E02001758,1
E02001688,E02001759,7
E02001688,E02001760,5
E02001688,E02001763,3
E02001688,E02001764,9
E02001688,E02001765,4
E02001688,E02001766,3
E02001688,E02001767,4
E02001688,E02001768,8
E02001688,E02001769,7
E02001688,E02001774,15
E02001688,E02001775,1
E02001688,E02001776,5
E02001688,E02001777,3
E02001688,E02001778,1
E02001688,E02001779,18
E02001688,E02001782,7
E02001688,E02001787,5
E02001688,E02001788,3
E02001688,E02001790,5
E02001688,E02001791,1
E02001688,E02001794,1
E02001688,E02001795,18
E02001688,E02001796,1
E02001688,E02001797,24
E02001688,E02001798,5
E02001688,E02001799,16
E02001688,E02001800,13
E02001688,E02001801,3
E02001688,E02001802,2
E02001688,E02001803,20
E02001688,E02001806,3
E02001688,E02001807,12
E02001688,E02001809,1
E02001688,E02001810,5
E02001688,E02001812,2
E02001688,E02001813,2
E02001688,E02001814,3
E02001688,E02001815,5
E02001688,E02001816,1
E02001688,E02001817,1
E02001688,E02001818,1
E02001688,E02001819,10
E02001688,E02001820,3
E02001688,E02001824,1
E02001688,E02001825,17
E02001688,E02001826,2
E02001688,E02006841,206
E02001688,E02006842,15
E02001688,E02006893,1
E02001689,E02001682,7
E02001689,E02001683,3
E02001689,E02001684,41
E02001689,E02001685,8
E02001689,E02001686,27
E02001689,E02001688,284
E02001689,E02001689,253
E02001689,E02001690,121
E02001689,E02001691,69
E02001689,E02001692,1
E02001689,E02001693,9
E02001689,E02001694,9
E02001689,E02001695,12
E02001689,E02001696,11
E02001689,E02001697,63
E02001689,E02001698,7
E02001689,E02001699,3
E02001689,E02001700,25
E02001689,E02001701,43
E02001689,E02001702,6
E02001689,E02001703,1
E02001689,E02001704,5
E02001689,E02001705,5
E02001689,E02001706,74
E02001689,E02001707,34
E02001689,E02001708,24
E02001689,E02001709,9
E02001689,E02001710,4
E02001689,E02001711,11
E02001689,E02001712,15
E02001689,E02001713,27
E02001689,E02001714,21
E02001689,E02001715,10
E02001689,E02001718,1
E02001689,E02001719,1
E02001689,E02001720,6
E02001689,E02001721,5
E02001689,E02001722,3
E02001689,E02001724,15
E02001689,E02001725,10
E02001689,E02001726,7
E02001689,E02001727,2
E02001689,E02001728,12
E02001689,E02001729,9
E02001689,E02001730,65
E02001689,E02001731,363
E02001689,E02001732,8
E02001689,E02001733,21
E02001689,E02001734,10
E02001689,E02001735,3
E02001689,E02001736,67
E02001689,E02001737,15
E02001689,E02001739,7
E02001689,E02001741,8
E02001689,E02001745,6
E02001689,E02001746,1
E02001689,E02001748,12
E02001689,E02001750,2
E02001689,E02001751,7
E02001689,E02001752,18
E02001689,E02001753,3
E02001689,E02001755,6
E02001689,E02001756,32
E02001689,E02001759,2
E02001689,E02001760,4
E02001689,E02001761,3
E02001689,E02001762,1
E02001689,E02001764,4
E02001689,E02001766,6
E02001689,E02001767,4
E02001689,E02001768,1
E02001689,E02001769,11
E02001689,E02001772,2
E02001689,E02001774,14
E02001689,E02001776,5
E02001689,E02001777,5
E02001689,E02001778,7
E02001689,E02001779,8
E02001689,E02001782,5
E02001689,E02001786,1
E02001689,E02001787,4
E02001689,E02001788,3
E02001689,E02001790,10
E02001689,E02001792,4
E02001689,E02001793,1
E02001689,E02001795,5
E02001689,E02001796,4
E02001689,E02001797,31
E02001689,E02001798,6
E02001689,E02001799,12
E02001689,E02001800,12
E02001689,E02001801,6
E02001689,E02001803,21
E02001689,E02001804,1
E02001689,E02001807,19
E02001689,E02001809,5
E02001689,E02001810,1
E02001689,E02001811,2
E02001689,E02001813,1
E02001689,E02001814,1
E02001689,E02001815,4
E02001689,E02001819,5
E02001689,E02001821,1
E02001689,E02001823,2
E02001689,E02001824,1
E02001689,E02001825,24
E02001689,E02001826,1
E02001689,E02006841,256
E02001689,E02006842,61
E02001690,E02001682,25
E02001690,E02001683,14
E02001690,E02001684,39
E02001690,E02001685,15
E02001690,E02001686,127
E02001690,E02001688,253
E02001690,E02001689,32
E02001690,E02001690,485
E02001690,E02001691,13
E02001690,E02001692,3
E02001690,E02001693,4
E02001690,E02001694,30
E02001690,E02001695,10
E02001690,E02001696,7
E02001690,E02001697,39
E02001690,E02001698,146
E02001690,E02001699,3
E02001690,E02001700,42
E02001690,E02001701,7
E02001690,E02001702,9
E02001690,E02001703,6
E02001690,E02001704,2
E02001690,E02001705,15
E02001690,E02001706,41
E02001690,E02001707,25
E02001690,E02001708,26
E02001690,E02001709,10
E02001690,E02001710,6
E02001690,E02001711,16
E02001690,E02001712,10
E02001690,E02001713,41
E02001690,E02001714,33
E02001690,E02001715,7
E02001690,E02001718,2
E02001690,E02001719,4
E02001690,E02001720,5
E02001690,E02001721,14
E02001690,E02001722,8
E02001690,E02001723,2
E02001690,E02001724,18
E02001690,E02001725,7
E02001690,E02001726,10
E02001690,E02001727,7
E02001690,E02001728,22
E02001690,E02001729,10
E02001690,E02001730,58
E02001690,E02001731,339
E02001690,E02001732,16
E02001690,E02001733,27
E02001690,E02001734,21
E02001690,E02001735,2
E02001690,E02001736,75
E02001690,E02001737,4
E02001690,E02001739,3
E02001690,E02001741,2
E02001690,E02001743,2
E02001690,E02001744,2
E02001690,E02001745,5
E02001690,E02001746,2
E02001690,E02001748,6
E02001690,E02001749,2
E02001690,E02001750,4
E02001690,E02001751,4
E02001690,E02001752,32
E02001690,E02001754,1
E02001690,E02001755,12
E02001690,E02001756,34
E02001690,E02001757,2
E02001690,E02001758,1
E02001690,E02001759,7
E02001690,E02001760,3
E02001690,E02001761,1
E02001690,E02001764,5
E02001690,E02001765,2
E02001690,E02001766,3
E02001690,E02001767,2
E02001690,E02001768,1
E02001690,E02001769,10
E02001690,E02001773,2
E02001690,E02001774,10
E02001690,E02001775,1
E02001690,E02001776,6
E02001690,E02001777,4
E02001690,E02001778,4
E02001690,E02001779,7
E02001690,E02001780,1
E02001690,E02001782,4
E02001690,E02001784,2
E02001690,E02001787,6
E02001690,E02001788,6
E02001690,E02001789,1
E02001690,E02001790,10
E02001690,E02001794,3
E02001690,E02001795,19
E02001690,E02001796,1
E02001690,E02001797,31
E02001690,E02001798,11
E02001690,E02001799,6
E02001690,E02001800,10
E02001690,E02001801,3
E02001690,E02001802,3
E02001690,E02001803,21
E02001690,E02001806,1
E02001690,E02001807,11
E02001690,E02001809,8
E02001690,E02001810,4
E02001690,E02001811,2
E02001690,E02001812,1
E02001690,E02001814,1
E02001690,E02001815,2
E02001690,E02001816,1
E02001690,E02001818,2
E02001690,E02001819,14
E02001690,E02001820,5
E02001690,E02001822,1
E02001690,E02001824,1
E02001690,E02001825,6
E02001690,E02001826,4
E02001690,E02006841,175
E02001690,E02006842,15
E02001690,E02006893,3
E02001691,E02001682,15
E02001691,E02001683,6
E02001691,E02001684,59
E02001691,E02001685,1
E02001691,E02001686,30
E02001691,E02001688,307
E02001691,E02001689,135
E02001691,E02001690,169
E02001691,E02001691,132
E02001691,E02001692,4
E02001691,E02001693,2
E02001691,E02001694,20
E02001691,E02001695,15
E02001691,E02001696,14
E02001691,E02001697,86
E02001691,E02001698,7
E02001691,E02001699,12
E02001691,E02001700,21
E02001691,E02001701,39
E02001691,E02001702,15
E02001691,E02001703,3
E02001691,E02001704,6
E02001691,E02001705,6
E02001691,E02001706,90
E02001691,E02001707,34
E02001691,E02001708,26
E02001691,E02001709,12
E02001691,E02001710,6
E02001691,E02001711,17
E02001691,E02001712,17
E02001691,E02001713,47
E02001691,E02001714,43
E02001691,E02001715,9
E02001691,E02001718,3
E02001691,E02001719,2
E02001691,E02001720,11
E02001691,E02001721,14
E02001691,E02001722,1
E02001691,E02001723,3
E02001691,E02001724,21
E02001691,E02001725,21
E02001691,E02001726,8
E02001691,E02001727,4
E02001691,E02001728,25
E02001691,E02001729,25
E02001691,E02001730,107
E02001691,E02001731,489
E02001691,E02001732,2
E02001691,E02001733,41
E02001691,E02001734,4
E02001691,E02001735,1
E02001691,E02001736,87
E02001691,E02001737,17
E02001691,E02001739,1
E02001691,E02001741,1
E02001691,E02001742,4
E02001691,E02001743,2
E02001691,E02001744,1
E02001691,E02001745,4
E02001691,E02001746,3
E02001691,E02001748,15
E02001691,E02001750,4
E02001691,E02001751,6
E02001691,E02001752,31
E02001691,E02001755,14
E02001691,E02001756,55
E02001691,E02001757,4
E02001691,E02001759,7
E02001691,E02001760,3
E02001691,E02001761,1
E02001691,E02001764,2
E02001691,E02001765,4
E02001691,E02001766,5
E02001691,E02001767,11
E02001691,E02001768,6
E02001691,E02001769,17
E02001691,E02001772,4
E02001691,E02001773,3
E02001691,E02001774,19
E02001691,E02001776,5
E02001691,E02001777,7
E02001691,E02001778,15
E02001691,E02001779,8
E02001691,E02001782,5
E02001691,E02001783,1
E02001691,E02001784,3
E02001691,E02001785,1
E02001691,E02001787,10
E02001691,E02001788,1
E02001691,E02001790,6
E02001691,E02001791,2
E02001691,E02001792,1
E02001691,E02001794,2
E02001691,E02001795,14
E02001691,E02001796,8
E02001691,E02001797,31
E02001691,E02001798,6
E02001691,E02001799,8
E02001691,E02001800,16
E02001691,E02001801,7
E02001691,E02001802,3
E02001691,E02001803,24
E02001691,E02001804,3
E02001691,E02001805,3
E02001691,E02001806,3
E02001691,E02001807,22
E02001691,E02001809,9
E02001691,E02001810,8
E02001691,E02001811,2
E02001691,E02001812,6
E02001691,E02001813,2
E02001691,E02001815,4
E02001691,E02001818,1
E02001691,E02001819,6
E02001691,E02001821,1
E02001691,E02001823,1
E02001691,E02001825,40
E02001691,E02001826,5
E02001691,E02006841,278
E02001691,E02006842,55
E02001691,E02006893,8
E02001692,E02001682,6
E02001692,E02001683,4
E02001692,E02001684,97
E02001692,E02001685,3
E02001692,E02001686,27
E02001692,E02001688,208
E02001692,E02001689,37
E02001692,E02001690,84
E02001692,E02001691,34
E02001692,E02001692,44
E02001692,E02001693,36
E02001692,E02001694,12
E02001692,E02001695,18
E02001692,E02001696,9
E02001692,E02001697,125
E02001692,E02001698,5
E02001692,E02001699,13
E02001692,E02001700,13
E02001692,E02001701,33
E02001692,E02001702,25
E02001692,E02001703,2
E02001692,E02001704,11
E02001692,E02001705,5
E02001692,E02001706,50
E02001692,E02001707,31
E02001692,E02001708,8
E02001692,E02001709,5
E02001692,E02001710,3
E02001692,E02001711,8
E02001692,E02001712,6
E02001692,E02001713,36
E02001692,E02001714,20
E02001692,E02001715,2
E02001692,E02001718,1
E02001692,E02001719,2
E02001692,E02001720,2
E02001692,E02001721,9
E02001692,E02001722,1
E02001692,E02001724,15
E02001692,E02001725,6
E02001692,E02001726,4
E02001692,E02001727,10
E02001692,E02001728,6
E02001692,E02001729,7
E02001692,E02001730,38
E02001692,E02001731,241
E02001692,E02001732,3
E02001692,E02001733,18
E02001692,E02001734,6
E02001692,E02001736,28
E02001692,E02001737,11
E02001692,E02001739,3
E02001692,E02001741,3
E02001692,E02001743,2
E02001692,E02001745,4
E02001692,E02001746,1
E02001692,E02001748,9
E02001692,E02001750,3
E02001692,E02001751,2
E02001692,E02001752,9
E02001692,E02001753,1
E02001692,E02001755,2
E02001692,E02001756,29
E02001692,E02001759,3
E02001692,E02001760,5
E02001692,E02001761,1
E02001692,E02001763,1
E02001692,E02001764,8
E02001692,E02001766,1
E02001692,E02001767,7
E02001692,E02001768,7
E02001692,E02001769,13
E02001692,E02001770,1
E02001692,E02001774,8
E02001692,E02001775,1
E02001692,E02001776,2
E02001692,E02001777,5
E02001692,E02001778,6
E02001692,E02001779,7
E02001692,E02001782,9
E02001692,E02001784,1
E02001692,E02001786,1
E02001692,E02001787,1
E02001692,E02001788,2
E02001692,E02001790,4
E02001692,E02001791,1
E02001692,E02001793,2
E02001692,E02001794,1
E02001692,E02001795,16
E02001692,E02001797,23
E02001692,E02001798,9
E02001692,E02001799,4
E02001692,E02001800,7
E02001692,E02001801,3
E02001692,E02001802,1
E02001692,E02001803,19
E02001692,E02001804,1
E02001692,E02001805,1
E02001692,E02001806,1
E02001692,E02001807,27
E02001692,E02001808,1
E02001692,E02001809,12
E02001692,E02001810,4
E02001692,E02001814,1
E02001692,E02001815,5
E02001692,E02001818,1
E02001692,E02001819,7
E02001692,E02001820,1
E02001692,E02001821,3
E02001692,E02001822,2
E02001692,E02001823,1
E02001692,E02001824,1
E02001692,E02001825,19
E02001692,E02001826,4
E02001692,E02006841,256
E02001692,E02006842,51
E02001692,E02006893,1
E02001693,E02001682,5
E02001693,E02001683,3
E02001693,E02001684,171
E02001693,E02001685,2
E02001693,E02001686,13
E02001693,E02001688,178
E02001693,E02001689,28
E02001693,E02001690,64
E02001693,E02001691,11
E02001693,E02001692,8
E02001693,E02001693,96
E02001693,E02001694,13
E02001693,E02001695,8
E02001693,E02001696,31
E02001693,E02001697,120
E02001693,E02001698,4
E02001693,E02001699,16
E02001693,E02001700,14
E02001693,E02001701,11
E02001693,E02001702,7
E02001693,E02001703,5
E02001693,E02001704,6
E02001693,E02001705,4
E02001693,E02001706,42
E02001693,E02001707,16
E02001693,E02001708,6
E02001693,E02001709,11
E02001693,E02001710,4
E02001693,E02001711,8
E02001693,E02001712,3
E02001693,E02001713,21
E02001693,E02001714,18
E02001693,E02001715,5
E02001693,E02001718,3
E02001693,E02001719,1
E02001693,E02001720,6
E02001693,E02001721,8
E02001693,E02001722,2
E02001693,E02001723,1
E02001693,E02001724,5
E02001693,E02001725,3
E02001693,E02001726,1
E02001693,E02001727,3
E02001693,E02001728,8
E02001693,E02001729,4
E02001693,E02001730,23
E02001693,E02001731,194
E02001693,E02001732,1
E02001693,E02001733,31
E02001693,E02001734,11
E02001693,E02001736,25
E02001693,E02001737,11
E02001693,E02001741,6
E02001693,E02001743,1
E02001693,E02001745,7
E02001693,E02001746,1
E02001693,E02001748,5
E02001693,E02001750,4
E02001693,E02001751,1
E02001693,E02001752,11
E02001693,E02001754,1
E02001693,E02001755,14
E02001693,E02001756,23
E02001693,E02001757,1
E02001693,E02001758,3
E02001693,E02001759,3
E02001693,E02001760,1
E02001693,E02001761,1
E02001693,E02001764,3
E02001693,E02001765,6
E02001693,E02001766,3
E02001693,E02001767,6
E02001693,E02001768,4
E02001693,E02001769,14
E02001693,E02001770,2
E02001693,E02001772,4
E02001693,E02001774,12
E02001693,E02001776,9
E02001693,E02001777,13
E02001693,E02001778,2
E02001693,E02001779,7
E02001693,E02001780,1
E02001693,E02001781,1
E02001693,E02001782,6
E02001693,E02001783,1
E02001693,E02001786,2
E02001693,E02001788,3
E02001693,E02001790,7
E02001693,E02001792,1
E02001693,E02001793,1
E02001693,E02001795,11
E02001693,E02001796,10
E02001693,E02001797,31
E02001693,E02001798,7
E02001693,E02001799,12
E02001693,E02001800,11
E02001693,E02001801,8
E02001693,E02001803,12
E02001693,E02001804,3
E02001693,E02001807,16
E02001693,E02001808,1
E02001693,E02001809,17
E02001693,E02001810,6
E02001693,E02001811,3
E02001693,E02001812,1
E02001693,E02001813,3
E02001693,E02001817,1
E02001693,E02001819,9
E02001693,E02001820,1
E02001693,E02001822,1
E02001693,E02001823,1
E02001693,E02001825,11
E02001693,E02001826,5
E02001693,E02006841,177
E02001693,E02006842,15
E02001693,E02006893,2
E02001694,E02001682,15
E02001694,E02001683,7
E02001694,E02001684,43
E02001694,E02001685,8
E02001694,E02001686,63
E02001694,E02001688,420
E02001694,E02001689,40
E02001694,E02001690,231
E02001694,E02001691,14
E02001694,E02001692,6
E02001694,E02001693,9
E02001694,E02001694,159
E02001694,E02001695,8
E02001694,E02001696,6
E02001694,E02001697,50
E02001694,E02001698,34
E02001694,E02001699,4
E02001694,E02001700,46
E02001694,E02001701,25
E02001694,E02001702,7
E02001694,E02001703,2
E02001694,E02001704,8
E02001694,E02001705,14
E02001694,E02001706,66
E02001694,E02001707,28
E02001694,E02001708,24
E02001694,E02001709,2
E02001694,E02001710,4
E02001694,E02001711,13
E02001694,E02001712,14
E02001694,E02001713,34
E02001694,E02001714,30
E02001694,E02001715,9
E02001694,E02001718,2
E02001694,E02001719,1
E02001694,E02001720,5
E02001694,E02001721,13
E02001694,E02001722,4
E02001694,E02001724,12
E02001694,E02001725,10
E02001694,E02001726,7
E02001694,E02001727,8
E02001694,E02001728,18
E02001694,E02001729,9
E02001694,E02001730,46
E02001694,E02001731,306
E02001694,E02001732,7
E02001694,E02001733,28
E02001694,E02001734,8
E02001694,E02001736,56
E02001694,E02001737,17
E02001694,E02001739,3
E02001694,E02001741,3
E02001694,E02001743,2
E02001694,E02001744,1
E02001694,E02001745,11
E02001694,E02001748,11
E02001694,E02001749,1
E02001694,E02001750,7
E02001694,E02001751,3
E02001694,E02001752,23
E02001694,E02001754,3
E02001694,E02001755,12
E02001694,E02001756,24
E02001694,E02001757,3
E02001694,E02001759,2
E02001694,E02001760,6
E02001694,E02001761,1
E02001694,E02001762,1
E02001694,E02001764,7
E02001694,E02001765,2
E02001694,E02001766,4
E02001694,E02001767,1
E02001694,E02001768,6
E02001694,E02001769,10
E02001694,E02001774,12
E02001694,E02001776,7
E02001694,E02001777,4
E02001694,E02001778,6
E02001694,E02001779,9
E02001694,E02001781,1
E02001694,E02001782,4
E02001694,E02001785,4
E02001694,E02001788,1
E02001694,E02001789,1
E02001694,E02001790,8
E02001694,E02001791,2
E02001694,E02001792,2
E02001694,E02001793,2
E02001694,E02001794,1
E02001694,E02001795,9
E02001694,E02001796,3
E02001694,E02001797,40
E02001694,E02001798,13
E02001694,E02001799,3
E02001694,E02001800,14
E02001694,E02001801,1
E02001694,E02001802,3
E02001694,E02001803,17
E02001694,E02001806,2
E02001694,E02001807,23
E02001694,E02001809,7
E02001694,E02001810,3
E02001694,E02001811,1
E02001694,E02001813,4
E02001694,E02001814,2
E02001694,E02001815,5
E02001694,E02001816,2
E02001694,E02001818,1
E02001694,E02001819,7
E02001694,E02001820,2
E02001694,E02001821,2
E02001694,E02001824,2
E02001694,E02001825,10
E02001694,E02001826,3
E02001694,E02006841,204
E02001694,E02006842,9
E02001694,E02006893,2
E02001695,E02001682,5
E02001695,E02001684,193
E02001695,E02001685,5
E02001695,E02001686,30
E02001695,E02001688,174
E02001695,E02001689,23
E02001695,E02001690,59
E02001695,E02001691,6
E02001695,E02001692,2
E02001695,E02001693,41
E02001695,E02001694,8
E02001695,E02001695,99
E02001695,E02001696,49
E02001695,E02001697,68
E02001695,E02001698,7
E02001695,E02001699,16
E02001695,E02001700,7
E02001695,E02001701,16
E02001695,E02001702,12
E02001695,E02001703,2
E02001695,E02001704,3
E02001695,E02001705,4
E02001695,E02001706,45
E02001695,E02001707,30
E02001695,E02001708,13
E02001695,E02001709,15
E02001695,E02001710,8
E02001695,E02001711,16
E02001695,E02001712,11
E02001695,E02001713,48
E02001695,E02001714,38
E02001695,E02001715,7
E02001695,E02001718,5
E02001695,E02001719,1
E02001695,E02001720,9
E02001695,E02001721,8
E02001695,E02001722,2
E02001695,E02001723,1
E02001695,E02001724,16
E02001695,E02001725,15
E02001695,E02001726,7
E02001695,E02001727,8
E02001695,E02001728,14
E02001695,E02001729,14
E02001695,E02001730,53
E02001695,E02001731,325
E02001695,E02001732,10
E02001695,E02001733,43
E02001695,E02001734,11
E02001695,E02001736,47
E02001695,E02001737,12
E02001695,E02001739,3
E02001695,E02001740,1
E02001695,E02001741,4
E02001695,E02001743,2
E02001695,E02001744,3
E02001695,E02001745,14
E02001695,E02001746,2
E02001695,E02001748,12
E02001695,E02001749,1
E02001695,E02001750,4
E02001695,E02001751,2
E02001695,E02001752,31
E02001695,E02001753,2
E02001695,E02001755,8
E02001695,E02001756,30
E02001695,E02001757,1
E02001695,E02001758,2
E02001695,E02001759,5
E02001695,E02001760,7
E02001695,E02001762,1
E02001695,E02001764,5
E02001695,E02001765,4
E02001695,E02001766,6
E02001695,E02001767,8
E02001695,E02001768,21
E02001695,E02001769,23
E02001695,E02001770,3
E02001695,E02001772,1
E02001695,E02001773,4
E02001695,E02001774,28
E02001695,E02001775,1
E02001695,E02001776,15
E02001695,E02001777,21
E02001695,E02001778,12
E02001695,E02001779,31
E02001695,E02001780,1
E02001695,E02001781,2
E02001695,E02001782,16
E02001695,E02001783,2
E02001695,E02001784,1
E02001695,E02001785,1
E02001695,E02001786,1
E02001695,E02001787,17
E02001695,E02001788,8
E02001695,E02001789,3
E02001695,E02001790,16
E02001695,E02001791,2
E02001695,E02001792,3
E02001695,E02001794,4
E02001695,E02001795,18
E02001695,E02001796,5
E02001695,E02001797,58
E02001695,E02001798,23
E02001695,E02001799,17
E02001695,E02001800,21
E02001695,E02001801,8
E02001695,E02001802,1
E02001695,E02001803,34
E02001695,E02001804,4
E02001695,E02001806,2
E02001695,E02001807,45
E02001695,E02001808,2
E02001695,E02001809,40
E02001695,E02001810,8
E02001695,E02001811,4
E02001695,E02001812,4
E02001695,E02001813,3
E02001695,E02001814,5
E02001695,E02001815,18
E02001695,E02001816,3
E02001695,E02001817,2
E02001695,E02001819,21
E02001695,E02001820,2
E02001695,E02001821,1
E02001695,E02001822,4
E02001695,E02001823,1
E02001695,E02001824,7
E02001695,E02001825,13
E02001695,E02001826,5
E02001695,E02006841,207
E02001695,E02006842,12
E02001695,E02006893,1
E02001696,E02001682,14
E02001696,E02001683,1
E02001696,E02001684,235
E02001696,E02001685,4
E02001696,E02001686,26
E02001696,E02001688,264
E02001696,E02001689,69
E02001696,E02001690,100
E02001696,E02001691,10
E02001696,E02001692,11
E02001696,E02001693,47
E02001696,E02001694,14
E02001696,E02001695,77
E02001696,E02001696,128
E02001696,E02001697,153
E02001696,E02001698,8
E02001696,E02001699,46
E02001696,E02001700,25
E02001696,E02001701,24
E02001696,E02001702,21
E02001696,E02001703,2
E02001696,E02001704,12
E02001696,E02001705,8
E02001696,E02001706,64
E02001696,E02001707,41
E02001696,E02001708,14
E02001696,E02001709,12
E02001696,E02001710,5
E02001696,E02001711,9
E02001696,E02001712,17
E02001696,E02001713,39
E02001696,E02001714,34
E02001696,E02001715,11
E02001696,E02001718,3
E02001696,E02001719,2
E02001696,E02001720,5
E02001696,E02001721,10
E02001696,E02001722,1
E02001696,E02001723,1
E02001696,E02001724,16
E02001696,E02001725,10
E02001696,E02001727,5
E02001696,E02001728,10
E02001696,E02001729,8
E02001696,E02001730,56
E02001696,E02001731,343
E02001696,E02001732,4
E02001696,E02001733,41
E02001696,E02001734,13
E02001696,E02001735,2
E02001696,E02001736,57
E02001696,E02001737,15
E02001696,E02001739,1
E02001696,E02001741,1
E02001696,E02001742,1
E02001696,E02001743,3
E02001696,E02001744,1
E02001696,E02001745,7
E02001696,E02001746,2
E02001696,E02001748,14
E02001696,E02001750,2
E02001696,E02001751,1
E02001696,E02001752,17
E02001696,E02001753,1
E02001696,E02001755,6
E02001696,E02001756,35
E02001696,E02001758,2
E02001696,E02001759,1
E02001696,E02001760,11
E02001696,E02001764,3
E02001696,E02001765,6
E02001696,E02001766,3
E02001696,E02001767,3
E02001696,E02001768,6
E02001696,E02001769,29
E02001696,E02001770,3
E02001696,E02001772,3
E02001696,E02001774,27
E02001696,E02001776,11
E02001696,E02001777,13
E02001696,E02001778,5
E02001696,E02001779,34
E02001696,E02001781,2
E02001696,E02001782,16
E02001696,E02001783,2
E02001696,E02001784,3
E02001696,E02001787,4
E02001696,E02001788,11
E02001696,E02001789,1
E02001696,E02001790,25
E02001696,E02001791,1
E02001696,E02001792,2
E02001696,E02001793,1
E02001696,E02001795,18
E02001696,E02001796,6
E02001696,E02001797,77
E02001696,E02001798,11
E02001696,E02001799,26
E02001696,E02001800,12
E02001696,E02001801,7
E02001696,E02001803,29
E02001696,E02001804,2
E02001696,E02001805,1
E02001696,E02001806,5
E02001696,E02001807,43
E02001696,E02001809,24
E02001696,E02001810,16
E02001696,E02001811,9
E02001696,E02001812,2
E02001696,E02001813,2
E02001696,E02001814,3
E02001696,E02001815,13
E02001696,E02001816,1
E02001696,E02001817,4
E02001696,E02001818,1
E02001696,E02001819,10
E02001696,E02001821,1
E02001696,E02001822,1
E02001696,E02001823,1
E02001696,E02001824,4
E02001696,E02001825,15
E02001696,E02001826,2
E02001696,E02006841,291
E02001696,E02006842,21
E02001696,E02006893,4
E02001697,E02001682,9
E02001697,E02001683,8
E02001697,E02001684,87
E02001697,E02001685,5
E02001697,E02001686,27
E02001697,E02001688,273
E02001697,E02001689,32
E02001697,E02001690,109
E02001697,E02001691,29
E02001697,E02001692,12
E02001697,E02001693,20
E02001697,E02001694,13
E02001697,E02001695,7
E02001697,E02001696,20
E02001697,E02001697,342
E02001697,E02001698,16
E02001697,E02001699,9
E02001697,E02001700,14
E02001697,E02001701,86
E02001697,E02001702,33
E02001697,E02001703,2
E02001697,E02001704,19
E02001697,E02001705,1
E02001697,E02001706,82
E02001697,E02001707,34
E02001697,E02001708,24
E02001697,E02001709,7
E02001697,E02001710,7
E02001697,E02001711,11
E02001697,E02001712,9
E02001697,E02001713,48
E02001697,E02001714,44
E02001697,E02001715,5
E02001697,E02001718,3
E02001697,E02001719,5
E02001697,E02001720,4
E02001697,E02001721,10
E02001697,E02001722,5
E02001697,E02001723,2
E02001697,E02001724,19
E02001697,E02001725,12
E02001697,E02001726,8
E02001697,E02001727,7
E02001697,E02001728,17
E02001697,E02001729,8
E02001697,E02001730,78
E02001697,E02001731,379
E02001697,E02001732,8
E02001697,E02001733,31
E02001697,E02001734,13
E02001697,E02001735,2
E02001697,E02001736,81
E02001697,E02001737,17
E02001697,E02001741,4
E02001697,E02001742,3
E02001697,E02001743,3
E02001697,E02001744,1
E02001697,E02001745,7
E02001697,E02001746,1
E02001697,E02001748,12
E02001697,E02001749,3
E02001697,E02001750,8
E02001697,E02001751,4
E02001697,E02001752,28
E02001697,E02001754,3
E02001697,E02001755,5
E02001697,E02001756,33
E02001697,E02001757,6
E02001697,E02001758,6
E02001697,E02001759,3
E02001697,E02001760,6
E02001697,E02001761,2
E02001697,E02001763,2
E02001697,E02001764,1
E02001697,E02001765,4
E02001697,E02001766,2
E02001697,E02001767,8
E02001697,E02001768,7
E02001697,E02001769,18
E02001697,E02001770,1
E02001697,E02001772,2
E02001697,E02001773,1
E02001697,E02001774,11
E02001697,E02001776,14
E02001697,E02001777,8
E02001697,E02001778,10
E02001697,E02001779,10
E02001697,E02001781,1
E02001697,E02001782,6
E02001697,E02001784,3
E02001697,E02001785,1
E02001697,E02001787,3
E02001697,E02001788,7
E02001697,E02001789,1
E02001697,E02001790,13
E02001697,E02001793,1
E02001697,E02001794,2
E02001697,E02001795,11
E02001697,E02001796,4
E02001697,E02001797,31
E02001697,E02001798,13
E02001697,E02001799,16
E02001697,E02001800,17
E02001697,E02001801,15
E02001697,E02001802,1
E02001697,E02001803,25
E02001697,E02001804,7
E02001697,E02001806,4
E02001697,E02001807,37
E02001697,E02001808,1
E02001697,E02001809,22
E02001697,E02001810,8
E02001697,E02001811,3
E02001697,E02001812,4
E02001697,E02001814,2
E02001697,E02001815,6
E02001697,E02001816,1
E02001697,E02001817,1
E02001697,E02001818,1
E02001697,E02001819,18
E02001697,E02001820,4
E02001697,E02001821,1
E02001697,E02001822,5
E02001697,E02001824,1
E02001697,E02001825,25
E02001697,E02001826,2
E02001697,E02006841,271
E02001697,E02006842,37
E02001697,E02006893,4
E02001698,E02001682,15
E02001698,E02001683,8
E02001698,E02001684,31
E02001698,E02001685,10
E02001698,E02001686,61
E02001698,E02001688,210
E02001698,E02001689,29
E02001698,E02001690,264
E02001698,E02001691,12
E02001698,E02001692,5
E02001698,E02001693,2
E02001698,E02001694,24
E02001698,E02001695,6
E02001698,E02001696,8
E02001698,E02001697,42
E02001698,E02001698,198
E02001698,E02001699,5
E02001698,E02001700,41
E02001698,E02001701,11
E02001698,E02001702,4
E02001698,E02001703,3
E02001698,E02001704,1
E02001698,E02001705,4
E02001698,E02001706,53
E02001698,E02001707,31
E02001698,E02001708,17
E02001698,E02001709,11
E02001698,E02001710,4
E02001698,E02001711,13
E02001698,E02001712,14
E02001698,E02001713,40
E02001698,E02001714,33
E02001698,E02001715,9
E02001698,E02001718,5
E02001698,E02001719,1
E02001698,E02001720,6
E02001698,E02001721,19
E02001698,E02001722,5
E02001698,E02001723,1
E02001698,E02001724,12
E02001698,E02001725,8
E02001698,E02001726,6
E02001698,E02001727,5
E02001698,E02001728,19
E02001698,E02001729,12
E02001698,E02001730,48
E02001698,E02001731,292
E02001698,E02001732,13
E02001698,E02001733,32
E02001698,E02001734,17
E02001698,E02001735,1
E02001698,E02001736,63
E02001698,E02001737,9
E02001698,E02001739,2
E02001698,E02001741,5
E02001698,E02001743,1
E02001698,E02001744,1
E02001698,E02001745,12
E02001698,E02001748,4
E02001698,E02001749,1
E02001698,E02001750,2
E02001698,E02001751,2
E02001698,E02001752,33
E02001698,E02001755,7
E02001698,E02001756,28
E02001698,E02001757,1
E02001698,E02001758,3
E02001698,E02001759,5
E02001698,E02001760,9
E02001698,E02001761,2
E02001698,E02001763,2
E02001698,E02001764,1
E02001698,E02001765,6
E02001698,E02001766,2
E02001698,E02001767,4
E02001698,E02001768,5
E02001698,E02001769,5
E02001698,E02001770,2
E02001698,E02001772,2
E02001698,E02001773,4
E02001698,E02001774,6
E02001698,E02001776,6
E02001698,E02001777,3
E02001698,E02001778,2
E02001698,E02001779,3
E02001698,E02001782,6
E02001698,E02001783,1
E02001698,E02001784,1
E02001698,E02001785,1
E02001698,E02001787,5
E02001698,E02001788,4
E02001698,E02001790,6
E02001698,E02001791,3
E02001698,E02001793,1
E02001698,E02001795,18
E02001698,E02001797,32
E02001698,E02001798,15
E02001698,E02001799,8
E02001698,E02001800,11
E02001698,E02001801,8
E02001698,E02001802,1
E02001698,E02001803,10
E02001698,E02001804,2
E02001698,E02001806,3
E02001698,E02001807,13
E02001698,E02001808,2
E02001698,E02001809,7
E02001698,E02001810,6
E02001698,E02001811,1
E02001698,E02001812,2
E02001698,E02001814,1
E02001698,E02001815,3
E02001698,E02001817,1
E02001698,E02001819,8
E02001698,E02001820,2
E02001698,E02001822,2
E02001698,E02001823,3
E02001698,E02001825,12
E02001698,E02001826,2
E02001698,E02006841,134
E02001698,E02006842,12
E02001698,E02006893,7
E02001699,E02001682,4
E02001699,E02001683,5
E02001699,E02001684,190
E02001699,E02001685,3
E02001699,E02001686,17
E02001699,E02001688,248
E02001699,E02001689,27
E02001699,E02001690,68
E02001699,E02001691,17
E02001699,E02001692,8
E02001699,E02001693,39
E02001699,E02001694,5
E02001699,E02001695,17
E02001699,E02001696,65
E02001699,E02001697,200
E02001699,E02001698,10
E02001699,E02001699,101
E02001699,E02001700,20
E02001699,E02001701,27
E02001699,E02001702,29
E02001699,E02001703,4
E02001699,E02001704,10
E02001699,E02001705,6
E02001699,E02001706,76
E02001699,E02001707,37
E02001699,E02001708,23
E02001699,E02001709,7
E02001699,E02001710,11
E02001699,E02001711,11
E02001699,E02001712,9
E02001699,E02001713,31
E02001699,E02001714,27
E02001699,E02001715,10
E02001699,E02001719,2
E02001699,E02001720,4
E02001699,E02001721,10
E02001699,E02001723,4
E02001699,E02001724,10
E02001699,E02001725,10
E02001699,E02001726,5
E02001699,E02001727,7
E02001699,E02001728,11
E02001699,E02001729,7
E02001699,E02001730,31
E02001699,E02001731,256
E02001699,E02001732,2
E02001699,E02001733,33
E02001699,E02001734,15
E02001699,E02001736,55
E02001699,E02001737,13
E02001699,E02001739,1
E02001699,E02001741,2
E02001699,E02001742,1
E02001699,E02001745,3
E02001699,E02001746,3
E02001699,E02001747,1
E02001699,E02001748,6
E02001699,E02001750,4
E02001699,E02001751,2
E02001699,E02001752,21
E02001699,E02001755,6
E02001699,E02001756,25
E02001699,E02001759,4
E02001699,E02001760,6
E02001699,E02001763,1
E02001699,E02001764,2
E02001699,E02001765,1
E02001699,E02001766,2
E02001699,E02001767,4
E02001699,E02001768,4
E02001699,E02001769,14
E02001699,E02001772,1
E02001699,E02001774,22
E02001699,E02001775,1
E02001699,E02001776,17
E02001699,E02001777,16
E02001699,E02001778,4
E02001699,E02001779,9
E02001699,E02001782,4
E02001699,E02001783,4
E02001699,E02001784,2
E02001699,E02001786,2
E02001699,E02001787,6
E02001699,E02001788,5
E02001699,E02001789,1
E02001699,E02001790,13
E02001699,E02001791,1
E02001699,E02001793,1
E02001699,E02001795,11
E02001699,E02001796,3
E02001699,E02001797,51
E02001699,E02001798,8
E02001699,E02001799,20
E02001699,E02001800,15
E02001699,E02001801,3
E02001699,E02001802,3
E02001699,E02001803,23
E02001699,E02001804,1
E02001699,E02001805,2
E02001699,E02001806,2
E02001699,E02001807,31
E02001699,E02001808,3
E02001699,E02001809,17
E02001699,E02001810,5
E02001699,E02001811,1
E02001699,E02001812,2
E02001699,E02001813,1
E02001699,E02001814,1
E02001699,E02001815,3
E02001699,E02001816,2
E02001699,E02001819,11
E02001699,E02001820,2
E02001699,E02001821,3
E02001699,E02001822,2
E02001699,E02001823,2
E02001699,E02001825,7
E02001699,E02001826,1
E02001699,E02006841,265
E02001699,E02006842,22
E02001699,E02006893,3
E02001700,E02001682,26
E02001700,E02001683,8
E02001700,E02001684,78
E02001700,E02001685,6
E02001700,E02001686,103
E02001700,E02001688,515
E02001700,E02001689,71
E02001700,E02001690,340
E02001700,E02001691,31
E02001700,E02001692,6
E02001700,E02001693,9
E02001700,E02001694,48
E02001700,E02001695,13
E02001700,E02001696,7
E02001700,E02001697,111
E02001700,E02001698,153
E02001700,E02001699,5
E02001700,E02001700,221
E02001700,E02001701,26
E02001700,E02001702,8
E02001700,E02001703,8
E02001700,E02001704,8
E02001700,E02001705,13
E02001700,E02001706,126
E02001700,E02001707,38
E02001700,E02001708,26
E02001700,E02001709,11
E02001700,E02001710,9
E02001700,E02001711,20
E02001700,E02001712,25
E02001700,E02001713,74
E02001700,E02001714,55
E02001700,E02001715,17
E02001700,E02001718,9
E02001700,E02001719,3
E02001700,E02001720,4
E02001700,E02001721,19
E02001700,E02001722,7
E02001700,E02001723,1
E02001700,E02001724,21
E02001700,E02001725,12
E02001700,E02001726,12
E02001700,E02001727,12
E02001700,E02001728,32
E02001700,E02001729,25
E02001700,E02001730,75
E02001700,E02001731,451
E02001700,E02001732,19
E02001700,E02001733,32
E02001700,E02001734,21
E02001700,E02001735,2
E02001700,E02001736,103
E02001700,E02001737,15
E02001700,E02001738,1
E02001700,E02001739,4
E02001700,E02001741,12
E02001700,E02001742,1
E02001700,E02001743,2
E02001700,E02001745,13
E02001700,E02001746,1
E02001700,E02001748,18
E02001700,E02001749,1
E02001700,E02001750,5
E02001700,E02001751,6
E02001700,E02001752,47
E02001700,E02001753,4
E02001700,E02001754,1
E02001700,E02001755,12
E02001700,E02001756,42
E02001700,E02001759,9
E02001700,E02001760,6
E02001700,E02001761,3
E02001700,E02001762,1
E02001700,E02001764,5
E02001700,E02001765,4
E02001700,E02001766,5
E02001700,E02001767,5
E02001700,E02001768,8
E02001700,E02001769,15
E02001700,E02001770,1
E02001700,E02001771,1
E02001700,E02001772,1
E02001700,E02001773,1
E02001700,E02001774,9
E02001700,E02001776,8
E02001700,E02001777,9
E02001700,E02001778,2
E02001700,E02001779,17
E02001700,E02001781,2
E02001700,E02001782,4
E02001700,E02001785,4
E02001700,E02001787,7
E02001700,E02001788,2
E02001700,E02001790,9
E02001700,E02001791,1
E02001700,E02001793,1
E02001700,E02001795,20
E02001700,E02001796,3
E02001700,E02001797,60
E02001700,E02001798,17
E02001700,E02001799,28
E02001700,E02001800,11
E02001700,E02001801,8
E02001700,E02001802,2
E02001700,E02001803,20
E02001700,E02001804,1
E02001700,E02001806,3
E02001700,E02001807,28
E02001700,E02001809,18
E02001700,E02001810,9
E02001700,E02001811,3
E02001700,E02001812,1
E02001700,E02001813,1
E02001700,E02001815,10
E02001700,E02001817,4
E02001700,E02001818,2
E02001700,E02001819,11
E02001700,E02001820,3
E02001700,E02001822,1
E02001700,E02001824,4
E02001700,E02001825,18
E02001700,E02001826,2
E02001700,E02006841,286
E02001700,E02006842,21
E02001700,E02006893,12
E02001701,E02001682,7
E02001701,E02001683,5
E02001701,E02001684,67
E02001701,E02001685,3
E02001701,E02001686,24
E02001701,E02001688,270
E02001701,E02001689,37
E02001701,E02001690,91
E02001701,E02001691,19
E02001701,E02001692,8
E02001701,E02001693,14
E02001701,E02001694,15
E02001701,E02001695,4
E02001701,E02001696,14
E02001701,E02001697,156
E02001701,E02001698,13
E02001701,E02001699,9
E02001701,E02001700,17
E02001701,E02001701,145
E02001701,E02001702,11
E02001701,E02001703,1
E02001701,E02001704,20
E02001701,E02001705,6
E02001701,E02001706,82
E02001701,E02001707,44
E02001701,E02001708,12
E02001701,E02001709,7
E02001701,E02001710,9
E02001701,E02001711,10
E02001701,E02001712,10
E02001701,E02001713,35
E02001701,E02001714,36
E02001701,E02001715,6
E02001701,E02001718,3
E02001701,E02001719,5
E02001701,E02001720,7
E02001701,E02001721,8
E02001701,E02001722,3
E02001701,E02001723,1
E02001701,E02001724,26
E02001701,E02001725,6
E02001701,E02001726,3
E02001701,E02001727,6
E02001701,E02001728,20
E02001701,E02001729,9
E02001701,E02001730,46
E02001701,E02001731,312
E02001701,E02001732,6
E02001701,E02001733,34
E02001701,E02001734,13
E02001701,E02001735,1
E02001701,E02001736,45
E02001701,E02001737,14
E02001701,E02001739,2
E02001701,E02001742,3
E02001701,E02001743,3
E02001701,E02001745,6
E02001701,E02001746,2
E02001701,E02001748,11
E02001701,E02001749,1
E02001701,E02001750,2
E02001701,E02001751,1
E02001701,E02001752,29
E02001701,E02001753,1
E02001701,E02001755,3
E02001701,E02001756,28
E02001701,E02001757,1
E02001701,E02001759,3
E02001701,E02001760,7
E02001701,E02001761,2
E02001701,E02001764,1
E02001701,E02001765,3
E02001701,E02001766,4
E02001701,E02001767,2
E02001701,E02001768,6
E02001701,E02001769,15
E02001701,E02001770,1
E02001701,E02001772,1
E02001701,E02001773,3
E02001701,E02001774,3
E02001701,E02001776,5
E02001701,E02001777,5
E02001701,E02001778,2
E02001701,E02001779,9
E02001701,E02001781,1
E02001701,E02001782,15
E02001701,E02001783,1
E02001701,E02001785,1
E02001701,E02001787,2
E02001701,E02001788,1
E02001701,E02001790,5
E02001701,E02001791,2
E02001701,E02001793,3
E02001701,E02001794,1
E02001701,E02001795,11
E02001701,E02001796,2
E02001701,E02001797,16
E02001701,E02001798,17
E02001701,E02001799,9
E02001701,E02001800,17
E02001701,E02001801,11
E02001701,E02001802,1
E02001701,E02001803,16
E02001701,E02001804,4
E02001701,E02001806,5
E02001701,E02001807,24
E02001701,E02001808,3
E02001701,E02001809,17
E02001701,E02001810,3
E02001701,E02001811,2
E02001701,E02001812,1
E02001701,E02001813,1
E02001701,E02001814,3
E02001701,E02001815,8
E02001701,E02001818,1
E02001701,E02001819,7
E02001701,E02001820,3
E02001701,E02001822,3
E02001701,E02001823,1
E02001701,E02001824,3
E02001701,E02001825,9
E02001701,E02001826,1
E02001701,E02006841,229
E02001701,E02006842,18
E02001701,E02006893,2
E02001702,E02001682,9
E02001702,E02001684,65
E02001702,E02001685,4
E02001702,E02001686,16
E02001702,E02001688,301
E02001702,E02001689,40
E02001702,E02001690,93
E02001702,E02001691,18
E02001702,E02001692,6
E02001702,E02001693,18
E02001702,E02001694,18
E02001702,E02001695,17
E02001702,E02001696,21
E02001702,E02001697,180
E02001702,E02001698,3
E02001702,E02001699,14
E02001702,E02001700,24
E02001702,E02001701,43
E02001702,E02001702,114
E02001702,E02001704,64
E02001702,E02001705,2
E02001702,E02001706,90
E02001702,E02001707,57
E02001702,E02001708,12
E02001702,E02001709,7
E02001702,E02001710,5
E02001702,E02001711,2
E02001702,E02001712,12
E02001702,E02001713,20
E02001702,E02001714,19
E02001702,E02001715,5
E02001702,E02001718,1
E02001702,E02001719,2
E02001702,E02001720,5
E02001702,E02001721,11
E02001702,E02001722,1
E02001702,E02001723,1
E02001702,E02001724,14
E02001702,E02001725,3
E02001702,E02001726,3
E02001702,E02001727,3
E02001702,E02001728,7
E02001702,E02001729,5
E02001702,E02001730,36
E02001702,E02001731,215
E02001702,E02001732,2
E02001702,E02001733,31
E02001702,E02001734,9
E02001702,E02001735,2
E02001702,E02001736,30
E02001702,E02001737,15
E02001702,E02001739,2
E02001702,E02001741,2
E02001702,E02001742,1
E02001702,E02001743,1
E02001702,E02001745,7
E02001702,E02001748,7
E02001702,E02001749,1
E02001702,E02001751,1
E02001702,E02001752,14
E02001702,E02001754,1
E02001702,E02001755,13
E02001702,E02001756,23
E02001702,E02001759,4
E02001702,E02001760,4
E02001702,E02001764,9
E02001702,E02001765,3
E02001702,E02001766,5
E02001702,E02001767,5
E02001702,E02001768,6
E02001702,E02001769,14
E02001702,E02001771,1
E02001702,E02001772,3
E02001702,E02001773,2
E02001702,E02001774,12
E02001702,E02001776,4
E02001702,E02001777,4
E02001702,E02001778,2
E02001702,E02001779,9
E02001702,E02001781,1
E02001702,E02001782,6
E02001702,E02001787,2
E02001702,E02001788,3
E02001702,E02001790,8
E02001702,E02001795,19
E02001702,E02001796,1
E02001702,E02001797,39
E02001702,E02001798,5
E02001702,E02001799,23
E02001702,E02001800,38
E02001702,E02001801,3
E02001702,E02001803,12
E02001702,E02001804,2
E02001702,E02001807,29
E02001702,E02001809,23
E02001702,E02001810,6
E02001702,E02001811,4
E02001702,E02001813,2
E02001702,E02001815,6
E02001702,E02001816,1
E02001702,E02001818,1
E02001702,E02001819,6
E02001702,E02001822,2
E02001702,E02001825,17
E02001702,E02001826,4
E02001702,E02006841,229
E02001702,E02006842,24
E02001703,E02001682,18
E02001703,E02001683,23
E02001703,E02001684,10
E02001703,E02001685,28
E02001703,E02001686,114
E02001703,E02001688,114
E02001703,E02001689,18
E02001703,E02001690,158
E02001703,E02001691,4
E02001703,E02001693,2
E02001703,E02001694,7
E02001703,E02001695,2
E02001703,E02001696,5
E02001703,E02001697,24
E02001703,E02001698,28
E02001703,E02001699,4
E02001703,E02001700,11
E02001703,E02001701,9
E02001703,E02001702,3
E02001703,E02001703,124
E02001703,E02001704,2
E02001703,E02001705,48
E02001703,E02001706,20
E02001703,E02001707,13
E02001703,E02001708,28
E02001703,E02001709,9
E02001703,E02001710,7
E02001703,E02001711,17
E02001703,E02001712,1
E02001703,E02001713,30
E02001703,E02001714,21
E02001703,E02001715,17
E02001703,E02001718,5
E02001703,E02001719,3
E02001703,E02001721,27
E02001703,E02001722,3
E02001703,E02001724,17
E02001703,E02001725,12
E02001703,E02001726,10
E02001703,E02001727,5
E02001703,E02001728,15
E02001703,E02001729,6
E02001703,E02001730,28
E02001703,E02001731,246
E02001703,E02001732,8
E02001703,E02001733,18
E02001703,E02001734,9
E02001703,E02001736,51
E02001703,E02001737,9
E02001703,E02001739,2
E02001703,E02001741,6
E02001703,E02001743,1
E02001703,E02001745,11
E02001703,E02001748,8
E02001703,E02001749,1
E02001703,E02001750,8
E02001703,E02001751,3
E02001703,E02001752,8
E02001703,E02001753,2
E02001703,E02001754,1
E02001703,E02001755,9
E02001703,E02001756,17
E02001703,E02001757,1
E02001703,E02001758,2
E02001703,E02001759,5
E02001703,E02001760,4
E02001703,E02001764,2
E02001703,E02001765,1
E02001703,E02001766,6
E02001703,E02001767,1
E02001703,E02001768,1
E02001703,E02001769,7
E02001703,E02001770,1
E02001703,E02001772,3
E02001703,E02001773,2
E02001703,E02001774,2
E02001703,E02001776,8
E02001703,E02001779,3
E02001703,E02001781,1
E02001703,E02001782,1
E02001703,E02001787,3
E02001703,E02001789,1
E02001703,E02001790,3
E02001703,E02001794,1
E02001703,E02001795,8
E02001703,E02001796,1
E02001703,E02001797,12
E02001703,E02001798,4
E02001703,E02001799,8
E02001703,E02001800,5
E02001703,E02001801,1
E02001703,E02001802,1
E02001703,E02001803,9
E02001703,E02001804,1
E02001703,E02001806,2
E02001703,E02001807,10
E02001703,E02001808,2
E02001703,E02001809,9
E02001703,E02001810,2
E02001703,E02001811,1
E02001703,E02001812,1
E02001703,E02001813,1
E02001703,E02001815,6
E02001703,E02001819,7
E02001703,E02001820,1
E02001703,E02001822,1
E02001703,E02001825,7
E02001703,E02001826,3
E02001703,E02006841,97
E02001703,E02006842,6
E02001703,E02006893,2
E02001704,E02001682,3
E02001704,E02001683,1
E02001704,E02001684,50
E02001704,E02001686,34
E02001704,E02001688,325
E02001704,E02001689,45
E02001704,E02001690,120
E02001704,E02001691,20
E02001704,E02001692,3
E02001704,E02001693,15
E02001704,E02001694,10
E02001704,E02001695,16
E02001704,E02001696,13
E02001704,E02001697,157
E02001704,E02001698,3
E02001704,E02001699,13
E02001704,E02001700,10
E02001704,E02001701,92
E02001704,E02001702,39
E02001704,E02001703,6
E02001704,E02001704,97
E02001704,E02001705,5
E02001704,E02001706,115
E02001704,E02001707,62
E02001704,E02001708,11
E02001704,E02001709,4
E02001704,E02001710,4
E02001704,E02001711,13
E02001704,E02001712,13
E02001704,E02001713,40
E02001704,E02001714,14
E02001704,E02001715,1
E02001704,E02001719,2
E02001704,E02001720,4
E02001704,E02001721,11
E02001704,E02001722,7
E02001704,E02001723,1
E02001704,E02001724,5
E02001704,E02001725,8
E02001704,E02001726,2
E02001704,E02001727,2
E02001704,E02001728,10
E02001704,E02001729,6
E02001704,E02001730,40
E02001704,E02001731,201
E02001704,E02001732,8
E02001704,E02001733,28
E02001704,E02001734,6
E02001704,E02001736,53
E02001704,E02001737,10
E02001704,E02001741,5
E02001704,E02001745,4
E02001704,E02001746,3
E02001704,E02001747,1
E02001704,E02001748,8
E02001704,E02001749,1
E02001704,E02001750,3
E02001704,E02001751,1
E02001704,E02001752,10
E02001704,E02001753,1
E02001704,E02001755,10
E02001704,E02001756,23
E02001704,E02001758,1
E02001704,E02001759,6
E02001704,E02001760,6
E02001704,E02001764,1
E02001704,E02001765,3
E02001704,E02001766,7
E02001704,E02001767,1
E02001704,E02001768,5
E02001704,E02001769,6
E02001704,E02001770,2
E02001704,E02001772,4
E02001704,E02001774,5
E02001704,E02001776,5
E02001704,E02001777,6
E02001704,E02001778,2
E02001704,E02001779,7
E02001704,E02001782,5
E02001704,E02001783,1
E02001704,E02001784,1
E02001704,E02001785,1
E02001704,E02001786,1
E02001704,E02001787,2
E02001704,E02001788,1
E02001704,E02001790,7
E02001704,E02001791,3
E02001704,E02001793,2
E02001704,E02001795,21
E02001704,E02001797,40
E02001704,E02001798,8
E02001704,E02001799,15
E02001704,E02001800,17
E02001704,E02001801,6
E02001704,E02001802,1
E02001704,E02001803,9
E02001704,E02001804,3
E02001704,E02001807,29
E02001704,E02001809,14
E02001704,E02001810,8
E02001704,E02001811,3
E02001704,E02001812,2
E02001704,E02001813,1
E02001704,E02001815,7
E02001704,E02001817,2
E02001704,E02001819,12
E02001704,E02001823,1
E02001704,E02001824,3
E02001704,E02001825,19
E02001704,E02001826,4
E02001704,E02006841,240
E02001704,E02006842,16
E02001704,E02006893,2
E02001705,E02001682,28
E02001705,E02001683,32
E02001705,E02001684,24
E02001705,E02001685,26
E02001705,E02001686,113
E02001705,E02001688,120
E02001705,E02001689,26
E02001705,E02001690,191
E02001705,E02001691,9
E02001705,E02001692,3
E02001705,E02001693,6
E02001705,E02001694,15
E02001705,E02001695,5
E02001705,E02001696,3
E02001705,E02001697,32
E02001705,E02001698,18
E02001705,E02001699,8
E02001705,E02001700,16
E02001705,E02001701,10
E02001705,E02001703,47
E02001705,E02001704,3
E02001705,E02001705,223
E02001705,E02001706,22
E02001705,E02001707,11
E02001705,E02001708,16
E02001705,E02001709,10
E02001705,E02001710,11
E02001705,E02001711,15
E02001705,E02001712,3
E02001705,E02001713,34
E02001705,E02001714,37
E02001705,E02001715,10
E02001705,E02001718,6
E02001705,E02001719,2
E02001705,E02001720,6
E02001705,E02001721,25
E02001705,E02001722,4
E02001705,E02001723,1
E02001705,E02001724,12
E02001705,E02001725,8
E02001705,E02001726,6
E02001705,E02001727,9
E02001705,E02001728,23
E02001705,E02001729,14
E02001705,E02001730,31
E02001705,E02001731,218
E02001705,E02001732,22
E02001705,E02001733,21
E02001705,E02001734,17
E02001705,E02001736,58
E02001705,E02001737,5
E02001705,E02001739,1
E02001705,E02001741,3
E02001705,E02001743,4
E02001705,E02001744,1
E02001705,E02001745,13
E02001705,E02001746,1
E02001705,E02001748,4
E02001705,E02001749,1
E02001705,E02001750,4
E02001705,E02001751,1
E02001705,E02001752,11
E02001705,E02001755,19
E02001705,E02001756,28
E02001705,E02001759,5
E02001705,E02001760,1
E02001705,E02001764,2
E02001705,E02001765,3
E02001705,E02001766,5
E02001705,E02001767,3
E02001705,E02001768,4
E02001705,E02001769,5
E02001705,E02001771,1
E02001705,E02001773,1
E02001705,E02001774,5
E02001705,E02001775,1
E02001705,E02001776,1
E02001705,E02001778,2
E02001705,E02001779,1
E02001705,E02001782,8
E02001705,E02001788,1
E02001705,E02001789,1
E02001705,E02001790,7
E02001705,E02001792,1
E02001705,E02001793,1
E02001705,E02001795,2
E02001705,E02001796,1
E02001705,E02001797,17
E02001705,E02001798,7
E02001705,E02001799,2
E02001705,E02001801,2
E02001705,E02001802,1
E02001705,E02001803,5
E02001705,E02001806,1
E02001705,E02001807,4
E02001705,E02001809,5
E02001705,E02001810,2
E02001705,E02001812,2
E02001705,E02001813,1
E02001705,E02001814,2
E02001705,E02001815,1
E02001705,E02001817,1
E02001705,E02001818,3
E02001705,E02001819,2
E02001705,E02001822,2
E02001705,E02001824,1
E02001705,E02001825,9
E02001705,E02001826,1
E02001705,E02006841,104
E02001705,E02006842,9
E02001705,E02006893,1
E02001706,E02001682,1
E02001706,E02001683,4
E02001706,E02001684,44
E02001706,E02001685,1
E02001706,E02001686,17
E02001706,E02001688,213
E02001706,E02001689,27
E02001706,E02001690,89
E02001706,E02001691,7
E02001706,E02001692,5
E02001706,E02001693,8
E02001706,E02001694,2
E02001706,E02001695,12
E02001706,E02001696,12
E02001706,E02001697,76
E02001706,E02001698,12
E02001706,E02001699,4
E02001706,E02001700,16
E02001706,E02001701,33
E02001706,E02001702,16
E02001706,E02001703,2
E02001706,E02001704,22
E02001706,E02001705,1
E02001706,E02001706,146
E02001706,E02001707,239
E02001706,E02001708,5
E02001706,E02001709,4
E02001706,E02001710,4
E02001706,E02001711,9
E02001706,E02001712,4
E02001706,E02001713,25
E02001706,E02001714,16
E02001706,E02001715,4
E02001706,E02001719,3
E02001706,E02001720,3
E02001706,E02001721,4
E02001706,E02001722,1
E02001706,E02001723,1
E02001706,E02001724,7
E02001706,E02001725,6
E02001706,E02001726,3
E02001706,E02001727,2
E02001706,E02001728,19
E02001706,E02001729,5
E02001706,E02001730,28
E02001706,E02001731,164
E02001706,E02001732,4
E02001706,E02001733,15
E02001706,E02001734,7
E02001706,E02001736,41
E02001706,E02001737,10
E02001706,E02001738,1
E02001706,E02001741,3
E02001706,E02001743,1
E02001706,E02001744,3
E02001706,E02001745,10
E02001706,E02001746,2
E02001706,E02001748,7
E02001706,E02001749,2
E02001706,E02001751,1
E02001706,E02001752,18
E02001706,E02001754,1
E02001706,E02001755,4
E02001706,E02001756,16
E02001706,E02001759,5
E02001706,E02001760,3
E02001706,E02001763,1
E02001706,E02001764,1
E02001706,E02001765,3
E02001706,E02001766,1
E02001706,E02001767,2
E02001706,E02001768,3
E02001706,E02001769,18
E02001706,E02001773,1
E02001706,E02001774,8
E02001706,E02001776,4
E02001706,E02001777,5
E02001706,E02001778,2
E02001706,E02001779,13
E02001706,E02001782,6
E02001706,E02001786,1
E02001706,E02001788,6
E02001706,E02001790,14
E02001706,E02001791,1
E02001706,E02001795,9
E02001706,E02001796,5
E02001706,E02001797,55
E02001706,E02001798,6
E02001706,E02001799,18
E02001706,E02001800,35
E02001706,E02001801,5
E02001706,E02001802,4
E02001706,E02001803,20
E02001706,E02001804,3
E02001706,E02001806,2
E02001706,E02001807,51
E02001706,E02001808,1
E02001706,E02001809,41
E02001706,E02001810,3
E02001706,E02001811,1
E02001706,E02001812,2
E02001706,E02001813,2
E02001706,E02001814,1
E02001706,E02001815,7
E02001706,E02001817,1
E02001706,E02001819,13
E02001706,E02001820,3
E02001706,E02001822,2
E02001706,E02001823,2
E02001706,E02001824,1
E02001706,E02001825,23
E02001706,E02001826,1
E02001706,E02006841,139
E02001706,E02006842,9
E02001706,E02006893,1
E02001707,E02001682,11
E02001707,E02001683,5
E02001707,E02001684,42
E02001707,E02001685,7
E02001707,E02001686,35
E02001707,E02001688,243
E02001707,E02001689,26
E02001707,E02001690,113
E02001707,E02001691,14
E02001707,E02001692,11
E02001707,E02001693,4
E02001707,E02001694,5
E02001707,E02001695,12
E02001707,E02001696,7
E02001707,E02001697,84
E02001707,E02001698,10
E02001707,E02001699,6
E02001707,E02001700,10
E02001707,E02001701,32
E02001707,E02001702,10
E02001707,E02001703,5
E02001707,E02001704,9
E02001707,E02001705,5
E02001707,E02001706,111
E02001707,E02001707,508
E02001707,E02001708,9
E02001707,E02001709,7
E02001707,E02001710,3
E02001707,E02001711,7
E02001707,E02001712,5
E02001707,E02001713,38
E02001707,E02001714,27
E02001707,E02001715,11
E02001707,E02001719,3
E02001707,E02001720,3
E02001707,E02001721,7
E02001707,E02001722,1
E02001707,E02001723,4
E02001707,E02001724,4
E02001707,E02001725,4
E02001707,E02001726,9
E02001707,E02001727,4
E02001707,E02001728,7
E02001707,E02001729,3
E02001707,E02001730,34
E02001707,E02001731,186
E02001707,E02001732,6
E02001707,E02001733,18
E02001707,E02001734,8
E02001707,E02001735,1
E02001707,E02001736,42
E02001707,E02001737,9
E02001707,E02001739,2
E02001707,E02001741,2
E02001707,E02001743,2
E02001707,E02001745,11
E02001707,E02001748,2
E02001707,E02001749,1
E02001707,E02001751,2
E02001707,E02001752,16
E02001707,E02001753,1
E02001707,E02001755,11
E02001707,E02001756,16
E02001707,E02001758,3
E02001707,E02001760,3
E02001707,E02001764,2
E02001707,E02001765,3
E02001707,E02001766,4
E02001707,E02001767,3
E02001707,E02001768,1
E02001707,E02001769,13
E02001707,E02001772,1
E02001707,E02001774,8
E02001707,E02001776,6
E02001707,E02001777,5
E02001707,E02001778,4
E02001707,E02001779,3
E02001707,E02001782,8
E02001707,E02001784,1
E02001707,E02001785,4
E02001707,E02001787,7
E02001707,E02001788,2
E02001707,E02001789,1
E02001707,E02001790,12
E02001707,E02001792,1
E02001707,E02001793,3
E02001707,E02001794,4
E02001707,E02001795,16
E02001707,E02001796,8
E02001707,E02001797,54
E02001707,E02001798,18
E02001707,E02001799,24
E02001707,E02001800,39
E02001707,E02001801,8
E02001707,E02001802,3
E02001707,E02001803,25
E02001707,E02001804,3
E02001707,E02001805,1
E02001707,E02001806,2
E02001707,E02001807,68
E02001707,E02001808,3
E02001707,E02001809,71
E02001707,E02001810,19
E02001707,E02001811,1
E02001707,E02001812,1
E02001707,E02001813,2
E02001707,E02001814,1
E02001707,E02001815,30
E02001707,E02001817,2
E02001707,E02001818,1
E02001707,E02001819,17
E02001707,E02001820,4
E02001707,E02001822,5
E02001707,E02001823,4
E02001707,E02001824,7
E02001707,E02001825,21
E02001707,E02001826,6
E02001707,E02006841,193
E02001707,E02006842,11
E02001708,E02001682,1
E02001708,E02001683,2
E02001708,E02001684,21
E02001708,E02001685,1
E02001708,E02001686,26
E02001708,E02001688,97
E02001708,E02001689,10
E02001708,E02001690,47
E02001708,E02001691,6
E02001708,E02001692,2
E02001708,E02001693,3
E02001708,E02001694,2
E02001708,E02001695,7
E02001708,E02001696,2
E02001708,E02001697,17
E02001708,E02001698,2
E02001708,E02001700,6
E02001708,E02001701,3
E02001708,E02001702,1
E02001708,E02001703,1
E02001708,E02001705,2
E02001708,E02001706,18
E02001708,E02001707,9
E02001708,E02001708,399
E02001708,E02001709,71
E02001708,E02001710,100
E02001708,E02001711,157
E02001708,E02001712,74
E02001708,E02001713,199
E02001708,E02001714,154
E02001708,E02001715,98
E02001708,E02001718,22
E02001708,E02001719,7
E02001708,E02001720,13
E02001708,E02001721,39
E02001708,E02001722,19
E02001708,E02001723,6
E02001708,E02001724,43
E02001708,E02001725,41
E02001708,E02001726,24
E02001708,E02001727,14
E02001708,E02001728,30
E02001708,E02001729,30
E02001708,E02001730,105
E02001708,E02001731,604
E02001708,E02001732,15
E02001708,E02001733,69
E02001708,E02001734,33
E02001708,E02001735,1
E02001708,E02001736,122
E02001708,E02001737,17
E02001708,E02001739,9
E02001708,E02001741,77
E02001708,E02001742,4
E02001708,E02001743,9
E02001708,E02001744,4
E02001708,E02001745,56
E02001708,E02001746,1
E02001708,E02001748,32
E02001708,E02001750,10
E02001708,E02001751,9
E02001708,E02001752,79
E02001708,E02001753,4
E02001708,E02001754,2
E02001708,E02001755,30
E02001708,E02001756,116
E02001708,E02001757,3
E02001708,E02001758,6
E02001708,E02001759,14
E02001708,E02001760,18
E02001708,E02001761,2
E02001708,E02001763,2
E02001708,E02001764,9
E02001708,E02001765,4
E02001708,E02001766,11
E02001708,E02001767,12
E02001708,E02001768,5
E02001708,E02001769,5
E02001708,E02001770,2
E02001708,E02001772,1
E02001708,E02001773,1
E02001708,E02001774,3
E02001708,E02001776,9
E02001708,E02001777,2
E02001708,E02001778,7
E02001708,E02001779,3
E02001708,E02001781,1
E02001708,E02001782,4
E02001708,E02001784,1
E02001708,E02001787,3
E02001708,E02001788,2
E02001708,E02001789,1
E02001708,E02001790,7
E02001708,E02001791,1
E02001708,E02001795,7
E02001708,E02001796,4
E02001708,E02001797,17
E02001708,E02001798,3
E02001708,E02001799,5
E02001708,E02001800,2
E02001708,E02001801,6
E02001708,E02001803,11
E02001708,E02001804,2
E02001708,E02001805,2
E02001708,E02001806,3
E02001708,E02001807,13
E02001708,E02001809,3
E02001708,E02001810,5
E02001708,E02001811,1
E02001708,E02001812,3
E02001708,E02001813,2
E02001708,E02001814,4
E02001708,E02001815,2
E02001708,E02001817,1
E02001708,E02001819,16
E02001708,E02001822,4
E02001708,E02001823,1
E02001708,E02001824,3
E02001708,E02001825,7
E02001708,E02001826,4
E02001708,E02006841,59
E02001708,E02006842,5
E02001708,E02006893,20
E02001709,E02001682,3
E02001709,E02001683,8
E02001709,E02001684,18
E02001709,E02001685,3
E02001709,E02001686,13
E02001709,E02001688,88
E02001709,E02001689,3
E02001709,E02001690,33
E02001709,E02001691,4
E02001709,E02001692,4
E02001709,E02001693,3
E02001709,E02001695,3
E02001709,E02001696,9
E02001709,E02001697,33
E02001709,E02001698,6
E02001709,E02001699,1
E02001709,E02001700,10
E02001709,E02001701,10
E02001709,E02001702,3
E02001709,E02001703,1
E02001709,E02001705,1
E02001709,E02001706,4
E02001709,E02001707,18
E02001709,E02001708,89
E02001709,E02001709,258
E02001709,E02001710,39
E02001709,E02001711,54
E02001709,E02001712,60
E02001709,E02001713,259
E02001709,E02001714,143
E02001709,E02001715,31
E02001709,E02001718,22
E02001709,E02001719,10
E02001709,E02001720,21
E02001709,E02001721,27
E02001709,E02001722,8
E02001709,E02001723,5
E02001709,E02001724,51
E02001709,E02001725,38
E02001709,E02001726,23
E02001709,E02001727,24
E02001709,E02001728,29
E02001709,E02001729,39
E02001709,E02001730,138
E02001709,E02001731,744
E02001709,E02001732,20
E02001709,E02001733,49
E02001709,E02001734,17
E02001709,E02001735,2
E02001709,E02001736,101
E02001709,E02001737,17
E02001709,E02001739,11
E02001709,E02001741,28
E02001709,E02001742,7
E02001709,E02001743,12
E02001709,E02001744,6
E02001709,E02001745,38
E02001709,E02001746,1
E02001709,E02001747,4
E02001709,E02001748,33
E02001709,E02001749,2
E02001709,E02001750,33
E02001709,E02001751,18
E02001709,E02001752,86
E02001709,E02001753,6
E02001709,E02001754,4
E02001709,E02001755,48
E02001709,E02001756,110
E02001709,E02001757,2
E02001709,E02001758,10
E02001709,E02001759,27
E02001709,E02001760,14
E02001709,E02001761,3
E02001709,E02001763,6
E02001709,E02001764,10
E02001709,E02001765,6
E02001709,E02001766,10
E02001709,E02001767,6
E02001709,E02001768,10
E02001709,E02001769,11
E02001709,E02001770,1
E02001709,E02001772,2
E02001709,E02001773,1
E02001709,E02001774,12
E02001709,E02001775,2
E02001709,E02001776,3
E02001709,E02001777,4
E02001709,E02001778,12
E02001709,E02001779,5
E02001709,E02001782,6
E02001709,E02001783,1
E02001709,E02001784,1
E02001709,E02001787,2
E02001709,E02001790,7
E02001709,E02001792,3
E02001709,E02001793,1
E02001709,E02001795,14
E02001709,E02001796,7
E02001709,E02001797,21
E02001709,E02001798,15
E02001709,E02001799,8
E02001709,E02001800,4
E02001709,E02001801,19
E02001709,E02001803,18
E02001709,E02001804,3
E02001709,E02001806,2
E02001709,E02001807,2
E02001709,E02001808,3
E02001709,E02001809,2
E02001709,E02001810,2
E02001709,E02001812,1
E02001709,E02001813,2
E02001709,E02001814,3
E02001709,E02001817,1
E02001709,E02001819,9
E02001709,E02001822,1
E02001709,E02001823,3
E02001709,E02001824,3
E02001709,E02001825,7
E02001709,E02006841,50
E02001709,E02006842,6
E02001709,E02006893,7
E02001710,E02001682,6
E02001710,E02001684,23
E02001710,E02001685,3
E02001710,E02001686,22
E02001710,E02001688,88
E02001710,E02001689,4
E02001710,E02001690,48
E02001710,E02001691,6
E02001710,E02001692,1
E02001710,E02001694,4
E02001710,E02001695,1
E02001710,E02001696,1
E02001710,E02001697,10
E02001710,E02001698,3
E02001710,E02001699,3
E02001710,E02001700,6
E02001710,E02001701,6
E02001710,E02001703,1
E02001710,E02001705,2
E02001710,E02001706,11
E02001710,E02001707,7
E02001710,E02001708,202
E02001710,E02001709,94
E02001710,E02001710,310
E02001710,E02001711,92
E02001710,E02001712,93
E02001710,E02001713,304
E02001710,E02001714,113
E02001710,E02001715,133
E02001710,E02001718,9
E02001710,E02001719,13
E02001710,E02001720,25
E02001710,E02001721,34
E02001710,E02001722,10
E02001710,E02001723,4
E02001710,E02001724,33
E02001710,E02001725,22
E02001710,E02001726,43
E02001710,E02001727,16
E02001710,E02001728,21
E02001710,E02001729,42
E02001710,E02001730,73
E02001710,E02001731,484
E02001710,E02001732,14
E02001710,E02001733,61
E02001710,E02001734,24
E02001710,E02001735,4
E02001710,E02001736,103
E02001710,E02001737,13
E02001710,E02001738,2
E02001710,E02001739,5
E02001710,E02001741,14
E02001710,E02001743,7
E02001710,E02001744,4
E02001710,E02001745,23
E02001710,E02001746,2
E02001710,E02001747,1
E02001710,E02001748,14
E02001710,E02001749,5
E02001710,E02001750,2
E02001710,E02001751,6
E02001710,E02001752,41
E02001710,E02001753,3
E02001710,E02001754,1
E02001710,E02001755,44
E02001710,E02001756,92
E02001710,E02001757,2
E02001710,E02001758,7
E02001710,E02001759,16
E02001710,E02001760,16
E02001710,E02001763,2
E02001710,E02001764,4
E02001710,E02001765,3
E02001710,E02001766,9
E02001710,E02001767,5
E02001710,E02001768,3
E02001710,E02001769,8
E02001710,E02001770,4
E02001710,E02001774,12
E02001710,E02001776,4
E02001710,E02001778,5
E02001710,E02001779,4
E02001710,E02001781,1
E02001710,E02001782,2
E02001710,E02001784,1
E02001710,E02001786,1
E02001710,E02001788,3
E02001710,E02001790,2
E02001710,E02001793,2
E02001710,E02001794,3
E02001710,E02001795,3
E02001710,E02001796,1
E02001710,E02001797,9
E02001710,E02001798,1
E02001710,E02001799,2
E02001710,E02001800,3
E02001710,E02001801,4
E02001710,E02001803,8
E02001710,E02001806,1
E02001710,E02001807,8
E02001710,E02001809,2
E02001710,E02001810,6
E02001710,E02001811,1
E02001710,E02001813,1
E02001710,E02001816,2
E02001710,E02001817,1
E02001710,E02001819,2
E02001710,E02001822,3
E02001710,E02001824,1
E02001710,E02001825,5
E02001710,E02001826,2
E02001710,E02006841,56
E02001710,E02006842,3
E02001710,E02006893,10
E02001711,E02001682,6
E02001711,E02001683,4
E02001711,E02001684,18
E02001711,E02001686,26
E02001711,E02001688,101
E02001711,E02001689,7
E02001711,E02001690,75
E02001711,E02001691,2
E02001711,E02001692,1
E02001711,E02001693,1
E02001711,E02001694,10
E02001711,E02001695,2
E02001711,E02001696,3
E02001711,E02001697,11
E02001711,E02001698,3
E02001711,E02001699,2
E02001711,E02001700,6
E02001711,E02001701,4
E02001711,E02001702,3
E02001711,E02001703,2
E02001711,E02001704,2
E02001711,E02001705,6
E02001711,E02001706,20
E02001711,E02001707,4
E02001711,E02001708,152
E02001711,E02001709,31
E02001711,E02001710,59
E02001711,E02001711,298
E02001711,E02001712,41
E02001711,E02001713,114
E02001711,E02001714,76
E02001711,E02001715,98
E02001711,E02001718,23
E02001711,E02001719,8
E02001711,E02001720,10
E02001711,E02001721,49
E02001711,E02001722,43
E02001711,E02001723,22
E02001711,E02001724,29
E02001711,E02001725,31
E02001711,E02001726,57
E02001711,E02001727,22
E02001711,E02001728,38
E02001711,E02001729,27
E02001711,E02001730,105
E02001711,E02001731,533
E02001711,E02001732,32
E02001711,E02001733,90
E02001711,E02001734,27
E02001711,E02001735,2
E02001711,E02001736,122
E02001711,E02001737,8
E02001711,E02001739,4
E02001711,E02001740,1
E02001711,E02001741,12
E02001711,E02001743,2
E02001711,E02001744,4
E02001711,E02001745,26
E02001711,E02001746,4
E02001711,E02001748,21
E02001711,E02001749,1
E02001711,E02001750,1
E02001711,E02001751,5
E02001711,E02001752,31
E02001711,E02001755,24
E02001711,E02001756,63
E02001711,E02001757,2
E02001711,E02001758,2
E02001711,E02001759,6
E02001711,E02001760,17
E02001711,E02001763,1
E02001711,E02001764,5
E02001711,E02001765,6
E02001711,E02001766,9
E02001711,E02001767,10
E02001711,E02001768,3
E02001711,E02001769,8
E02001711,E02001771,1
E02001711,E02001773,1
E02001711,E02001774,6
E02001711,E02001776,6
E02001711,E02001777,3
E02001711,E02001778,4
E02001711,E02001779,3
E02001711,E02001782,4
E02001711,E02001783,1
E02001711,E02001784,1
E02001711,E02001787,1
E02001711,E02001795,2
E02001711,E02001796,3
E02001711,E02001797,16
E02001711,E02001798,3
E02001711,E02001799,3
E02001711,E02001800,6
E02001711,E02001801,4
E02001711,E02001803,11
E02001711,E02001804,1
E02001711,E02001807,2
E02001711,E02001809,2
E02001711,E02001810,1
E02001711,E02001811,2
E02001711,E02001813,1
E02001711,E02001815,1
E02001711,E02001819,5
E02001711,E02001825,9
E02001711,E02001826,2
E02001711,E02006841,40
E02001711,E02006842,4
E02001711,E02006893,82
E02001712,E02001682,4
E02001712,E02001683,5
E02001712,E02001684,22
E02001712,E02001685,4
E02001712,E02001686,9
E02001712,E02001688,68
E02001712,E02001689,6
E02001712,E02001690,27
E02001712,E02001691,4
E02001712,E02001694,1
E02001712,E02001696,3
E02001712,E02001697,34
E02001712,E02001698,6
E02001712,E02001699,2
E02001712,E02001700,6
E02001712,E02001701,4
E02001712,E02001702,3
E02001712,E02001703,2
E02001712,E02001705,5
E02001712,E02001706,15
E02001712,E02001707,7
E02001712,E02001708,59
E02001712,E02001709,82
E02001712,E02001710,26
E02001712,E02001711,37
E02001712,E02001712,195
E02001712,E02001713,282
E02001712,E02001714,214
E02001712,E02001715,40
E02001712,E02001718,9
E02001712,E02001719,20
E02001712,E02001720,55
E02001712,E02001721,12
E02001712,E02001722,9
E02001712,E02001723,2
E02001712,E02001724,91
E02001712,E02001725,38
E02001712,E02001726,15
E02001712,E02001727,15
E02001712,E02001728,27
E02001712,E02001729,36
E02001712,E02001730,159
E02001712,E02001731,967
E02001712,E02001732,15
E02001712,E02001733,62
E02001712,E02001734,25
E02001712,E02001735,6
E02001712,E02001736,125
E02001712,E02001737,21
E02001712,E02001739,14
E02001712,E02001740,3
E02001712,E02001741,7
E02001712,E02001742,6
E02001712,E02001743,12
E02001712,E02001744,2
E02001712,E02001745,26
E02001712,E02001746,8
E02001712,E02001747,1
E02001712,E02001748,25
E02001712,E02001749,2
E02001712,E02001750,23
E02001712,E02001751,16
E02001712,E02001752,65
E02001712,E02001753,4
E02001712,E02001754,3
E02001712,E02001755,48
E02001712,E02001756,103
E02001712,E02001757,3
E02001712,E02001758,5
E02001712,E02001759,20
E02001712,E02001760,12
E02001712,E02001761,1
E02001712,E02001763,7
E02001712,E02001764,7
E02001712,E02001765,8
E02001712,E02001766,29
E02001712,E02001767,8
E02001712,E02001768,5
E02001712,E02001769,3
E02001712,E02001770,3
E02001712,E02001772,3
E02001712,E02001774,17
E02001712,E02001775,2
E02001712,E02001776,5
E02001712,E02001777,1
E02001712,E02001778,9
E02001712,E02001779,9
E02001712,E02001780,3
E02001712,E02001781,1
E02001712,E02001782,1
E02001712,E02001783,1
E02001712,E02001784,2
E02001712,E02001786,1
E02001712,E02001787,2
E02001712,E02001788,3
E02001712,E02001790,8
E02001712,E02001791,1
E02001712,E02001792,1
E02001712,E02001795,8
E02001712,E02001796,7
E02001712,E02001797,11
E02001712,E02001798,5
E02001712,E02001799,3
E02001712,E02001801,25
E02001712,E02001802,2
E02001712,E02001803,31
E02001712,E02001804,2
E02001712,E02001806,5
E02001712,E02001807,3
E02001712,E02001808,2
E02001712,E02001809,2
E02001712,E02001810,3
E02001712,E02001811,1
E02001712,E02001812,2
E02001712,E02001813,2
E02001712,E02001814,1
E02001712,E02001819,12
E02001712,E02001822,1
E02001712,E02001823,4
E02001712,E02001824,1
E02001712,E02001825,6
E02001712,E02006841,68
E02001712,E02006842,1
E02001712,E02006893,7
E02001713,E02001682,1
E02001713,E02001683,6
E02001713,E02001684,23
E02001713,E02001685,1
E02001713,E02001686,12
E02001713,E02001688,72
E02001713,E02001689,5
E02001713,E02001690,32
E02001713,E02001691,4
E02001713,E02001692,1
E02001713,E02001693,3
E02001713,E02001694,1
E02001713,E02001695,1
E02001713,E02001696,6
E02001713,E02001697,43
E02001713,E02001698,6
E02001713,E02001699,6
E02001713,E02001700,4
E02001713,E02001701,6
E02001713,E02001702,2
E02001713,E02001703,1
E02001713,E02001704,2
E02001713,E02001705,4
E02001713,E02001706,8
E02001713,E02001707,12
E02001713,E02001708,68
E02001713,E02001709,73
E02001713,E02001710,61
E02001713,E02001711,42
E02001713,E02001712,67
E02001713,E02001713,434
E02001713,E02001714,174
E02001713,E02001715,54
E02001713,E02001718,14
E02001713,E02001719,13
E02001713,E02001720,32
E02001713,E02001721,17
E02001713,E02001722,10
E02001713,E02001723,15
E02001713,E02001724,98
E02001713,E02001725,51
E02001713,E02001726,17
E02001713,E02001727,17
E02001713,E02001728,25
E02001713,E02001729,52
E02001713,E02001730,215
E02001713,E02001731,917
E02001713,E02001732,12
E02001713,E02001733,70
E02001713,E02001734,20
E02001713,E02001735,3
E02001713,E02001736,123
E02001713,E02001737,16
E02001713,E02001738,1
E02001713,E02001739,13
E02001713,E02001740,2
E02001713,E02001741,21
E02001713,E02001742,3
E02001713,E02001743,7
E02001713,E02001744,5
E02001713,E02001745,32
E02001713,E02001746,3
E02001713,E02001748,35
E02001713,E02001749,1
E02001713,E02001750,33
E02001713,E02001751,18
E02001713,E02001752,64
E02001713,E02001753,5
E02001713,E02001754,2
E02001713,E02001755,29
E02001713,E02001756,110
E02001713,E02001757,6
E02001713,E02001758,1
E02001713,E02001759,26
E02001713,E02001760,11
E02001713,E02001761,3
E02001713,E02001762,1
E02001713,E02001763,7
E02001713,E02001764,6
E02001713,E02001765,6
E02001713,E02001766,21
E02001713,E02001767,15
E02001713,E02001768,8
E02001713,E02001769,8
E02001713,E02001770,2
E02001713,E02001772,5
E02001713,E02001773,2
E02001713,E02001774,6
E02001713,E02001775,2
E02001713,E02001776,6
E02001713,E02001777,3
E02001713,E02001778,13
E02001713,E02001779,5
E02001713,E02001780,1
E02001713,E02001781,1
E02001713,E02001782,2
E02001713,E02001784,2
E02001713,E02001785,1
E02001713,E02001787,5
E02001713,E02001788,2
E02001713,E02001789,2
E02001713,E02001790,7
E02001713,E02001791,3
E02001713,E02001792,1
E02001713,E02001794,1
E02001713,E02001795,12
E02001713,E02001796,8
E02001713,E02001797,11
E02001713,E02001798,3
E02001713,E02001799,4
E02001713,E02001800,4
E02001713,E02001801,35
E02001713,E02001802,1
E02001713,E02001803,21
E02001713,E02001804,1
E02001713,E02001805,1
E02001713,E02001806,8
E02001713,E02001807,5
E02001713,E02001808,5
E02001713,E02001809,4
E02001713,E02001810,2
E02001713,E02001811,2
E02001713,E02001812,10
E02001713,E02001813,1
E02001713,E02001814,2
E02001713,E02001815,2
E02001713,E02001818,1
E02001713,E02001819,9
E02001713,E02001820,1
E02001713,E02001822,1
E02001713,E02001823,3
E02001713,E02001824,2
E02001713,E02001825,7
E02001713,E02001826,1
E02001713,E02006841,73
E02001713,E02006842,1
E02001713,E02006893,14
E02001714,E02001682,3
E02001714,E02001683,1
E02001714,E02001684,17
E02001714,E02001685,1
E02001714,E02001686,20
E02001714,E02001688,74
E02001714,E02001689,6
E02001714,E02001690,27
E02001714,E02001691,2
E02001714,E02001692,5
E02001714,E02001693,3
E02001714,E02001694,5
E02001714,E02001695,1
E02001714,E02001696,2
E02001714,E02001697,35
E02001714,E02001698,8
E02001714,E02001699,4
E02001714,E02001700,5
E02001714,E02001701,4
E02001714,E02001702,4
E02001714,E02001704,1
E02001714,E02001705,2
E02001714,E02001706,12
E02001714,E02001707,8
E02001714,E02001708,48
E02001714,E02001709,42
E02001714,E02001710,26
E02001714,E02001711,25
E02001714,E02001712,44
E02001714,E02001713,159
E02001714,E02001714,397
E02001714,E02001715,29
E02001714,E02001718,8
E02001714,E02001719,98
E02001714,E02001720,39
E02001714,E02001721,21
E02001714,E02001722,10
E02001714,E02001723,5
E02001714,E02001724,60
E02001714,E02001725,105
E02001714,E02001726,20
E02001714,E02001727,43
E02001714,E02001728,33
E02001714,E02001729,35
E02001714,E02001730,155
E02001714,E02001731,787
E02001714,E02001732,10
E02001714,E02001733,124
E02001714,E02001734,24
E02001714,E02001735,12
E02001714,E02001736,121
E02001714,E02001737,29
E02001714,E02001738,1
E02001714,E02001739,11
E02001714,E02001740,2
E02001714,E02001741,14
E02001714,E02001742,4
E02001714,E02001743,13
E02001714,E02001744,13
E02001714,E02001745,38
E02001714,E02001746,12
E02001714,E02001748,44
E02001714,E02001749,4
E02001714,E02001750,26
E02001714,E02001751,23
E02001714,E02001752,90
E02001714,E02001753,15
E02001714,E02001754,4
E02001714,E02001755,205
E02001714,E02001756,137
E02001714,E02001757,7
E02001714,E02001758,16
E02001714,E02001759,34
E02001714,E02001760,32
E02001714,E02001761,1
E02001714,E02001762,2
E02001714,E02001763,8
E02001714,E02001764,20
E02001714,E02001765,8
E02001714,E02001766,35
E02001714,E02001767,23
E02001714,E02001768,5
E02001714,E02001769,17
E02001714,E02001770,2
E02001714,E02001772,6
E02001714,E02001773,1
E02001714,E02001774,9
E02001714,E02001775,1
E02001714,E02001776,5
E02001714,E02001777,8
E02001714,E02001778,16
E02001714,E02001779,5
E02001714,E02001780,1
E02001714,E02001782,6
E02001714,E02001786,1
E02001714,E02001787,7
E02001714,E02001788,2
E02001714,E02001789,2
E02001714,E02001790,4
E02001714,E02001791,2
E02001714,E02001792,1
E02001714,E02001795,6
E02001714,E02001796,4
E02001714,E02001797,27
E02001714,E02001798,11
E02001714,E02001799,4
E02001714,E02001800,5
E02001714,E02001801,27
E02001714,E02001802,2
E02001714,E02001803,9
E02001714,E02001807,11
E02001714,E02001808,2
E02001714,E02001809,2
E02001714,E02001810,3
E02001714,E02001812,3
E02001714,E02001813,2
E02001714,E02001814,4
E02001714,E02001815,1
E02001714,E02001816,1
E02001714,E02001819,6
E02001714,E02001821,2
E02001714,E02001822,3
E02001714,E02001824,1
E02001714,E02001825,5
E02001714,E02001826,1
E02001714,E02006841,71
E02001714,E02006842,5
E02001714,E02006893,7
E02001715,E02001682,4
E02001715,E02001683,6
E02001715,E02001684,14
E02001715,E02001685,3
E02001715,E02001686,38
E02001715,E02001688,103
E02001715,E02001689,11
E02001715,E02001690,65
E02001715,E02001691,7
E02001715,E02001692,2
E02001715,E02001693,2
E02001715,E02001694,1
E02001715,E02001695,2
E02001715,E02001696,1
E02001715,E02001697,24
E02001715,E02001698,5
E02001715,E02001700,12
E02001715,E02001701,4
E02001715,E02001703,6
E02001715,E02001705,1
E02001715,E02001706,20
E02001715,E02001707,8
E02001715,E02001708,127
E02001715,E02001709,37
E02001715,E02001710,105
E02001715,E02001711,101
E02001715,E02001712,55
E02001715,E02001713,263
E02001715,E02001714,114
E02001715,E02001715,280
E02001715,E02001718,35
E02001715,E02001719,10
E02001715,E02001720,19
E02001715,E02001721,41
E02001715,E02001722,22
E02001715,E02001723,33
E02001715,E02001724,52
E02001715,E02001725,33
E02001715,E02001726,42
E02001715,E02001727,15
E02001715,E02001728,40
E02001715,E02001729,42
E02001715,E02001730,108
E02001715,E02001731,747
E02001715,E02001732,16
E02001715,E02001733,92
E02001715,E02001734,35
E02001715,E02001735,4
E02001715,E02001736,140
E02001715,E02001737,21
E02001715,E02001738,2
E02001715,E02001739,10
E02001715,E02001740,2
E02001715,E02001741,13
E02001715,E02001742,1
E02001715,E02001743,13
E02001715,E02001744,11
E02001715,E02001745,31
E02001715,E02001746,11
E02001715,E02001747,2
E02001715,E02001748,18
E02001715,E02001749,3
E02001715,E02001750,7
E02001715,E02001751,10
E02001715,E02001752,58
E02001715,E02001753,5
E02001715,E02001755,21
E02001715,E02001756,94
E02001715,E02001757,7
E02001715,E02001758,3
E02001715,E02001759,8
E02001715,E02001760,17
E02001715,E02001761,3
E02001715,E02001763,5
E02001715,E02001764,8
E02001715,E02001765,2
E02001715,E02001766,15
E02001715,E02001767,14
E02001715,E02001768,3
E02001715,E02001769,11
E02001715,E02001770,1
E02001715,E02001771,1
E02001715,E02001772,2
E02001715,E02001774,10
E02001715,E02001776,3
E02001715,E02001777,3
E02001715,E02001778,9
E02001715,E02001779,11
E02001715,E02001781,1
E02001715,E02001782,2
E02001715,E02001783,4
E02001715,E02001787,3
E02001715,E02001790,4
E02001715,E02001791,2
E02001715,E02001792,1
E02001715,E02001795,14
E02001715,E02001796,6
E02001715,E02001797,22
E02001715,E02001798,5
E02001715,E02001799,6
E02001715,E02001800,7
E02001715,E02001801,11
E02001715,E02001802,1
E02001715,E02001803,16
E02001715,E02001804,2
E02001715,E02001806,1
E02001715,E02001807,5
E02001715,E02001810,2
E02001715,E02001811,1
E02001715,E02001812,2
E02001715,E02001813,2
E02001715,E02001815,2
E02001715,E02001819,4
E02001715,E02001820,2
E02001715,E02001822,2
E02001715,E02001823,1
E02001715,E02001825,6
E02001715,E02001826,3
E02001715,E02006841,62
E02001715,E02006842,5
E02001715,E02006893,27
E02001718,E02001682,1
E02001718,E02001683,1
E02001718,E02001684,5
E02001718,E02001686,22
E02001718,E02001688,41
E02001718,E02001689,6
E02001718,E02001690,53
E02001718,E02001691,3
E02001718,E02001694,1
E02001718,E02001695,3
E02001718,E02001696,1
E02001718,E02001697,6
E02001718,E02001698,1
E02001718,E02001700,5
E02001718,E02001701,4
E02001718,E02001702,1
E02001718,E02001705,2
E02001718,E02001706,10
E02001718,E02001707,3
E02001718,E02001708,61
E02001718,E02001709,22
E02001718,E02001710,36
E02001718,E02001711,84
E02001718,E02001712,22
E02001718,E02001713,78
E02001718,E02001714,52
E02001718,E02001715,65
E02001718,E02001718,108
E02001718,E02001719,5
E02001718,E02001720,4
E02001718,E02001721,32
E02001718,E02001722,25
E02001718,E02001723,27
E02001718,E02001724,16
E02001718,E02001725,12
E02001718,E02001726,48
E02001718,E02001727,3
E02001718,E02001728,16
E02001718,E02001729,29
E02001718,E02001730,47
E02001718,E02001731,334
E02001718,E02001732,20
E02001718,E02001733,68
E02001718,E02001734,25
E02001718,E02001735,1
E02001718,E02001736,70
E02001718,E02001737,14
E02001718,E02001738,1
E02001718,E02001739,2
E02001718,E02001740,1
E02001718,E02001741,16
E02001718,E02001742,1
E02001718,E02001743,2
E02001718,E02001744,2
E02001718,E02001745,9
E02001718,E02001748,7
E02001718,E02001750,1
E02001718,E02001751,4
E02001718,E02001752,19
E02001718,E02001753,2
E02001718,E02001754,1
E02001718,E02001755,8
E02001718,E02001756,38
E02001718,E02001758,1
E02001718,E02001759,2
E02001718,E02001760,5
E02001718,E02001763,1
E02001718,E02001764,4
E02001718,E02001765,1
E02001718,E02001766,7
E02001718,E02001767,6
E02001718,E02001768,1
E02001718,E02001769,5
E02001718,E02001774,8
E02001718,E02001776,2
E02001718,E02001779,5
E02001718,E02001782,3
E02001718,E02001788,1
E02001718,E02001790,3
E02001718,E02001795,3
E02001718,E02001796,2
E02001718,E02001797,13
E02001718,E02001798,1
E02001718,E02001799,1
E02001718,E02001800,3
E02001718,E02001801,1
E02001718,E02001803,7
E02001718,E02001807,8
E02001718,E02001809,2
E02001718,E02001814,1
E02001718,E02001815,1
E02001718,E02001819,3
E02001718,E02001824,1
E02001718,E02001825,6
E02001718,E02001826,2
E02001718,E02006841,23
E02001718,E02006842,5
E02001718,E02006893,39
E02001719,E02001682,1
E02001719,E02001683,1
E02001719,E02001684,15
E02001719,E02001685,2
E02001719,E02001686,16
E02001719,E02001688,62
E02001719,E02001689,7
E02001719,E02001690,33
E02001719,E02001691,6
E02001719,E02001692,1
E02001719,E02001693,1
E02001719,E02001694,1
E02001719,E02001696,6
E02001719,E02001697,20
E02001719,E02001698,7
E02001719,E02001699,3
E02001719,E02001700,12
E02001719,E02001701,7
E02001719,E02001702,5
E02001719,E02001703,4
E02001719,E02001704,2
E02001719,E02001705,4
E02001719,E02001706,17
E02001719,E02001707,9
E02001719,E02001708,38
E02001719,E02001709,24
E02001719,E02001710,22
E02001719,E02001711,17
E02001719,E02001712,36
E02001719,E02001713,107
E02001719,E02001714,227
E02001719,E02001715,29
E02001719,E02001718,14
E02001719,E02001719,177
E02001719,E02001720,36
E02001719,E02001721,19
E02001719,E02001722,15
E02001719,E02001723,3
E02001719,E02001724,92
E02001719,E02001725,147
E02001719,E02001726,16
E02001719,E02001727,33
E02001719,E02001728,36
E02001719,E02001729,38
E02001719,E02001730,147
E02001719,E02001731,709
E02001719,E02001732,10
E02001719,E02001733,172
E02001719,E02001734,16
E02001719,E02001735,6
E02001719,E02001736,114
E02001719,E02001737,35
E02001719,E02001738,5
E02001719,E02001739,8
E02001719,E02001740,2
E02001719,E02001741,7
E02001719,E02001742,4
E02001719,E02001743,12
E02001719,E02001744,7
E02001719,E02001745,34
E02001719,E02001746,10
E02001719,E02001747,1
E02001719,E02001748,35
E02001719,E02001749,3
E02001719,E02001750,23
E02001719,E02001751,15
E02001719,E02001752,109
E02001719,E02001753,16
E02001719,E02001754,6
E02001719,E02001755,105
E02001719,E02001756,116
E02001719,E02001757,6
E02001719,E02001758,8
E02001719,E02001759,24
E02001719,E02001760,23
E02001719,E02001761,4
E02001719,E02001763,5
E02001719,E02001764,9
E02001719,E02001765,10
E02001719,E02001766,26
E02001719,E02001767,23
E02001719,E02001768,7
E02001719,E02001769,12
E02001719,E02001770,2
E02001719,E02001772,2
E02001719,E02001773,4
E02001719,E02001774,10
E02001719,E02001775,1
E02001719,E02001776,5
E02001719,E02001777,6
E02001719,E02001778,11
E02001719,E02001779,9
E02001719,E02001782,5
E02001719,E02001784,1
E02001719,E02001787,1
E02001719,E02001788,1
E02001719,E02001790,4
E02001719,E02001795,5
E02001719,E02001796,3
E02001719,E02001797,10
E02001719,E02001798,11
E02001719,E02001799,6
E02001719,E02001800,8
E02001719,E02001801,14
E02001719,E02001803,15
E02001719,E02001804,2
E02001719,E02001805,1
E02001719,E02001806,6
E02001719,E02001807,8
E02001719,E02001809,2
E02001719,E02001811,3
E02001719,E02001812,3
E02001719,E02001814,3
E02001719,E02001815,1
E02001719,E02001816,1
E02001719,E02001818,1
E02001719,E02001819,7
E02001719,E02001821,2
E02001719,E02001822,1
E02001719,E02001823,1
E02001719,E02001824,1
E02001719,E02001825,9
E02001719,E02001826,3
E02001719,E02006841,65
E02001719,E02006842,7
E02001719,E02006893,10
E02001720,E02001682,3
E02001720,E02001683,2
E02001720,E02001684,25
E02001720,E02001685,1
E02001720,E02001686,12
E02001720,E02001688,39
E02001720,E02001689,4
E02001720,E02001690,51
E02001720,E02001691,5
E02001720,E02001695,1
E02001720,E02001697,29
E02001720,E02001698,10
E02001720,E02001699,1
E02001720,E02001700,5
E02001720,E02001701,3
E02001720,E02001704,3
E02001720,E02001705,1
E02001720,E02001706,10
E02001720,E02001708,14
E02001720,E02001709,22
E02001720,E02001710,13
E02001720,E02001711,23
E02001720,E02001712,29
E02001720,E02001713,71
E02001720,E02001714,101
E02001720,E02001715,21
E02001720,E02001718,5
E02001720,E02001719,9
E02001720,E02001720,148
E02001720,E02001721,8
E02001720,E02001722,6
E02001720,E02001723,7
E02001720,E02001724,158
E02001720,E02001725,23
E02001720,E02001726,7
E02001720,E02001727,4
E02001720,E02001728,12
E02001720,E02001729,19
E02001720,E02001730,168
E02001720,E02001731,964
E02001720,E02001732,8
E02001720,E02001733,51
E02001720,E02001734,6
E02001720,E02001735,1
E02001720,E02001736,83
E02001720,E02001737,6
E02001720,E02001738,1
E02001720,E02001739,2
E02001720,E02001740,2
E02001720,E02001741,3
E02001720,E02001742,1
E02001720,E02001743,8
E02001720,E02001745,8
E02001720,E02001746,1
E02001720,E02001747,4
E02001720,E02001748,17
E02001720,E02001750,22
E02001720,E02001751,10
E02001720,E02001752,46
E02001720,E02001753,6
E02001720,E02001754,2
E02001720,E02001755,30
E02001720,E02001756,61
E02001720,E02001757,3
E02001720,E02001758,5
E02001720,E02001759,16
E02001720,E02001760,7
E02001720,E02001761,1
E02001720,E02001763,1
E02001720,E02001764,4
E02001720,E02001765,2
E02001720,E02001766,10
E02001720,E02001767,1
E02001720,E02001768,4
E02001720,E02001769,3
E02001720,E02001771,2
E02001720,E02001772,1
E02001720,E02001773,3
E02001720,E02001774,3
E02001720,E02001776,2
E02001720,E02001777,5
E02001720,E02001778,13
E02001720,E02001779,7
E02001720,E02001781,1
E02001720,E02001782,1
E02001720,E02001786,1
E02001720,E02001787,2
E02001720,E02001788,3
E02001720,E02001789,1
E02001720,E02001795,7
E02001720,E02001796,5
E02001720,E02001797,17
E02001720,E02001798,6
E02001720,E02001799,1
E02001720,E02001800,1
E02001720,E02001801,20
E02001720,E02001802,3
E02001720,E02001803,22
E02001720,E02001806,3
E02001720,E02001807,3
E02001720,E02001808,3
E02001720,E02001809,2
E02001720,E02001810,1
E02001720,E02001812,2
E02001720,E02001813,1
E02001720,E02001814,1
E02001720,E02001815,1
E02001720,E02001817,1
E02001720,E02001818,1
E02001720,E02001819,8
E02001720,E02001821,1
E02001720,E02001822,1
E02001720,E02001823,2
E02001720,E02001824,2
E02001720,E02001825,4
E02001720,E02001826,1
E02001720,E02006841,49
E02001720,E02006842,1
E02001720,E02006893,2
E02001721,E02001682,19
E02001721,E02001683,5
E02001721,E02001684,22
E02001721,E02001685,7
E02001721,E02001686,59
E02001721,E02001688,120
E02001721,E02001689,9
E02001721,E02001690,104
E02001721,E02001691,7
E02001721,E02001693,5
E02001721,E02001694,4
E02001721,E02001695,2
E02001721,E02001696,1
E02001721,E02001697,19
E02001721,E02001698,2
E02001721,E02001699,1
E02001721,E02001700,8
E02001721,E02001701,2
E02001721,E02001702,1
E02001721,E02001703,1
E02001721,E02001705,5
E02001721,E02001706,22
E02001721,E02001707,5
E02001721,E02001708,59
E02001721,E02001709,23
E02001721,E02001710,24
E02001721,E02001711,76
E02001721,E02001712,21
E02001721,E02001713,95
E02001721,E02001714,79
E02001721,E02001715,43
E02001721,E02001718,13
E02001721,E02001719,5
E02001721,E02001720,11
E02001721,E02001721,466
E02001721,E02001722,76
E02001721,E02001723,15
E02001721,E02001724,22
E02001721,E02001725,30
E02001721,E02001726,59
E02001721,E02001727,12
E02001721,E02001728,157
E02001721,E02001729,45
E02001721,E02001730,111
E02001721,E02001731,574
E02001721,E02001732,34
E02001721,E02001733,100
E02001721,E02001734,33
E02001721,E02001735,3
E02001721,E02001736,163
E02001721,E02001737,6
E02001721,E02001739,6
E02001721,E02001740,1
E02001721,E02001741,11
E02001721,E02001742,2
E02001721,E02001743,2
E02001721,E02001744,11
E02001721,E02001745,41
E02001721,E02001746,3
E02001721,E02001748,26
E02001721,E02001749,1
E02001721,E02001750,6
E02001721,E02001751,4
E02001721,E02001752,42
E02001721,E02001753,2
E02001721,E02001755,13
E02001721,E02001756,61
E02001721,E02001757,2
E02001721,E02001758,3
E02001721,E02001759,12
E02001721,E02001760,12
E02001721,E02001761,1
E02001721,E02001763,3
E02001721,E02001764,6
E02001721,E02001765,6
E02001721,E02001766,8
E02001721,E02001767,4
E02001721,E02001768,2
E02001721,E02001769,5
E02001721,E02001770,2
E02001721,E02001774,6
E02001721,E02001775,1
E02001721,E02001776,4
E02001721,E02001777,2
E02001721,E02001779,2
E02001721,E02001782,1
E02001721,E02001787,3
E02001721,E02001788,3
E02001721,E02001790,10
E02001721,E02001794,1
E02001721,E02001795,5
E02001721,E02001796,4
E02001721,E02001797,24
E02001721,E02001798,8
E02001721,E02001799,5
E02001721,E02001800,6
E02001721,E02001801,2
E02001721,E02001802,2
E02001721,E02001803,15
E02001721,E02001804,6
E02001721,E02001806,1
E02001721,E02001807,6
E02001721,E02001809,2
E02001721,E02001810,3
E02001721,E02001811,3
E02001721,E02001812,5
E02001721,E02001813,3
E02001721,E02001815,4
E02001721,E02001819,7
E02001721,E02001822,3
E02001721,E02001823,2
E02001721,E02001825,8
E02001721,E02001826,3
E02001721,E02006841,69
E02001721,E02006842,9
E02001721,E02006893,49
E02001722,E02001682,14
E02001722,E02001683,3
E02001722,E02001684,12
E02001722,E02001685,2
E02001722,E02001686,39
E02001722,E02001688,110
E02001722,E02001689,8
E02001722,E02001690,123
E02001722,E02001691,8
E02001722,E02001693,1
E02001722,E02001694,1
E02001722,E02001695,2
E02001722,E02001697,7
E02001722,E02001698,4
E02001722,E02001699,1
E02001722,E02001700,5
E02001722,E02001701,2
E02001722,E02001702,1
E02001722,E02001703,3
E02001722,E02001706,19
E02001722,E02001707,18
E02001722,E02001708,77
E02001722,E02001709,27
E02001722,E02001710,35
E02001722,E02001711,112
E02001722,E02001712,56
E02001722,E02001713,91
E02001722,E02001714,73
E02001722,E02001715,40
E02001722,E02001718,27
E02001722,E02001719,6
E02001722,E02001720,10
E02001722,E02001721,75
E02001722,E02001722,202
E02001722,E02001723,31
E02001722,E02001724,15
E02001722,E02001725,34
E02001722,E02001726,71
E02001722,E02001727,10
E02001722,E02001728,128
E02001722,E02001729,60
E02001722,E02001730,65
E02001722,E02001731,617
E02001722,E02001732,36
E02001722,E02001733,84
E02001722,E02001734,44
E02001722,E02001735,5
E02001722,E02001736,154
E02001722,E02001737,18
E02001722,E02001739,4
E02001722,E02001741,10
E02001722,E02001743,6
E02001722,E02001744,2
E02001722,E02001745,48
E02001722,E02001746,3
E02001722,E02001747,1
E02001722,E02001748,22
E02001722,E02001750,6
E02001722,E02001751,5
E02001722,E02001752,47
E02001722,E02001753,2
E02001722,E02001755,21
E02001722,E02001756,56
E02001722,E02001757,3
E02001722,E02001758,6
E02001722,E02001759,7
E02001722,E02001760,11
E02001722,E02001761,1
E02001722,E02001763,4
E02001722,E02001764,6
E02001722,E02001765,3
E02001722,E02001766,12
E02001722,E02001767,6
E02001722,E02001768,1
E02001722,E02001769,9
E02001722,E02001774,3
E02001722,E02001775,2
E02001722,E02001776,1
E02001722,E02001777,3
E02001722,E02001779,1
E02001722,E02001782,1
E02001722,E02001787,1
E02001722,E02001788,3
E02001722,E02001790,8
E02001722,E02001792,1
E02001722,E02001795,12
E02001722,E02001796,3
E02001722,E02001797,12
E02001722,E02001798,3
E02001722,E02001799,7
E02001722,E02001800,8
E02001722,E02001801,1
E02001722,E02001802,2
E02001722,E02001803,7
E02001722,E02001806,1
E02001722,E02001807,11
E02001722,E02001808,2
E02001722,E02001809,4
E02001722,E02001811,1
E02001722,E02001812,2
E02001722,E02001814,1
E02001722,E02001815,2
E02001722,E02001818,1
E02001722,E02001819,3
E02001722,E02001820,2
E02001722,E02001825,9
E02001722,E02001826,3
E02001722,E02006841,34
E02001722,E02006842,4
E02001722,E02006893,95
E02001723,E02001682,6
E02001723,E02001683,2
E02001723,E02001684,6
E02001723,E02001685,1
E02001723,E02001686,18
E02001723,E02001688,59
E02001723,E02001689,5
E02001723,E02001690,40
E02001723,E02001693,1
E02001723,E02001694,4
E02001723,E02001695,3
E02001723,E02001696,1
E02001723,E02001697,12
E02001723,E02001698,2
E02001723,E02001700,7
E02001723,E02001701,1
E02001723,E02001705,3
E02001723,E02001706,9
E02001723,E02001707,15
E02001723,E02001708,36
E02001723,E02001709,20
E02001723,E02001710,10
E02001723,E02001711,51
E02001723,E02001712,19
E02001723,E02001713,63
E02001723,E02001714,60
E02001723,E02001715,46
E02001723,E02001718,34
E02001723,E02001719,4
E02001723,E02001720,9
E02001723,E02001721,26
E02001723,E02001722,20
E02001723,E02001723,88
E02001723,E02001724,26
E02001723,E02001725,22
E02001723,E02001726,72
E02001723,E02001727,8
E02001723,E02001728,19
E02001723,E02001729,60
E02001723,E02001730,87
E02001723,E02001731,511
E02001723,E02001732,20
E02001723,E02001733,66
E02001723,E02001734,29
E02001723,E02001735,3
E02001723,E02001736,114
E02001723,E02001737,10
E02001723,E02001739,2
E02001723,E02001741,6
E02001723,E02001742,1
E02001723,E02001743,5
E02001723,E02001744,3
E02001723,E02001745,11
E02001723,E02001746,3
E02001723,E02001747,2
E02001723,E02001748,15
E02001723,E02001749,1
E02001723,E02001750,9
E02001723,E02001751,6
E02001723,E02001752,31
E02001723,E02001753,3
E02001723,E02001754,2
E02001723,E02001755,13
E02001723,E02001756,57
E02001723,E02001758,1
E02001723,E02001759,17
E02001723,E02001760,12
E02001723,E02001764,3
E02001723,E02001765,2
E02001723,E02001766,6
E02001723,E02001767,9
E02001723,E02001768,1
E02001723,E02001769,4
E02001723,E02001770,2
E02001723,E02001772,2
E02001723,E02001774,7
E02001723,E02001775,1
E02001723,E02001776,2
E02001723,E02001778,2
E02001723,E02001779,1
E02001723,E02001782,2
E02001723,E02001785,1
E02001723,E02001790,3
E02001723,E02001791,2
E02001723,E02001795,4
E02001723,E02001796,1
E02001723,E02001797,2
E02001723,E02001799,2
E02001723,E02001801,8
E02001723,E02001803,8
E02001723,E02001805,1
E02001723,E02001806,2
E02001723,E02001807,6
E02001723,E02001809,4
E02001723,E02001812,1
E02001723,E02001813,2
E02001723,E02001818,1
E02001723,E02001819,1
E02001723,E02001822,2
E02001723,E02001824,1
E02001723,E02001825,9
E02001723,E02006841,32
E02001723,E02006842,4
E02001723,E02006893,19
E02001724,E02001682,1
E02001724,E02001684,17
E02001724,E02001685,1
E02001724,E02001686,15
E02001724,E02001688,35
E02001724,E02001689,2
E02001724,E02001690,54
E02001724,E02001691,4
E02001724,E02001692,2
E02001724,E02001695,2
E02001724,E02001696,5
E02001724,E02001697,28
E02001724,E02001698,5
E02001724,E02001699,1
E02001724,E02001700,4
E02001724,E02001701,2
E02001724,E02001702,3
E02001724,E02001703,2
E02001724,E02001704,1
E02001724,E02001706,6
E02001724,E02001707,6
E02001724,E02001708,34
E02001724,E02001709,24
E02001724,E02001710,5
E02001724,E02001711,18
E02001724,E02001712,14
E02001724,E02001713,61
E02001724,E02001714,89
E02001724,E02001715,15
E02001724,E02001718,6
E02001724,E02001719,15
E02001724,E02001720,70
E02001724,E02001721,8
E02001724,E02001722,6
E02001724,E02001724,199
E02001724,E02001725,23
E02001724,E02001726,6
E02001724,E02001727,4
E02001724,E02001728,14
E02001724,E02001729,25
E02001724,E02001730,185
E02001724,E02001731,1096
E02001724,E02001732,7
E02001724,E02001733,61
E02001724,E02001734,6
E02001724,E02001735,1
E02001724,E02001736,93
E02001724,E02001737,7
E02001724,E02001739,4
E02001724,E02001740,4
E02001724,E02001741,8
E02001724,E02001742,4
E02001724,E02001743,9
E02001724,E02001744,4
E02001724,E02001745,10
E02001724,E02001746,5
E02001724,E02001747,1
E02001724,E02001748,27
E02001724,E02001749,1
E02001724,E02001750,28
E02001724,E02001751,9
E02001724,E02001752,60
E02001724,E02001753,8
E02001724,E02001754,1
E02001724,E02001755,15
E02001724,E02001756,66
E02001724,E02001757,5
E02001724,E02001758,2
E02001724,E02001759,12
E02001724,E02001760,8
E02001724,E02001761,1
E02001724,E02001762,1
E02001724,E02001763,7
E02001724,E02001764,4
E02001724,E02001765,3
E02001724,E02001766,7
E02001724,E02001767,10
E02001724,E02001768,6
E02001724,E02001769,8
E02001724,E02001770,1
E02001724,E02001772,1
E02001724,E02001773,2
E02001724,E02001774,4
E02001724,E02001775,2
E02001724,E02001776,2
E02001724,E02001777,3
E02001724,E02001778,4
E02001724,E02001779,6
E02001724,E02001782,1
E02001724,E02001784,1
E02001724,E02001785,1
E02001724,E02001787,1
E02001724,E02001788,3
E02001724,E02001789,1
E02001724,E02001790,3
E02001724,E02001791,2
E02001724,E02001792,3
E02001724,E02001795,5
E02001724,E02001796,3
E02001724,E02001797,10
E02001724,E02001798,3
E02001724,E02001799,4
E02001724,E02001800,1
E02001724,E02001801,23
E02001724,E02001802,2
E02001724,E02001803,21
E02001724,E02001804,1
E02001724,E02001805,1
E02001724,E02001806,1
E02001724,E02001809,8
E02001724,E02001810,3
E02001724,E02001811,2
E02001724,E02001812,1
E02001724,E02001814,2
E02001724,E02001815,1
E02001724,E02001819,8
E02001724,E02001820,2
E02001724,E02001824,2
E02001724,E02001825,6
E02001724,E02006841,84
E02001724,E02006842,9
E02001724,E02006893,9
E02001725,E02001682,6
E02001725,E02001683,1
E02001725,E02001684,26
E02001725,E02001685,1
E02001725,E02001686,9
E02001725,E02001688,89
E02001725,E02001689,9
E02001725,E02001690,115
E02001725,E02001691,5
E02001725,E02001692,3
E02001725,E02001693,1
E02001725,E02001694,4
E02001725,E02001695,1
E02001725,E02001696,1
E02001725,E02001697,13
E02001725,E02001698,10
E02001725,E02001699,2
E02001725,E02001700,12
E02001725,E02001701,4
E02001725,E02001702,2
E02001725,E02001703,1
E02001725,E02001704,1
E02001725,E02001706,23
E02001725,E02001707,9
E02001725,E02001708,39
E02001725,E02001709,24
E02001725,E02001710,21
E02001725,E02001711,27
E02001725,E02001712,20
E02001725,E02001713,137
E02001725,E02001714,154
E02001725,E02001715,23
E02001725,E02001718,13
E02001725,E02001719,36
E02001725,E02001720,28
E02001725,E02001721,19
E02001725,E02001722,12
E02001725,E02001723,4
E02001725,E02001724,73
E02001725,E02001725,244
E02001725,E02001726,8
E02001725,E02001727,21
E02001725,E02001728,23
E02001725,E02001729,30
E02001725,E02001730,202
E02001725,E02001731,1242
E02001725,E02001732,13
E02001725,E02001733,203
E02001725,E02001734,16
E02001725,E02001735,6
E02001725,E02001736,157
E02001725,E02001737,24
E02001725,E02001738,1
E02001725,E02001739,1
E02001725,E02001740,3
E02001725,E02001741,7
E02001725,E02001742,7
E02001725,E02001743,22
E02001725,E02001744,12
E02001725,E02001745,27
E02001725,E02001746,7
E02001725,E02001747,1
E02001725,E02001748,37
E02001725,E02001749,3
E02001725,E02001750,19
E02001725,E02001751,11
E02001725,E02001752,98
E02001725,E02001753,8
E02001725,E02001754,2
E02001725,E02001755,28
E02001725,E02001756,167
E02001725,E02001757,4
E02001725,E02001758,11
E02001725,E02001759,27
E02001725,E02001760,11
E02001725,E02001761,3
E02001725,E02001762,2
E02001725,E02001763,6
E02001725,E02001764,10
E02001725,E02001765,10
E02001725,E02001766,27
E02001725,E02001767,17
E02001725,E02001768,8
E02001725,E02001769,15
E02001725,E02001770,1
E02001725,E02001772,1
E02001725,E02001774,9
E02001725,E02001776,5
E02001725,E02001777,1
E02001725,E02001778,4
E02001725,E02001779,6
E02001725,E02001782,5
E02001725,E02001783,2
E02001725,E02001784,2
E02001725,E02001785,3
E02001725,E02001787,2
E02001725,E02001788,3
E02001725,E02001789,2
E02001725,E02001790,7
E02001725,E02001794,1
E02001725,E02001795,16
E02001725,E02001796,8
E02001725,E02001797,11
E02001725,E02001798,12
E02001725,E02001799,6
E02001725,E02001800,2
E02001725,E02001801,10
E02001725,E02001802,2
E02001725,E02001803,34
E02001725,E02001804,2
E02001725,E02001806,4
E02001725,E02001807,12
E02001725,E02001808,1
E02001725,E02001809,10
E02001725,E02001810,5
E02001725,E02001811,3
E02001725,E02001812,3
E02001725,E02001813,1
E02001725,E02001814,1
E02001725,E02001815,3
E02001725,E02001816,3
E02001725,E02001818,1
E02001725,E02001819,13
E02001725,E02001820,1
E02001725,E02001821,1
E02001725,E02001823,2
E02001725,E02001824,1
E02001725,E02001825,15
E02001725,E02006841,105
E02001725,E02006842,8
E02001725,E02006893,6
E02001726,E02001682,5
E02001726,E02001683,5
E02001726,E02001684,16
E02001726,E02001685,9
E02001726,E02001686,33
E02001726,E02001688,105
E02001726,E02001689,14
E02001726,E02001690,102
E02001726,E02001691,11
E02001726,E02001693,1
E02001726,E02001694,7
E02001726,E02001695,5
E02001726,E02001696,5
E02001726,E02001697,20
E02001726,E02001698,4
E02001726,E02001699,2
E02001726,E02001700,7
E02001726,E02001701,4
E02001726,E02001702,2
E02001726,E02001703,5
E02001726,E02001705,2
E02001726,E02001706,14
E02001726,E02001707,4
E02001726,E02001708,72
E02001726,E02001709,25
E02001726,E02001710,36
E02001726,E02001711,86
E02001726,E02001712,41
E02001726,E02001713,116
E02001726,E02001714,117
E02001726,E02001715,62
E02001726,E02001718,53
E02001726,E02001719,13
E02001726,E02001720,26
E02001726,E02001721,51
E02001726,E02001722,50
E02001726,E02001723,91
E02001726,E02001724,23
E02001726,E02001725,46
E02001726,E02001726,230
E02001726,E02001727,16
E02001726,E02001728,34
E02001726,E02001729,92
E02001726,E02001730,85
E02001726,E02001731,817
E02001726,E02001732,55
E02001726,E02001733,102
E02001726,E02001734,93
E02001726,E02001735,4
E02001726,E02001736,233
E02001726,E02001737,12
E02001726,E02001739,3
E02001726,E02001741,9
E02001726,E02001742,3
E02001726,E02001743,7
E02001726,E02001744,6
E02001726,E02001745,21
E02001726,E02001746,6
E02001726,E02001747,2
E02001726,E02001748,14
E02001726,E02001749,3
E02001726,E02001750,5
E02001726,E02001751,3
E02001726,E02001752,52
E02001726,E02001753,1
E02001726,E02001755,18
E02001726,E02001756,84
E02001726,E02001757,4
E02001726,E02001758,8
E02001726,E02001759,18
E02001726,E02001760,18
E02001726,E02001761,3
E02001726,E02001763,1
E02001726,E02001764,2
E02001726,E02001765,1
E02001726,E02001766,8
E02001726,E02001767,7
E02001726,E02001768,5
E02001726,E02001769,8
E02001726,E02001770,3
E02001726,E02001772,1
E02001726,E02001773,2
E02001726,E02001774,5
E02001726,E02001776,4
E02001726,E02001777,2
E02001726,E02001778,6
E02001726,E02001779,6
E02001726,E02001781,1
E02001726,E02001782,2
E02001726,E02001784,1
E02001726,E02001785,2
E02001726,E02001787,2
E02001726,E02001788,3
E02001726,E02001789,1
E02001726,E02001790,3
E02001726,E02001794,1
E02001726,E02001795,3
E02001726,E02001796,4
E02001726,E02001797,19
E02001726,E02001798,2
E02001726,E02001799,6
E02001726,E02001800,4
E02001726,E02001801,5
E02001726,E02001802,2
E02001726,E02001803,13
E02001726,E02001804,1
E02001726,E02001806,6
E02001726,E02001807,2
E02001726,E02001808,4
E02001726,E02001809,3
E02001726,E02001810,3
E02001726,E02001812,1
E02001726,E02001814,1
E02001726,E02001815,2
E02001726,E02001816,1
E02001726,E02001818,1
E02001726,E02001819,11
E02001726,E02001821,2
E02001726,E02001823,2
E02001726,E02001824,1
E02001726,E02001825,22
E02001726,E02001826,3
E02001726,E02006841,49
E02001726,E02006842,5
E02001726,E02006893,29
E02001727,E02001682,3
E02001727,E02001683,2
E02001727,E02001684,19
E02001727,E02001685,3
E02001727,E02001686,12
E02001727,E02001688,79
E02001727,E02001689,7
E02001727,E02001690,36
E02001727,E02001691,1
E02001727,E02001692,1
E02001727,E02001693,1
E02001727,E02001694,3
E02001727,E02001695,4
E02001727,E02001696,2
E02001727,E02001697,9
E02001727,E02001698,6
E02001727,E02001699,1
E02001727,E02001700,3
E02001727,E02001701,3
E02001727,E02001702,1
E02001727,E02001705,1
E02001727,E02001706,13
E02001727,E02001707,8
E02001727,E02001708,32
E02001727,E02001709,19
E02001727,E02001710,16
E02001727,E02001711,15
E02001727,E02001712,29
E02001727,E02001713,72
E02001727,E02001714,152
E02001727,E02001715,22
E02001727,E02001718,12
E02001727,E02001719,25
E02001727,E02001720,7
E02001727,E02001721,15
E02001727,E02001722,10
E02001727,E02001723,10
E02001727,E02001724,22
E02001727,E02001725,109
E02001727,E02001726,18
E02001727,E02001727,150
E02001727,E02001728,16
E02001727,E02001729,25
E02001727,E02001730,94
E02001727,E02001731,498
E02001727,E02001732,17
E02001727,E02001733,265
E02001727,E02001734,23
E02001727,E02001735,61
E02001727,E02001736,77
E02001727,E02001737,95
E02001727,E02001739,3
E02001727,E02001740,1
E02001727,E02001741,7
E02001727,E02001743,8
E02001727,E02001744,8
E02001727,E02001745,37
E02001727,E02001746,12
E02001727,E02001747,2
E02001727,E02001748,48
E02001727,E02001749,2
E02001727,E02001750,13
E02001727,E02001751,8
E02001727,E02001752,96
E02001727,E02001753,13
E02001727,E02001754,1
E02001727,E02001755,44
E02001727,E02001756,53
E02001727,E02001757,1
E02001727,E02001758,12
E02001727,E02001759,27
E02001727,E02001760,23
E02001727,E02001761,6
E02001727,E02001762,1
E02001727,E02001763,6
E02001727,E02001764,23
E02001727,E02001765,22
E02001727,E02001766,74
E02001727,E02001767,178
E02001727,E02001769,8
E02001727,E02001770,2
E02001727,E02001774,8
E02001727,E02001776,13
E02001727,E02001777,3
E02001727,E02001778,5
E02001727,E02001779,12
E02001727,E02001782,1
E02001727,E02001784,2
E02001727,E02001787,2
E02001727,E02001790,3
E02001727,E02001793,1
E02001727,E02001795,2
E02001727,E02001796,5
E02001727,E02001797,21
E02001727,E02001798,1
E02001727,E02001799,6
E02001727,E02001800,3
E02001727,E02001801,5
E02001727,E02001802,2
E02001727,E02001803,6
E02001727,E02001806,4
E02001727,E02001807,8
E02001727,E02001809,5
E02001727,E02001810,1
E02001727,E02001811,3
E02001727,E02001813,1
E02001727,E02001815,1
E02001727,E02001819,2
E02001727,E02001820,1
E02001727,E02001825,13
E02001727,E02001826,2
E02001727,E02006841,47
E02001727,E02006842,3
E02001727,E02006893,6
E02001728,E02001682,20
E02001728,E02001683,3
E02001728,E02001684,18
E02001728,E02001685,3
E02001728,E02001686,47
E02001728,E02001688,146
E02001728,E02001689,10
E02001728,E02001690,174
E02001728,E02001691,3
E02001728,E02001692,4
E02001728,E02001694,1
E02001728,E02001695,1
E02001728,E02001696,1
E02001728,E02001697,21
E02001728,E02001698,9
E02001728,E02001700,11
E02001728,E02001701,2
E02001728,E02001702,2
E02001728,E02001703,5
E02001728,E02001704,2
E02001728,E02001705,2
E02001728,E02001706,28
E02001728,E02001707,13
E02001728,E02001708,49
E02001728,E02001709,26
E02001728,E02001710,24
E02001728,E02001711,60
E02001728,E02001712,29
E02001728,E02001713,93
E02001728,E02001714,92
E02001728,E02001715,50
E02001728,E02001718,25
E02001728,E02001719,7
E02001728,E02001720,6
E02001728,E02001721,162
E02001728,E02001722,79
E02001728,E02001723,28
E02001728,E02001724,27
E02001728,E02001725,29
E02001728,E02001726,52
E02001728,E02001727,18
E02001728,E02001728,297
E02001728,E02001729,33
E02001728,E02001730,78
E02001728,E02001731,674
E02001728,E02001732,64
E02001728,E02001733,83
E02001728,E02001734,74
E02001728,E02001735,6
E02001728,E02001736,190
E02001728,E02001737,20
E02001728,E02001739,5
E02001728,E02001741,11
E02001728,E02001742,1
E02001728,E02001743,3
E02001728,E02001744,6
E02001728,E02001745,25
E02001728,E02001746,6
E02001728,E02001747,2
E02001728,E02001748,27
E02001728,E02001749,1
E02001728,E02001750,3
E02001728,E02001751,4
E02001728,E02001752,41
E02001728,E02001753,5
E02001728,E02001754,1
E02001728,E02001755,22
E02001728,E02001756,53
E02001728,E02001758,4
E02001728,E02001759,9
E02001728,E02001760,16
E02001728,E02001764,10
E02001728,E02001765,3
E02001728,E02001766,9
E02001728,E02001767,6
E02001728,E02001768,3
E02001728,E02001769,7
E02001728,E02001774,6
E02001728,E02001776,3
E02001728,E02001777,2
E02001728,E02001778,2
E02001728,E02001779,5
E02001728,E02001782,1
E02001728,E02001787,3
E02001728,E02001789,3
E02001728,E02001790,7
E02001728,E02001791,1
E02001728,E02001794,1
E02001728,E02001795,7
E02001728,E02001796,6
E02001728,E02001797,27
E02001728,E02001798,8
E02001728,E02001799,5
E02001728,E02001800,7
E02001728,E02001801,4
E02001728,E02001802,1
E02001728,E02001803,16
E02001728,E02001804,3
E02001728,E02001807,8
E02001728,E02001808,1
E02001728,E02001809,10
E02001728,E02001810,5
E02001728,E02001812,2
E02001728,E02001814,1
E02001728,E02001815,4
E02001728,E02001819,10
E02001728,E02001820,2
E02001728,E02001824,1
E02001728,E02001825,8
E02001728,E02006841,51
E02001728,E02006842,4
E02001728,E02006893,56
E02001729,E02001682,5
E02001729,E02001683,2
E02001729,E02001684,15
E02001729,E02001685,1
E02001729,E02001686,17
E02001729,E02001688,71
E02001729,E02001689,9
E02001729,E02001690,109
E02001729,E02001691,6
E02001729,E02001692,1
E02001729,E02001693,1
E02001729,E02001694,4
E02001729,E02001696,1
E02001729,E02001697,18
E02001729,E02001698,2
E02001729,E02001699,7
E02001729,E02001700,5
E02001729,E02001701,6
E02001729,E02001702,1
E02001729,E02001703,3
E02001729,E02001704,1
E02001729,E02001705,2
E02001729,E02001706,25
E02001729,E02001707,6
E02001729,E02001708,39
E02001729,E02001709,28
E02001729,E02001710,15
E02001729,E02001711,30
E02001729,E02001712,16
E02001729,E02001713,77
E02001729,E02001714,56
E02001729,E02001715,26
E02001729,E02001718,6
E02001729,E02001719,10
E02001729,E02001720,14
E02001729,E02001721,19
E02001729,E02001722,8
E02001729,E02001723,27
E02001729,E02001724,47
E02001729,E02001725,34
E02001729,E02001726,40
E02001729,E02001727,10
E02001729,E02001728,24
E02001729,E02001729,197
E02001729,E02001730,108
E02001729,E02001731,936
E02001729,E02001732,25
E02001729,E02001733,77
E02001729,E02001734,32
E02001729,E02001735,1
E02001729,E02001736,215
E02001729,E02001737,14
E02001729,E02001738,1
E02001729,E02001739,3
E02001729,E02001740,1
E02001729,E02001741,3
E02001729,E02001742,1
E02001729,E02001743,11
E02001729,E02001744,8
E02001729,E02001745,14
E02001729,E02001746,7
E02001729,E02001748,30
E02001729,E02001749,3
E02001729,E02001750,8
E02001729,E02001751,8
E02001729,E02001752,43
E02001729,E02001753,7
E02001729,E02001754,1
E02001729,E02001755,26
E02001729,E02001756,102
E02001729,E02001757,1
E02001729,E02001758,5
E02001729,E02001759,12
E02001729,E02001760,6
E02001729,E02001761,1
E02001729,E02001763,6
E02001729,E02001764,3
E02001729,E02001765,1
E02001729,E02001766,4
E02001729,E02001767,6
E02001729,E02001768,6
E02001729,E02001769,7
E02001729,E02001770,2
E02001729,E02001772,1
E02001729,E02001774,10
E02001729,E02001776,1
E02001729,E02001777,1
E02001729,E02001778,3
E02001729,E02001779,9
E02001729,E02001782,10
E02001729,E02001786,1
E02001729,E02001787,4
E02001729,E02001790,3
E02001729,E02001791,2
E02001729,E02001792,1
E02001729,E02001795,11
E02001729,E02001796,5
E02001729,E02001797,10
E02001729,E02001798,3
E02001729,E02001799,8
E02001729,E02001800,1
E02001729,E02001801,12
E02001729,E02001803,9
E02001729,E02001806,5
E02001729,E02001807,6
E02001729,E02001808,1
E02001729,E02001809,7
E02001729,E02001814,2
E02001729,E02001815,1
E02001729,E02001818,1
E02001729,E02001819,7
E02001729,E02001820,2
E02001729,E02001823,1
E02001729,E02001824,2
E02001729,E02001825,9
E02001729,E02001826,2
E02001729,E02006841,67
E02001729,E02006842,1
E02001729,E02006893,21
E02001730,E02001682,4
E02001730,E02001683,1
E02001730,E02001684,10
E02001730,E02001685,2
E02001730,E02001686,18
E02001730,E02001688,66
E02001730,E02001689,7
E02001730,E02001690,107
E02001730,E02001691,8
E02001730,E02001692,2
E02001730,E02001694,2
E02001730,E02001695,1
E02001730,E02001696,2
E02001730,E02001697,22
E02001730,E02001698,3
E02001730,E02001699,2
E02001730,E02001700,4
E02001730,E02001701,4
E02001730,E02001702,2
E02001730,E02001703,1
E02001730,E02001704,1
E02001730,E02001705,2
E02001730,E02001706,14
E02001730,E02001707,13
E02001730,E02001708,29
E02001730,E02001709,28
E02001730,E02001710,11
E02001730,E02001711,40
E02001730,E02001712,17
E02001730,E02001713,79
E02001730,E02001714,98
E02001730,E02001715,32
E02001730,E02001718,9
E02001730,E02001719,32
E02001730,E02001720,33
E02001730,E02001721,16
E02001730,E02001722,8
E02001730,E02001723,5
E02001730,E02001724,79
E02001730,E02001725,80
E02001730,E02001726,15
E02001730,E02001727,20
E02001730,E02001728,25
E02001730,E02001729,33
E02001730,E02001730,356
E02001730,E02001731,1392
E02001730,E02001732,9
E02001730,E02001733,182
E02001730,E02001734,13
E02001730,E02001735,5
E02001730,E02001736,118
E02001730,E02001737,13
E02001730,E02001739,3
E02001730,E02001740,5
E02001730,E02001741,1
E02001730,E02001742,3
E02001730,E02001743,8
E02001730,E02001744,3
E02001730,E02001745,24
E02001730,E02001746,3
E02001730,E02001747,2
E02001730,E02001748,36
E02001730,E02001749,2
E02001730,E02001750,13
E02001730,E02001751,6
E02001730,E02001752,51
E02001730,E02001753,3
E02001730,E02001755,38
E02001730,E02001756,85
E02001730,E02001757,1
E02001730,E02001758,7
E02001730,E02001759,11
E02001730,E02001760,10
E02001730,E02001763,1
E02001730,E02001764,6
E02001730,E02001765,6
E02001730,E02001766,21
E02001730,E02001767,8
E02001730,E02001768,7
E02001730,E02001769,13
E02001730,E02001770,3
E02001730,E02001771,1
E02001730,E02001772,4
E02001730,E02001773,1
E02001730,E02001774,10
E02001730,E02001775,1
E02001730,E02001776,4
E02001730,E02001777,4
E02001730,E02001778,7
E02001730,E02001779,3
E02001730,E02001782,4
E02001730,E02001787,1
E02001730,E02001789,2
E02001730,E02001790,3
E02001730,E02001791,1
E02001730,E02001792,2
E02001730,E02001793,1
E02001730,E02001795,7
E02001730,E02001796,11
E02001730,E02001797,24
E02001730,E02001798,5
E02001730,E02001799,6
E02001730,E02001800,9
E02001730,E02001801,23
E02001730,E02001802,3
E02001730,E02001803,23
E02001730,E02001804,2
E02001730,E02001805,1
E02001730,E02001806,1
E02001730,E02001807,7
E02001730,E02001808,3
E02001730,E02001809,3
E02001730,E02001810,4
E02001730,E02001811,1
E02001730,E02001812,3
E02001730,E02001813,2
E02001730,E02001814,3
E02001730,E02001815,4
E02001730,E02001816,2
E02001730,E02001818,1
E02001730,E02001819,6
E02001730,E02001820,1
E02001730,E02001823,2
E02001730,E02001825,8
E02001730,E02001826,3
E02001730,E02006841,105
E02001730,E02006842,4
E02001730,E02006893,4
E02001731,E02001683,3
E02001731,E02001684,20
E02001731,E02001685,4
E02001731,E02001686,12
E02001731,E02001688,74
E02001731,E02001689,8
E02001731,E02001690,74
E02001731,E02001691,9
E02001731,E02001692,1
E02001731,E02001693,2
E02001731,E02001694,5
E02001731,E02001695,3
E02001731,E02001697,12
E02001731,E02001698,6
E02001731,E02001699,5
E02001731,E02001700,7
E02001731,E02001701,2
E02001731,E02001702,1
E02001731,E02001703,1
E02001731,E02001705,1
E02001731,E02001706,10
E02001731,E02001707,7
E02001731,E02001708,34
E02001731,E02001709,15
E02001731,E02001710,5
E02001731,E02001711,24
E02001731,E02001712,27
E02001731,E02001713,79
E02001731,E02001714,54
E02001731,E02001715,23
E02001731,E02001718,5
E02001731,E02001719,5
E02001731,E02001720,10
E02001731,E02001721,17
E02001731,E02001722,8
E02001731,E02001723,4
E02001731,E02001724,40
E02001731,E02001725,29
E02001731,E02001726,23
E02001731,E02001727,2
E02001731,E02001728,25
E02001731,E02001729,48
E02001731,E02001730,141
E02001731,E02001731,1276
E02001731,E02001732,13
E02001731,E02001733,60
E02001731,E02001734,30
E02001731,E02001735,3
E02001731,E02001736,173
E02001731,E02001737,14
E02001731,E02001738,1
E02001731,E02001739,2
E02001731,E02001740,1
E02001731,E02001741,3
E02001731,E02001743,7
E02001731,E02001745,8
E02001731,E02001746,7
E02001731,E02001748,29
E02001731,E02001749,1
E02001731,E02001750,3
E02001731,E02001751,12
E02001731,E02001752,40
E02001731,E02001754,2
E02001731,E02001755,18
E02001731,E02001756,53
E02001731,E02001757,2
E02001731,E02001758,3
E02001731,E02001759,9
E02001731,E02001760,5
E02001731,E02001763,1
E02001731,E02001764,5
E02001731,E02001765,7
E02001731,E02001766,13
E02001731,E02001767,8
E02001731,E02001768,4
E02001731,E02001769,1
E02001731,E02001771,1
E02001731,E02001772,3
E02001731,E02001774,18
E02001731,E02001776,8
E02001731,E02001777,3
E02001731,E02001778,3
E02001731,E02001779,3
E02001731,E02001782,6
E02001731,E02001783,1
E02001731,E02001787,4
E02001731,E02001788,1
E02001731,E02001789,2
E02001731,E02001790,7
E02001731,E02001791,2
E02001731,E02001794,1
E02001731,E02001795,10
E02001731,E02001796,4
E02001731,E02001797,12
E02001731,E02001798,4
E02001731,E02001799,7
E02001731,E02001800,3
E02001731,E02001801,12
E02001731,E02001802,1
E02001731,E02001803,22
E02001731,E02001804,6
E02001731,E02001806,2
E02001731,E02001807,6
E02001731,E02001808,1
E02001731,E02001809,4
E02001731,E02001810,4
E02001731,E02001811,1
E02001731,E02001812,1
E02001731,E02001815,2
E02001731,E02001819,6
E02001731,E02001820,2
E02001731,E02001822,4
E02001731,E02001824,1
E02001731,E02001825,6
E02001731,E02001826,4
E02001731,E02006841,77
E02001731,E02006842,2
E02001731,E02006893,16
E02001732,E02001682,4
E02001732,E02001683,1
E02001732,E02001684,10
E02001732,E02001685,1
E02001732,E02001686,31
E02001732,E02001688,41
E02001732,E02001689,7
E02001732,E02001690,40
E02001732,E02001691,2
E02001732,E02001694,1
E02001732,E02001695,5
E02001732,E02001696,1
E02001732,E02001697,9
E02001732,E02001698,4
E02001732,E02001700,4
E02001732,E02001703,1
E02001732,E02001706,21
E02001732,E02001707,6
E02001732,E02001708,27
E02001732,E02001709,6
E02001732,E02001710,12
E02001732,E02001711,29
E02001732,E02001712,9
E02001732,E02001713,46
E02001732,E02001714,28
E02001732,E02001715,25
E02001732,E02001718,6
E02001732,E02001719,10
E02001732,E02001720,7
E02001732,E02001721,14
E02001732,E02001722,14
E02001732,E02001723,9
E02001732,E02001724,12
E02001732,E02001725,19
E02001732,E02001726,65
E02001732,E02001727,8
E02001732,E02001728,31
E02001732,E02001729,39
E02001732,E02001730,33
E02001732,E02001731,322
E02001732,E02001732,86
E02001732,E02001733,47
E02001732,E02001734,65
E02001732,E02001735,2
E02001732,E02001736,99
E02001732,E02001737,11
E02001732,E02001739,4
E02001732,E02001743,4
E02001732,E02001744,1
E02001732,E02001745,7
E02001732,E02001746,1
E02001732,E02001748,1
E02001732,E02001750,2
E02001732,E02001751,2
E02001732,E02001752,23
E02001732,E02001753,4
E02001732,E02001754,1
E02001732,E02001755,9
E02001732,E02001756,31
E02001732,E02001757,1
E02001732,E02001759,5
E02001732,E02001760,6
E02001732,E02001764,4
E02001732,E02001765,1
E02001732,E02001766,6
E02001732,E02001768,1
E02001732,E02001769,1
E02001732,E02001773,1
E02001732,E02001774,2
E02001732,E02001776,1
E02001732,E02001778,1
E02001732,E02001779,2
E02001732,E02001789,2
E02001732,E02001790,3
E02001732,E02001795,1
E02001732,E02001797,9
E02001732,E02001798,4
E02001732,E02001799,3
E02001732,E02001800,1
E02001732,E02001803,8
E02001732,E02001804,1
E02001732,E02001806,2
E02001732,E02001807,4
E02001732,E02001808,1
E02001732,E02001809,1
E02001732,E02001810,1
E02001732,E02001811,1
E02001732,E02001814,2
E02001732,E02001815,2
E02001732,E02001819,2
E02001732,E02001822,2
E02001732,E02001823,1
E02001732,E02001825,4
E02001732,E02006841,23
E02001732,E02006842,1
E02001732,E02006893,17
E02001733,E02001682,5
E02001733,E02001683,2
E02001733,E02001684,22
E02001733,E02001685,1
E02001733,E02001686,17
E02001733,E02001688,103
E02001733,E02001689,13
E02001733,E02001690,66
E02001733,E02001691,6
E02001733,E02001694,12
E02001733,E02001695,8
E02001733,E02001696,2
E02001733,E02001697,16
E02001733,E02001698,4
E02001733,E02001699,2
E02001733,E02001700,8
E02001733,E02001701,5
E02001733,E02001702,3
E02001733,E02001706,20
E02001733,E02001707,10
E02001733,E02001708,39
E02001733,E02001709,21
E02001733,E02001710,16
E02001733,E02001711,31
E02001733,E02001712,34
E02001733,E02001713,76
E02001733,E02001714,123
E02001733,E02001715,26
E02001733,E02001718,2
E02001733,E02001719,23
E02001733,E02001720,19
E02001733,E02001721,28
E02001733,E02001722,14
E02001733,E02001723,13
E02001733,E02001724,48
E02001733,E02001725,207
E02001733,E02001726,23
E02001733,E02001727,64
E02001733,E02001728,20
E02001733,E02001729,33
E02001733,E02001730,179
E02001733,E02001731,711
E02001733,E02001732,8
E02001733,E02001733,554
E02001733,E02001734,27
E02001733,E02001735,73
E02001733,E02001736,113
E02001733,E02001737,71
E02001733,E02001739,3
E02001733,E02001740,1
E02001733,E02001741,8
E02001733,E02001742,1
E02001733,E02001743,7
E02001733,E02001744,9
E02001733,E02001745,38
E02001733,E02001746,1
E02001733,E02001748,38
E02001733,E02001749,5
E02001733,E02001750,17
E02001733,E02001751,18
E02001733,E02001752,71
E02001733,E02001753,8
E02001733,E02001754,2
E02001733,E02001755,43
E02001733,E02001756,103
E02001733,E02001757,2
E02001733,E02001758,9
E02001733,E02001759,19
E02001733,E02001760,22
E02001733,E02001761,5
E02001733,E02001763,3
E02001733,E02001764,18
E02001733,E02001765,10
E02001733,E02001766,30
E02001733,E02001767,36
E02001733,E02001768,4
E02001733,E02001769,6
E02001733,E02001772,1
E02001733,E02001774,8
E02001733,E02001776,6
E02001733,E02001777,2
E02001733,E02001778,4
E02001733,E02001779,10
E02001733,E02001782,1
E02001733,E02001786,1
E02001733,E02001787,1
E02001733,E02001788,2
E02001733,E02001789,2
E02001733,E02001790,6
E02001733,E02001792,1
E02001733,E02001795,9
E02001733,E02001796,6
E02001733,E02001797,18
E02001733,E02001798,3
E02001733,E02001799,7
E02001733,E02001800,8
E02001733,E02001801,4
E02001733,E02001802,1
E02001733,E02001803,11
E02001733,E02001804,1
E02001733,E02001806,3
E02001733,E02001807,7
E02001733,E02001808,1
E02001733,E02001809,3
E02001733,E02001810,2
E02001733,E02001812,2
E02001733,E02001814,1
E02001733,E02001815,3
E02001733,E02001816,1
E02001733,E02001818,2
E02001733,E02001819,5
E02001733,E02001820,1
E02001733,E02001822,2
E02001733,E02001823,1
E02001733,E02001825,10
E02001733,E02001826,1
E02001733,E02006841,74
E02001733,E02006842,3
E02001733,E02006893,7
E02001734,E02001682,2
E02001734,E02001683,4
E02001734,E02001684,18
E02001734,E02001685,4
E02001734,E02001686,37
E02001734,E02001688,79
E02001734,E02001689,11
E02001734,E02001690,57
E02001734,E02001691,1
E02001734,E02001692,2
E02001734,E02001693,1
E02001734,E02001694,8
E02001734,E02001695,6
E02001734,E02001696,5
E02001734,E02001697,8
E02001734,E02001698,3
E02001734,E02001699,4
E02001734,E02001700,6
E02001734,E02001701,3
E02001734,E02001705,1
E02001734,E02001706,16
E02001734,E02001707,6
E02001734,E02001708,33
E02001734,E02001709,10
E02001734,E02001710,25
E02001734,E02001711,35
E02001734,E02001712,12
E02001734,E02001713,72
E02001734,E02001714,56
E02001734,E02001715,41
E02001734,E02001718,5
E02001734,E02001719,19
E02001734,E02001720,9
E02001734,E02001721,32
E02001734,E02001722,25
E02001734,E02001723,28
E02001734,E02001724,18
E02001734,E02001725,18
E02001734,E02001726,95
E02001734,E02001727,13
E02001734,E02001728,24
E02001734,E02001729,46
E02001734,E02001730,56
E02001734,E02001731,500
E02001734,E02001732,75
E02001734,E02001733,68
E02001734,E02001734,131
E02001734,E02001735,4
E02001734,E02001736,212
E02001734,E02001737,11
E02001734,E02001738,1
E02001734,E02001739,1
E02001734,E02001741,5
E02001734,E02001743,6
E02001734,E02001744,2
E02001734,E02001745,17
E02001734,E02001746,7
E02001734,E02001747,1
E02001734,E02001748,10
E02001734,E02001749,2
E02001734,E02001750,9
E02001734,E02001751,8
E02001734,E02001752,32
E02001734,E02001753,1
E02001734,E02001755,18
E02001734,E02001756,35
E02001734,E02001757,2
E02001734,E02001759,8
E02001734,E02001760,8
E02001734,E02001761,2
E02001734,E02001763,1
E02001734,E02001764,2
E02001734,E02001765,1
E02001734,E02001766,3
E02001734,E02001767,4
E02001734,E02001768,5
E02001734,E02001769,3
E02001734,E02001770,1
E02001734,E02001772,1
E02001734,E02001774,11
E02001734,E02001776,3
E02001734,E02001777,3
E02001734,E02001778,3
E02001734,E02001779,3
E02001734,E02001787,3
E02001734,E02001790,5
E02001734,E02001793,1
E02001734,E02001794,1
E02001734,E02001795,4
E02001734,E02001796,3
E02001734,E02001797,7
E02001734,E02001798,2
E02001734,E02001799,3
E02001734,E02001800,5
E02001734,E02001801,3
E02001734,E02001803,5
E02001734,E02001806,4
E02001734,E02001807,12
E02001734,E02001809,2
E02001734,E02001810,1
E02001734,E02001814,1
E02001734,E02001815,4
E02001734,E02001819,4
E02001734,E02001820,1
E02001734,E02001824,2
E02001734,E02001825,8
E02001734,E02006841,28
E02001734,E02006842,2
E02001734,E02006893,19
E02001735,E02001682,3
E02001735,E02001684,15
E02001735,E02001685,1
E02001735,E02001686,5
E02001735,E02001688,45
E02001735,E02001689,5
E02001735,E02001690,27
E02001735,E02001691,3
E02001735,E02001693,2
E02001735,E02001694,3
E02001735,E02001695,2
E02001735,E02001697,6
E02001735,E02001706,8
E02001735,E02001707,7
E02001735,E02001708,19
E02001735,E02001709,6
E02001735,E02001710,10
E02001735,E02001711,15
E02001735,E02001712,11
E02001735,E02001713,26
E02001735,E02001714,73
E02001735,E02001715,12
E02001735,E02001718,3
E02001735,E02001719,16
E02001735,E02001720,9
E02001735,E02001721,17
E02001735,E02001722,6
E02001735,E02001723,7
E02001735,E02001724,26
E02001735,E02001725,85
E02001735,E02001726,8
E02001735,E02001727,54
E02001735,E02001728,12
E02001735,E02001729,12
E02001735,E02001730,55
E02001735,E02001731,295
E02001735,E02001732,4
E02001735,E02001733,274
E02001735,E02001734,5
E02001735,E02001735,76
E02001735,E02001736,49
E02001735,E02001737,106
E02001735,E02001739,4
E02001735,E02001740,1
E02001735,E02001741,4
E02001735,E02001742,1
E02001735,E02001743,2
E02001735,E02001744,2
E02001735,E02001745,28
E02001735,E02001746,2
E02001735,E02001748,12
E02001735,E02001750,4
E02001735,E02001751,7
E02001735,E02001752,20
E02001735,E02001753,3
E02001735,E02001754,6
E02001735,E02001755,22
E02001735,E02001756,50
E02001735,E02001758,8
E02001735,E02001759,12
E02001735,E02001760,12
E02001735,E02001761,2
E02001735,E02001764,4
E02001735,E02001765,12
E02001735,E02001766,22
E02001735,E02001767,36
E02001735,E02001769,6
E02001735,E02001772,1
E02001735,E02001774,5
E02001735,E02001776,2
E02001735,E02001779,2
E02001735,E02001782,2
E02001735,E02001787,1
E02001735,E02001790,2
E02001735,E02001795,2
E02001735,E02001796,1
E02001735,E02001797,9
E02001735,E02001798,1
E02001735,E02001799,3
E02001735,E02001800,6
E02001735,E02001803,4
E02001735,E02001807,2
E02001735,E02001810,1
E02001735,E02001819,3
E02001735,E02001825,3
E02001735,E02006841,17
E02001735,E02006893,5
E02001736,E02001682,4
E02001736,E02001683,9
E02001736,E02001684,19
E02001736,E02001685,5
E02001736,E02001686,35
E02001736,E02001688,82
E02001736,E02001689,9
E02001736,E02001690,105
E02001736,E02001691,1
E02001736,E02001693,1
E02001736,E02001694,5
E02001736,E02001695,3
E02001736,E02001696,3
E02001736,E02001697,18
E02001736,E02001698,2
E02001736,E02001699,2
E02001736,E02001700,10
E02001736,E02001701,15
E02001736,E02001702,1
E02001736,E02001704,3
E02001736,E02001705,5
E02001736,E02001706,27
E02001736,E02001707,7
E02001736,E02001708,39
E02001736,E02001709,21
E02001736,E02001710,35
E02001736,E02001711,39
E02001736,E02001712,27
E02001736,E02001713,97
E02001736,E02001714,88
E02001736,E02001715,37
E02001736,E02001718,15
E02001736,E02001719,6
E02001736,E02001720,18
E02001736,E02001721,39
E02001736,E02001722,17
E02001736,E02001723,26
E02001736,E02001724,30
E02001736,E02001725,40
E02001736,E02001726,61
E02001736,E02001727,13
E02001736,E02001728,24
E02001736,E02001729,111
E02001736,E02001730,84
E02001736,E02001731,713
E02001736,E02001732,28
E02001736,E02001733,72
E02001736,E02001734,79
E02001736,E02001735,6
E02001736,E02001736,424
E02001736,E02001737,12
E02001736,E02001739,2
E02001736,E02001740,1
E02001736,E02001741,4
E02001736,E02001742,2
E02001736,E02001743,6
E02001736,E02001744,5
E02001736,E02001745,19
E02001736,E02001746,8
E02001736,E02001748,26
E02001736,E02001749,2
E02001736,E02001750,5
E02001736,E02001751,21
E02001736,E02001752,38
E02001736,E02001753,4
E02001736,E02001754,3
E02001736,E02001755,16
E02001736,E02001756,76
E02001736,E02001757,1
E02001736,E02001758,4
E02001736,E02001759,12
E02001736,E02001760,12
E02001736,E02001761,4
E02001736,E02001763,4
E02001736,E02001764,6
E02001736,E02001765,3
E02001736,E02001766,14
E02001736,E02001767,10
E02001736,E02001769,7
E02001736,E02001774,10
E02001736,E02001776,5
E02001736,E02001777,4
E02001736,E02001778,4
E02001736,E02001779,3
E02001736,E02001782,2
E02001736,E02001785,1
E02001736,E02001787,1
E02001736,E02001788,3
E02001736,E02001789,1
E02001736,E02001790,2
E02001736,E02001793,1
E02001736,E02001795,6
E02001736,E02001796,1
E02001736,E02001797,17
E02001736,E02001798,3
E02001736,E02001799,6
E02001736,E02001800,6
E02001736,E02001801,2
E02001736,E02001803,14
E02001736,E02001806,6
E02001736,E02001807,6
E02001736,E02001809,2
E02001736,E02001810,1
E02001736,E02001813,4
E02001736,E02001814,3
E02001736,E02001815,1
E02001736,E02001818,1
E02001736,E02001819,6
E02001736,E02001822,1
E02001736,E02001823,2
E02001736,E02001825,17
E02001736,E02001826,3
E02001736,E02006841,40
E02001736,E02006842,4
E02001736,E02006893,19
E02001737,E02001682,1
E02001737,E02001683,1
E02001737,E02001684,19
E02001737,E02001685,2
E02001737,E02001686,17
E02001737,E02001688,34
E02001737,E02001689,10
E02001737,E02001690,21
E02001737,E02001691,2
E02001737,E02001693,2
E02001737,E02001694,1
E02001737,E02001696,3
E02001737,E02001697,6
E02001737,E02001698,1
E02001737,E02001700,6
E02001737,E02001706,11
E02001737,E02001708,12
E02001737,E02001709,9
E02001737,E02001710,15
E02001737,E02001711,11
E02001737,E02001712,10
E02001737,E02001713,33
E02001737,E02001714,84
E02001737,E02001715,9
E02001737,E02001718,1
E02001737,E02001719,14
E02001737,E02001720,2
E02001737,E02001721,7
E02001737,E02001722,3
E02001737,E02001723,2
E02001737,E02001724,22
E02001737,E02001725,64
E02001737,E02001726,12
E02001737,E02001727,29
E02001737,E02001728,12
E02001737,E02001729,11
E02001737,E02001730,49
E02001737,E02001731,312
E02001737,E02001732,5
E02001737,E02001733,209
E02001737,E02001734,3
E02001737,E02001735,36
E02001737,E02001736,35
E02001737,E02001737,138
E02001737,E02001740,2
E02001737,E02001741,4
E02001737,E02001743,4
E02001737,E02001744,2
E02001737,E02001745,10
E02001737,E02001746,2
E02001737,E02001747,1
E02001737,E02001748,18
E02001737,E02001750,7
E02001737,E02001752,14
E02001737,E02001753,5
E02001737,E02001755,25
E02001737,E02001756,41
E02001737,E02001758,3
E02001737,E02001759,6
E02001737,E02001760,15
E02001737,E02001763,1
E02001737,E02001764,6
E02001737,E02001765,9
E02001737,E02001766,23
E02001737,E02001767,23
E02001737,E02001768,2
E02001737,E02001769,4
E02001737,E02001770,1
E02001737,E02001774,3
E02001737,E02001776,4
E02001737,E02001779,1
E02001737,E02001782,2
E02001737,E02001787,2
E02001737,E02001790,2
E02001737,E02001796,1
E02001737,E02001797,7
E02001737,E02001799,3
E02001737,E02001800,5
E02001737,E02001801,1
E02001737,E02001803,4
E02001737,E02001807,1
E02001737,E02001819,1
E02001737,E02001825,8
E02001737,E02006841,34
E02001737,E02006893,5
E02001738,E02001683,1
E02001738,E02001684,4
E02001738,E02001686,8
E02001738,E02001688,13
E02001738,E02001689,1
E02001738,E02001690,11
E02001738,E02001691,1
E02001738,E02001694,5
E02001738,E02001695,1
E02001738,E02001696,1
E02001738,E02001697,7
E02001738,E02001700,2
E02001738,E02001701,1
E02001738,E02001702,1
E02001738,E02001704,1
E02001738,E02001706,5
E02001738,E02001707,7
E02001738,E02001708,8
E02001738,E02001709,7
E02001738,E02001710,3
E02001738,E02001711,14
E02001738,E02001712,6
E02001738,E02001713,36
E02001738,E02001714,47
E02001738,E02001715,7
E02001738,E02001718,4
E02001738,E02001719,4
E02001738,E02001720,5
E02001738,E02001721,3
E02001738,E02001722,1
E02001738,E02001723,2
E02001738,E02001724,17
E02001738,E02001725,8
E02001738,E02001726,3
E02001738,E02001727,13
E02001738,E02001728,2
E02001738,E02001729,6
E02001738,E02001730,42
E02001738,E02001731,212
E02001738,E02001732,4
E02001738,E02001733,25
E02001738,E02001734,6
E02001738,E02001735,1
E02001738,E02001736,30
E02001738,E02001737,11
E02001738,E02001738,82
E02001738,E02001739,9
E02001738,E02001740,32
E02001738,E02001741,6
E02001738,E02001742,27
E02001738,E02001743,85
E02001738,E02001744,48
E02001738,E02001745,22
E02001738,E02001746,68
E02001738,E02001747,8
E02001738,E02001748,61
E02001738,E02001749,6
E02001738,E02001750,78
E02001738,E02001751,9
E02001738,E02001752,104
E02001738,E02001753,29
E02001738,E02001754,8
E02001738,E02001755,24
E02001738,E02001756,32
E02001738,E02001757,6
E02001738,E02001758,12
E02001738,E02001759,55
E02001738,E02001760,32
E02001738,E02001761,5
E02001738,E02001762,1
E02001738,E02001763,6
E02001738,E02001764,31
E02001738,E02001765,14
E02001738,E02001766,14
E02001738,E02001767,16
E02001738,E02001768,1
E02001738,E02001769,5
E02001738,E02001770,6
E02001738,E02001774,4
E02001738,E02001776,4
E02001738,E02001777,4
E02001738,E02001778,2
E02001738,E02001779,3
E02001738,E02001782,1
E02001738,E02001787,3
E02001738,E02001788,2
E02001738,E02001789,1
E02001738,E02001790,2
E02001738,E02001795,3
E02001738,E02001796,2
E02001738,E02001797,9
E02001738,E02001798,4
E02001738,E02001799,4
E02001738,E02001800,2
E02001738,E02001802,1
E02001738,E02001803,8
E02001738,E02001804,1
E02001738,E02001806,2
E02001738,E02001807,3
E02001738,E02001808,1
E02001738,E02001809,2
E02001738,E02001810,2
E02001738,E02001814,1
E02001738,E02001815,4
E02001738,E02001816,1
E02001738,E02001819,5
E02001738,E02001824,1
E02001738,E02001825,4
E02001738,E02006841,12
E02001738,E02006842,2
E02001739,E02001682,1
E02001739,E02001684,9
E02001739,E02001685,1
E02001739,E02001686,8
E02001739,E02001688,63
E02001739,E02001689,6
E02001739,E02001690,9
E02001739,E02001691,2
E02001739,E02001693,1
E02001739,E02001694,2
E02001739,E02001695,1
E02001739,E02001696,2
E02001739,E02001697,4
E02001739,E02001700,2
E02001739,E02001701,2
E02001739,E02001702,2
E02001739,E02001705,2
E02001739,E02001706,4
E02001739,E02001707,7
E02001739,E02001708,49
E02001739,E02001709,38
E02001739,E02001710,13
E02001739,E02001711,26
E02001739,E02001712,41
E02001739,E02001713,82
E02001739,E02001714,89
E02001739,E02001715,19
E02001739,E02001718,4
E02001739,E02001719,11
E02001739,E02001720,6
E02001739,E02001721,12
E02001739,E02001722,3
E02001739,E02001723,1
E02001739,E02001724,23
E02001739,E02001725,19
E02001739,E02001726,4
E02001739,E02001727,14
E02001739,E02001728,18
E02001739,E02001729,8
E02001739,E02001730,57
E02001739,E02001731,258
E02001739,E02001732,6
E02001739,E02001733,39
E02001739,E02001734,8
E02001739,E02001735,3
E02001739,E02001736,46
E02001739,E02001737,10
E02001739,E02001738,2
E02001739,E02001739,210
E02001739,E02001740,4
E02001739,E02001741,68
E02001739,E02001742,5
E02001739,E02001743,24
E02001739,E02001744,10
E02001739,E02001745,226
E02001739,E02001746,13
E02001739,E02001747,2
E02001739,E02001748,57
E02001739,E02001749,50
E02001739,E02001750,24
E02001739,E02001751,21
E02001739,E02001752,105
E02001739,E02001753,9
E02001739,E02001754,3
E02001739,E02001755,81
E02001739,E02001756,138
E02001739,E02001757,4
E02001739,E02001758,5
E02001739,E02001759,32
E02001739,E02001760,26
E02001739,E02001761,5
E02001739,E02001763,4
E02001739,E02001764,17
E02001739,E02001765,12
E02001739,E02001766,21
E02001739,E02001767,13
E02001739,E02001768,1
E02001739,E02001769,8
E02001739,E02001774,3
E02001739,E02001776,3
E02001739,E02001778,1
E02001739,E02001779,3
E02001739,E02001782,3
E02001739,E02001786,1
E02001739,E02001787,4
E02001739,E02001788,2
E02001739,E02001795,6
E02001739,E02001796,1
E02001739,E02001797,21
E02001739,E02001798,2
E02001739,E02001799,5
E02001739,E02001800,2
E02001739,E02001803,5
E02001739,E02001804,1
E02001739,E02001805,2
E02001739,E02001807,6
E02001739,E02001809,4
E02001739,E02001810,1
E02001739,E02001815,2
E02001739,E02001816,1
E02001739,E02001818,1
E02001739,E02001819,7
E02001739,E02001820,3
E02001739,E02001824,1
E02001739,E02001825,3
E02001739,E02006841,19
E02001740,E02001683,1
E02001740,E02001684,13
E02001740,E02001686,5
E02001740,E02001688,27
E02001740,E02001689,2
E02001740,E02001690,4
E02001740,E02001692,2
E02001740,E02001693,1
E02001740,E02001694,4
E02001740,E02001695,1
E02001740,E02001696,2
E02001740,E02001697,6
E02001740,E02001698,1
E02001740,E02001699,1
E02001740,E02001700,3
E02001740,E02001701,2
E02001740,E02001702,1
E02001740,E02001705,1
E02001740,E02001706,6
E02001740,E02001707,3
E02001740,E02001708,27
E02001740,E02001709,15
E02001740,E02001710,1
E02001740,E02001711,5
E02001740,E02001712,5
E02001740,E02001713,38
E02001740,E02001714,37
E02001740,E02001715,5
E02001740,E02001718,10
E02001740,E02001719,8
E02001740,E02001720,5
E02001740,E02001721,9
E02001740,E02001722,1
E02001740,E02001723,1
E02001740,E02001724,23
E02001740,E02001725,10
E02001740,E02001726,9
E02001740,E02001727,12
E02001740,E02001728,12
E02001740,E02001729,11
E02001740,E02001730,64
E02001740,E02001731,283
E02001740,E02001732,4
E02001740,E02001733,31
E02001740,E02001734,5
E02001740,E02001735,2
E02001740,E02001736,39
E02001740,E02001737,8
E02001740,E02001738,29
E02001740,E02001739,5
E02001740,E02001740,73
E02001740,E02001741,7
E02001740,E02001742,29
E02001740,E02001743,89
E02001740,E02001744,26
E02001740,E02001745,18
E02001740,E02001746,91
E02001740,E02001747,11
E02001740,E02001748,56
E02001740,E02001749,4
E02001740,E02001750,88
E02001740,E02001751,10
E02001740,E02001752,104
E02001740,E02001753,37
E02001740,E02001754,12
E02001740,E02001755,25
E02001740,E02001756,64
E02001740,E02001757,6
E02001740,E02001758,16
E02001740,E02001759,122
E02001740,E02001760,35
E02001740,E02001761,10
E02001740,E02001762,2
E02001740,E02001763,5
E02001740,E02001764,35
E02001740,E02001765,17
E02001740,E02001766,23
E02001740,E02001767,12
E02001740,E02001768,4
E02001740,E02001769,4
E02001740,E02001770,3
E02001740,E02001772,2
E02001740,E02001773,2
E02001740,E02001774,5
E02001740,E02001776,5
E02001740,E02001778,5
E02001740,E02001779,4
E02001740,E02001782,2
E02001740,E02001783,2
E02001740,E02001784,1
E02001740,E02001787,2
E02001740,E02001788,3
E02001740,E02001790,4
E02001740,E02001791,3
E02001740,E02001793,2
E02001740,E02001794,2
E02001740,E02001795,4
E02001740,E02001796,6
E02001740,E02001797,6
E02001740,E02001798,3
E02001740,E02001799,4
E02001740,E02001800,6
E02001740,E02001801,4
E02001740,E02001803,8
E02001740,E02001806,2
E02001740,E02001808,1
E02001740,E02001809,5
E02001740,E02001810,2
E02001740,E02001811,2
E02001740,E02001812,3
E02001740,E02001814,1
E02001740,E02001815,2
E02001740,E02001819,5
E02001740,E02001825,3
E02001740,E02001826,1
E02001740,E02006841,17
E02001740,E02006893,1
E02001741,E02001682,4
E02001741,E02001683,1
E02001741,E02001684,16
E02001741,E02001686,6
E02001741,E02001688,46
E02001741,E02001689,4
E02001741,E02001690,21
E02001741,E02001691,2
E02001741,E02001693,2
E02001741,E02001694,2
E02001741,E02001695,2
E02001741,E02001697,4
E02001741,E02001698,2
E02001741,E02001699,1
E02001741,E02001700,3
E02001741,E02001701,3
E02001741,E02001702,1
E02001741,E02001705,2
E02001741,E02001706,8
E02001741,E02001707,10
E02001741,E02001708,107
E02001741,E02001709,57
E02001741,E02001710,20
E02001741,E02001711,44
E02001741,E02001712,37
E02001741,E02001713,153
E02001741,E02001714,71
E02001741,E02001715,25
E02001741,E02001718,13
E02001741,E02001719,6
E02001741,E02001720,11
E02001741,E02001721,12
E02001741,E02001722,11
E02001741,E02001723,4
E02001741,E02001724,26
E02001741,E02001725,19
E02001741,E02001726,10
E02001741,E02001727,5
E02001741,E02001728,12
E02001741,E02001729,21
E02001741,E02001730,59
E02001741,E02001731,316
E02001741,E02001732,3
E02001741,E02001733,45
E02001741,E02001734,14
E02001741,E02001735,6
E02001741,E02001736,58
E02001741,E02001737,11
E02001741,E02001738,1
E02001741,E02001739,29
E02001741,E02001741,235
E02001741,E02001742,1
E02001741,E02001743,13
E02001741,E02001744,5
E02001741,E02001745,107
E02001741,E02001746,8
E02001741,E02001747,2
E02001741,E02001748,39
E02001741,E02001749,6
E02001741,E02001750,9
E02001741,E02001751,7
E02001741,E02001752,60
E02001741,E02001753,7
E02001741,E02001755,24
E02001741,E02001756,71
E02001741,E02001757,7
E02001741,E02001758,8
E02001741,E02001759,15
E02001741,E02001760,15
E02001741,E02001761,5
E02001741,E02001763,4
E02001741,E02001764,17
E02001741,E02001765,5
E02001741,E02001766,10
E02001741,E02001767,8
E02001741,E02001768,2
E02001741,E02001769,6
E02001741,E02001770,1
E02001741,E02001772,1
E02001741,E02001774,7
E02001741,E02001776,5
E02001741,E02001777,2
E02001741,E02001778,1
E02001741,E02001779,2
E02001741,E02001782,2
E02001741,E02001787,4
E02001741,E02001788,2
E02001741,E02001795,5
E02001741,E02001797,10
E02001741,E02001798,4
E02001741,E02001799,7
E02001741,E02001800,4
E02001741,E02001801,2
E02001741,E02001802,1
E02001741,E02001803,5
E02001741,E02001807,7
E02001741,E02001808,1
E02001741,E02001809,2
E02001741,E02001812,3
E02001741,E02001815,1
E02001741,E02001816,1
E02001741,E02001819,8
E02001741,E02001820,3
E02001741,E02001825,3
E02001741,E02001826,1
E02001741,E02006841,16
E02001741,E02006842,1
E02001741,E02006893,5
E02001742,E02001682,1
E02001742,E02001683,1
E02001742,E02001684,10
E02001742,E02001686,9
E02001742,E02001688,28
E02001742,E02001689,1
E02001742,E02001690,8
E02001742,E02001691,2
E02001742,E02001693,1
E02001742,E02001694,2
E02001742,E02001695,1
E02001742,E02001697,6
E02001742,E02001698,3
E02001742,E02001700,1
E02001742,E02001701,1
E02001742,E02001702,1
E02001742,E02001704,1
E02001742,E02001705,1
E02001742,E02001706,7
E02001742,E02001707,8
E02001742,E02001708,24
E02001742,E02001709,12
E02001742,E02001710,2
E02001742,E02001711,14
E02001742,E02001712,7
E02001742,E02001713,43
E02001742,E02001714,54
E02001742,E02001715,6
E02001742,E02001718,3
E02001742,E02001719,4
E02001742,E02001720,8
E02001742,E02001721,8
E02001742,E02001722,6
E02001742,E02001723,2
E02001742,E02001724,26
E02001742,E02001725,11
E02001742,E02001726,7
E02001742,E02001727,11
E02001742,E02001728,14
E02001742,E02001729,6
E02001742,E02001730,67
E02001742,E02001731,268
E02001742,E02001732,4
E02001742,E02001733,31
E02001742,E02001734,11
E02001742,E02001735,4
E02001742,E02001736,50
E02001742,E02001737,7
E02001742,E02001738,27
E02001742,E02001739,4
E02001742,E02001740,25
E02001742,E02001741,5
E02001742,E02001742,63
E02001742,E02001743,113
E02001742,E02001744,45
E02001742,E02001745,34
E02001742,E02001746,93
E02001742,E02001747,7
E02001742,E02001748,143
E02001742,E02001749,4
E02001742,E02001750,110
E02001742,E02001751,7
E02001742,E02001752,158
E02001742,E02001753,57
E02001742,E02001754,12
E02001742,E02001755,31
E02001742,E02001756,66
E02001742,E02001757,13
E02001742,E02001758,19
E02001742,E02001759,86
E02001742,E02001760,34
E02001742,E02001761,11
E02001742,E02001762,4
E02001742,E02001763,15
E02001742,E02001764,20
E02001742,E02001765,6
E02001742,E02001766,30
E02001742,E02001767,17
E02001742,E02001768,5
E02001742,E02001769,8
E02001742,E02001770,3
E02001742,E02001772,1
E02001742,E02001774,4
E02001742,E02001776,3
E02001742,E02001777,3
E02001742,E02001778,5
E02001742,E02001779,7
E02001742,E02001782,2
E02001742,E02001787,2
E02001742,E02001790,1
E02001742,E02001791,1
E02001742,E02001793,1
E02001742,E02001795,5
E02001742,E02001796,3
E02001742,E02001797,9
E02001742,E02001798,2
E02001742,E02001799,3
E02001742,E02001800,2
E02001742,E02001801,2
E02001742,E02001803,4
E02001742,E02001806,5
E02001742,E02001807,2
E02001742,E02001808,2
E02001742,E02001809,1
E02001742,E02001812,3
E02001742,E02001815,2
E02001742,E02001818,1
E02001742,E02001819,8
E02001742,E02001820,1
E02001742,E02001824,1
E02001742,E02001825,3
E02001742,E02006841,25
E02001742,E02006842,2
E02001742,E02006893,1
E02001743,E02001682,1
E02001743,E02001684,5
E02001743,E02001686,5
E02001743,E02001688,46
E02001743,E02001689,2
E02001743,E02001690,12
E02001743,E02001691,1
E02001743,E02001692,2
E02001743,E02001693,1
E02001743,E02001694,4
E02001743,E02001695,1
E02001743,E02001696,1
E02001743,E02001697,4
E02001743,E02001698,4
E02001743,E02001699,1
E02001743,E02001700,4
E02001743,E02001701,1
E02001743,E02001705,2
E02001743,E02001706,6
E02001743,E02001707,2
E02001743,E02001708,30
E02001743,E02001709,22
E02001743,E02001710,10
E02001743,E02001711,19
E02001743,E02001712,13
E02001743,E02001713,71
E02001743,E02001714,89
E02001743,E02001715,12
E02001743,E02001718,6
E02001743,E02001719,12
E02001743,E02001720,8
E02001743,E02001721,10
E02001743,E02001722,4
E02001743,E02001723,1
E02001743,E02001724,24
E02001743,E02001725,24
E02001743,E02001726,4
E02001743,E02001727,20
E02001743,E02001728,13
E02001743,E02001729,11
E02001743,E02001730,93
E02001743,E02001731,392
E02001743,E02001732,7
E02001743,E02001733,37
E02001743,E02001734,5
E02001743,E02001735,1
E02001743,E02001736,79
E02001743,E02001737,24
E02001743,E02001738,20
E02001743,E02001739,11
E02001743,E02001740,22
E02001743,E02001741,6
E02001743,E02001742,17
E02001743,E02001743,273
E02001743,E02001744,24
E02001743,E02001745,26
E02001743,E02001746,111
E02001743,E02001747,27
E02001743,E02001748,59
E02001743,E02001749,7
E02001743,E02001750,122
E02001743,E02001751,6
E02001743,E02001752,161
E02001743,E02001753,50
E02001743,E02001754,18
E02001743,E02001755,36
E02001743,E02001756,47
E02001743,E02001757,18
E02001743,E02001758,19
E02001743,E02001759,175
E02001743,E02001760,38
E02001743,E02001761,10
E02001743,E02001762,1
E02001743,E02001763,16
E02001743,E02001764,36
E02001743,E02001765,9
E02001743,E02001766,32
E02001743,E02001767,30
E02001743,E02001768,5
E02001743,E02001769,17
E02001743,E02001770,5
E02001743,E02001772,7
E02001743,E02001773,1
E02001743,E02001774,9
E02001743,E02001776,5
E02001743,E02001777,1
E02001743,E02001778,6
E02001743,E02001779,7
E02001743,E02001780,2
E02001743,E02001782,2
E02001743,E02001784,1
E02001743,E02001786,1
E02001743,E02001788,2
E02001743,E02001790,2
E02001743,E02001791,1
E02001743,E02001793,1
E02001743,E02001795,5
E02001743,E02001796,2
E02001743,E02001797,12
E02001743,E02001799,1
E02001743,E02001801,1
E02001743,E02001803,16
E02001743,E02001804,1
E02001743,E02001805,1
E02001743,E02001806,3
E02001743,E02001807,1
E02001743,E02001809,2
E02001743,E02001812,4
E02001743,E02001813,1
E02001743,E02001815,2
E02001743,E02001819,12
E02001743,E02001822,1
E02001743,E02001824,1
E02001743,E02001825,6
E02001743,E02006841,29
E02001743,E02006842,5
E02001743,E02006893,1
E02001744,E02001682,3
E02001744,E02001684,15
E02001744,E02001686,9
E02001744,E02001688,37
E02001744,E02001689,3
E02001744,E02001690,23
E02001744,E02001693,2
E02001744,E02001694,1
E02001744,E02001695,1
E02001744,E02001697,6
E02001744,E02001698,2
E02001744,E02001699,1
E02001744,E02001700,2
E02001744,E02001701,3
E02001744,E02001706,4
E02001744,E02001707,4
E02001744,E02001708,34
E02001744,E02001709,14
E02001744,E02001710,2
E02001744,E02001711,23
E02001744,E02001712,22
E02001744,E02001713,52
E02001744,E02001714,67
E02001744,E02001715,8
E02001744,E02001718,6
E02001744,E02001719,10
E02001744,E02001720,3
E02001744,E02001721,7
E02001744,E02001723,1
E02001744,E02001724,20
E02001744,E02001725,24
E02001744,E02001726,8
E02001744,E02001727,8
E02001744,E02001728,16
E02001744,E02001729,8
E02001744,E02001730,46
E02001744,E02001731,279
E02001744,E02001732,6
E02001744,E02001733,37
E02001744,E02001734,3
E02001744,E02001735,3
E02001744,E02001736,36
E02001744,E02001737,12
E02001744,E02001738,16
E02001744,E02001739,9
E02001744,E02001740,17
E02001744,E02001741,13
E02001744,E02001742,16
E02001744,E02001743,74
E02001744,E02001744,116
E02001744,E02001745,62
E02001744,E02001746,51
E02001744,E02001747,6
E02001744,E02001748,171
E02001744,E02001749,10
E02001744,E02001750,85
E02001744,E02001751,17
E02001744,E02001752,212
E02001744,E02001753,38
E02001744,E02001754,10
E02001744,E02001755,49
E02001744,E02001756,78
E02001744,E02001757,16
E02001744,E02001758,19
E02001744,E02001759,70
E02001744,E02001760,55
E02001744,E02001761,11
E02001744,E02001762,3
E02001744,E02001763,5
E02001744,E02001764,35
E02001744,E02001765,10
E02001744,E02001766,32
E02001744,E02001767,21
E02001744,E02001768,5
E02001744,E02001769,10
E02001744,E02001772,1
E02001744,E02001774,3
E02001744,E02001776,4
E02001744,E02001777,2
E02001744,E02001778,2
E02001744,E02001779,3
E02001744,E02001782,1
E02001744,E02001787,2
E02001744,E02001788,2
E02001744,E02001790,2
E02001744,E02001791,1
E02001744,E02001795,1
E02001744,E02001796,2
E02001744,E02001797,16
E02001744,E02001798,2
E02001744,E02001799,2
E02001744,E02001800,4
E02001744,E02001801,2
E02001744,E02001802,2
E02001744,E02001803,5
E02001744,E02001806,2
E02001744,E02001809,3
E02001744,E02001810,3
E02001744,E02001812,2
E02001744,E02001818,1
E02001744,E02001819,3
E02001744,E02001820,1
E02001744,E02001825,3
E02001744,E02006841,19
E02001744,E02006842,1
E02001744,E02006893,3
E02001745,E02001682,2
E02001745,E02001683,1
E02001745,E02001684,12
E02001745,E02001686,7
E02001745,E02001688,54
E02001745,E02001689,3
E02001745,E02001690,15
E02001745,E02001691,2
E02001745,E02001694,2
E02001745,E02001695,1
E02001745,E02001696,1
E02001745,E02001697,6
E02001745,E02001698,3
E02001745,E02001700,3
E02001745,E02001701,1
E02001745,E02001702,1
E02001745,E02001706,11
E02001745,E02001707,7
E02001745,E02001708,40
E02001745,E02001709,34
E02001745,E02001710,15
E02001745,E02001711,21
E02001745,E02001712,20
E02001745,E02001713,85
E02001745,E02001714,70
E02001745,E02001715,15
E02001745,E02001718,8
E02001745,E02001719,11
E02001745,E02001720,9
E02001745,E02001721,15
E02001745,E02001722,5
E02001745,E02001723,3
E02001745,E02001724,15
E02001745,E02001725,18
E02001745,E02001726,8
E02001745,E02001727,9
E02001745,E02001728,12
E02001745,E02001729,7
E02001745,E02001730,64
E02001745,E02001731,266
E02001745,E02001732,2
E02001745,E02001733,59
E02001745,E02001734,9
E02001745,E02001735,3
E02001745,E02001736,59
E02001745,E02001737,16
E02001745,E02001738,2
E02001745,E02001739,53
E02001745,E02001740,4
E02001745,E02001741,25
E02001745,E02001742,6
E02001745,E02001743,11
E02001745,E02001744,8
E02001745,E02001745,432
E02001745,E02001746,7
E02001745,E02001747,4
E02001745,E02001748,51
E02001745,E02001749,100
E02001745,E02001750,28
E02001745,E02001751,55
E02001745,E02001752,115
E02001745,E02001753,20
E02001745,E02001754,5
E02001745,E02001755,100
E02001745,E02001756,122
E02001745,E02001757,3
E02001745,E02001758,4
E02001745,E02001759,43
E02001745,E02001760,34
E02001745,E02001761,4
E02001745,E02001763,7
E02001745,E02001764,10
E02001745,E02001765,16
E02001745,E02001766,23
E02001745,E02001767,16
E02001745,E02001768,5
E02001745,E02001769,5
E02001745,E02001770,1
E02001745,E02001774,5
E02001745,E02001776,8
E02001745,E02001777,1
E02001745,E02001778,1
E02001745,E02001779,2
E02001745,E02001780,2
E02001745,E02001782,3
E02001745,E02001784,2
E02001745,E02001787,2
E02001745,E02001789,2
E02001745,E02001790,5
E02001745,E02001793,1
E02001745,E02001795,11
E02001745,E02001796,5
E02001745,E02001797,7
E02001745,E02001798,2
E02001745,E02001799,2
E02001745,E02001800,2
E02001745,E02001801,1
E02001745,E02001802,1
E02001745,E02001803,10
E02001745,E02001804,3
E02001745,E02001806,2
E02001745,E02001807,5
E02001745,E02001814,1
E02001745,E02001815,1
E02001745,E02001818,1
E02001745,E02001819,9
E02001745,E02001825,2
E02001745,E02006841,19
E02001745,E02006842,4
E02001745,E02006893,4
E02001746,E02001682,5
E02001746,E02001683,3
E02001746,E02001684,11
E02001746,E02001686,7
E02001746,E02001688,38
E02001746,E02001690,10
E02001746,E02001691,1
E02001746,E02001693,2
E02001746,E02001694,1
E02001746,E02001697,10
E02001746,E02001698,1
E02001746,E02001700,5
E02001746,E02001701,3
E02001746,E02001704,1
E02001746,E02001706,4
E02001746,E02001707,9
E02001746,E02001708,39
E02001746,E02001709,23
E02001746,E02001710,8
E02001746,E02001711,14
E02001746,E02001712,11
E02001746,E02001713,67
E02001746,E02001714,55
E02001746,E02001715,9
E02001746,E02001718,2
E02001746,E02001719,5
E02001746,E02001720,3
E02001746,E02001721,5
E02001746,E02001722,2
E02001746,E02001724,21
E02001746,E02001725,17
E02001746,E02001726,5
E02001746,E02001727,18
E02001746,E02001728,14
E02001746,E02001729,11
E02001746,E02001730,60
E02001746,E02001731,348
E02001746,E02001732,2
E02001746,E02001733,29
E02001746,E02001734,9
E02001746,E02001735,4
E02001746,E02001736,52
E02001746,E02001737,17
E02001746,E02001738,18
E02001746,E02001739,4
E02001746,E02001740,33
E02001746,E02001741,12
E02001746,E02001742,26
E02001746,E02001743,204
E02001746,E02001744,47
E02001746,E02001745,37
E02001746,E02001746,235
E02001746,E02001747,22
E02001746,E02001748,119
E02001746,E02001749,2
E02001746,E02001750,152
E02001746,E02001751,21
E02001746,E02001752,226
E02001746,E02001753,57
E02001746,E02001754,15
E02001746,E02001755,53
E02001746,E02001756,71
E02001746,E02001757,15
E02001746,E02001758,19
E02001746,E02001759,194
E02001746,E02001760,68
E02001746,E02001761,6
E02001746,E02001762,1
E02001746,E02001763,7
E02001746,E02001764,41
E02001746,E02001765,23
E02001746,E02001766,28
E02001746,E02001767,29
E02001746,E02001768,8
E02001746,E02001769,11
E02001746,E02001770,4
E02001746,E02001772,1
E02001746,E02001773,1
E02001746,E02001774,6
E02001746,E02001776,6
E02001746,E02001778,10
E02001746,E02001779,6
E02001746,E02001781,1
E02001746,E02001782,5
E02001746,E02001786,1
E02001746,E02001787,3
E02001746,E02001790,4
E02001746,E02001795,3
E02001746,E02001797,4
E02001746,E02001798,8
E02001746,E02001799,3
E02001746,E02001800,2
E02001746,E02001801,4
E02001746,E02001802,1
E02001746,E02001803,15
E02001746,E02001804,2
E02001746,E02001805,1
E02001746,E02001806,3
E02001746,E02001807,8
E02001746,E02001808,1
E02001746,E02001810,3
E02001746,E02001811,1
E02001746,E02001812,1
E02001746,E02001813,1
E02001746,E02001814,1
E02001746,E02001815,1
E02001746,E02001818,1
E02001746,E02001819,10
E02001746,E02001820,2
E02001746,E02001822,1
E02001746,E02001823,1
E02001746,E02001824,1
E02001746,E02001825,3
E02001746,E02001826,1
E02001746,E02006841,17
E02001746,E02006842,4
E02001746,E02006893,3
E02001747,E02001684,4
E02001747,E02001686,10
E02001747,E02001688,35
E02001747,E02001690,9
E02001747,E02001691,1
E02001747,E02001697,5
E02001747,E02001698,1
E02001747,E02001700,1
E02001747,E02001701,2
E02001747,E02001705,1
E02001747,E02001706,5
E02001747,E02001707,3
E02001747,E02001708,12
E02001747,E02001709,18
E02001747,E02001710,5
E02001747,E02001711,9
E02001747,E02001712,18
E02001747,E02001713,61
E02001747,E02001714,48
E02001747,E02001715,8
E02001747,E02001718,3
E02001747,E02001719,7
E02001747,E02001720,8
E02001747,E02001721,3
E02001747,E02001723,1
E02001747,E02001724,13
E02001747,E02001725,13
E02001747,E02001726,2
E02001747,E02001727,10
E02001747,E02001728,7
E02001747,E02001729,5
E02001747,E02001730,54
E02001747,E02001731,247
E02001747,E02001732,4
E02001747,E02001733,37
E02001747,E02001734,4
E02001747,E02001735,5
E02001747,E02001736,33
E02001747,E02001737,9
E02001747,E02001738,5
E02001747,E02001739,5
E02001747,E02001740,8
E02001747,E02001741,15
E02001747,E02001742,10
E02001747,E02001743,105
E02001747,E02001744,24
E02001747,E02001745,19
E02001747,E02001746,56
E02001747,E02001747,80
E02001747,E02001748,65
E02001747,E02001749,2
E02001747,E02001750,120
E02001747,E02001751,2
E02001747,E02001752,159
E02001747,E02001753,68
E02001747,E02001754,20
E02001747,E02001755,31
E02001747,E02001756,51
E02001747,E02001757,13
E02001747,E02001758,9
E02001747,E02001759,151
E02001747,E02001760,41
E02001747,E02001761,6
E02001747,E02001762,2
E02001747,E02001763,14
E02001747,E02001764,53
E02001747,E02001765,17
E02001747,E02001766,37
E02001747,E02001767,15
E02001747,E02001768,7
E02001747,E02001769,7
E02001747,E02001770,2
E02001747,E02001772,3
E02001747,E02001773,3
E02001747,E02001774,6
E02001747,E02001775,1
E02001747,E02001776,6
E02001747,E02001778,6
E02001747,E02001779,3
E02001747,E02001782,2
E02001747,E02001784,2
E02001747,E02001788,1
E02001747,E02001790,3
E02001747,E02001791,1
E02001747,E02001794,2
E02001747,E02001795,2
E02001747,E02001796,3
E02001747,E02001797,8
E02001747,E02001798,5
E02001747,E02001799,2
E02001747,E02001800,1
E02001747,E02001801,2
E02001747,E02001802,2
E02001747,E02001803,10
E02001747,E02001807,4
E02001747,E02001808,1
E02001747,E02001809,1
E02001747,E02001810,1
E02001747,E02001812,1
E02001747,E02001818,2
E02001747,E02001819,9
E02001747,E02001820,2
E02001747,E02001824,1
E02001747,E02001825,4
E02001747,E02006841,17
E02001747,E02006842,3
E02001748,E02001682,5
E02001748,E02001684,17
E02001748,E02001686,10
E02001748,E02001688,69
E02001748,E02001689,7
E02001748,E02001690,11
E02001748,E02001692,1
E02001748,E02001693,1
E02001748,E02001694,5
E02001748,E02001697,5
E02001748,E02001698,2
E02001748,E02001699,1
E02001748,E02001700,3
E02001748,E02001701,1
E02001748,E02001702,1
E02001748,E02001703,1
E02001748,E02001704,2
E02001748,E02001706,11
E02001748,E02001707,9
E02001748,E02001708,35
E02001748,E02001709,27
E02001748,E02001710,12
E02001748,E02001711,21
E02001748,E02001712,20
E02001748,E02001713,77
E02001748,E02001714,72
E02001748,E02001715,13
E02001748,E02001718,4
E02001748,E02001719,6
E02001748,E02001720,9
E02001748,E02001721,9
E02001748,E02001722,1
E02001748,E02001724,22
E02001748,E02001725,28
E02001748,E02001726,4
E02001748,E02001727,14
E02001748,E02001728,11
E02001748,E02001729,10
E02001748,E02001730,72
E02001748,E02001731,330
E02001748,E02001732,5
E02001748,E02001733,49
E02001748,E02001734,4
E02001748,E02001735,6
E02001748,E02001736,38
E02001748,E02001737,9
E02001748,E02001738,10
E02001748,E02001739,11
E02001748,E02001740,6
E02001748,E02001741,11
E02001748,E02001742,9
E02001748,E02001743,64
E02001748,E02001744,50
E02001748,E02001745,50
E02001748,E02001746,52
E02001748,E02001747,15
E02001748,E02001748,285
E02001748,E02001749,3
E02001748,E02001750,83
E02001748,E02001751,17
E02001748,E02001752,324
E02001748,E02001753,43
E02001748,E02001754,13
E02001748,E02001755,104
E02001748,E02001756,104
E02001748,E02001757,16
E02001748,E02001758,13
E02001748,E02001759,96
E02001748,E02001760,83
E02001748,E02001761,10
E02001748,E02001762,3
E02001748,E02001763,7
E02001748,E02001764,28
E02001748,E02001765,21
E02001748,E02001766,25
E02001748,E02001767,32
E02001748,E02001768,10
E02001748,E02001769,9
E02001748,E02001770,2
E02001748,E02001772,2
E02001748,E02001773,3
E02001748,E02001774,6
E02001748,E02001776,1
E02001748,E02001777,1
E02001748,E02001778,9
E02001748,E02001779,7
E02001748,E02001782,5
E02001748,E02001787,1
E02001748,E02001790,4
E02001748,E02001791,1
E02001748,E02001792,1
E02001748,E02001795,5
E02001748,E02001796,2
E02001748,E02001797,18
E02001748,E02001798,8
E02001748,E02001799,9
E02001748,E02001800,6
E02001748,E02001801,2
E02001748,E02001802,1
E02001748,E02001803,9
E02001748,E02001806,2
E02001748,E02001807,8
E02001748,E02001809,5
E02001748,E02001810,2
E02001748,E02001811,3
E02001748,E02001812,3
E02001748,E02001816,1
E02001748,E02001819,7
E02001748,E02001820,1
E02001748,E02001823,1
E02001748,E02001824,4
E02001748,E02001825,7
E02001748,E02006841,27
E02001748,E02006842,5
E02001748,E02006893,3
E02001749,E02001682,2
E02001749,E02001683,1
E02001749,E02001684,13
E02001749,E02001685,1
E02001749,E02001686,12
E02001749,E02001688,50
E02001749,E02001689,2
E02001749,E02001690,18
E02001749,E02001691,1
E02001749,E02001694,3
E02001749,E02001695,3
E02001749,E02001696,2
E02001749,E02001697,7
E02001749,E02001698,2
E02001749,E02001702,2
E02001749,E02001703,1
E02001749,E02001705,2
E02001749,E02001706,7
E02001749,E02001707,6
E02001749,E02001708,30
E02001749,E02001709,25
E02001749,E02001710,17
E02001749,E02001711,11
E02001749,E02001712,25
E02001749,E02001713,104
E02001749,E02001714,113
E02001749,E02001715,19
E02001749,E02001718,2
E02001749,E02001719,20
E02001749,E02001720,10
E02001749,E02001721,8
E02001749,E02001722,8
E02001749,E02001723,3
E02001749,E02001724,28
E02001749,E02001725,31
E02001749,E02001726,6
E02001749,E02001727,12
E02001749,E02001728,18
E02001749,E02001729,10
E02001749,E02001730,50
E02001749,E02001731,266
E02001749,E02001732,4
E02001749,E02001733,70
E02001749,E02001734,4
E02001749,E02001735,2
E02001749,E02001736,56
E02001749,E02001737,17
E02001749,E02001738,4
E02001749,E02001739,36
E02001749,E02001740,3
E02001749,E02001741,7
E02001749,E02001742,4
E02001749,E02001743,16
E02001749,E02001744,12
E02001749,E02001745,236
E02001749,E02001746,9
E02001749,E02001748,52
E02001749,E02001749,136
E02001749,E02001750,32
E02001749,E02001751,70
E02001749,E02001752,124
E02001749,E02001753,8
E02001749,E02001754,4
E02001749,E02001755,113
E02001749,E02001756,108
E02001749,E02001757,6
E02001749,E02001758,10
E02001749,E02001759,32
E02001749,E02001760,23
E02001749,E02001761,6
E02001749,E02001762,3
E02001749,E02001763,11
E02001749,E02001764,17
E02001749,E02001765,10
E02001749,E02001766,22
E02001749,E02001767,13
E02001749,E02001768,4
E02001749,E02001769,3
E02001749,E02001770,3
E02001749,E02001774,7
E02001749,E02001776,7
E02001749,E02001778,9
E02001749,E02001779,4
E02001749,E02001781,1
E02001749,E02001782,3
E02001749,E02001783,1
E02001749,E02001784,1
E02001749,E02001787,2
E02001749,E02001788,1
E02001749,E02001790,3
E02001749,E02001791,1
E02001749,E02001795,7
E02001749,E02001796,3
E02001749,E02001797,23
E02001749,E02001798,2
E02001749,E02001799,3
E02001749,E02001800,1
E02001749,E02001801,2
E02001749,E02001802,2
E02001749,E02001803,6
E02001749,E02001807,2
E02001749,E02001812,1
E02001749,E02001813,1
E02001749,E02001815,2
E02001749,E02001818,1
E02001749,E02001819,9
E02001749,E02001820,1
E02001749,E02001824,2
E02001749,E02001825,5
E02001749,E02006841,19
E02001749,E02006842,1
E02001749,E02006893,1
E02001750,E02001682,1
E02001750,E02001684,4
E02001750,E02001686,4
E02001750,E02001688,32
E02001750,E02001689,2
E02001750,E02001690,10
E02001750,E02001694,1
E02001750,E02001695,4
E02001750,E02001697,3
E02001750,E02001698,2
E02001750,E02001701,7
E02001750,E02001702,1
E02001750,E02001706,9
E02001750,E02001707,3
E02001750,E02001708,19
E02001750,E02001709,8
E02001750,E02001710,10
E02001750,E02001711,20
E02001750,E02001712,11
E02001750,E02001713,41
E02001750,E02001714,55
E02001750,E02001715,6
E02001750,E02001718,11
E02001750,E02001719,4
E02001750,E02001720,6
E02001750,E02001721,8
E02001750,E02001722,1
E02001750,E02001723,2
E02001750,E02001724,17
E02001750,E02001725,24
E02001750,E02001726,2
E02001750,E02001727,9
E02001750,E02001728,17
E02001750,E02001729,10
E02001750,E02001730,42
E02001750,E02001731,212
E02001750,E02001732,5
E02001750,E02001733,45
E02001750,E02001734,2
E02001750,E02001735,3
E02001750,E02001736,40
E02001750,E02001737,13
E02001750,E02001738,8
E02001750,E02001739,8
E02001750,E02001740,11
E02001750,E02001741,11
E02001750,E02001742,14
E02001750,E02001743,88
E02001750,E02001744,29
E02001750,E02001745,27
E02001750,E02001746,59
E02001750,E02001747,21
E02001750,E02001748,70
E02001750,E02001749,3
E02001750,E02001750,206
E02001750,E02001751,13
E02001750,E02001752,193
E02001750,E02001753,66
E02001750,E02001754,25
E02001750,E02001755,43
E02001750,E02001756,47
E02001750,E02001757,29
E02001750,E02001758,20
E02001750,E02001759,193
E02001750,E02001760,55
E02001750,E02001761,14
E02001750,E02001762,6
E02001750,E02001763,15
E02001750,E02001764,63
E02001750,E02001765,18
E02001750,E02001766,34
E02001750,E02001767,26
E02001750,E02001768,4
E02001750,E02001769,9
E02001750,E02001772,1
E02001750,E02001773,1
E02001750,E02001774,13
E02001750,E02001776,12
E02001750,E02001778,5
E02001750,E02001779,5
E02001750,E02001782,2
E02001750,E02001784,1
E02001750,E02001787,2
E02001750,E02001788,3
E02001750,E02001790,5
E02001750,E02001791,2
E02001750,E02001794,1
E02001750,E02001795,5
E02001750,E02001796,1
E02001750,E02001797,14
E02001750,E02001798,5
E02001750,E02001799,3
E02001750,E02001800,3
E02001750,E02001802,1
E02001750,E02001803,13
E02001750,E02001806,1
E02001750,E02001807,1
E02001750,E02001808,1
E02001750,E02001809,3
E02001750,E02001810,2
E02001750,E02001812,1
E02001750,E02001814,1
E02001750,E02001815,1
E02001750,E02001816,2
E02001750,E02001819,10
E02001750,E02001822,2
E02001750,E02001824,1
E02001750,E02001825,6
E02001750,E02001826,2
E02001750,E02006841,28
E02001750,E02006842,5
E02001750,E02006893,5
E02001751,E02001682,2
E02001751,E02001684,6
E02001751,E02001686,12
E02001751,E02001688,40
E02001751,E02001689,2
E02001751,E02001690,17
E02001751,E02001691,1
E02001751,E02001694,4
E02001751,E02001695,3
E02001751,E02001697,2
E02001751,E02001699,1
E02001751,E02001701,1
E02001751,E02001705,1
E02001751,E02001706,6
E02001751,E02001707,4
E02001751,E02001708,27
E02001751,E02001709,31
E02001751,E02001710,9
E02001751,E02001711,12
E02001751,E02001712,26
E02001751,E02001713,117
E02001751,E02001714,88
E02001751,E02001715,9
E02001751,E02001718,4
E02001751,E02001719,26
E02001751,E02001720,6
E02001751,E02001721,10
E02001751,E02001722,3
E02001751,E02001724,20
E02001751,E02001725,33
E02001751,E02001726,6
E02001751,E02001727,9
E02001751,E02001728,11
E02001751,E02001729,11
E02001751,E02001730,50
E02001751,E02001731,250
E02001751,E02001732,5
E02001751,E02001733,57
E02001751,E02001734,9
E02001751,E02001735,8
E02001751,E02001736,39
E02001751,E02001737,15
E02001751,E02001738,1
E02001751,E02001739,13
E02001751,E02001740,1
E02001751,E02001741,10
E02001751,E02001742,4
E02001751,E02001743,11
E02001751,E02001744,8
E02001751,E02001745,163
E02001751,E02001746,8
E02001751,E02001747,2
E02001751,E02001748,57
E02001751,E02001749,55
E02001751,E02001750,17
E02001751,E02001751,143
E02001751,E02001752,73
E02001751,E02001753,7
E02001751,E02001754,6
E02001751,E02001755,135
E02001751,E02001756,149
E02001751,E02001757,3
E02001751,E02001758,11
E02001751,E02001759,29
E02001751,E02001760,21
E02001751,E02001761,8
E02001751,E02001762,1
E02001751,E02001763,12
E02001751,E02001764,24
E02001751,E02001765,9
E02001751,E02001766,9
E02001751,E02001767,16
E02001751,E02001768,4
E02001751,E02001769,3
E02001751,E02001770,2
E02001751,E02001772,1
E02001751,E02001774,13
E02001751,E02001776,6
E02001751,E02001777,1
E02001751,E02001778,3
E02001751,E02001779,1
E02001751,E02001781,1
E02001751,E02001782,1
E02001751,E02001787,2
E02001751,E02001788,1
E02001751,E02001790,3
E02001751,E02001791,1
E02001751,E02001794,1
E02001751,E02001795,6
E02001751,E02001796,1
E02001751,E02001797,13
E02001751,E02001798,4
E02001751,E02001799,3
E02001751,E02001800,1
E02001751,E02001801,4
E02001751,E02001802,1
E02001751,E02001803,7
E02001751,E02001806,1
E02001751,E02001809,2
E02001751,E02001810,1
E02001751,E02001811,1
E02001751,E02001812,4
E02001751,E02001815,3
E02001751,E02001819,6
E02001751,E02001824,2
E02001751,E02001825,10
E02001751,E02006841,19
E02001751,E02006893,3
E02001752,E02001682,2
E02001752,E02001683,1
E02001752,E02001684,8
E02001752,E02001686,7
E02001752,E02001688,24
E02001752,E02001689,1
E02001752,E02001690,6
E02001752,E02001694,1
E02001752,E02001696,1
E02001752,E02001697,3
E02001752,E02001698,3
E02001752,E02001700,1
E02001752,E02001701,1
E02001752,E02001705,2
E02001752,E02001706,5
E02001752,E02001707,2
E02001752,E02001708,12
E02001752,E02001709,5
E02001752,E02001710,5
E02001752,E02001711,7
E02001752,E02001712,14
E02001752,E02001713,23
E02001752,E02001714,32
E02001752,E02001715,9
E02001752,E02001719,9
E02001752,E02001720,3
E02001752,E02001721,10
E02001752,E02001722,2
E02001752,E02001723,1
E02001752,E02001724,7
E02001752,E02001725,16
E02001752,E02001726,4
E02001752,E02001727,4
E02001752,E02001728,6
E02001752,E02001729,8
E02001752,E02001730,20
E02001752,E02001731,120
E02001752,E02001732,2
E02001752,E02001733,38
E02001752,E02001734,3
E02001752,E02001735,4
E02001752,E02001736,27
E02001752,E02001737,10
E02001752,E02001738,3
E02001752,E02001739,13
E02001752,E02001740,15
E02001752,E02001741,9
E02001752,E02001742,1
E02001752,E02001743,81
E02001752,E02001744,14
E02001752,E02001745,35
E02001752,E02001746,56
E02001752,E02001747,13
E02001752,E02001748,97
E02001752,E02001749,3
E02001752,E02001750,230
E02001752,E02001751,2
E02001752,E02001752,344
E02001752,E02001753,54
E02001752,E02001754,28
E02001752,E02001755,43
E02001752,E02001756,40
E02001752,E02001757,33
E02001752,E02001758,26
E02001752,E02001759,124
E02001752,E02001760,114
E02001752,E02001761,10
E02001752,E02001762,4
E02001752,E02001763,10
E02001752,E02001764,83
E02001752,E02001765,27
E02001752,E02001766,39
E02001752,E02001767,24
E02001752,E02001768,3
E02001752,E02001769,8
E02001752,E02001774,5
E02001752,E02001775,1
E02001752,E02001776,8
E02001752,E02001778,3
E02001752,E02001779,5
E02001752,E02001783,1
E02001752,E02001787,1
E02001752,E02001789,1
E02001752,E02001790,1
E02001752,E02001794,1
E02001752,E02001795,3
E02001752,E02001797,8
E02001752,E02001798,6
E02001752,E02001799,3
E02001752,E02001800,3
E02001752,E02001803,3
E02001752,E02001806,2
E02001752,E02001807,3
E02001752,E02001809,5
E02001752,E02001810,1
E02001752,E02001812,1
E02001752,E02001815,2
E02001752,E02001819,1
E02001752,E02001823,2
E02001752,E02001824,1
E02001752,E02001825,4
E02001752,E02006841,11
E02001752,E02006842,3
E02001752,E02006893,2
E02001753,E02001682,4
E02001753,E02001683,3
E02001753,E02001684,10
E02001753,E02001686,1
E02001753,E02001688,33
E02001753,E02001689,3
E02001753,E02001690,4
E02001753,E02001694,1
E02001753,E02001695,2
E02001753,E02001696,4
E02001753,E02001697,5
E02001753,E02001698,1
E02001753,E02001699,2
E02001753,E02001700,2
E02001753,E02001701,2
E02001753,E02001702,2
E02001753,E02001704,1
E02001753,E02001706,5
E02001753,E02001707,6
E02001753,E02001708,22
E02001753,E02001709,16
E02001753,E02001710,8
E02001753,E02001711,6
E02001753,E02001712,10
E02001753,E02001713,51
E02001753,E02001714,47
E02001753,E02001715,5
E02001753,E02001718,5
E02001753,E02001719,12
E02001753,E02001720,11
E02001753,E02001721,7
E02001753,E02001722,3
E02001753,E02001724,23
E02001753,E02001725,23
E02001753,E02001726,6
E02001753,E02001727,20
E02001753,E02001728,12
E02001753,E02001729,15
E02001753,E02001730,83
E02001753,E02001731,334
E02001753,E02001732,6
E02001753,E02001733,28
E02001753,E02001734,8
E02001753,E02001736,31
E02001753,E02001737,15
E02001753,E02001738,3
E02001753,E02001739,3
E02001753,E02001740,14
E02001753,E02001741,9
E02001753,E02001742,9
E02001753,E02001743,63
E02001753,E02001744,14
E02001753,E02001745,24
E02001753,E02001746,34
E02001753,E02001747,15
E02001753,E02001748,51
E02001753,E02001750,108
E02001753,E02001751,10
E02001753,E02001752,118
E02001753,E02001753,172
E02001753,E02001754,35
E02001753,E02001755,27
E02001753,E02001756,46
E02001753,E02001757,19
E02001753,E02001758,17
E02001753,E02001759,175
E02001753,E02001760,33
E02001753,E02001761,7
E02001753,E02001762,1
E02001753,E02001763,8
E02001753,E02001764,32
E02001753,E02001765,31
E02001753,E02001766,41
E02001753,E02001767,18
E02001753,E02001768,9
E02001753,E02001769,15
E02001753,E02001770,1
E02001753,E02001771,1
E02001753,E02001772,1
E02001753,E02001774,11
E02001753,E02001776,8
E02001753,E02001777,2
E02001753,E02001778,1
E02001753,E02001779,6
E02001753,E02001782,4
E02001753,E02001783,1
E02001753,E02001784,1
E02001753,E02001787,2
E02001753,E02001788,1
E02001753,E02001789,5
E02001753,E02001790,3
E02001753,E02001794,3
E02001753,E02001795,9
E02001753,E02001796,3
E02001753,E02001797,13
E02001753,E02001798,7
E02001753,E02001799,2
E02001753,E02001800,4
E02001753,E02001801,2
E02001753,E02001802,1
E02001753,E02001803,12
E02001753,E02001806,6
E02001753,E02001807,4
E02001753,E02001809,1
E02001753,E02001810,1
E02001753,E02001811,2
E02001753,E02001812,3
E02001753,E02001813,2
E02001753,E02001816,2
E02001753,E02001817,1
E02001753,E02001819,6
E02001753,E02001825,4
E02001753,E02006841,40
E02001753,E02006842,1
E02001753,E02006893,1
E02001754,E02001682,1
E02001754,E02001683,3
E02001754,E02001684,9
E02001754,E02001686,7
E02001754,E02001688,41
E02001754,E02001689,4
E02001754,E02001690,7
E02001754,E02001691,1
E02001754,E02001692,2
E02001754,E02001694,1
E02001754,E02001695,1
E02001754,E02001697,5
E02001754,E02001698,3
E02001754,E02001700,4
E02001754,E02001702,2
E02001754,E02001703,1
E02001754,E02001705,1
E02001754,E02001706,2
E02001754,E02001707,3
E02001754,E02001708,18
E02001754,E02001709,12
E02001754,E02001710,2
E02001754,E02001711,17
E02001754,E02001712,16
E02001754,E02001713,48
E02001754,E02001714,49
E02001754,E02001715,12
E02001754,E02001718,2
E02001754,E02001719,12
E02001754,E02001720,1
E02001754,E02001721,3
E02001754,E02001722,1
E02001754,E02001723,5
E02001754,E02001724,25
E02001754,E02001725,32
E02001754,E02001726,5
E02001754,E02001727,19
E02001754,E02001728,10
E02001754,E02001729,10
E02001754,E02001730,68
E02001754,E02001731,299
E02001754,E02001732,6
E02001754,E02001733,25
E02001754,E02001734,6
E02001754,E02001735,2
E02001754,E02001736,58
E02001754,E02001737,16
E02001754,E02001738,4
E02001754,E02001739,3
E02001754,E02001740,11
E02001754,E02001741,8
E02001754,E02001742,14
E02001754,E02001743,54
E02001754,E02001744,9
E02001754,E02001745,24
E02001754,E02001746,39
E02001754,E02001747,15
E02001754,E02001748,49
E02001754,E02001749,2
E02001754,E02001750,127
E02001754,E02001751,11
E02001754,E02001752,152
E02001754,E02001753,128
E02001754,E02001754,77
E02001754,E02001755,34
E02001754,E02001756,47
E02001754,E02001757,24
E02001754,E02001758,21
E02001754,E02001759,210
E02001754,E02001760,54
E02001754,E02001761,5
E02001754,E02001762,5
E02001754,E02001763,15
E02001754,E02001764,63
E02001754,E02001765,24
E02001754,E02001766,30
E02001754,E02001767,21
E02001754,E02001768,9
E02001754,E02001769,18
E02001754,E02001772,3
E02001754,E02001774,8
E02001754,E02001775,4
E02001754,E02001776,9
E02001754,E02001778,5
E02001754,E02001779,6
E02001754,E02001783,1
E02001754,E02001787,3
E02001754,E02001788,4
E02001754,E02001789,1
E02001754,E02001790,4
E02001754,E02001795,3
E02001754,E02001797,14
E02001754,E02001798,3
E02001754,E02001799,3
E02001754,E02001800,9
E02001754,E02001801,12
E02001754,E02001802,2
E02001754,E02001803,8
E02001754,E02001806,1
E02001754,E02001807,3
E02001754,E02001808,1
E02001754,E02001809,3
E02001754,E02001810,2
E02001754,E02001811,1
E02001754,E02001812,1
E02001754,E02001818,1
E02001754,E02001819,11
E02001754,E02001824,1
E02001754,E02001825,2
E02001754,E02001826,1
E02001754,E02006841,30
E02001754,E02006893,3
E02001755,E02001682,2
E02001755,E02001683,2
E02001755,E02001684,16
E02001755,E02001685,1
E02001755,E02001686,10
E02001755,E02001688,68
E02001755,E02001689,2
E02001755,E02001690,20
E02001755,E02001691,2
E02001755,E02001692,1
E02001755,E02001693,1
E02001755,E02001694,7
E02001755,E02001695,6
E02001755,E02001696,2
E02001755,E02001697,15
E02001755,E02001698,2
E02001755,E02001699,1
E02001755,E02001700,6
E02001755,E02001701,2
E02001755,E02001702,3
E02001755,E02001706,5
E02001755,E02001707,9
E02001755,E02001708,35
E02001755,E02001709,34
E02001755,E02001710,14
E02001755,E02001711,20
E02001755,E02001712,36
E02001755,E02001713,172
E02001755,E02001714,162
E02001755,E02001715,20
E02001755,E02001718,11
E02001755,E02001719,30
E02001755,E02001720,10
E02001755,E02001721,11
E02001755,E02001722,2
E02001755,E02001723,5
E02001755,E02001724,40
E02001755,E02001725,33
E02001755,E02001726,11
E02001755,E02001727,32
E02001755,E02001728,19
E02001755,E02001729,21
E02001755,E02001730,96
E02001755,E02001731,419
E02001755,E02001732,14
E02001755,E02001733,69
E02001755,E02001734,11
E02001755,E02001735,5
E02001755,E02001736,61
E02001755,E02001737,10
E02001755,E02001738,9
E02001755,E02001739,16
E02001755,E02001740,2
E02001755,E02001741,7
E02001755,E02001742,2
E02001755,E02001743,19
E02001755,E02001744,8
E02001755,E02001745,90
E02001755,E02001746,18
E02001755,E02001747,1
E02001755,E02001748,121
E02001755,E02001749,28
E02001755,E02001750,37
E02001755,E02001751,73
E02001755,E02001752,180
E02001755,E02001753,16
E02001755,E02001754,4
E02001755,E02001755,289
E02001755,E02001756,147
E02001755,E02001757,13
E02001755,E02001758,11
E02001755,E02001759,37
E02001755,E02001760,39
E02001755,E02001761,10
E02001755,E02001762,4
E02001755,E02001763,10
E02001755,E02001764,26
E02001755,E02001765,14
E02001755,E02001766,29
E02001755,E02001767,24
E02001755,E02001768,5
E02001755,E02001769,10
E02001755,E02001770,6
E02001755,E02001771,1
E02001755,E02001772,4
E02001755,E02001773,2
E02001755,E02001774,13
E02001755,E02001776,10
E02001755,E02001777,5
E02001755,E02001778,4
E02001755,E02001779,6
E02001755,E02001780,1
E02001755,E02001782,3
E02001755,E02001787,2
E02001755,E02001788,2
E02001755,E02001789,1
E02001755,E02001790,6
E02001755,E02001791,1
E02001755,E02001794,1
E02001755,E02001795,6
E02001755,E02001796,4
E02001755,E02001797,24
E02001755,E02001798,3
E02001755,E02001799,2
E02001755,E02001800,6
E02001755,E02001801,5
E02001755,E02001803,15
E02001755,E02001804,1
E02001755,E02001805,1
E02001755,E02001806,1
E02001755,E02001807,5
E02001755,E02001808,4
E02001755,E02001809,2
E02001755,E02001810,1
E02001755,E02001811,3
E02001755,E02001812,5
E02001755,E02001813,1
E02001755,E02001814,1
E02001755,E02001815,2
E02001755,E02001816,1
E02001755,E02001819,6
E02001755,E02001820,1
E02001755,E02001822,1
E02001755,E02001824,1
E02001755,E02001825,4
E02001755,E02006841,39
E02001755,E02006842,2
E02001755,E02006893,9
E02001756,E02001682,5
E02001756,E02001684,19
E02001756,E02001685,1
E02001756,E02001686,26
E02001756,E02001688,57
E02001756,E02001689,6
E02001756,E02001690,25
E02001756,E02001691,3
E02001756,E02001693,1
E02001756,E02001695,3
E02001756,E02001696,3
E02001756,E02001697,14
E02001756,E02001698,2
E02001756,E02001699,3
E02001756,E02001700,4
E02001756,E02001701,1
E02001756,E02001702,1
E02001756,E02001703,1
E02001756,E02001704,3
E02001756,E02001705,1
E02001756,E02001706,12
E02001756,E02001707,6
E02001756,E02001708,59
E02001756,E02001709,54
E02001756,E02001710,25
E02001756,E02001711,22
E02001756,E02001712,63
E02001756,E02001713,146
E02001756,E02001714,280
E02001756,E02001715,23
E02001756,E02001718,8
E02001756,E02001719,35
E02001756,E02001720,21
E02001756,E02001721,14
E02001756,E02001722,3
E02001756,E02001723,5
E02001756,E02001724,52
E02001756,E02001725,44
E02001756,E02001726,9
E02001756,E02001727,9
E02001756,E02001728,23
E02001756,E02001729,19
E02001756,E02001730,92
E02001756,E02001731,494
E02001756,E02001732,7
E02001756,E02001733,86
E02001756,E02001734,9
E02001756,E02001735,8
E02001756,E02001736,74
E02001756,E02001737,20
E02001756,E02001738,1
E02001756,E02001739,17
E02001756,E02001740,2
E02001756,E02001741,10
E02001756,E02001742,5
E02001756,E02001743,14
E02001756,E02001744,8
E02001756,E02001745,116
E02001756,E02001746,17
E02001756,E02001747,2
E02001756,E02001748,84
E02001756,E02001749,25
E02001756,E02001750,24
E02001756,E02001751,56
E02001756,E02001752,128
E02001756,E02001753,19
E02001756,E02001754,5
E02001756,E02001755,229
E02001756,E02001756,486
E02001756,E02001757,9
E02001756,E02001758,10
E02001756,E02001759,36
E02001756,E02001760,17
E02001756,E02001761,7
E02001756,E02001762,2
E02001756,E02001763,9
E02001756,E02001764,15
E02001756,E02001765,11
E02001756,E02001766,33
E02001756,E02001767,19
E02001756,E02001768,4
E02001756,E02001769,5
E02001756,E02001772,3
E02001756,E02001773,1
E02001756,E02001774,8
E02001756,E02001775,1
E02001756,E02001776,11
E02001756,E02001777,3
E02001756,E02001778,4
E02001756,E02001779,3
E02001756,E02001782,5
E02001756,E02001784,3
E02001756,E02001787,2
E02001756,E02001790,1
E02001756,E02001791,2
E02001756,E02001794,1
E02001756,E02001795,8
E02001756,E02001796,2
E02001756,E02001797,16
E02001756,E02001798,5
E02001756,E02001799,2
E02001756,E02001800,3
E02001756,E02001801,11
E02001756,E02001803,16
E02001756,E02001807,4
E02001756,E02001808,1
E02001756,E02001809,3
E02001756,E02001810,1
E02001756,E02001811,2
E02001756,E02001812,4
E02001756,E02001814,2
E02001756,E02001815,1
E02001756,E02001819,5
E02001756,E02001820,2
E02001756,E02001821,1
E02001756,E02001823,1
E02001756,E02001825,9
E02001756,E02001826,2
E02001756,E02006841,22
E02001756,E02006842,1
E02001756,E02006893,5
E02001757,E02001684,12
E02001757,E02001686,3
E02001757,E02001688,23
E02001757,E02001689,2
E02001757,E02001690,5
E02001757,E02001697,5
E02001757,E02001698,1
E02001757,E02001701,1
E02001757,E02001702,1
E02001757,E02001705,3
E02001757,E02001706,3
E02001757,E02001707,5
E02001757,E02001708,8
E02001757,E02001709,10
E02001757,E02001710,5
E02001757,E02001711,14
E02001757,E02001712,11
E02001757,E02001713,29
E02001757,E02001714,39
E02001757,E02001715,3
E02001757,E02001718,4
E02001757,E02001719,16
E02001757,E02001720,4
E02001757,E02001721,8
E02001757,E02001722,6
E02001757,E02001724,10
E02001757,E02001725,14
E02001757,E02001726,3
E02001757,E02001727,11
E02001757,E02001728,2
E02001757,E02001729,7
E02001757,E02001730,32
E02001757,E02001731,168
E02001757,E02001732,4
E02001757,E02001733,34
E02001757,E02001734,4
E02001757,E02001735,1
E02001757,E02001736,20
E02001757,E02001737,20
E02001757,E02001738,4
E02001757,E02001739,9
E02001757,E02001740,3
E02001757,E02001741,8
E02001757,E02001742,6
E02001757,E02001743,54
E02001757,E02001744,16
E02001757,E02001745,32
E02001757,E02001746,25
E02001757,E02001747,7
E02001757,E02001748,64
E02001757,E02001749,4
E02001757,E02001750,167
E02001757,E02001751,15
E02001757,E02001752,191
E02001757,E02001753,82
E02001757,E02001754,31
E02001757,E02001755,37
E02001757,E02001756,42
E02001757,E02001757,66
E02001757,E02001758,26
E02001757,E02001759,256
E02001757,E02001760,133
E02001757,E02001761,11
E02001757,E02001762,3
E02001757,E02001763,10
E02001757,E02001764,62
E02001757,E02001765,23
E02001757,E02001766,19
E02001757,E02001767,32
E02001757,E02001768,11
E02001757,E02001769,6
E02001757,E02001770,3
E02001757,E02001772,2
E02001757,E02001774,2
E02001757,E02001776,16
E02001757,E02001777,1
E02001757,E02001778,1
E02001757,E02001779,17
E02001757,E02001782,2
E02001757,E02001787,2
E02001757,E02001788,3
E02001757,E02001790,1
E02001757,E02001795,2
E02001757,E02001797,12
E02001757,E02001798,8
E02001757,E02001799,3
E02001757,E02001800,3
E02001757,E02001802,1
E02001757,E02001803,10
E02001757,E02001807,2
E02001757,E02001809,4
E02001757,E02001811,1
E02001757,E02001816,1
E02001757,E02001819,5
E02001757,E02006841,5
E02001758,E02001682,3
E02001758,E02001683,1
E02001758,E02001684,11
E02001758,E02001686,10
E02001758,E02001688,42
E02001758,E02001689,5
E02001758,E02001690,11
E02001758,E02001692,2
E02001758,E02001694,4
E02001758,E02001695,3
E02001758,E02001696,1
E02001758,E02001697,2
E02001758,E02001698,1
E02001758,E02001701,1
E02001758,E02001706,5
E02001758,E02001707,5
E02001758,E02001708,22
E02001758,E02001709,13
E02001758,E02001710,6
E02001758,E02001711,13
E02001758,E02001712,16
E02001758,E02001713,51
E02001758,E02001714,69
E02001758,E02001715,12
E02001758,E02001718,5
E02001758,E02001719,14
E02001758,E02001720,7
E02001758,E02001721,5
E02001758,E02001722,2
E02001758,E02001723,4
E02001758,E02001724,26
E02001758,E02001725,36
E02001758,E02001726,3
E02001758,E02001727,16
E02001758,E02001728,14
E02001758,E02001729,10
E02001758,E02001730,49
E02001758,E02001731,249
E02001758,E02001732,7
E02001758,E02001733,65
E02001758,E02001734,11
E02001758,E02001735,7
E02001758,E02001736,44
E02001758,E02001737,30
E02001758,E02001738,3
E02001758,E02001739,7
E02001758,E02001740,1
E02001758,E02001741,2
E02001758,E02001742,7
E02001758,E02001743,17
E02001758,E02001744,9
E02001758,E02001745,37
E02001758,E02001746,21
E02001758,E02001747,2
E02001758,E02001748,133
E02001758,E02001749,2
E02001758,E02001750,69
E02001758,E02001751,12
E02001758,E02001752,268
E02001758,E02001753,29
E02001758,E02001754,10
E02001758,E02001755,64
E02001758,E02001756,55
E02001758,E02001757,15
E02001758,E02001758,84
E02001758,E02001759,66
E02001758,E02001760,52
E02001758,E02001761,41
E02001758,E02001762,7
E02001758,E02001763,36
E02001758,E02001764,50
E02001758,E02001765,34
E02001758,E02001766,48
E02001758,E02001767,50
E02001758,E02001768,2
E02001758,E02001769,14
E02001758,E02001772,1
E02001758,E02001774,6
E02001758,E02001776,12
E02001758,E02001777,3
E02001758,E02001778,1
E02001758,E02001779,1
E02001758,E02001782,5
E02001758,E02001783,2
E02001758,E02001784,2
E02001758,E02001787,3
E02001758,E02001788,1
E02001758,E02001789,1
E02001758,E02001790,2
E02001758,E02001791,1
E02001758,E02001795,9
E02001758,E02001796,1
E02001758,E02001797,25
E02001758,E02001798,3
E02001758,E02001799,2
E02001758,E02001800,6
E02001758,E02001801,2
E02001758,E02001803,6
E02001758,E02001806,5
E02001758,E02001807,3
E02001758,E02001808,1
E02001758,E02001810,1
E02001758,E02001819,5
E02001758,E02001823,1
E02001758,E02001825,3
E02001758,E02006841,18
E02001758,E02006893,5
E02001759,E02001682,1
E02001759,E02001683,1
E02001759,E02001684,15
E02001759,E02001685,2
E02001759,E02001686,3
E02001759,E02001688,36
E02001759,E02001689,2
E02001759,E02001690,8
E02001759,E02001691,1
E02001759,E02001694,1
E02001759,E02001696,4
E02001759,E02001697,8
E02001759,E02001698,1
E02001759,E02001700,2
E02001759,E02001701,1
E02001759,E02001702,1
E02001759,E02001706,8
E02001759,E02001707,1
E02001759,E02001708,20
E02001759,E02001709,13
E02001759,E02001710,2
E02001759,E02001711,16
E02001759,E02001712,7
E02001759,E02001713,45
E02001759,E02001714,56
E02001759,E02001715,8
E02001759,E02001718,4
E02001759,E02001719,4
E02001759,E02001720,6
E02001759,E02001721,3
E02001759,E02001722,4
E02001759,E02001723,2
E02001759,E02001724,11
E02001759,E02001725,30
E02001759,E02001726,5
E02001759,E02001727,22
E02001759,E02001728,14
E02001759,E02001729,10
E02001759,E02001730,39
E02001759,E02001731,269
E02001759,E02001732,4
E02001759,E02001733,21
E02001759,E02001734,4
E02001759,E02001735,1
E02001759,E02001736,50
E02001759,E02001737,21
E02001759,E02001738,5
E02001759,E02001739,6
E02001759,E02001740,9
E02001759,E02001741,9
E02001759,E02001742,13
E02001759,E02001743,51
E02001759,E02001744,25
E02001759,E02001745,27
E02001759,E02001746,32
E02001759,E02001747,5
E02001759,E02001748,77
E02001759,E02001749,5
E02001759,E02001750,154
E02001759,E02001751,10
E02001759,E02001752,170
E02001759,E02001753,92
E02001759,E02001754,47
E02001759,E02001755,33
E02001759,E02001756,77
E02001759,E02001757,23
E02001759,E02001758,23
E02001759,E02001759,354
E02001759,E02001760,85
E02001759,E02001761,8
E02001759,E02001762,1
E02001759,E02001763,14
E02001759,E02001764,75
E02001759,E02001765,21
E02001759,E02001766,35
E02001759,E02001767,28
E02001759,E02001768,14
E02001759,E02001769,15
E02001759,E02001770,2
E02001759,E02001772,7
E02001759,E02001774,10
E02001759,E02001776,8
E02001759,E02001777,4
E02001759,E02001778,4
E02001759,E02001779,3
E02001759,E02001782,1
E02001759,E02001784,3
E02001759,E02001787,1
E02001759,E02001789,1
E02001759,E02001790,2
E02001759,E02001791,2
E02001759,E02001795,7
E02001759,E02001796,4
E02001759,E02001797,8
E02001759,E02001798,6
E02001759,E02001799,7
E02001759,E02001800,6
E02001759,E02001801,11
E02001759,E02001803,9
E02001759,E02001807,9
E02001759,E02001809,2
E02001759,E02001811,1
E02001759,E02001812,1
E02001759,E02001813,1
E02001759,E02001814,1
E02001759,E02001816,1
E02001759,E02001818,1
E02001759,E02001819,5
E02001759,E02001823,1
E02001759,E02001825,3
E02001759,E02006841,22
E02001759,E02006842,2
E02001760,E02001682,1
E02001760,E02001684,5
E02001760,E02001686,8
E02001760,E02001688,26
E02001760,E02001689,2
E02001760,E02001690,14
E02001760,E02001694,2
E02001760,E02001696,2
E02001760,E02001700,1
E02001760,E02001705,1
E02001760,E02001706,7
E02001760,E02001707,4
E02001760,E02001708,15
E02001760,E02001709,9
E02001760,E02001710,3
E02001760,E02001711,9
E02001760,E02001712,10
E02001760,E02001713,24
E02001760,E02001714,43
E02001760,E02001715,13
E02001760,E02001718,1
E02001760,E02001719,7
E02001760,E02001720,8
E02001760,E02001721,8
E02001760,E02001722,1
E02001760,E02001724,13
E02001760,E02001725,8
E02001760,E02001726,2
E02001760,E02001727,9
E02001760,E02001728,6
E02001760,E02001729,11
E02001760,E02001730,30
E02001760,E02001731,154
E02001760,E02001732,2
E02001760,E02001733,41
E02001760,E02001734,4
E02001760,E02001735,1
E02001760,E02001736,22
E02001760,E02001737,4
E02001760,E02001738,2
E02001760,E02001739,4
E02001760,E02001740,6
E02001760,E02001741,9
E02001760,E02001742,3
E02001760,E02001743,54
E02001760,E02001744,16
E02001760,E02001745,37
E02001760,E02001746,29
E02001760,E02001747,11
E02001760,E02001748,75
E02001760,E02001749,7
E02001760,E02001750,141
E02001760,E02001751,7
E02001760,E02001752,231
E02001760,E02001753,95
E02001760,E02001754,31
E02001760,E02001755,52
E02001760,E02001756,32
E02001760,E02001757,40
E02001760,E02001758,32
E02001760,E02001759,268
E02001760,E02001760,298
E02001760,E02001761,12
E02001760,E02001762,2
E02001760,E02001763,10
E02001760,E02001764,134
E02001760,E02001765,22
E02001760,E02001766,36
E02001760,E02001767,26
E02001760,E02001768,6
E02001760,E02001769,13
E02001760,E02001770,1
E02001760,E02001772,2
E02001760,E02001774,7
E02001760,E02001776,10
E02001760,E02001777,2
E02001760,E02001778,1
E02001760,E02001779,11
E02001760,E02001782,1
E02001760,E02001787,2
E02001760,E02001788,1
E02001760,E02001789,1
E02001760,E02001790,3
E02001760,E02001792,1
E02001760,E02001795,2
E02001760,E02001796,6
E02001760,E02001797,18
E02001760,E02001798,1
E02001760,E02001799,4
E02001760,E02001800,1
E02001760,E02001802,2
E02001760,E02001803,4
E02001760,E02001804,2
E02001760,E02001806,1
E02001760,E02001807,7
E02001760,E02001809,2
E02001760,E02001811,2
E02001760,E02001819,1
E02001760,E02001825,4
E02001760,E02001826,1
E02001760,E02006841,23
E02001760,E02006842,1
E02001760,E02006893,1
E02001761,E02001682,3
E02001761,E02001683,1
E02001761,E02001684,5
E02001761,E02001686,13
E02001761,E02001688,37
E02001761,E02001689,2
E02001761,E02001690,4
E02001761,E02001694,2
E02001761,E02001695,4
E02001761,E02001696,1
E02001761,E02001697,1
E02001761,E02001698,2
E02001761,E02001700,1
E02001761,E02001705,2
E02001761,E02001706,6
E02001761,E02001707,3
E02001761,E02001708,9
E02001761,E02001709,19
E02001761,E02001710,14
E02001761,E02001711,13
E02001761,E02001712,8
E02001761,E02001713,35
E02001761,E02001714,61
E02001761,E02001715,8
E02001761,E02001719,10
E02001761,E02001720,4
E02001761,E02001721,13
E02001761,E02001722,3
E02001761,E02001723,2
E02001761,E02001724,17
E02001761,E02001725,30
E02001761,E02001726,2
E02001761,E02001727,21
E02001761,E02001728,10
E02001761,E02001729,12
E02001761,E02001730,48
E02001761,E02001731,217
E02001761,E02001732,4
E02001761,E02001733,71
E02001761,E02001734,8
E02001761,E02001735,9
E02001761,E02001736,24
E02001761,E02001737,12
E02001761,E02001739,13
E02001761,E02001740,7
E02001761,E02001741,5
E02001761,E02001742,3
E02001761,E02001743,17
E02001761,E02001744,7
E02001761,E02001745,39
E02001761,E02001746,15
E02001761,E02001747,6
E02001761,E02001748,66
E02001761,E02001750,51
E02001761,E02001751,8
E02001761,E02001752,195
E02001761,E02001753,16
E02001761,E02001754,11
E02001761,E02001755,71
E02001761,E02001756,61
E02001761,E02001757,12
E02001761,E02001758,47
E02001761,E02001759,41
E02001761,E02001760,67
E02001761,E02001761,112
E02001761,E02001762,16
E02001761,E02001763,27
E02001761,E02001764,31
E02001761,E02001765,37
E02001761,E02001766,89
E02001761,E02001767,77
E02001761,E02001768,5
E02001761,E02001769,19
E02001761,E02001770,2
E02001761,E02001771,1
E02001761,E02001772,2
E02001761,E02001774,7
E02001761,E02001776,4
E02001761,E02001777,2
E02001761,E02001779,7
E02001761,E02001782,3
E02001761,E02001783,1
E02001761,E02001784,4
E02001761,E02001787,3
E02001761,E02001788,1
E02001761,E02001790,3
E02001761,E02001795,1
E02001761,E02001797,16
E02001761,E02001798,2
E02001761,E02001799,4
E02001761,E02001800,1
E02001761,E02001803,3
E02001761,E02001806,2
E02001761,E02001807,1
E02001761,E02001808,1
E02001761,E02001809,2
E02001761,E02001811,1
E02001761,E02001812,1
E02001761,E02001815,1
E02001761,E02001816,1
E02001761,E02001819,5
E02001761,E02001825,5
E02001761,E02001826,2
E02001761,E02006841,24
E02001761,E02006842,2
E02001761,E02006893,2
E02001762,E02001682,1
E02001762,E02001684,19
E02001762,E02001686,7
E02001762,E02001688,47
E02001762,E02001689,6
E02001762,E02001690,14
E02001762,E02001691,1
E02001762,E02001693,1
E02001762,E02001694,5
E02001762,E02001695,2
E02001762,E02001696,1
E02001762,E02001697,6
E02001762,E02001698,4
E02001762,E02001699,1
E02001762,E02001700,4
E02001762,E02001701,3
E02001762,E02001705,4
E02001762,E02001706,14
E02001762,E02001707,1
E02001762,E02001708,19
E02001762,E02001709,16
E02001762,E02001710,9
E02001762,E02001711,22
E02001762,E02001712,21
E02001762,E02001713,42
E02001762,E02001714,96
E02001762,E02001715,6
E02001762,E02001718,1
E02001762,E02001719,20
E02001762,E02001720,7
E02001762,E02001721,10
E02001762,E02001722,1
E02001762,E02001723,7
E02001762,E02001724,29
E02001762,E02001725,32
E02001762,E02001726,13
E02001762,E02001727,27
E02001762,E02001728,15
E02001762,E02001729,11
E02001762,E02001730,77
E02001762,E02001731,298
E02001762,E02001732,3
E02001762,E02001733,95
E02001762,E02001734,10
E02001762,E02001735,8
E02001762,E02001736,44
E02001762,E02001737,29
E02001762,E02001738,2
E02001762,E02001739,8
E02001762,E02001740,2
E02001762,E02001741,4
E02001762,E02001742,13
E02001762,E02001743,25
E02001762,E02001744,10
E02001762,E02001745,42
E02001762,E02001746,12
E02001762,E02001747,2
E02001762,E02001748,68
E02001762,E02001749,1
E02001762,E02001750,42
E02001762,E02001751,15
E02001762,E02001752,143
E02001762,E02001753,13
E02001762,E02001754,10
E02001762,E02001755,266
E02001762,E02001756,59
E02001762,E02001757,7
E02001762,E02001758,31
E02001762,E02001759,60
E02001762,E02001760,62
E02001762,E02001761,37
E02001762,E02001762,67
E02001762,E02001763,16
E02001762,E02001764,37
E02001762,E02001765,41
E02001762,E02001766,45
E02001762,E02001767,82
E02001762,E02001768,2
E02001762,E02001769,20
E02001762,E02001772,2
E02001762,E02001774,8
E02001762,E02001776,18
E02001762,E02001778,2
E02001762,E02001779,2
E02001762,E02001783,1
E02001762,E02001788,1
E02001762,E02001789,2
E02001762,E02001790,1
E02001762,E02001795,5
E02001762,E02001796,2
E02001762,E02001797,16
E02001762,E02001798,5
E02001762,E02001799,3
E02001762,E02001801,1
E02001762,E02001802,3
E02001762,E02001803,2
E02001762,E02001806,2
E02001762,E02001807,2
E02001762,E02001809,2
E02001762,E02001810,2
E02001762,E02001815,2
E02001762,E02001819,4
E02001762,E02001820,1
E02001762,E02001825,5
E02001762,E02001826,1
E02001762,E02006841,21
E02001762,E02006842,4
E02001762,E02006893,5
E02001763,E02001684,6
E02001763,E02001686,10
E02001763,E02001688,34
E02001763,E02001689,6
E02001763,E02001690,12
E02001763,E02001691,4
E02001763,E02001693,1
E02001763,E02001694,2
E02001763,E02001695,2
E02001763,E02001696,1
E02001763,E02001697,1
E02001763,E02001698,1
E02001763,E02001700,1
E02001763,E02001701,2
E02001763,E02001705,1
E02001763,E02001706,6
E02001763,E02001707,2
E02001763,E02001708,4
E02001763,E02001709,14
E02001763,E02001710,1
E02001763,E02001711,8
E02001763,E02001712,12
E02001763,E02001713,24
E02001763,E02001714,42
E02001763,E02001715,2
E02001763,E02001718,4
E02001763,E02001719,8
E02001763,E02001720,7
E02001763,E02001721,2
E02001763,E02001724,15
E02001763,E02001725,26
E02001763,E02001726,1
E02001763,E02001727,19
E02001763,E02001728,11
E02001763,E02001729,11
E02001763,E02001730,47
E02001763,E02001731,198
E02001763,E02001732,4
E02001763,E02001733,79
E02001763,E02001734,6
E02001763,E02001735,4
E02001763,E02001736,25
E02001763,E02001737,22
E02001763,E02001738,3
E02001763,E02001739,7
E02001763,E02001740,3
E02001763,E02001741,9
E02001763,E02001742,3
E02001763,E02001743,30
E02001763,E02001744,9
E02001763,E02001745,39
E02001763,E02001746,27
E02001763,E02001747,6
E02001763,E02001748,59
E02001763,E02001749,8
E02001763,E02001750,40
E02001763,E02001751,5
E02001763,E02001752,186
E02001763,E02001753,18
E02001763,E02001754,4
E02001763,E02001755,64
E02001763,E02001756,51
E02001763,E02001757,13
E02001763,E02001758,33
E02001763,E02001759,83
E02001763,E02001760,99
E02001763,E02001761,29
E02001763,E02001762,6
E02001763,E02001763,139
E02001763,E02001764,95
E02001763,E02001765,136
E02001763,E02001766,83
E02001763,E02001767,71
E02001763,E02001768,3
E02001763,E02001769,6
E02001763,E02001772,1
E02001763,E02001774,22
E02001763,E02001776,7
E02001763,E02001777,1
E02001763,E02001778,2
E02001763,E02001779,2
E02001763,E02001782,3
E02001763,E02001785,1
E02001763,E02001787,5
E02001763,E02001789,1
E02001763,E02001790,5
E02001763,E02001795,4
E02001763,E02001796,2
E02001763,E02001797,25
E02001763,E02001798,1
E02001763,E02001799,1
E02001763,E02001800,5
E02001763,E02001802,1
E02001763,E02001803,2
E02001763,E02001806,3
E02001763,E02001807,5
E02001763,E02001810,1
E02001763,E02001811,3
E02001763,E02001814,1
E02001763,E02001816,1
E02001763,E02001817,1
E02001763,E02001824,3
E02001763,E02001825,4
E02001763,E02006841,17
E02001764,E02001682,2
E02001764,E02001683,1
E02001764,E02001684,15
E02001764,E02001686,2
E02001764,E02001688,48
E02001764,E02001689,3
E02001764,E02001690,6
E02001764,E02001693,1
E02001764,E02001694,2
E02001764,E02001695,1
E02001764,E02001696,1
E02001764,E02001697,5
E02001764,E02001698,1
E02001764,E02001700,1
E02001764,E02001706,4
E02001764,E02001707,5
E02001764,E02001708,10
E02001764,E02001709,10
E02001764,E02001710,3
E02001764,E02001711,17
E02001764,E02001712,13
E02001764,E02001713,55
E02001764,E02001714,36
E02001764,E02001715,11
E02001764,E02001718,4
E02001764,E02001719,7
E02001764,E02001720,4
E02001764,E02001721,7
E02001764,E02001722,1
E02001764,E02001723,2
E02001764,E02001724,26
E02001764,E02001725,17
E02001764,E02001726,1
E02001764,E02001727,6
E02001764,E02001728,13
E02001764,E02001729,6
E02001764,E02001730,36
E02001764,E02001731,198
E02001764,E02001733,45
E02001764,E02001734,4
E02001764,E02001735,3
E02001764,E02001736,21
E02001764,E02001737,17
E02001764,E02001738,4
E02001764,E02001739,11
E02001764,E02001740,8
E02001764,E02001741,5
E02001764,E02001742,7
E02001764,E02001743,58
E02001764,E02001744,15
E02001764,E02001745,18
E02001764,E02001746,32
E02001764,E02001747,5
E02001764,E02001748,49
E02001764,E02001749,2
E02001764,E02001750,91
E02001764,E02001751,16
E02001764,E02001752,214
E02001764,E02001753,79
E02001764,E02001754,25
E02001764,E02001755,40
E02001764,E02001756,42
E02001764,E02001757,25
E02001764,E02001758,13
E02001764,E02001759,263
E02001764,E02001760,154
E02001764,E02001761,6
E02001764,E02001762,4
E02001764,E02001763,12
E02001764,E02001764,212
E02001764,E02001765,52
E02001764,E02001766,52
E02001764,E02001767,38
E02001764,E02001768,12
E02001764,E02001769,27
E02001764,E02001772,1
E02001764,E02001774,19
E02001764,E02001776,10
E02001764,E02001777,6
E02001764,E02001778,6
E02001764,E02001779,9
E02001764,E02001780,1
E02001764,E02001781,1
E02001764,E02001782,4
E02001764,E02001787,1
E02001764,E02001790,3
E02001764,E02001791,1
E02001764,E02001795,3
E02001764,E02001796,5
E02001764,E02001797,18
E02001764,E02001798,2
E02001764,E02001799,2
E02001764,E02001800,3
E02001764,E02001801,12
E02001764,E02001802,1
E02001764,E02001803,13
E02001764,E02001808,1
E02001764,E02001809,2
E02001764,E02001812,2
E02001764,E02001813,1
E02001764,E02001815,3
E02001764,E02001819,6
E02001764,E02001823,1
E02001764,E02001825,1
E02001764,E02001826,3
E02001764,E02006841,27
E02001764,E02006842,3
E02001764,E02006893,1
E02001765,E02001682,3
E02001765,E02001684,8
E02001765,E02001685,1
E02001765,E02001686,9
E02001765,E02001688,56
E02001765,E02001689,4
E02001765,E02001690,13
E02001765,E02001691,1
E02001765,E02001693,2
E02001765,E02001694,5
E02001765,E02001695,2
E02001765,E02001697,2
E02001765,E02001698,1
E02001765,E02001699,1
E02001765,E02001700,4
E02001765,E02001702,2
E02001765,E02001703,2
E02001765,E02001705,2
E02001765,E02001706,7
E02001765,E02001707,5
E02001765,E02001708,19
E02001765,E02001709,12
E02001765,E02001710,7
E02001765,E02001711,10
E02001765,E02001712,19
E02001765,E02001713,44
E02001765,E02001714,67
E02001765,E02001715,3
E02001765,E02001718,4
E02001765,E02001719,17
E02001765,E02001720,5
E02001765,E02001721,4
E02001765,E02001723,2
E02001765,E02001724,16
E02001765,E02001725,21
E02001765,E02001726,5
E02001765,E02001727,13
E02001765,E02001728,10
E02001765,E02001729,8
E02001765,E02001730,65
E02001765,E02001731,265
E02001765,E02001732,1
E02001765,E02001733,77
E02001765,E02001734,7
E02001765,E02001735,6
E02001765,E02001736,39
E02001765,E02001737,21
E02001765,E02001738,4
E02001765,E02001739,5
E02001765,E02001740,8
E02001765,E02001741,5
E02001765,E02001742,5
E02001765,E02001743,27
E02001765,E02001744,11
E02001765,E02001745,38
E02001765,E02001746,22
E02001765,E02001747,4
E02001765,E02001748,66
E02001765,E02001749,2
E02001765,E02001750,45
E02001765,E02001751,13
E02001765,E02001752,197
E02001765,E02001753,23
E02001765,E02001754,17
E02001765,E02001755,63
E02001765,E02001756,55
E02001765,E02001757,5
E02001765,E02001758,21
E02001765,E02001759,95
E02001765,E02001760,91
E02001765,E02001761,20
E02001765,E02001762,5
E02001765,E02001763,45
E02001765,E02001764,86
E02001765,E02001765,198
E02001765,E02001766,86
E02001765,E02001767,100
E02001765,E02001768,5
E02001765,E02001769,13
E02001765,E02001770,1
E02001765,E02001772,3
E02001765,E02001773,1
E02001765,E02001774,30
E02001765,E02001776,10
E02001765,E02001777,5
E02001765,E02001778,5
E02001765,E02001779,6
E02001765,E02001782,10
E02001765,E02001784,1
E02001765,E02001787,3
E02001765,E02001788,1
E02001765,E02001789,1
E02001765,E02001790,5
E02001765,E02001794,2
E02001765,E02001795,7
E02001765,E02001796,3
E02001765,E02001797,14
E02001765,E02001798,2
E02001765,E02001799,4
E02001765,E02001800,5
E02001765,E02001801,1
E02001765,E02001802,1
E02001765,E02001803,5
E02001765,E02001806,2
E02001765,E02001807,5
E02001765,E02001809,2
E02001765,E02001810,1
E02001765,E02001814,2
E02001765,E02001818,1
E02001765,E02001819,4
E02001765,E02001822,1
E02001765,E02001823,1
E02001765,E02001824,1
E02001765,E02001825,10
E02001765,E02001826,1
E02001765,E02006841,25
E02001766,E02001682,1
E02001766,E02001683,1
E02001766,E02001684,20
E02001766,E02001685,1
E02001766,E02001686,11
E02001766,E02001688,51
E02001766,E02001689,4
E02001766,E02001690,17
E02001766,E02001691,4
E02001766,E02001694,3
E02001766,E02001695,1
E02001766,E02001696,1
E02001766,E02001697,9
E02001766,E02001698,1
E02001766,E02001699,1
E02001766,E02001700,3
E02001766,E02001701,5
E02001766,E02001702,1
E02001766,E02001706,9
E02001766,E02001707,5
E02001766,E02001708,17
E02001766,E02001709,16
E02001766,E02001710,13
E02001766,E02001711,9
E02001766,E02001712,18
E02001766,E02001713,56
E02001766,E02001714,111
E02001766,E02001715,23
E02001766,E02001718,3
E02001766,E02001719,17
E02001766,E02001720,10
E02001766,E02001721,7
E02001766,E02001722,3
E02001766,E02001723,4
E02001766,E02001724,25
E02001766,E02001725,28
E02001766,E02001726,3
E02001766,E02001727,15
E02001766,E02001728,12
E02001766,E02001729,5
E02001766,E02001730,94
E02001766,E02001731,355
E02001766,E02001732,7
E02001766,E02001733,90
E02001766,E02001734,10
E02001766,E02001735,11
E02001766,E02001736,45
E02001766,E02001737,35
E02001766,E02001738,5
E02001766,E02001739,7
E02001766,E02001740,4
E02001766,E02001741,8
E02001766,E02001742,6
E02001766,E02001743,26
E02001766,E02001744,13
E02001766,E02001745,42
E02001766,E02001746,25
E02001766,E02001747,5
E02001766,E02001748,54
E02001766,E02001749,2
E02001766,E02001750,32
E02001766,E02001751,10
E02001766,E02001752,167
E02001766,E02001753,23
E02001766,E02001754,5
E02001766,E02001755,63
E02001766,E02001756,86
E02001766,E02001757,15
E02001766,E02001758,24
E02001766,E02001759,58
E02001766,E02001760,67
E02001766,E02001761,40
E02001766,E02001762,6
E02001766,E02001763,18
E02001766,E02001764,40
E02001766,E02001765,53
E02001766,E02001766,207
E02001766,E02001767,175
E02001766,E02001768,7
E02001766,E02001769,12
E02001766,E02001773,1
E02001766,E02001774,7
E02001766,E02001776,10
E02001766,E02001777,3
E02001766,E02001778,3
E02001766,E02001779,10
E02001766,E02001781,1
E02001766,E02001782,3
E02001766,E02001783,1
E02001766,E02001787,5
E02001766,E02001788,1
E02001766,E02001790,1
E02001766,E02001795,3
E02001766,E02001797,14
E02001766,E02001798,8
E02001766,E02001799,9
E02001766,E02001800,2
E02001766,E02001801,2
E02001766,E02001803,13
E02001766,E02001805,1
E02001766,E02001806,2
E02001766,E02001807,6
E02001766,E02001808,1
E02001766,E02001809,2
E02001766,E02001810,3
E02001766,E02001811,1
E02001766,E02001813,1
E02001766,E02001814,1
E02001766,E02001819,7
E02001766,E02001820,2
E02001766,E02001824,1
E02001766,E02001825,6
E02001766,E02001826,2
E02001766,E02006841,36
E02001766,E02006842,1
E02001766,E02006893,5
E02001767,E02001683,3
E02001767,E02001684,19
E02001767,E02001685,1
E02001767,E02001686,7
E02001767,E02001688,49
E02001767,E02001689,8
E02001767,E02001690,23
E02001767,E02001691,2
E02001767,E02001692,2
E02001767,E02001694,3
E02001767,E02001695,1
E02001767,E02001697,9
E02001767,E02001698,3
E02001767,E02001699,1
E02001767,E02001700,3
E02001767,E02001703,1
E02001767,E02001704,2
E02001767,E02001705,2
E02001767,E02001706,12
E02001767,E02001707,3
E02001767,E02001708,25
E02001767,E02001709,10
E02001767,E02001710,8
E02001767,E02001711,9
E02001767,E02001712,13
E02001767,E02001713,58
E02001767,E02001714,122
E02001767,E02001715,9
E02001767,E02001718,4
E02001767,E02001719,16
E02001767,E02001720,4
E02001767,E02001721,11
E02001767,E02001722,1
E02001767,E02001723,3
E02001767,E02001724,27
E02001767,E02001725,48
E02001767,E02001726,4
E02001767,E02001727,34
E02001767,E02001728,16
E02001767,E02001729,13
E02001767,E02001730,68
E02001767,E02001731,371
E02001767,E02001732,3
E02001767,E02001733,92
E02001767,E02001734,8
E02001767,E02001735,8
E02001767,E02001736,55
E02001767,E02001737,55
E02001767,E02001738,2
E02001767,E02001739,6
E02001767,E02001740,1
E02001767,E02001741,14
E02001767,E02001742,3
E02001767,E02001743,24
E02001767,E02001744,11
E02001767,E02001745,37
E02001767,E02001746,12
E02001767,E02001747,4
E02001767,E02001748,57
E02001767,E02001749,6
E02001767,E02001750,52
E02001767,E02001751,10
E02001767,E02001752,145
E02001767,E02001753,16
E02001767,E02001754,6
E02001767,E02001755,75
E02001767,E02001756,61
E02001767,E02001757,13
E02001767,E02001758,30
E02001767,E02001759,80
E02001767,E02001760,54
E02001767,E02001761,24
E02001767,E02001762,9
E02001767,E02001763,22
E02001767,E02001764,51
E02001767,E02001765,40
E02001767,E02001766,116
E02001767,E02001767,299
E02001767,E02001768,3
E02001767,E02001769,8
E02001767,E02001772,1
E02001767,E02001773,1
E02001767,E02001774,13
E02001767,E02001776,16
E02001767,E02001777,2
E02001767,E02001778,4
E02001767,E02001779,12
E02001767,E02001782,4
E02001767,E02001787,4
E02001767,E02001788,8
E02001767,E02001789,1
E02001767,E02001790,2
E02001767,E02001793,1
E02001767,E02001794,4
E02001767,E02001795,7
E02001767,E02001796,1
E02001767,E02001797,15
E02001767,E02001798,3
E02001767,E02001799,8
E02001767,E02001800,1
E02001767,E02001801,1
E02001767,E02001803,8
E02001767,E02001804,1
E02001767,E02001806,1
E02001767,E02001807,2
E02001767,E02001808,1
E02001767,E02001809,2
E02001767,E02001810,5
E02001767,E02001811,2
E02001767,E02001815,2
E02001767,E02001818,1
E02001767,E02001819,3
E02001767,E02001820,1
E02001767,E02001821,1
E02001767,E02001825,7
E02001767,E02001826,1
E02001767,E02006841,38
E02001767,E02006842,2
E02001767,E02006893,3
E02001768,E02001684,25
E02001768,E02001685,1
E02001768,E02001686,10
E02001768,E02001688,47
E02001768,E02001689,13
E02001768,E02001690,17
E02001768,E02001691,1
E02001768,E02001693,2
E02001768,E02001694,4
E02001768,E02001695,6
E02001768,E02001696,2
E02001768,E02001697,15
E02001768,E02001698,4
E02001768,E02001699,1
E02001768,E02001700,3
E02001768,E02001701,1
E02001768,E02001704,2
E02001768,E02001706,8
E02001768,E02001707,7
E02001768,E02001708,12
E02001768,E02001709,3
E02001768,E02001710,6
E02001768,E02001711,4
E02001768,E02001712,4
E02001768,E02001713,27
E02001768,E02001714,31
E02001768,E02001715,1
E02001768,E02001719,1
E02001768,E02001720,3
E02001768,E02001721,3
E02001768,E02001724,8
E02001768,E02001725,4
E02001768,E02001726,1
E02001768,E02001728,4
E02001768,E02001729,7
E02001768,E02001730,36
E02001768,E02001731,180
E02001768,E02001732,1
E02001768,E02001733,23
E02001768,E02001734,3
E02001768,E02001736,28
E02001768,E02001737,11
E02001768,E02001739,3
E02001768,E02001740,1
E02001768,E02001741,1
E02001768,E02001743,2
E02001768,E02001745,4
E02001768,E02001747,1
E02001768,E02001748,8
E02001768,E02001750,2
E02001768,E02001751,1
E02001768,E02001752,19
E02001768,E02001753,4
E02001768,E02001754,1
E02001768,E02001755,6
E02001768,E02001756,27
E02001768,E02001757,1
E02001768,E02001758,4
E02001768,E02001759,14
E02001768,E02001760,11
E02001768,E02001763,2
E02001768,E02001764,9
E02001768,E02001765,4
E02001768,E02001766,3
E02001768,E02001767,1
E02001768,E02001768,401
E02001768,E02001769,474
E02001768,E02001770,63
E02001768,E02001771,14
E02001768,E02001772,31
E02001768,E02001773,34
E02001768,E02001774,113
E02001768,E02001775,14
E02001768,E02001776,48
E02001768,E02001777,28
E02001768,E02001778,142
E02001768,E02001779,132
E02001768,E02001780,15
E02001768,E02001781,19
E02001768,E02001782,21
E02001768,E02001783,11
E02001768,E02001784,11
E02001768,E02001785,16
E02001768,E02001786,22
E02001768,E02001787,13
E02001768,E02001788,30
E02001768,E02001789,10
E02001768,E02001790,43
E02001768,E02001791,11
E02001768,E02001792,7
E02001768,E02001793,2
E02001768,E02001795,38
E02001768,E02001796,22
E02001768,E02001797,45
E02001768,E02001798,19
E02001768,E02001799,12
E02001768,E02001800,12
E02001768,E02001801,15
E02001768,E02001802,6
E02001768,E02001803,94
E02001768,E02001804,4
E02001768,E02001805,2
E02001768,E02001806,16
E02001768,E02001807,20
E02001768,E02001808,8
E02001768,E02001809,18
E02001768,E02001810,6
E02001768,E02001811,5
E02001768,E02001812,7
E02001768,E02001813,4
E02001768,E02001814,6
E02001768,E02001815,6
E02001768,E02001816,1
E02001768,E02001817,1
E02001768,E02001818,3
E02001768,E02001819,22
E02001768,E02001820,5
E02001768,E02001822,3
E02001768,E02001823,1
E02001768,E02001824,1
E02001768,E02001825,5
E02001768,E02001826,6
E02001768,E02006841,49
E02001768,E02006842,4
E02001769,E02001682,8
E02001769,E02001684,18
E02001769,E02001686,2
E02001769,E02001688,40
E02001769,E02001689,3
E02001769,E02001690,11
E02001769,E02001691,1
E02001769,E02001693,3
E02001769,E02001694,1
E02001769,E02001695,11
E02001769,E02001696,2
E02001769,E02001697,8
E02001769,E02001698,3
E02001769,E02001700,4
E02001769,E02001701,1
E02001769,E02001704,1
E02001769,E02001706,5
E02001769,E02001707,5
E02001769,E02001708,7
E02001769,E02001709,3
E02001769,E02001710,1
E02001769,E02001711,11
E02001769,E02001712,3
E02001769,E02001713,12
E02001769,E02001714,14
E02001769,E02001715,4
E02001769,E02001719,1
E02001769,E02001720,2
E02001769,E02001721,1
E02001769,E02001724,6
E02001769,E02001727,1
E02001769,E02001728,6
E02001769,E02001729,2
E02001769,E02001730,17
E02001769,E02001731,124
E02001769,E02001732,1
E02001769,E02001733,13
E02001769,E02001734,4
E02001769,E02001735,2
E02001769,E02001736,10
E02001769,E02001737,8
E02001769,E02001743,2
E02001769,E02001745,6
E02001769,E02001748,3
E02001769,E02001749,1
E02001769,E02001750,3
E02001769,E02001751,5
E02001769,E02001752,29
E02001769,E02001753,1
E02001769,E02001755,9
E02001769,E02001756,20
E02001769,E02001757,1
E02001769,E02001758,1
E02001769,E02001759,9
E02001769,E02001760,4
E02001769,E02001763,2
E02001769,E02001764,9
E02001769,E02001765,5
E02001769,E02001766,2
E02001769,E02001767,7
E02001769,E02001768,212
E02001769,E02001769,463
E02001769,E02001770,58
E02001769,E02001771,12
E02001769,E02001772,53
E02001769,E02001773,13
E02001769,E02001774,122
E02001769,E02001775,13
E02001769,E02001776,40
E02001769,E02001777,31
E02001769,E02001778,116
E02001769,E02001779,135
E02001769,E02001780,7
E02001769,E02001781,16
E02001769,E02001782,19
E02001769,E02001783,10
E02001769,E02001784,5
E02001769,E02001785,9
E02001769,E02001786,18
E02001769,E02001787,14
E02001769,E02001788,26
E02001769,E02001789,14
E02001769,E02001790,25
E02001769,E02001791,3
E02001769,E02001792,5
E02001769,E02001793,4
E02001769,E02001794,1
E02001769,E02001795,14
E02001769,E02001796,22
E02001769,E02001797,43
E02001769,E02001798,16
E02001769,E02001799,15
E02001769,E02001800,13
E02001769,E02001801,11
E02001769,E02001802,4
E02001769,E02001803,59
E02001769,E02001804,2
E02001769,E02001805,2
E02001769,E02001806,9
E02001769,E02001807,18
E02001769,E02001809,16
E02001769,E02001810,2
E02001769,E02001811,4
E02001769,E02001812,3
E02001769,E02001813,2
E02001769,E02001814,3
E02001769,E02001815,4
E02001769,E02001816,2
E02001769,E02001817,1
E02001769,E02001818,1
E02001769,E02001819,20
E02001769,E02001820,2
E02001769,E02001821,1
E02001769,E02001824,3
E02001769,E02001825,3
E02001769,E02001826,1
E02001769,E02006841,34
E02001769,E02006842,2
E02001770,E02001682,2
E02001770,E02001684,28
E02001770,E02001686,3
E02001770,E02001688,41
E02001770,E02001689,1
E02001770,E02001690,17
E02001770,E02001692,1
E02001770,E02001693,2
E02001770,E02001695,3
E02001770,E02001696,1
E02001770,E02001697,14
E02001770,E02001698,2
E02001770,E02001699,5
E02001770,E02001700,1
E02001770,E02001701,3
E02001770,E02001702,1
E02001770,E02001706,10
E02001770,E02001707,13
E02001770,E02001708,13
E02001770,E02001709,2
E02001770,E02001710,7
E02001770,E02001711,9
E02001770,E02001712,3
E02001770,E02001713,18
E02001770,E02001714,11
E02001770,E02001715,3
E02001770,E02001719,3
E02001770,E02001720,1
E02001770,E02001721,3
E02001770,E02001722,3
E02001770,E02001723,2
E02001770,E02001724,9
E02001770,E02001725,2
E02001770,E02001727,2
E02001770,E02001729,4
E02001770,E02001730,37
E02001770,E02001731,189
E02001770,E02001732,1
E02001770,E02001733,14
E02001770,E02001734,7
E02001770,E02001736,23
E02001770,E02001737,10
E02001770,E02001741,1
E02001770,E02001742,2
E02001770,E02001743,1
E02001770,E02001745,3
E02001770,E02001746,1
E02001770,E02001748,10
E02001770,E02001750,2
E02001770,E02001751,2
E02001770,E02001752,24
E02001770,E02001753,2
E02001770,E02001754,2
E02001770,E02001755,3
E02001770,E02001756,14
E02001770,E02001757,3
E02001770,E02001758,2
E02001770,E02001759,7
E02001770,E02001760,7
E02001770,E02001761,1
E02001770,E02001764,9
E02001770,E02001765,2
E02001770,E02001766,3
E02001770,E02001767,5
E02001770,E02001768,228
E02001770,E02001769,360
E02001770,E02001770,116
E02001770,E02001771,19
E02001770,E02001772,70
E02001770,E02001773,45
E02001770,E02001774,77
E02001770,E02001775,17
E02001770,E02001776,54
E02001770,E02001777,23
E02001770,E02001778,124
E02001770,E02001779,123
E02001770,E02001780,6
E02001770,E02001781,5
E02001770,E02001782,16
E02001770,E02001783,12
E02001770,E02001784,11
E02001770,E02001785,11
E02001770,E02001786,22
E02001770,E02001787,19
E02001770,E02001788,22
E02001770,E02001789,10
E02001770,E02001790,45
E02001770,E02001791,4
E02001770,E02001792,17
E02001770,E02001794,2
E02001770,E02001795,36
E02001770,E02001796,15
E02001770,E02001797,50
E02001770,E02001798,20
E02001770,E02001799,7
E02001770,E02001800,13
E02001770,E02001801,9
E02001770,E02001802,1
E02001770,E02001803,72
E02001770,E02001804,3
E02001770,E02001805,1
E02001770,E02001806,12
E02001770,E02001807,19
E02001770,E02001808,3
E02001770,E02001809,9
E02001770,E02001810,6
E02001770,E02001811,6
E02001770,E02001812,4
E02001770,E02001813,5
E02001770,E02001814,11
E02001770,E02001815,8
E02001770,E02001816,1
E02001770,E02001817,2
E02001770,E02001818,3
E02001770,E02001819,15
E02001770,E02001820,1
E02001770,E02001821,2
E02001770,E02001822,1
E02001770,E02001823,1
E02001770,E02001824,1
E02001770,E02001825,10
E02001770,E02006841,43
E02001770,E02006842,4
E02001771,E02001682,3
E02001771,E02001683,1
E02001771,E02001684,22
E02001771,E02001686,5
E02001771,E02001688,37
E02001771,E02001689,8
E02001771,E02001690,12
E02001771,E02001693,2
E02001771,E02001695,9
E02001771,E02001696,1
E02001771,E02001697,10
E02001771,E02001700,4
E02001771,E02001701,4
E02001771,E02001702,1
E02001771,E02001704,3
E02001771,E02001706,11
E02001771,E02001707,7
E02001771,E02001708,7
E02001771,E02001709,2
E02001771,E02001710,3
E02001771,E02001711,3
E02001771,E02001712,5
E02001771,E02001713,7
E02001771,E02001714,8
E02001771,E02001720,5
E02001771,E02001721,2
E02001771,E02001724,6
E02001771,E02001726,2
E02001771,E02001727,1
E02001771,E02001728,2
E02001771,E02001729,1
E02001771,E02001730,16
E02001771,E02001731,88
E02001771,E02001732,2
E02001771,E02001733,15
E02001771,E02001734,6
E02001771,E02001736,18
E02001771,E02001737,5
E02001771,E02001741,1
E02001771,E02001743,1
E02001771,E02001745,4
E02001771,E02001748,8
E02001771,E02001749,1
E02001771,E02001752,10
E02001771,E02001753,6
E02001771,E02001756,6
E02001771,E02001758,1
E02001771,E02001759,3
E02001771,E02001760,6
E02001771,E02001761,1
E02001771,E02001764,7
E02001771,E02001765,7
E02001771,E02001767,2
E02001771,E02001768,168
E02001771,E02001769,287
E02001771,E02001770,51
E02001771,E02001771,52
E02001771,E02001772,44
E02001771,E02001773,33
E02001771,E02001774,96
E02001771,E02001775,54
E02001771,E02001776,49
E02001771,E02001777,30
E02001771,E02001778,105
E02001771,E02001779,97
E02001771,E02001780,3
E02001771,E02001781,7
E02001771,E02001782,21
E02001771,E02001783,11
E02001771,E02001784,9
E02001771,E02001785,20
E02001771,E02001786,12
E02001771,E02001787,13
E02001771,E02001788,28
E02001771,E02001789,10
E02001771,E02001790,17
E02001771,E02001791,2
E02001771,E02001792,14
E02001771,E02001794,1
E02001771,E02001795,19
E02001771,E02001796,10
E02001771,E02001797,43
E02001771,E02001798,14
E02001771,E02001799,10
E02001771,E02001800,4
E02001771,E02001801,8
E02001771,E02001802,2
E02001771,E02001803,68
E02001771,E02001804,1
E02001771,E02001806,5
E02001771,E02001807,20
E02001771,E02001808,2
E02001771,E02001809,17
E02001771,E02001810,4
E02001771,E02001811,2
E02001771,E02001812,1
E02001771,E02001813,3
E02001771,E02001814,4
E02001771,E02001815,6
E02001771,E02001818,3
E02001771,E02001819,19
E02001771,E02001820,3
E02001771,E02001824,2
E02001771,E02001825,6
E02001771,E02006841,25
E02001771,E02006842,3
E02001772,E02001682,1
E02001772,E02001684,17
E02001772,E02001685,1
E02001772,E02001686,3
E02001772,E02001688,38
E02001772,E02001689,2
E02001772,E02001690,5
E02001772,E02001691,1
E02001772,E02001692,1
E02001772,E02001693,4
E02001772,E02001694,4
E02001772,E02001695,9
E02001772,E02001696,4
E02001772,E02001697,9
E02001772,E02001698,2
E02001772,E02001699,4
E02001772,E02001700,1
E02001772,E02001702,1
E02001772,E02001706,7
E02001772,E02001707,7
E02001772,E02001708,3
E02001772,E02001709,9
E02001772,E02001710,4
E02001772,E02001711,6
E02001772,E02001712,3
E02001772,E02001713,15
E02001772,E02001714,13
E02001772,E02001715,4
E02001772,E02001720,4
E02001772,E02001721,4
E02001772,E02001722,1
E02001772,E02001724,5
E02001772,E02001725,2
E02001772,E02001727,1
E02001772,E02001728,2
E02001772,E02001729,4
E02001772,E02001730,23
E02001772,E02001731,95
E02001772,E02001733,9
E02001772,E02001734,5
E02001772,E02001736,14
E02001772,E02001737,12
E02001772,E02001739,3
E02001772,E02001741,3
E02001772,E02001743,1
E02001772,E02001745,3
E02001772,E02001748,8
E02001772,E02001751,1
E02001772,E02001752,18
E02001772,E02001753,1
E02001772,E02001755,1
E02001772,E02001756,17
E02001772,E02001759,4
E02001772,E02001760,4
E02001772,E02001763,1
E02001772,E02001764,10
E02001772,E02001765,3
E02001772,E02001766,3
E02001772,E02001767,4
E02001772,E02001768,140
E02001772,E02001769,263
E02001772,E02001770,38
E02001772,E02001771,11
E02001772,E02001772,109
E02001772,E02001773,24
E02001772,E02001774,70
E02001772,E02001775,23
E02001772,E02001776,37
E02001772,E02001777,24
E02001772,E02001778,149
E02001772,E02001779,83
E02001772,E02001780,5
E02001772,E02001781,8
E02001772,E02001782,17
E02001772,E02001783,17
E02001772,E02001784,5
E02001772,E02001785,11
E02001772,E02001786,10
E02001772,E02001787,5
E02001772,E02001788,22
E02001772,E02001789,7
E02001772,E02001790,29
E02001772,E02001791,7
E02001772,E02001792,4
E02001772,E02001793,2
E02001772,E02001794,7
E02001772,E02001795,21
E02001772,E02001796,1
E02001772,E02001797,35
E02001772,E02001798,8
E02001772,E02001799,11
E02001772,E02001800,4
E02001772,E02001801,9
E02001772,E02001802,3
E02001772,E02001803,50
E02001772,E02001804,2
E02001772,E02001805,3
E02001772,E02001806,4
E02001772,E02001807,18
E02001772,E02001808,1
E02001772,E02001809,6
E02001772,E02001810,5
E02001772,E02001811,2
E02001772,E02001812,2
E02001772,E02001813,2
E02001772,E02001814,2
E02001772,E02001815,4
E02001772,E02001816,1
E02001772,E02001817,1
E02001772,E02001818,2
E02001772,E02001819,25
E02001772,E02001820,1
E02001772,E02001824,1
E02001772,E02001825,5
E02001772,E02001826,4
E02001772,E02006841,33
E02001772,E02006842,2
E02001773,E02001684,7
E02001773,E02001686,6
E02001773,E02001688,39
E02001773,E02001689,2
E02001773,E02001690,8
E02001773,E02001691,1
E02001773,E02001692,2
E02001773,E02001693,1
E02001773,E02001694,1
E02001773,E02001695,9
E02001773,E02001696,3
E02001773,E02001697,12
E02001773,E02001701,2
E02001773,E02001702,1
E02001773,E02001706,7
E02001773,E02001707,4
E02001773,E02001708,5
E02001773,E02001709,4
E02001773,E02001710,4
E02001773,E02001711,5
E02001773,E02001712,9
E02001773,E02001713,14
E02001773,E02001714,21
E02001773,E02001715,4
E02001773,E02001719,1
E02001773,E02001720,1
E02001773,E02001721,2
E02001773,E02001723,1
E02001773,E02001724,5
E02001773,E02001725,3
E02001773,E02001727,5
E02001773,E02001728,5
E02001773,E02001729,2
E02001773,E02001730,17
E02001773,E02001731,92
E02001773,E02001732,1
E02001773,E02001733,13
E02001773,E02001734,3
E02001773,E02001735,1
E02001773,E02001736,20
E02001773,E02001737,6
E02001773,E02001742,1
E02001773,E02001743,2
E02001773,E02001745,1
E02001773,E02001746,1
E02001773,E02001747,1
E02001773,E02001748,5
E02001773,E02001750,1
E02001773,E02001751,1
E02001773,E02001752,7
E02001773,E02001753,3
E02001773,E02001755,2
E02001773,E02001756,10
E02001773,E02001758,3
E02001773,E02001759,8
E02001773,E02001760,7
E02001773,E02001763,1
E02001773,E02001764,9
E02001773,E02001765,4
E02001773,E02001766,5
E02001773,E02001768,164
E02001773,E02001769,271
E02001773,E02001770,49
E02001773,E02001771,21
E02001773,E02001772,70
E02001773,E02001773,59
E02001773,E02001774,68
E02001773,E02001775,25
E02001773,E02001776,47
E02001773,E02001777,18
E02001773,E02001778,114
E02001773,E02001779,98
E02001773,E02001780,5
E02001773,E02001781,12
E02001773,E02001782,20
E02001773,E02001783,13
E02001773,E02001784,8
E02001773,E02001785,19
E02001773,E02001786,8
E02001773,E02001787,8
E02001773,E02001788,28
E02001773,E02001789,12
E02001773,E02001790,29
E02001773,E02001791,4
E02001773,E02001792,4
E02001773,E02001793,1
E02001773,E02001794,2
E02001773,E02001795,30
E02001773,E02001796,12
E02001773,E02001797,47
E02001773,E02001798,14
E02001773,E02001799,8
E02001773,E02001800,7
E02001773,E02001801,8
E02001773,E02001802,5
E02001773,E02001803,69
E02001773,E02001804,3
E02001773,E02001805,2
E02001773,E02001806,4
E02001773,E02001807,25
E02001773,E02001808,1
E02001773,E02001809,18
E02001773,E02001810,2
E02001773,E02001811,3
E02001773,E02001812,5
E02001773,E02001813,4
E02001773,E02001814,3
E02001773,E02001815,5
E02001773,E02001818,3
E02001773,E02001819,22
E02001773,E02001820,3
E02001773,E02001821,1
E02001773,E02001822,1
E02001773,E02001823,1
E02001773,E02001825,6
E02001773,E02006841,39
E02001773,E02006842,2
E02001773,E02006893,1
E02001774,E02001682,3
E02001774,E02001683,1
E02001774,E02001684,42
E02001774,E02001686,12
E02001774,E02001688,43
E02001774,E02001689,12
E02001774,E02001690,15
E02001774,E02001691,1
E02001774,E02001692,2
E02001774,E02001693,3
E02001774,E02001694,2
E02001774,E02001695,13
E02001774,E02001696,2
E02001774,E02001697,11
E02001774,E02001699,5
E02001774,E02001700,5
E02001774,E02001702,2
E02001774,E02001704,1
E02001774,E02001705,2
E02001774,E02001706,18
E02001774,E02001707,10
E02001774,E02001708,17
E02001774,E02001709,3
E02001774,E02001710,6
E02001774,E02001711,3
E02001774,E02001712,4
E02001774,E02001713,22
E02001774,E02001714,10
E02001774,E02001715,3
E02001774,E02001719,1
E02001774,E02001721,7
E02001774,E02001722,1
E02001774,E02001723,1
E02001774,E02001724,5
E02001774,E02001725,3
E02001774,E02001726,3
E02001774,E02001727,1
E02001774,E02001728,2
E02001774,E02001729,3
E02001774,E02001730,22
E02001774,E02001731,140
E02001774,E02001733,10
E02001774,E02001734,7
E02001774,E02001735,1
E02001774,E02001736,26
E02001774,E02001737,7
E02001774,E02001739,1
E02001774,E02001740,1
E02001774,E02001742,2
E02001774,E02001743,4
E02001774,E02001744,2
E02001774,E02001745,4
E02001774,E02001748,11
E02001774,E02001749,1
E02001774,E02001750,1
E02001774,E02001752,14
E02001774,E02001754,2
E02001774,E02001755,11
E02001774,E02001756,20
E02001774,E02001757,1
E02001774,E02001758,1
E02001774,E02001760,4
E02001774,E02001761,1
E02001774,E02001764,6
E02001774,E02001765,20
E02001774,E02001766,4
E02001774,E02001767,3
E02001774,E02001768,52
E02001774,E02001769,129
E02001774,E02001770,12
E02001774,E02001771,5
E02001774,E02001772,22
E02001774,E02001773,7
E02001774,E02001774,310
E02001774,E02001775,10
E02001774,E02001776,86
E02001774,E02001777,54
E02001774,E02001778,48
E02001774,E02001779,94
E02001774,E02001780,4
E02001774,E02001781,15
E02001774,E02001782,31
E02001774,E02001783,3
E02001774,E02001784,27
E02001774,E02001785,1
E02001774,E02001787,28
E02001774,E02001788,41
E02001774,E02001789,4
E02001774,E02001790,24
E02001774,E02001791,3
E02001774,E02001792,4
E02001774,E02001794,3
E02001774,E02001795,19
E02001774,E02001796,6
E02001774,E02001797,26
E02001774,E02001798,16
E02001774,E02001799,13
E02001774,E02001800,6
E02001774,E02001801,10
E02001774,E02001802,3
E02001774,E02001803,40
E02001774,E02001804,3
E02001774,E02001805,1
E02001774,E02001806,8
E02001774,E02001807,21
E02001774,E02001808,4
E02001774,E02001809,18
E02001774,E02001810,2
E02001774,E02001811,5
E02001774,E02001812,7
E02001774,E02001813,5
E02001774,E02001814,1
E02001774,E02001815,4
E02001774,E02001816,2
E02001774,E02001817,2
E02001774,E02001818,2
E02001774,E02001819,25
E02001774,E02001824,2
E02001774,E02001825,7
E02001774,E02006841,40
E02001774,E02006842,6
E02001774,E02006893,1
E02001775,E02001682,3
E02001775,E02001683,2
E02001775,E02001684,10
E02001775,E02001686,4
E02001775,E02001688,40
E02001775,E02001689,6
E02001775,E02001690,14
E02001775,E02001691,1
E02001775,E02001692,1
E02001775,E02001695,7
E02001775,E02001696,2
E02001775,E02001697,8
E02001775,E02001700,2
E02001775,E02001701,1
E02001775,E02001704,2
E02001775,E02001706,7
E02001775,E02001707,3
E02001775,E02001708,2
E02001775,E02001710,7
E02001775,E02001711,6
E02001775,E02001712,3
E02001775,E02001713,7
E02001775,E02001714,7
E02001775,E02001715,1
E02001775,E02001720,1
E02001775,E02001721,1
E02001775,E02001724,5
E02001775,E02001725,3
E02001775,E02001727,2
E02001775,E02001728,5
E02001775,E02001729,3
E02001775,E02001730,11
E02001775,E02001731,73
E02001775,E02001732,2
E02001775,E02001733,9
E02001775,E02001734,2
E02001775,E02001736,4
E02001775,E02001737,6
E02001775,E02001739,1
E02001775,E02001742,1
E02001775,E02001743,1
E02001775,E02001744,1
E02001775,E02001745,4
E02001775,E02001746,1
E02001775,E02001748,7
E02001775,E02001751,1
E02001775,E02001752,16
E02001775,E02001753,2
E02001775,E02001755,1
E02001775,E02001756,17
E02001775,E02001757,1
E02001775,E02001758,1
E02001775,E02001759,6
E02001775,E02001760,1
E02001775,E02001764,3
E02001775,E02001765,1
E02001775,E02001766,3
E02001775,E02001767,2
E02001775,E02001768,136
E02001775,E02001769,256
E02001775,E02001770,38
E02001775,E02001771,28
E02001775,E02001772,41
E02001775,E02001773,46
E02001775,E02001774,71
E02001775,E02001775,95
E02001775,E02001776,38
E02001775,E02001777,18
E02001775,E02001778,116
E02001775,E02001779,93
E02001775,E02001780,11
E02001775,E02001781,11
E02001775,E02001782,21
E02001775,E02001783,8
E02001775,E02001784,5
E02001775,E02001785,27
E02001775,E02001786,7
E02001775,E02001787,12
E02001775,E02001788,17
E02001775,E02001789,13
E02001775,E02001790,23
E02001775,E02001791,4
E02001775,E02001792,13
E02001775,E02001795,19
E02001775,E02001796,8
E02001775,E02001797,41
E02001775,E02001798,13
E02001775,E02001799,9
E02001775,E02001800,8
E02001775,E02001801,7
E02001775,E02001802,7
E02001775,E02001803,68
E02001775,E02001804,4
E02001775,E02001805,1
E02001775,E02001806,4
E02001775,E02001807,16
E02001775,E02001808,2
E02001775,E02001809,17
E02001775,E02001810,6
E02001775,E02001811,4
E02001775,E02001812,1
E02001775,E02001813,3
E02001775,E02001814,4
E02001775,E02001815,6
E02001775,E02001816,4
E02001775,E02001818,1
E02001775,E02001819,21
E02001775,E02001820,1
E02001775,E02001821,1
E02001775,E02001822,1
E02001775,E02001825,2
E02001775,E02001826,1
E02001775,E02006841,19
E02001775,E02006842,3
E02001776,E02001682,3
E02001776,E02001684,59
E02001776,E02001685,1
E02001776,E02001686,10
E02001776,E02001688,104
E02001776,E02001689,10
E02001776,E02001690,28
E02001776,E02001691,2
E02001776,E02001692,2
E02001776,E02001693,3
E02001776,E02001694,2
E02001776,E02001695,17
E02001776,E02001696,5
E02001776,E02001697,24
E02001776,E02001698,3
E02001776,E02001699,5
E02001776,E02001700,7
E02001776,E02001701,7
E02001776,E02001702,3
E02001776,E02001704,2
E02001776,E02001705,2
E02001776,E02001706,23
E02001776,E02001707,18
E02001776,E02001708,10
E02001776,E02001709,4
E02001776,E02001710,4
E02001776,E02001711,5
E02001776,E02001712,8
E02001776,E02001713,36
E02001776,E02001714,22
E02001776,E02001715,3
E02001776,E02001719,2
E02001776,E02001720,6
E02001776,E02001721,5
E02001776,E02001722,3
E02001776,E02001723,3
E02001776,E02001724,7
E02001776,E02001725,5
E02001776,E02001726,1
E02001776,E02001727,1
E02001776,E02001728,9
E02001776,E02001729,6
E02001776,E02001730,64
E02001776,E02001731,226
E02001776,E02001732,6
E02001776,E02001733,22
E02001776,E02001734,8
E02001776,E02001736,34
E02001776,E02001737,13
E02001776,E02001739,1
E02001776,E02001743,1
E02001776,E02001745,5
E02001776,E02001746,2
E02001776,E02001747,2
E02001776,E02001748,19
E02001776,E02001750,2
E02001776,E02001751,3
E02001776,E02001752,18
E02001776,E02001753,2
E02001776,E02001754,1
E02001776,E02001755,14
E02001776,E02001756,28
E02001776,E02001758,5
E02001776,E02001759,13
E02001776,E02001760,8
E02001776,E02001763,1
E02001776,E02001764,12
E02001776,E02001765,15
E02001776,E02001766,15
E02001776,E02001767,9
E02001776,E02001768,80
E02001776,E02001769,180
E02001776,E02001770,17
E02001776,E02001771,5
E02001776,E02001772,20
E02001776,E02001773,4
E02001776,E02001774,342
E02001776,E02001775,11
E02001776,E02001776,257
E02001776,E02001777,151
E02001776,E02001778,73
E02001776,E02001779,116
E02001776,E02001780,3
E02001776,E02001781,11
E02001776,E02001782,107
E02001776,E02001783,6
E02001776,E02001784,38
E02001776,E02001785,7
E02001776,E02001786,6
E02001776,E02001787,29
E02001776,E02001788,34
E02001776,E02001789,7
E02001776,E02001790,35
E02001776,E02001791,2
E02001776,E02001792,3
E02001776,E02001793,5
E02001776,E02001794,1
E02001776,E02001795,35
E02001776,E02001796,6
E02001776,E02001797,72
E02001776,E02001798,13
E02001776,E02001799,20
E02001776,E02001800,18
E02001776,E02001801,7
E02001776,E02001802,4
E02001776,E02001803,61
E02001776,E02001804,3
E02001776,E02001806,10
E02001776,E02001807,37
E02001776,E02001808,2
E02001776,E02001809,28
E02001776,E02001810,5
E02001776,E02001811,5
E02001776,E02001812,3
E02001776,E02001813,6
E02001776,E02001814,2
E02001776,E02001815,14
E02001776,E02001816,2
E02001776,E02001817,2
E02001776,E02001819,30
E02001776,E02001820,5
E02001776,E02001822,5
E02001776,E02001823,2
E02001776,E02001824,3
E02001776,E02001825,18
E02001776,E02001826,1
E02001776,E02006841,95
E02001776,E02006842,8
E02001777,E02001682,2
E02001777,E02001683,1
E02001777,E02001684,51
E02001777,E02001686,4
E02001777,E02001688,83
E02001777,E02001689,9
E02001777,E02001690,28
E02001777,E02001691,3
E02001777,E02001693,3
E02001777,E02001694,2
E02001777,E02001695,13
E02001777,E02001696,9
E02001777,E02001697,28
E02001777,E02001698,2
E02001777,E02001699,4
E02001777,E02001700,1
E02001777,E02001701,7
E02001777,E02001702,1
E02001777,E02001704,1
E02001777,E02001705,1
E02001777,E02001706,20
E02001777,E02001707,12
E02001777,E02001708,11
E02001777,E02001709,7
E02001777,E02001710,1
E02001777,E02001711,5
E02001777,E02001712,7
E02001777,E02001713,37
E02001777,E02001714,27
E02001777,E02001715,5
E02001777,E02001719,1
E02001777,E02001720,1
E02001777,E02001721,2
E02001777,E02001722,2
E02001777,E02001724,7
E02001777,E02001725,2
E02001777,E02001726,9
E02001777,E02001727,5
E02001777,E02001728,7
E02001777,E02001729,7
E02001777,E02001730,43
E02001777,E02001731,258
E02001777,E02001732,7
E02001777,E02001733,30
E02001777,E02001734,7
E02001777,E02001735,2
E02001777,E02001736,31
E02001777,E02001737,16
E02001777,E02001739,1
E02001777,E02001743,3
E02001777,E02001745,6
E02001777,E02001748,11
E02001777,E02001750,2
E02001777,E02001751,1
E02001777,E02001752,25
E02001777,E02001753,4
E02001777,E02001755,10
E02001777,E02001756,32
E02001777,E02001758,1
E02001777,E02001759,5
E02001777,E02001760,4
E02001777,E02001762,1
E02001777,E02001764,4
E02001777,E02001765,3
E02001777,E02001766,13
E02001777,E02001767,40
E02001777,E02001768,75
E02001777,E02001769,102
E02001777,E02001770,6
E02001777,E02001771,7
E02001777,E02001772,15
E02001777,E02001773,11
E02001777,E02001774,177
E02001777,E02001775,3
E02001777,E02001776,145
E02001777,E02001777,225
E02001777,E02001778,55
E02001777,E02001779,84
E02001777,E02001780,3
E02001777,E02001781,3
E02001777,E02001782,77
E02001777,E02001783,14
E02001777,E02001784,16
E02001777,E02001785,8
E02001777,E02001786,1
E02001777,E02001787,21
E02001777,E02001788,20
E02001777,E02001789,6
E02001777,E02001790,23
E02001777,E02001791,3
E02001777,E02001792,6
E02001777,E02001794,6
E02001777,E02001795,16
E02001777,E02001796,8
E02001777,E02001797,42
E02001777,E02001798,17
E02001777,E02001799,14
E02001777,E02001800,17
E02001777,E02001801,6
E02001777,E02001802,5
E02001777,E02001803,54
E02001777,E02001804,5
E02001777,E02001805,1
E02001777,E02001806,4
E02001777,E02001807,48
E02001777,E02001808,3
E02001777,E02001809,32
E02001777,E02001810,3
E02001777,E02001811,3
E02001777,E02001812,1
E02001777,E02001813,7
E02001777,E02001814,7
E02001777,E02001815,11
E02001777,E02001817,2
E02001777,E02001818,3
E02001777,E02001819,19
E02001777,E02001820,1
E02001777,E02001822,2
E02001777,E02001824,2
E02001777,E02001825,6
E02001777,E02001826,4
E02001777,E02006841,82
E02001777,E02006842,7
E02001777,E02006893,3
E02001778,E02001684,26
E02001778,E02001686,7
E02001778,E02001688,49
E02001778,E02001689,7
E02001778,E02001690,17
E02001778,E02001691,1
E02001778,E02001692,1
E02001778,E02001693,5
E02001778,E02001694,1
E02001778,E02001695,2
E02001778,E02001696,3
E02001778,E02001697,6
E02001778,E02001706,10
E02001778,E02001707,1
E02001778,E02001708,11
E02001778,E02001709,4
E02001778,E02001710,4
E02001778,E02001711,2
E02001778,E02001712,4
E02001778,E02001713,12
E02001778,E02001714,11
E02001778,E02001715,2
E02001778,E02001718,1
E02001778,E02001719,3
E02001778,E02001720,1
E02001778,E02001721,6
E02001778,E02001722,1
E02001778,E02001723,1
E02001778,E02001724,4
E02001778,E02001725,4
E02001778,E02001727,1
E02001778,E02001728,6
E02001778,E02001729,4
E02001778,E02001730,24
E02001778,E02001731,98
E02001778,E02001732,1
E02001778,E02001733,18
E02001778,E02001734,5
E02001778,E02001736,19
E02001778,E02001737,5
E02001778,E02001739,2
E02001778,E02001741,1
E02001778,E02001743,2
E02001778,E02001744,2
E02001778,E02001745,3
E02001778,E02001748,14
E02001778,E02001751,1
E02001778,E02001752,20
E02001778,E02001755,3
E02001778,E02001756,17
E02001778,E02001758,2
E02001778,E02001759,3
E02001778,E02001760,3
E02001778,E02001764,5
E02001778,E02001765,2
E02001778,E02001766,2
E02001778,E02001767,1
E02001778,E02001768,159
E02001778,E02001769,353
E02001778,E02001770,32
E02001778,E02001771,12
E02001778,E02001772,64
E02001778,E02001773,24
E02001778,E02001774,115
E02001778,E02001775,15
E02001778,E02001776,44
E02001778,E02001777,19
E02001778,E02001778,231
E02001778,E02001779,158
E02001778,E02001780,4
E02001778,E02001781,18
E02001778,E02001782,19
E02001778,E02001783,21
E02001778,E02001784,11
E02001778,E02001785,7
E02001778,E02001786,7
E02001778,E02001787,14
E02001778,E02001788,60
E02001778,E02001789,7
E02001778,E02001790,38
E02001778,E02001791,2
E02001778,E02001792,6
E02001778,E02001795,22
E02001778,E02001796,5
E02001778,E02001797,44
E02001778,E02001798,6
E02001778,E02001799,15
E02001778,E02001800,9
E02001778,E02001801,10
E02001778,E02001802,1
E02001778,E02001803,44
E02001778,E02001804,1
E02001778,E02001805,4
E02001778,E02001806,6
E02001778,E02001807,19
E02001778,E02001809,16
E02001778,E02001810,4
E02001778,E02001811,4
E02001778,E02001812,3
E02001778,E02001813,6
E02001778,E02001814,4
E02001778,E02001815,8
E02001778,E02001816,1
E02001778,E02001818,1
E02001778,E02001819,20
E02001778,E02001825,15
E02001778,E02001826,1
E02001778,E02006841,33
E02001778,E02006842,3
E02001779,E02001682,2
E02001779,E02001684,23
E02001779,E02001686,4
E02001779,E02001688,38
E02001779,E02001689,4
E02001779,E02001690,4
E02001779,E02001691,1
E02001779,E02001693,1
E02001779,E02001695,8
E02001779,E02001696,8
E02001779,E02001697,7
E02001779,E02001698,1
E02001779,E02001699,3
E02001779,E02001700,1
E02001779,E02001701,1
E02001779,E02001706,6
E02001779,E02001707,6
E02001779,E02001708,7
E02001779,E02001709,2
E02001779,E02001710,2
E02001779,E02001711,5
E02001779,E02001712,4
E02001779,E02001713,12
E02001779,E02001714,10
E02001779,E02001715,5
E02001779,E02001719,2
E02001779,E02001720,2
E02001779,E02001724,4
E02001779,E02001725,4
E02001779,E02001727,2
E02001779,E02001728,1
E02001779,E02001729,4
E02001779,E02001730,10
E02001779,E02001731,73
E02001779,E02001732,3
E02001779,E02001733,14
E02001779,E02001734,4
E02001779,E02001736,11
E02001779,E02001737,7
E02001779,E02001741,1
E02001779,E02001743,1
E02001779,E02001744,1
E02001779,E02001745,3
E02001779,E02001748,9
E02001779,E02001750,2
E02001779,E02001751,1
E02001779,E02001752,12
E02001779,E02001755,4
E02001779,E02001756,8
E02001779,E02001758,2
E02001779,E02001759,5
E02001779,E02001760,10
E02001779,E02001764,4
E02001779,E02001765,3
E02001779,E02001766,1
E02001779,E02001767,2
E02001779,E02001768,103
E02001779,E02001769,206
E02001779,E02001770,20
E02001779,E02001771,9
E02001779,E02001772,29
E02001779,E02001773,8
E02001779,E02001774,124
E02001779,E02001775,11
E02001779,E02001776,49
E02001779,E02001777,29
E02001779,E02001778,115
E02001779,E02001779,214
E02001779,E02001780,7
E02001779,E02001781,18
E02001779,E02001782,18
E02001779,E02001783,11
E02001779,E02001784,9
E02001779,E02001785,7
E02001779,E02001786,8
E02001779,E02001787,11
E02001779,E02001788,20
E02001779,E02001789,5
E02001779,E02001790,28
E02001779,E02001791,1
E02001779,E02001792,2
E02001779,E02001793,1
E02001779,E02001794,4
E02001779,E02001795,15
E02001779,E02001796,12
E02001779,E02001797,32
E02001779,E02001798,9
E02001779,E02001799,12
E02001779,E02001800,8
E02001779,E02001801,6
E02001779,E02001802,2
E02001779,E02001803,31
E02001779,E02001804,2
E02001779,E02001805,2
E02001779,E02001806,9
E02001779,E02001807,24
E02001779,E02001809,16
E02001779,E02001810,4
E02001779,E02001811,1
E02001779,E02001812,2
E02001779,E02001813,10
E02001779,E02001814,1
E02001779,E02001815,8
E02001779,E02001816,1
E02001779,E02001817,1
E02001779,E02001818,1
E02001779,E02001819,15
E02001779,E02001824,5
E02001779,E02001825,5
E02001779,E02001826,1
E02001779,E02006841,29
E02001779,E02006842,2
E02001780,E02001683,1
E02001780,E02001684,9
E02001780,E02001686,2
E02001780,E02001688,35
E02001780,E02001689,5
E02001780,E02001690,15
E02001780,E02001691,3
E02001780,E02001695,2
E02001780,E02001696,1
E02001780,E02001697,4
E02001780,E02001699,1
E02001780,E02001701,2
E02001780,E02001703,1
E02001780,E02001706,3
E02001780,E02001707,9
E02001780,E02001708,5
E02001780,E02001709,4
E02001780,E02001711,1
E02001780,E02001713,13
E02001780,E02001714,11
E02001780,E02001715,1
E02001780,E02001720,2
E02001780,E02001721,2
E02001780,E02001724,4
E02001780,E02001725,3
E02001780,E02001727,4
E02001780,E02001728,1
E02001780,E02001730,8
E02001780,E02001731,52
E02001780,E02001733,4
E02001780,E02001735,1
E02001780,E02001736,14
E02001780,E02001737,4
E02001780,E02001739,1
E02001780,E02001741,2
E02001780,E02001743,1
E02001780,E02001745,3
E02001780,E02001748,4
E02001780,E02001749,1
E02001780,E02001750,1
E02001780,E02001751,1
E02001780,E02001752,5
E02001780,E02001753,3
E02001780,E02001755,1
E02001780,E02001756,8
E02001780,E02001758,1
E02001780,E02001759,3
E02001780,E02001760,4
E02001780,E02001764,3
E02001780,E02001765,3
E02001780,E02001766,4
E02001780,E02001768,114
E02001780,E02001769,218
E02001780,E02001770,37
E02001780,E02001771,16
E02001780,E02001772,33
E02001780,E02001773,38
E02001780,E02001774,78
E02001780,E02001775,58
E02001780,E02001776,34
E02001780,E02001777,25
E02001780,E02001778,100
E02001780,E02001779,72
E02001780,E02001780,38
E02001780,E02001781,1
E02001780,E02001782,10
E02001780,E02001783,10
E02001780,E02001784,6
E02001780,E02001785,26
E02001780,E02001786,10
E02001780,E02001787,15
E02001780,E02001788,21
E02001780,E02001789,17
E02001780,E02001790,37
E02001780,E02001791,4
E02001780,E02001792,13
E02001780,E02001794,2
E02001780,E02001795,14
E02001780,E02001796,14
E02001780,E02001797,37
E02001780,E02001798,15
E02001780,E02001799,7
E02001780,E02001800,12
E02001780,E02001801,9
E02001780,E02001802,1
E02001780,E02001803,42
E02001780,E02001804,3
E02001780,E02001806,6
E02001780,E02001807,15
E02001780,E02001808,1
E02001780,E02001809,6
E02001780,E02001810,1
E02001780,E02001811,2
E02001780,E02001812,3
E02001780,E02001813,1
E02001780,E02001814,2
E02001780,E02001815,5
E02001780,E02001816,2
E02001780,E02001818,5
E02001780,E02001819,12
E02001780,E02001820,2
E02001780,E02001821,1
E02001780,E02001825,5
E02001780,E02001826,1
E02001780,E02006841,28
E02001780,E02006842,3
E02001780,E02006893,1
E02001781,E02001682,1
E02001781,E02001683,2
E02001781,E02001684,26
E02001781,E02001686,3
E02001781,E02001688,44
E02001781,E02001689,1
E02001781,E02001690,12
E02001781,E02001691,3
E02001781,E02001692,2
E02001781,E02001693,2
E02001781,E02001695,8
E02001781,E02001696,2
E02001781,E02001697,6
E02001781,E02001699,1
E02001781,E02001700,2
E02001781,E02001702,1
E02001781,E02001706,4
E02001781,E02001707,5
E02001781,E02001708,5
E02001781,E02001710,1
E02001781,E02001711,3
E02001781,E02001712,2
E02001781,E02001713,16
E02001781,E02001714,9
E02001781,E02001715,5
E02001781,E02001719,2
E02001781,E02001720,1
E02001781,E02001721,2
E02001781,E02001724,2
E02001781,E02001726,2
E02001781,E02001727,2
E02001781,E02001728,2
E02001781,E02001729,3
E02001781,E02001730,6
E02001781,E02001731,77
E02001781,E02001733,9
E02001781,E02001734,3
E02001781,E02001735,1
E02001781,E02001736,9
E02001781,E02001737,3
E02001781,E02001743,1
E02001781,E02001745,5
E02001781,E02001747,1
E02001781,E02001748,5
E02001781,E02001749,1
E02001781,E02001751,1
E02001781,E02001752,22
E02001781,E02001753,3
E02001781,E02001754,1
E02001781,E02001755,3
E02001781,E02001756,15
E02001781,E02001758,1
E02001781,E02001759,1
E02001781,E02001760,4
E02001781,E02001764,2
E02001781,E02001765,2
E02001781,E02001766,2
E02001781,E02001767,2
E02001781,E02001768,104
E02001781,E02001769,205
E02001781,E02001770,23
E02001781,E02001771,5
E02001781,E02001772,19
E02001781,E02001773,13
E02001781,E02001774,164
E02001781,E02001775,7
E02001781,E02001776,40
E02001781,E02001777,27
E02001781,E02001778,80
E02001781,E02001779,141
E02001781,E02001780,6
E02001781,E02001781,66
E02001781,E02001782,18
E02001781,E02001783,8
E02001781,E02001784,18
E02001781,E02001785,4
E02001781,E02001786,7
E02001781,E02001787,21
E02001781,E02001788,45
E02001781,E02001789,10
E02001781,E02001790,32
E02001781,E02001791,1
E02001781,E02001792,4
E02001781,E02001793,1
E02001781,E02001794,1
E02001781,E02001795,13
E02001781,E02001796,7
E02001781,E02001797,37
E02001781,E02001798,11
E02001781,E02001799,8
E02001781,E02001800,8
E02001781,E02001801,6
E02001781,E02001802,3
E02001781,E02001803,46
E02001781,E02001804,12
E02001781,E02001805,2
E02001781,E02001806,6
E02001781,E02001807,17
E02001781,E02001808,1
E02001781,E02001809,4
E02001781,E02001810,3
E02001781,E02001811,1
E02001781,E02001812,1
E02001781,E02001813,1
E02001781,E02001814,3
E02001781,E02001815,8
E02001781,E02001816,1
E02001781,E02001817,1
E02001781,E02001818,1
E02001781,E02001819,16
E02001781,E02001822,2
E02001781,E02001824,1
E02001781,E02001825,13
E02001781,E02006841,34
E02001781,E02006842,6
E02001781,E02006893,1
E02001782,E02001682,2
E02001782,E02001684,80
E02001782,E02001686,16
E02001782,E02001688,91
E02001782,E02001689,19
E02001782,E02001690,46
E02001782,E02001691,6
E02001782,E02001692,3
E02001782,E02001693,10
E02001782,E02001694,5
E02001782,E02001695,23
E02001782,E02001696,8
E02001782,E02001697,35
E02001782,E02001698,1
E02001782,E02001699,1
E02001782,E02001700,4
E02001782,E02001701,5
E02001782,E02001702,4
E02001782,E02001703,1
E02001782,E02001704,1
E02001782,E02001705,1
E02001782,E02001706,23
E02001782,E02001707,7
E02001782,E02001708,8
E02001782,E02001709,3
E02001782,E02001710,5
E02001782,E02001711,6
E02001782,E02001712,6
E02001782,E02001713,30
E02001782,E02001714,22
E02001782,E02001715,3
E02001782,E02001719,2
E02001782,E02001720,3
E02001782,E02001721,4
E02001782,E02001722,2
E02001782,E02001724,6
E02001782,E02001725,9
E02001782,E02001727,3
E02001782,E02001728,9
E02001782,E02001729,4
E02001782,E02001730,39
E02001782,E02001731,202
E02001782,E02001732,4
E02001782,E02001733,38
E02001782,E02001734,10
E02001782,E02001736,14
E02001782,E02001737,15
E02001782,E02001738,3
E02001782,E02001739,1
E02001782,E02001741,4
E02001782,E02001743,3
E02001782,E02001745,3
E02001782,E02001748,6
E02001782,E02001750,2
E02001782,E02001751,3
E02001782,E02001752,24
E02001782,E02001753,5
E02001782,E02001755,15
E02001782,E02001756,21
E02001782,E02001757,1
E02001782,E02001758,1
E02001782,E02001759,6
E02001782,E02001760,10
E02001782,E02001761,1
E02001782,E02001764,10
E02001782,E02001765,7
E02001782,E02001766,5
E02001782,E02001767,5
E02001782,E02001768,108
E02001782,E02001769,128
E02001782,E02001770,13
E02001782,E02001771,2
E02001782,E02001772,16
E02001782,E02001773,14
E02001782,E02001774,276
E02001782,E02001775,8
E02001782,E02001776,216
E02001782,E02001777,160
E02001782,E02001778,46
E02001782,E02001779,91
E02001782,E02001780,4
E02001782,E02001781,14
E02001782,E02001782,198
E02001782,E02001783,6
E02001782,E02001784,27
E02001782,E02001785,2
E02001782,E02001786,8
E02001782,E02001787,31
E02001782,E02001788,36
E02001782,E02001789,2
E02001782,E02001790,36
E02001782,E02001791,1
E02001782,E02001792,2
E02001782,E02001793,2
E02001782,E02001795,27
E02001782,E02001796,7
E02001782,E02001797,63
E02001782,E02001798,12
E02001782,E02001799,21
E02001782,E02001800,15
E02001782,E02001801,12
E02001782,E02001802,5
E02001782,E02001803,55
E02001782,E02001804,4
E02001782,E02001806,9
E02001782,E02001807,38
E02001782,E02001808,2
E02001782,E02001809,33
E02001782,E02001810,9
E02001782,E02001811,2
E02001782,E02001812,3
E02001782,E02001813,1
E02001782,E02001814,7
E02001782,E02001815,15
E02001782,E02001818,5
E02001782,E02001819,23
E02001782,E02001820,2
E02001782,E02001822,1
E02001782,E02001823,1
E02001782,E02001824,1
E02001782,E02001825,17
E02001782,E02001826,1
E02001782,E02006841,64
E02001782,E02006842,7
E02001782,E02006893,1
E02001783,E02001683,1
E02001783,E02001684,12
E02001783,E02001686,3
E02001783,E02001688,47
E02001783,E02001689,5
E02001783,E02001690,17
E02001783,E02001691,3
E02001783,E02001692,1
E02001783,E02001694,1
E02001783,E02001695,10
E02001783,E02001696,2
E02001783,E02001697,2
E02001783,E02001700,2
E02001783,E02001701,3
E02001783,E02001704,1
E02001783,E02001705,2
E02001783,E02001706,6
E02001783,E02001707,12
E02001783,E02001708,2
E02001783,E02001709,2
E02001783,E02001710,1
E02001783,E02001711,3
E02001783,E02001712,6
E02001783,E02001713,12
E02001783,E02001714,11
E02001783,E02001715,1
E02001783,E02001719,1
E02001783,E02001721,1
E02001783,E02001724,2
E02001783,E02001725,1
E02001783,E02001726,2
E02001783,E02001727,1
E02001783,E02001728,5
E02001783,E02001729,3
E02001783,E02001730,14
E02001783,E02001731,64
E02001783,E02001733,5
E02001783,E02001734,4
E02001783,E02001736,21
E02001783,E02001737,3
E02001783,E02001738,1
E02001783,E02001741,1
E02001783,E02001744,4
E02001783,E02001745,1
E02001783,E02001746,2
E02001783,E02001747,1
E02001783,E02001748,5
E02001783,E02001750,1
E02001783,E02001751,1
E02001783,E02001752,12
E02001783,E02001753,1
E02001783,E02001754,1
E02001783,E02001755,9
E02001783,E02001756,9
E02001783,E02001759,6
E02001783,E02001760,5
E02001783,E02001761,1
E02001783,E02001764,1
E02001783,E02001765,4
E02001783,E02001766,1
E02001783,E02001767,2
E02001783,E02001768,138
E02001783,E02001769,309
E02001783,E02001770,26
E02001783,E02001771,9
E02001783,E02001772,43
E02001783,E02001773,17
E02001783,E02001774,114
E02001783,E02001775,23
E02001783,E02001776,48
E02001783,E02001777,19
E02001783,E02001778,131
E02001783,E02001779,175
E02001783,E02001780,6
E02001783,E02001781,21
E02001783,E02001782,13
E02001783,E02001783,72
E02001783,E02001784,4
E02001783,E02001785,9
E02001783,E02001786,28
E02001783,E02001787,16
E02001783,E02001788,61
E02001783,E02001789,21
E02001783,E02001790,44
E02001783,E02001791,5
E02001783,E02001792,2
E02001783,E02001794,3
E02001783,E02001795,24
E02001783,E02001796,7
E02001783,E02001797,47
E02001783,E02001798,12
E02001783,E02001799,10
E02001783,E02001800,10
E02001783,E02001801,13
E02001783,E02001802,4
E02001783,E02001803,55
E02001783,E02001806,3
E02001783,E02001807,31
E02001783,E02001808,1
E02001783,E02001809,13
E02001783,E02001810,1
E02001783,E02001811,6
E02001783,E02001812,2
E02001783,E02001813,2
E02001783,E02001814,1
E02001783,E02001815,3
E02001783,E02001817,2
E02001783,E02001818,1
E02001783,E02001819,29
E02001783,E02001821,1
E02001783,E02001822,1
E02001783,E02001824,2
E02001783,E02001825,12
E02001783,E02001826,1
E02001783,E02006841,28
E02001783,E02006842,2
E02001784,E02001682,1
E02001784,E02001683,1
E02001784,E02001684,45
E02001784,E02001686,5
E02001784,E02001688,57
E02001784,E02001689,4
E02001784,E02001690,14
E02001784,E02001691,3
E02001784,E02001692,3
E02001784,E02001693,7
E02001784,E02001695,18
E02001784,E02001696,3
E02001784,E02001697,16
E02001784,E02001698,1
E02001784,E02001699,1
E02001784,E02001700,3
E02001784,E02001701,8
E02001784,E02001702,2
E02001784,E02001706,8
E02001784,E02001707,8
E02001784,E02001708,9
E02001784,E02001709,5
E02001784,E02001710,1
E02001784,E02001711,3
E02001784,E02001712,3
E02001784,E02001713,17
E02001784,E02001714,12
E02001784,E02001715,1
E02001784,E02001719,2
E02001784,E02001720,2
E02001784,E02001721,10
E02001784,E02001722,1
E02001784,E02001724,4
E02001784,E02001725,4
E02001784,E02001726,1
E02001784,E02001727,2
E02001784,E02001728,4
E02001784,E02001729,5
E02001784,E02001730,27
E02001784,E02001731,140
E02001784,E02001732,5
E02001784,E02001733,21
E02001784,E02001734,9
E02001784,E02001735,2
E02001784,E02001736,10
E02001784,E02001739,1
E02001784,E02001741,3
E02001784,E02001743,1
E02001784,E02001745,5
E02001784,E02001748,10
E02001784,E02001749,2
E02001784,E02001750,2
E02001784,E02001752,13
E02001784,E02001753,1
E02001784,E02001755,9
E02001784,E02001756,18
E02001784,E02001757,1
E02001784,E02001758,1
E02001784,E02001759,2
E02001784,E02001760,8
E02001784,E02001761,2
E02001784,E02001763,1
E02001784,E02001764,6
E02001784,E02001765,6
E02001784,E02001766,5
E02001784,E02001767,4
E02001784,E02001768,75
E02001784,E02001769,147
E02001784,E02001770,15
E02001784,E02001771,3
E02001784,E02001772,21
E02001784,E02001773,16
E02001784,E02001774,280
E02001784,E02001775,18
E02001784,E02001776,72
E02001784,E02001777,70
E02001784,E02001778,66
E02001784,E02001779,103
E02001784,E02001780,4
E02001784,E02001781,39
E02001784,E02001782,56
E02001784,E02001783,9
E02001784,E02001784,106
E02001784,E02001785,8
E02001784,E02001786,5
E02001784,E02001787,33
E02001784,E02001788,66
E02001784,E02001789,8
E02001784,E02001790,37
E02001784,E02001791,1
E02001784,E02001792,3
E02001784,E02001793,2
E02001784,E02001794,1
E02001784,E02001795,21
E02001784,E02001796,3
E02001784,E02001797,52
E02001784,E02001798,14
E02001784,E02001799,22
E02001784,E02001800,8
E02001784,E02001801,10
E02001784,E02001802,2
E02001784,E02001803,50
E02001784,E02001804,4
E02001784,E02001805,1
E02001784,E02001806,17
E02001784,E02001807,35
E02001784,E02001808,1
E02001784,E02001809,25
E02001784,E02001810,2
E02001784,E02001811,5
E02001784,E02001812,2
E02001784,E02001813,4
E02001784,E02001814,1
E02001784,E02001815,4
E02001784,E02001816,1
E02001784,E02001817,2
E02001784,E02001818,1
E02001784,E02001819,23
E02001784,E02001820,3
E02001784,E02001821,1
E02001784,E02001822,2
E02001784,E02001823,3
E02001784,E02001824,1
E02001784,E02001825,9
E02001784,E02001826,1
E02001784,E02006841,43
E02001784,E02006842,5
E02001784,E02006893,2
E02001785,E02001682,1
E02001785,E02001683,1
E02001785,E02001684,28
E02001785,E02001685,1
E02001785,E02001686,8
E02001785,E02001688,29
E02001785,E02001689,1
E02001785,E02001690,7
E02001785,E02001692,1
E02001785,E02001693,1
E02001785,E02001694,1
E02001785,E02001695,4
E02001785,E02001696,1
E02001785,E02001697,5
E02001785,E02001698,1
E02001785,E02001699,2
E02001785,E02001700,4
E02001785,E02001701,4
E02001785,E02001702,1
E02001785,E02001704,1
E02001785,E02001706,7
E02001785,E02001707,11
E02001785,E02001708,10
E02001785,E02001709,2
E02001785,E02001710,3
E02001785,E02001711,6
E02001785,E02001712,6
E02001785,E02001713,13
E02001785,E02001714,13
E02001785,E02001715,1
E02001785,E02001718,2
E02001785,E02001719,1
E02001785,E02001720,2
E02001785,E02001724,5
E02001785,E02001725,2
E02001785,E02001727,5
E02001785,E02001728,1
E02001785,E02001729,2
E02001785,E02001730,23
E02001785,E02001731,105
E02001785,E02001732,1
E02001785,E02001733,14
E02001785,E02001734,3
E02001785,E02001735,1
E02001785,E02001736,23
E02001785,E02001737,2
E02001785,E02001739,2
E02001785,E02001740,1
E02001785,E02001741,1
E02001785,E02001743,4
E02001785,E02001744,2
E02001785,E02001745,7
E02001785,E02001748,7
E02001785,E02001749,1
E02001785,E02001752,13
E02001785,E02001753,4
E02001785,E02001755,7
E02001785,E02001756,11
E02001785,E02001757,1
E02001785,E02001759,3
E02001785,E02001760,1
E02001785,E02001764,7
E02001785,E02001765,6
E02001785,E02001766,5
E02001785,E02001767,2
E02001785,E02001768,147
E02001785,E02001769,245
E02001785,E02001770,29
E02001785,E02001771,17
E02001785,E02001772,37
E02001785,E02001773,28
E02001785,E02001774,97
E02001785,E02001775,25
E02001785,E02001776,56
E02001785,E02001777,20
E02001785,E02001778,112
E02001785,E02001779,83
E02001785,E02001780,10
E02001785,E02001781,11
E02001785,E02001782,11
E02001785,E02001783,12
E02001785,E02001784,9
E02001785,E02001785,146
E02001785,E02001786,9
E02001785,E02001787,14
E02001785,E02001788,51
E02001785,E02001789,31
E02001785,E02001790,41
E02001785,E02001791,38
E02001785,E02001792,47
E02001785,E02001793,4
E02001785,E02001794,6
E02001785,E02001795,84
E02001785,E02001796,56
E02001785,E02001797,41
E02001785,E02001798,33
E02001785,E02001799,14
E02001785,E02001800,14
E02001785,E02001801,34
E02001785,E02001802,13
E02001785,E02001803,171
E02001785,E02001804,8
E02001785,E02001805,5
E02001785,E02001806,28
E02001785,E02001807,48
E02001785,E02001808,9
E02001785,E02001809,13
E02001785,E02001810,11
E02001785,E02001811,9
E02001785,E02001812,12
E02001785,E02001813,13
E02001785,E02001814,7
E02001785,E02001815,8
E02001785,E02001816,5
E02001785,E02001817,1
E02001785,E02001819,60
E02001785,E02001820,2
E02001785,E02001822,3
E02001785,E02001823,2
E02001785,E02001824,6
E02001785,E02001825,12
E02001785,E02001826,3
E02001785,E02006841,22
E02001785,E02006842,1
E02001785,E02006893,1
E02001786,E02001682,3
E02001786,E02001684,31
E02001786,E02001686,1
E02001786,E02001688,45
E02001786,E02001689,12
E02001786,E02001690,10
E02001786,E02001691,3
E02001786,E02001693,3
E02001786,E02001694,2
E02001786,E02001695,2
E02001786,E02001696,3
E02001786,E02001697,16
E02001786,E02001699,7
E02001786,E02001700,1
E02001786,E02001701,4
E02001786,E02001702,1
E02001786,E02001704,1
E02001786,E02001705,1
E02001786,E02001706,14
E02001786,E02001707,8
E02001786,E02001708,7
E02001786,E02001709,2
E02001786,E02001710,1
E02001786,E02001711,5
E02001786,E02001712,1
E02001786,E02001713,26
E02001786,E02001714,6
E02001786,E02001715,1
E02001786,E02001718,1
E02001786,E02001719,2
E02001786,E02001720,2
E02001786,E02001721,4
E02001786,E02001724,5
E02001786,E02001725,6
E02001786,E02001726,1
E02001786,E02001727,1
E02001786,E02001728,7
E02001786,E02001729,5
E02001786,E02001730,12
E02001786,E02001731,75
E02001786,E02001733,13
E02001786,E02001734,3
E02001786,E02001735,1
E02001786,E02001736,15
E02001786,E02001737,8
E02001786,E02001739,1
E02001786,E02001741,1
E02001786,E02001742,1
E02001786,E02001744,2
E02001786,E02001745,4
E02001786,E02001747,1
E02001786,E02001748,3
E02001786,E02001750,1
E02001786,E02001752,16
E02001786,E02001753,2
E02001786,E02001754,1
E02001786,E02001755,5
E02001786,E02001756,15
E02001786,E02001759,2
E02001786,E02001760,7
E02001786,E02001764,3
E02001786,E02001765,6
E02001786,E02001766,4
E02001786,E02001768,180
E02001786,E02001769,284
E02001786,E02001770,35
E02001786,E02001771,4
E02001786,E02001772,69
E02001786,E02001773,36
E02001786,E02001774,82
E02001786,E02001775,40
E02001786,E02001776,53
E02001786,E02001777,33
E02001786,E02001778,177
E02001786,E02001779,124
E02001786,E02001780,9
E02001786,E02001781,17
E02001786,E02001782,14
E02001786,E02001783,34
E02001786,E02001784,10
E02001786,E02001785,11
E02001786,E02001786,90
E02001786,E02001787,19
E02001786,E02001788,65
E02001786,E02001789,20
E02001786,E02001790,43
E02001786,E02001791,13
E02001786,E02001792,7
E02001786,E02001793,4
E02001786,E02001794,2
E02001786,E02001795,42
E02001786,E02001796,15
E02001786,E02001797,64
E02001786,E02001798,37
E02001786,E02001799,19
E02001786,E02001801,14
E02001786,E02001802,10
E02001786,E02001803,71
E02001786,E02001804,11
E02001786,E02001805,3
E02001786,E02001806,11
E02001786,E02001807,28
E02001786,E02001808,1
E02001786,E02001809,23
E02001786,E02001810,8
E02001786,E02001811,5
E02001786,E02001812,6
E02001786,E02001813,4
E02001786,E02001814,5
E02001786,E02001815,3
E02001786,E02001816,1
E02001786,E02001817,2
E02001786,E02001819,36
E02001786,E02001820,1
E02001786,E02001822,1
E02001786,E02001823,1
E02001786,E02001824,2
E02001786,E02001825,8
E02001786,E02006841,33
E02001786,E02006842,1
E02001786,E02006893,1
E02001787,E02001682,2
E02001787,E02001683,2
E02001787,E02001684,32
E02001787,E02001686,1
E02001787,E02001688,68
E02001787,E02001689,13
E02001787,E02001690,20
E02001787,E02001691,2
E02001787,E02001692,3
E02001787,E02001693,3
E02001787,E02001694,1
E02001787,E02001695,15
E02001787,E02001696,2
E02001787,E02001697,22
E02001787,E02001698,1
E02001787,E02001699,2
E02001787,E02001700,6
E02001787,E02001701,3
E02001787,E02001702,2
E02001787,E02001705,1
E02001787,E02001706,6
E02001787,E02001707,13
E02001787,E02001708,8
E02001787,E02001709,2
E02001787,E02001710,5
E02001787,E02001711,5
E02001787,E02001712,1
E02001787,E02001713,29
E02001787,E02001714,18
E02001787,E02001715,1
E02001787,E02001719,2
E02001787,E02001720,5
E02001787,E02001721,4
E02001787,E02001722,1
E02001787,E02001724,4
E02001787,E02001725,5
E02001787,E02001728,6
E02001787,E02001729,4
E02001787,E02001730,16
E02001787,E02001731,117
E02001787,E02001732,2
E02001787,E02001733,18
E02001787,E02001734,1
E02001787,E02001735,5
E02001787,E02001736,27
E02001787,E02001737,8
E02001787,E02001741,1
E02001787,E02001743,4
E02001787,E02001744,1
E02001787,E02001745,3
E02001787,E02001748,8
E02001787,E02001749,2
E02001787,E02001750,2
E02001787,E02001751,2
E02001787,E02001752,22
E02001787,E02001753,1
E02001787,E02001755,4
E02001787,E02001756,14
E02001787,E02001758,3
E02001787,E02001759,5
E02001787,E02001760,7
E02001787,E02001764,6
E02001787,E02001765,2
E02001787,E02001766,3
E02001787,E02001767,5
E02001787,E02001768,69
E02001787,E02001769,100
E02001787,E02001770,23
E02001787,E02001771,8
E02001787,E02001772,16
E02001787,E02001773,13
E02001787,E02001774,175
E02001787,E02001775,6
E02001787,E02001776,52
E02001787,E02001777,43
E02001787,E02001778,60
E02001787,E02001779,94
E02001787,E02001780,4
E02001787,E02001781,12
E02001787,E02001782,40
E02001787,E02001783,5
E02001787,E02001784,27
E02001787,E02001785,3
E02001787,E02001786,6
E02001787,E02001787,88
E02001787,E02001788,93
E02001787,E02001789,12
E02001787,E02001790,49
E02001787,E02001792,6
E02001787,E02001793,4
E02001787,E02001795,24
E02001787,E02001796,15
E02001787,E02001797,48
E02001787,E02001798,14
E02001787,E02001799,14
E02001787,E02001800,10
E02001787,E02001801,9
E02001787,E02001802,2
E02001787,E02001803,64
E02001787,E02001804,1
E02001787,E02001805,1
E02001787,E02001806,12
E02001787,E02001807,38
E02001787,E02001809,17
E02001787,E02001810,3
E02001787,E02001811,4
E02001787,E02001812,3
E02001787,E02001813,5
E02001787,E02001814,2
E02001787,E02001815,6
E02001787,E02001816,3
E02001787,E02001817,1
E02001787,E02001818,2
E02001787,E02001819,27
E02001787,E02001822,1
E02001787,E02001824,2
E02001787,E02001825,14
E02001787,E02006841,47
E02001787,E02006842,1
E02001788,E02001682,1
E02001788,E02001684,34
E02001788,E02001686,5
E02001788,E02001688,53
E02001788,E02001689,5
E02001788,E02001690,8
E02001788,E02001691,1
E02001788,E02001692,2
E02001788,E02001693,3
E02001788,E02001694,1
E02001788,E02001695,5
E02001788,E02001696,1
E02001788,E02001697,10
E02001788,E02001699,4
E02001788,E02001700,3
E02001788,E02001701,1
E02001788,E02001702,2
E02001788,E02001705,3
E02001788,E02001706,10
E02001788,E02001707,9
E02001788,E02001708,6
E02001788,E02001709,2
E02001788,E02001710,3
E02001788,E02001711,9
E02001788,E02001712,8
E02001788,E02001713,17
E02001788,E02001714,10
E02001788,E02001715,1
E02001788,E02001721,4
E02001788,E02001722,1
E02001788,E02001725,3
E02001788,E02001727,2
E02001788,E02001728,3
E02001788,E02001729,6
E02001788,E02001730,16
E02001788,E02001731,121
E02001788,E02001732,1
E02001788,E02001733,12
E02001788,E02001734,2
E02001788,E02001736,17
E02001788,E02001737,9
E02001788,E02001739,1
E02001788,E02001741,2
E02001788,E02001742,2
E02001788,E02001743,2
E02001788,E02001744,1
E02001788,E02001745,3
E02001788,E02001748,4
E02001788,E02001751,1
E02001788,E02001752,17
E02001788,E02001753,1
E02001788,E02001755,8
E02001788,E02001756,14
E02001788,E02001758,1
E02001788,E02001759,4
E02001788,E02001760,3
E02001788,E02001763,1
E02001788,E02001764,6
E02001788,E02001765,7
E02001788,E02001766,2
E02001788,E02001767,2
E02001788,E02001768,76
E02001788,E02001769,128
E02001788,E02001770,21
E02001788,E02001771,5
E02001788,E02001772,26
E02001788,E02001773,15
E02001788,E02001774,86
E02001788,E02001775,6
E02001788,E02001776,44
E02001788,E02001777,35
E02001788,E02001778,61
E02001788,E02001779,72
E02001788,E02001781,16
E02001788,E02001782,21
E02001788,E02001783,10
E02001788,E02001784,9
E02001788,E02001785,8
E02001788,E02001786,10
E02001788,E02001787,22
E02001788,E02001788,258
E02001788,E02001789,26
E02001788,E02001790,115
E02001788,E02001791,9
E02001788,E02001792,12
E02001788,E02001793,15
E02001788,E02001794,3
E02001788,E02001795,39
E02001788,E02001796,7
E02001788,E02001797,92
E02001788,E02001798,32
E02001788,E02001799,18
E02001788,E02001800,25
E02001788,E02001801,11
E02001788,E02001802,4
E02001788,E02001803,68
E02001788,E02001804,3
E02001788,E02001805,5
E02001788,E02001806,14
E02001788,E02001807,29
E02001788,E02001808,7
E02001788,E02001809,22
E02001788,E02001810,2
E02001788,E02001811,4
E02001788,E02001812,13
E02001788,E02001813,6
E02001788,E02001814,8
E02001788,E02001815,7
E02001788,E02001816,3
E02001788,E02001817,1
E02001788,E02001819,40
E02001788,E02001820,2
E02001788,E02001822,3
E02001788,E02001823,1
E02001788,E02001824,10
E02001788,E02001825,4
E02001788,E02006841,46
E02001788,E02006842,5
E02001789,E02001684,22
E02001789,E02001686,5
E02001789,E02001688,41
E02001789,E02001689,4
E02001789,E02001690,15
E02001789,E02001691,5
E02001789,E02001693,1
E02001789,E02001694,1
E02001789,E02001695,6
E02001789,E02001696,1
E02001789,E02001697,14
E02001789,E02001698,2
E02001789,E02001699,2
E02001789,E02001700,3
E02001789,E02001701,2
E02001789,E02001702,1
E02001789,E02001703,1
E02001789,E02001706,12
E02001789,E02001707,13
E02001789,E02001708,9
E02001789,E02001709,3
E02001789,E02001711,8
E02001789,E02001712,3
E02001789,E02001713,14
E02001789,E02001714,14
E02001789,E02001715,2
E02001789,E02001718,2
E02001789,E02001719,1
E02001789,E02001721,1
E02001789,E02001723,2
E02001789,E02001724,12
E02001789,E02001725,2
E02001789,E02001726,3
E02001789,E02001727,3
E02001789,E02001728,7
E02001789,E02001729,4
E02001789,E02001730,25
E02001789,E02001731,130
E02001789,E02001732,2
E02001789,E02001733,13
E02001789,E02001734,7
E02001789,E02001736,24
E02001789,E02001737,6
E02001789,E02001741,2
E02001789,E02001745,7
E02001789,E02001746,2
E02001789,E02001748,7
E02001789,E02001750,1
E02001789,E02001751,2
E02001789,E02001752,10
E02001789,E02001755,5
E02001789,E02001756,12
E02001789,E02001759,8
E02001789,E02001760,1
E02001789,E02001764,7
E02001789,E02001765,4
E02001789,E02001766,1
E02001789,E02001767,3
E02001789,E02001768,105
E02001789,E02001769,104
E02001789,E02001770,22
E02001789,E02001771,4
E02001789,E02001772,35
E02001789,E02001773,16
E02001789,E02001774,60
E02001789,E02001775,12
E02001789,E02001776,28
E02001789,E02001777,23
E02001789,E02001778,88
E02001789,E02001779,45
E02001789,E02001780,4
E02001789,E02001781,2
E02001789,E02001782,22
E02001789,E02001783,7
E02001789,E02001784,5
E02001789,E02001785,24
E02001789,E02001786,14
E02001789,E02001787,13
E02001789,E02001788,46
E02001789,E02001789,80
E02001789,E02001790,100
E02001789,E02001791,26
E02001789,E02001792,11
E02001789,E02001793,10
E02001789,E02001794,15
E02001789,E02001795,49
E02001789,E02001796,38
E02001789,E02001797,39
E02001789,E02001798,34
E02001789,E02001799,6
E02001789,E02001800,9
E02001789,E02001801,39
E02001789,E02001802,11
E02001789,E02001803,109
E02001789,E02001804,6
E02001789,E02001805,3
E02001789,E02001806,24
E02001789,E02001807,8
E02001789,E02001808,9
E02001789,E02001809,18
E02001789,E02001810,4
E02001789,E02001811,5
E02001789,E02001812,7
E02001789,E02001813,11
E02001789,E02001814,7
E02001789,E02001815,8
E02001789,E02001816,8
E02001789,E02001818,5
E02001789,E02001819,39
E02001789,E02001820,8
E02001789,E02001821,1
E02001789,E02001822,4
E02001789,E02001823,2
E02001789,E02001824,10
E02001789,E02001825,13
E02001789,E02006841,36
E02001790,E02001683,3
E02001790,E02001684,28
E02001790,E02001686,1
E02001790,E02001688,45
E02001790,E02001689,5
E02001790,E02001690,23
E02001790,E02001691,1
E02001790,E02001692,2
E02001790,E02001693,1
E02001790,E02001694,4
E02001790,E02001695,12
E02001790,E02001696,2
E02001790,E02001697,7
E02001790,E02001699,2
E02001790,E02001700,6
E02001790,E02001701,4
E02001790,E02001702,1
E02001790,E02001704,1
E02001790,E02001706,9
E02001790,E02001707,13
E02001790,E02001708,5
E02001790,E02001709,3
E02001790,E02001711,5
E02001790,E02001712,8
E02001790,E02001713,10
E02001790,E02001714,10
E02001790,E02001715,2
E02001790,E02001719,4
E02001790,E02001721,5
E02001790,E02001722,1
E02001790,E02001723,2
E02001790,E02001724,5
E02001790,E02001725,2
E02001790,E02001727,1
E02001790,E02001728,5
E02001790,E02001729,3
E02001790,E02001730,26
E02001790,E02001731,125
E02001790,E02001732,4
E02001790,E02001733,16
E02001790,E02001734,5
E02001790,E02001735,2
E02001790,E02001736,33
E02001790,E02001737,5
E02001790,E02001739,1
E02001790,E02001743,1
E02001790,E02001745,4
E02001790,E02001748,11
E02001790,E02001750,6
E02001790,E02001751,4
E02001790,E02001752,17
E02001790,E02001753,2
E02001790,E02001755,4
E02001790,E02001756,6
E02001790,E02001758,1
E02001790,E02001759,5
E02001790,E02001760,5
E02001790,E02001763,1
E02001790,E02001764,2
E02001790,E02001765,2
E02001790,E02001766,6
E02001790,E02001767,2
E02001790,E02001768,64
E02001790,E02001769,88
E02001790,E02001770,20
E02001790,E02001771,5
E02001790,E02001772,17
E02001790,E02001773,16
E02001790,E02001774,60
E02001790,E02001775,8
E02001790,E02001776,46
E02001790,E02001777,22
E02001790,E02001778,71
E02001790,E02001779,50
E02001790,E02001780,4
E02001790,E02001781,5
E02001790,E02001782,20
E02001790,E02001783,10
E02001790,E02001784,5
E02001790,E02001785,12
E02001790,E02001786,5
E02001790,E02001787,14
E02001790,E02001788,111
E02001790,E02001789,38
E02001790,E02001790,145
E02001790,E02001791,12
E02001790,E02001792,9
E02001790,E02001793,24
E02001790,E02001794,19
E02001790,E02001795,63
E02001790,E02001796,26
E02001790,E02001797,51
E02001790,E02001798,37
E02001790,E02001799,10
E02001790,E02001800,13
E02001790,E02001801,27
E02001790,E02001802,8
E02001790,E02001803,128
E02001790,E02001804,5
E02001790,E02001805,5
E02001790,E02001806,22
E02001790,E02001807,31
E02001790,E02001808,8
E02001790,E02001809,20
E02001790,E02001810,7
E02001790,E02001811,5
E02001790,E02001812,11
E02001790,E02001813,3
E02001790,E02001815,9
E02001790,E02001816,3
E02001790,E02001817,5
E02001790,E02001819,39
E02001790,E02001820,4
E02001790,E02001821,4
E02001790,E02001822,6
E02001790,E02001824,5
E02001790,E02001825,11
E02001790,E02006841,34
E02001790,E02006842,2
E02001791,E02001684,20
E02001791,E02001686,4
E02001791,E02001688,40
E02001791,E02001689,1
E02001791,E02001690,5
E02001791,E02001691,1
E02001791,E02001693,1
E02001791,E02001694,1
E02001791,E02001695,5
E02001791,E02001697,4
E02001791,E02001699,1
E02001791,E02001700,1
E02001791,E02001701,1
E02001791,E02001702,1
E02001791,E02001706,15
E02001791,E02001707,12
E02001791,E02001708,4
E02001791,E02001709,2
E02001791,E02001710,1
E02001791,E02001711,4
E02001791,E02001712,2
E02001791,E02001713,13
E02001791,E02001714,5
E02001791,E02001715,1
E02001791,E02001719,1
E02001791,E02001721,3
E02001791,E02001724,6
E02001791,E02001725,3
E02001791,E02001727,3
E02001791,E02001728,5
E02001791,E02001729,5
E02001791,E02001730,11
E02001791,E02001731,86
E02001791,E02001732,5
E02001791,E02001733,7
E02001791,E02001734,4
E02001791,E02001736,18
E02001791,E02001737,2
E02001791,E02001739,4
E02001791,E02001748,5
E02001791,E02001750,1
E02001791,E02001752,11
E02001791,E02001755,2
E02001791,E02001756,8
E02001791,E02001759,3
E02001791,E02001760,2
E02001791,E02001764,2
E02001791,E02001767,3
E02001791,E02001768,14
E02001791,E02001769,39
E02001791,E02001770,2
E02001791,E02001772,7
E02001791,E02001773,7
E02001791,E02001774,18
E02001791,E02001775,4
E02001791,E02001776,20
E02001791,E02001777,7
E02001791,E02001778,21
E02001791,E02001779,19
E02001791,E02001780,3
E02001791,E02001781,1
E02001791,E02001782,4
E02001791,E02001783,1
E02001791,E02001784,6
E02001791,E02001785,3
E02001791,E02001786,3
E02001791,E02001787,7
E02001791,E02001788,17
E02001791,E02001789,12
E02001791,E02001790,27
E02001791,E02001791,189
E02001791,E02001792,77
E02001791,E02001793,16
E02001791,E02001794,17
E02001791,E02001795,159
E02001791,E02001796,86
E02001791,E02001797,78
E02001791,E02001798,63
E02001791,E02001799,25
E02001791,E02001800,12
E02001791,E02001801,94
E02001791,E02001802,19
E02001791,E02001803,323
E02001791,E02001804,17
E02001791,E02001805,8
E02001791,E02001806,45
E02001791,E02001807,47
E02001791,E02001808,17
E02001791,E02001809,20
E02001791,E02001810,10
E02001791,E02001811,17
E02001791,E02001812,32
E02001791,E02001813,15
E02001791,E02001814,29
E02001791,E02001815,3
E02001791,E02001816,6
E02001791,E02001817,5
E02001791,E02001818,10
E02001791,E02001819,72
E02001791,E02001820,5
E02001791,E02001821,4
E02001791,E02001822,6
E02001791,E02001823,7
E02001791,E02001824,11
E02001791,E02001825,16
E02001791,E02001826,3
E02001791,E02006841,18
E02001791,E02006842,4
E02001791,E02006893,1
E02001792,E02001684,4
E02001792,E02001686,6
E02001792,E02001688,33
E02001792,E02001689,2
E02001792,E02001690,3
E02001792,E02001691,1
E02001792,E02001693,3
E02001792,E02001695,5
E02001792,E02001696,4
E02001792,E02001697,13
E02001792,E02001699,1
E02001792,E02001700,1
E02001792,E02001701,3
E02001792,E02001702,1
E02001792,E02001706,8
E02001792,E02001707,9
E02001792,E02001708,3
E02001792,E02001709,2
E02001792,E02001710,1
E02001792,E02001711,4
E02001792,E02001712,6
E02001792,E02001713,17
E02001792,E02001714,8
E02001792,E02001715,3
E02001792,E02001718,1
E02001792,E02001721,3
E02001792,E02001723,2
E02001792,E02001724,4
E02001792,E02001725,2
E02001792,E02001726,1
E02001792,E02001727,3
E02001792,E02001728,5
E02001792,E02001729,2
E02001792,E02001730,18
E02001792,E02001731,99
E02001792,E02001732,2
E02001792,E02001733,12
E02001792,E02001734,7
E02001792,E02001736,18
E02001792,E02001737,8
E02001792,E02001742,2
E02001792,E02001745,4
E02001792,E02001746,1
E02001792,E02001748,3
E02001792,E02001750,1
E02001792,E02001751,1
E02001792,E02001752,10
E02001792,E02001753,4
E02001792,E02001754,1
E02001792,E02001755,4
E02001792,E02001756,12
E02001792,E02001758,2
E02001792,E02001759,3
E02001792,E02001760,1
E02001792,E02001761,1
E02001792,E02001764,3
E02001792,E02001765,1
E02001792,E02001768,32
E02001792,E02001769,51
E02001792,E02001770,3
E02001792,E02001771,4
E02001792,E02001772,9
E02001792,E02001773,7
E02001792,E02001774,17
E02001792,E02001775,3
E02001792,E02001776,20
E02001792,E02001777,5
E02001792,E02001778,19
E02001792,E02001779,24
E02001792,E02001780,1
E02001792,E02001781,1
E02001792,E02001782,8
E02001792,E02001783,3
E02001792,E02001784,1
E02001792,E02001785,28
E02001792,E02001786,5
E02001792,E02001787,7
E02001792,E02001788,10
E02001792,E02001789,6
E02001792,E02001790,40
E02001792,E02001791,153
E02001792,E02001792,158
E02001792,E02001793,13
E02001792,E02001794,17
E02001792,E02001795,196
E02001792,E02001796,131
E02001792,E02001797,87
E02001792,E02001798,74
E02001792,E02001799,17
E02001792,E02001800,11
E02001792,E02001801,109
E02001792,E02001802,34
E02001792,E02001803,321
E02001792,E02001804,35
E02001792,E02001805,11
E02001792,E02001806,62
E02001792,E02001807,37
E02001792,E02001808,22
E02001792,E02001809,26
E02001792,E02001810,8
E02001792,E02001811,12
E02001792,E02001812,35
E02001792,E02001813,21
E02001792,E02001814,39
E02001792,E02001815,11
E02001792,E02001816,6
E02001792,E02001817,7
E02001792,E02001818,23
E02001792,E02001819,94
E02001792,E02001820,8
E02001792,E02001821,3
E02001792,E02001822,11
E02001792,E02001823,7
E02001792,E02001824,12
E02001792,E02001825,12
E02001792,E02001826,5
E02001792,E02006841,21
E02001792,E02006842,2
E02001792,E02006893,1
E02001793,E02001682,2
E02001793,E02001684,9
E02001793,E02001686,2
E02001793,E02001688,40
E02001793,E02001689,2
E02001793,E02001690,9
E02001793,E02001694,3
E02001793,E02001695,13
E02001793,E02001696,5
E02001793,E02001697,4
E02001793,E02001700,2
E02001793,E02001701,2
E02001793,E02001702,2
E02001793,E02001706,9
E02001793,E02001707,15
E02001793,E02001708,1
E02001793,E02001709,1
E02001793,E02001710,1
E02001793,E02001711,3
E02001793,E02001712,3
E02001793,E02001713,7
E02001793,E02001714,1
E02001793,E02001715,1
E02001793,E02001720,1
E02001793,E02001721,3
E02001793,E02001724,3
E02001793,E02001725,2
E02001793,E02001727,2
E02001793,E02001728,5
E02001793,E02001729,1
E02001793,E02001730,13
E02001793,E02001731,41
E02001793,E02001733,6
E02001793,E02001734,2
E02001793,E02001736,16
E02001793,E02001739,1
E02001793,E02001743,1
E02001793,E02001744,1
E02001793,E02001745,1
E02001793,E02001748,2
E02001793,E02001752,10
E02001793,E02001753,2
E02001793,E02001755,3
E02001793,E02001756,8
E02001793,E02001759,2
E02001793,E02001764,8
E02001793,E02001766,1
E02001793,E02001768,3
E02001793,E02001769,14
E02001793,E02001770,3
E02001793,E02001772,4
E02001793,E02001773,1
E02001793,E02001774,11
E02001793,E02001775,4
E02001793,E02001776,12
E02001793,E02001777,4
E02001793,E02001778,12
E02001793,E02001779,10
E02001793,E02001782,8
E02001793,E02001783,1
E02001793,E02001784,3
E02001793,E02001786,2
E02001793,E02001787,8
E02001793,E02001788,60
E02001793,E02001789,6
E02001793,E02001790,29
E02001793,E02001791,14
E02001793,E02001792,35
E02001793,E02001793,155
E02001793,E02001794,37
E02001793,E02001795,194
E02001793,E02001796,73
E02001793,E02001797,232
E02001793,E02001798,210
E02001793,E02001799,70
E02001793,E02001800,25
E02001793,E02001801,83
E02001793,E02001802,32
E02001793,E02001803,365
E02001793,E02001804,29
E02001793,E02001805,18
E02001793,E02001806,83
E02001793,E02001807,108
E02001793,E02001808,9
E02001793,E02001809,47
E02001793,E02001810,18
E02001793,E02001811,21
E02001793,E02001812,29
E02001793,E02001813,20
E02001793,E02001814,44
E02001793,E02001815,19
E02001793,E02001816,15
E02001793,E02001817,5
E02001793,E02001818,6
E02001793,E02001819,107
E02001793,E02001820,7
E02001793,E02001821,1
E02001793,E02001822,9
E02001793,E02001823,6
E02001793,E02001824,12
E02001793,E02001825,17
E02001793,E02001826,1
E02001793,E02006841,23
E02001793,E02006842,1
E02001793,E02006893,1
E02001794,E02001682,1
E02001794,E02001684,12
E02001794,E02001686,5
E02001794,E02001688,33
E02001794,E02001689,3
E02001794,E02001690,7
E02001794,E02001691,2
E02001794,E02001692,1
E02001794,E02001695,11
E02001794,E02001697,1
E02001794,E02001699,1
E02001794,E02001700,3
E02001794,E02001701,1
E02001794,E02001702,1
E02001794,E02001704,2
E02001794,E02001705,1
E02001794,E02001706,8
E02001794,E02001707,9
E02001794,E02001711,5
E02001794,E02001712,2
E02001794,E02001713,6
E02001794,E02001714,2
E02001794,E02001720,2
E02001794,E02001721,1
E02001794,E02001724,1
E02001794,E02001726,1
E02001794,E02001727,1
E02001794,E02001728,1
E02001794,E02001730,5
E02001794,E02001731,23
E02001794,E02001732,3
E02001794,E02001733,3
E02001794,E02001734,3
E02001794,E02001736,10
E02001794,E02001737,2
E02001794,E02001741,2
E02001794,E02001744,1
E02001794,E02001745,4
E02001794,E02001748,2
E02001794,E02001752,9
E02001794,E02001755,2
E02001794,E02001756,7
E02001794,E02001758,2
E02001794,E02001759,1
E02001794,E02001760,3
E02001794,E02001764,2
E02001794,E02001765,6
E02001794,E02001766,1
E02001794,E02001767,5
E02001794,E02001768,13
E02001794,E02001769,19
E02001794,E02001770,2
E02001794,E02001772,5
E02001794,E02001773,4
E02001794,E02001774,14
E02001794,E02001775,3
E02001794,E02001776,6
E02001794,E02001777,3
E02001794,E02001778,7
E02001794,E02001779,12
E02001794,E02001781,1
E02001794,E02001782,6
E02001794,E02001784,1
E02001794,E02001785,1
E02001794,E02001786,2
E02001794,E02001787,9
E02001794,E02001788,27
E02001794,E02001789,4
E02001794,E02001790,32
E02001794,E02001791,42
E02001794,E02001792,42
E02001794,E02001793,39
E02001794,E02001794,185
E02001794,E02001795,270
E02001794,E02001796,106
E02001794,E02001797,142
E02001794,E02001798,178
E02001794,E02001799,42
E02001794,E02001800,19
E02001794,E02001801,83
E02001794,E02001802,45
E02001794,E02001803,352
E02001794,E02001804,41
E02001794,E02001805,22
E02001794,E02001806,95
E02001794,E02001807,76
E02001794,E02001808,17
E02001794,E02001809,30
E02001794,E02001810,12
E02001794,E02001811,27
E02001794,E02001812,23
E02001794,E02001813,24
E02001794,E02001814,55
E02001794,E02001815,17
E02001794,E02001816,19
E02001794,E02001817,15
E02001794,E02001818,13
E02001794,E02001819,136
E02001794,E02001820,9
E02001794,E02001821,4
E02001794,E02001822,11
E02001794,E02001823,5
E02001794,E02001824,16
E02001794,E02001825,18
E02001794,E02001826,1
E02001794,E02006841,12
E02001794,E02006842,1
E02001795,E02001684,13
E02001795,E02001686,1
E02001795,E02001688,35
E02001795,E02001689,4
E02001795,E02001690,6
E02001795,E02001694,2
E02001795,E02001695,7
E02001795,E02001697,2
E02001795,E02001701,3
E02001795,E02001702,1
E02001795,E02001705,1
E02001795,E02001706,4
E02001795,E02001707,7
E02001795,E02001709,5
E02001795,E02001710,2
E02001795,E02001711,6
E02001795,E02001712,1
E02001795,E02001713,6
E02001795,E02001714,6
E02001795,E02001719,1
E02001795,E02001720,1
E02001795,E02001721,1
E02001795,E02001723,1
E02001795,E02001724,2
E02001795,E02001725,1
E02001795,E02001727,1
E02001795,E02001728,10
E02001795,E02001729,2
E02001795,E02001730,6
E02001795,E02001731,55
E02001795,E02001732,1
E02001795,E02001734,3
E02001795,E02001736,15
E02001795,E02001737,6
E02001795,E02001745,2
E02001795,E02001748,3
E02001795,E02001750,3
E02001795,E02001752,11
E02001795,E02001753,1
E02001795,E02001755,2
E02001795,E02001756,6
E02001795,E02001759,1
E02001795,E02001760,1
E02001795,E02001764,1
E02001795,E02001765,6
E02001795,E02001766,2
E02001795,E02001768,11
E02001795,E02001769,33
E02001795,E02001770,4
E02001795,E02001772,4
E02001795,E02001774,11
E02001795,E02001775,8
E02001795,E02001776,15
E02001795,E02001777,5
E02001795,E02001778,9
E02001795,E02001779,17
E02001795,E02001780,1
E02001795,E02001782,7
E02001795,E02001783,3
E02001795,E02001784,2
E02001795,E02001785,5
E02001795,E02001786,1
E02001795,E02001787,7
E02001795,E02001788,18
E02001795,E02001789,15
E02001795,E02001790,22
E02001795,E02001791,85
E02001795,E02001792,51
E02001795,E02001793,15
E02001795,E02001794,49
E02001795,E02001795,327
E02001795,E02001796,151
E02001795,E02001797,115
E02001795,E02001798,120
E02001795,E02001799,28
E02001795,E02001800,12
E02001795,E02001801,80
E02001795,E02001802,32
E02001795,E02001803,379
E02001795,E02001804,24
E02001795,E02001805,19
E02001795,E02001806,87
E02001795,E02001807,56
E02001795,E02001808,12
E02001795,E02001809,21
E02001795,E02001810,7
E02001795,E02001811,13
E02001795,E02001812,32
E02001795,E02001813,30
E02001795,E02001814,43
E02001795,E02001815,8
E02001795,E02001816,7
E02001795,E02001817,12
E02001795,E02001818,19
E02001795,E02001819,152
E02001795,E02001820,3
E02001795,E02001821,2
E02001795,E02001822,7
E02001795,E02001823,6
E02001795,E02001824,19
E02001795,E02001825,25
E02001795,E02001826,3
E02001795,E02006841,23
E02001795,E02006842,1
E02001796,E02001682,1
E02001796,E02001684,17
E02001796,E02001686,4
E02001796,E02001688,43
E02001796,E02001689,2
E02001796,E02001690,9
E02001796,E02001692,1
E02001796,E02001693,1
E02001796,E02001695,8
E02001796,E02001696,2
E02001796,E02001697,9
E02001796,E02001700,4
E02001796,E02001701,2
E02001796,E02001702,2
E02001796,E02001704,1
E02001796,E02001705,1
E02001796,E02001706,12
E02001796,E02001707,15
E02001796,E02001708,10
E02001796,E02001709,5
E02001796,E02001710,3
E02001796,E02001711,5
E02001796,E02001712,4
E02001796,E02001713,16
E02001796,E02001714,8
E02001796,E02001715,5
E02001796,E02001718,1
E02001796,E02001720,3
E02001796,E02001721,5
E02001796,E02001722,1
E02001796,E02001724,7
E02001796,E02001725,1
E02001796,E02001728,5
E02001796,E02001729,5
E02001796,E02001730,14
E02001796,E02001731,103
E02001796,E02001732,1
E02001796,E02001733,10
E02001796,E02001734,3
E02001796,E02001736,22
E02001796,E02001737,7
E02001796,E02001739,1
E02001796,E02001742,2
E02001796,E02001743,1
E02001796,E02001748,5
E02001796,E02001750,3
E02001796,E02001751,1
E02001796,E02001752,13
E02001796,E02001753,4
E02001796,E02001754,1
E02001796,E02001756,14
E02001796,E02001758,1
E02001796,E02001759,4
E02001796,E02001760,3
E02001796,E02001761,1
E02001796,E02001764,2
E02001796,E02001765,4
E02001796,E02001766,2
E02001796,E02001767,4
E02001796,E02001768,30
E02001796,E02001769,48
E02001796,E02001770,6
E02001796,E02001772,8
E02001796,E02001773,2
E02001796,E02001774,30
E02001796,E02001775,5
E02001796,E02001776,13
E02001796,E02001777,3
E02001796,E02001778,9
E02001796,E02001779,12
E02001796,E02001780,3
E02001796,E02001781,1
E02001796,E02001782,9
E02001796,E02001783,4
E02001796,E02001784,3
E02001796,E02001785,8
E02001796,E02001786,1
E02001796,E02001787,5
E02001796,E02001788,10
E02001796,E02001789,14
E02001796,E02001790,34
E02001796,E02001791,112
E02001796,E02001792,103
E02001796,E02001793,22
E02001796,E02001794,15
E02001796,E02001795,202
E02001796,E02001796,348
E02001796,E02001797,114
E02001796,E02001798,62
E02001796,E02001799,36
E02001796,E02001800,24
E02001796,E02001801,117
E02001796,E02001802,59
E02001796,E02001803,483
E02001796,E02001804,34
E02001796,E02001805,22
E02001796,E02001806,100
E02001796,E02001807,56
E02001796,E02001808,26
E02001796,E02001809,32
E02001796,E02001810,8
E02001796,E02001811,10
E02001796,E02001812,70
E02001796,E02001813,26
E02001796,E02001814,81
E02001796,E02001815,19
E02001796,E02001816,10
E02001796,E02001817,5
E02001796,E02001818,27
E02001796,E02001819,138
E02001796,E02001820,11
E02001796,E02001821,3
E02001796,E02001822,28
E02001796,E02001823,10
E02001796,E02001824,21
E02001796,E02001825,25
E02001796,E02001826,2
E02001796,E02006841,39
E02001796,E02006842,3
E02001797,E02001682,4
E02001797,E02001684,56
E02001797,E02001685,1
E02001797,E02001686,6
E02001797,E02001688,112
E02001797,E02001689,10
E02001797,E02001690,30
E02001797,E02001691,6
E02001797,E02001693,4
E02001797,E02001694,3
E02001797,E02001695,11
E02001797,E02001696,7
E02001797,E02001697,50
E02001797,E02001698,5
E02001797,E02001699,2
E02001797,E02001700,8
E02001797,E02001701,6
E02001797,E02001702,22
E02001797,E02001704,5
E02001797,E02001705,1
E02001797,E02001706,19
E02001797,E02001707,45
E02001797,E02001708,8
E02001797,E02001709,5
E02001797,E02001710,2
E02001797,E02001711,4
E02001797,E02001712,4
E02001797,E02001713,12
E02001797,E02001714,15
E02001797,E02001715,2
E02001797,E02001718,2
E02001797,E02001719,1
E02001797,E02001720,2
E02001797,E02001721,4
E02001797,E02001722,1
E02001797,E02001724,10
E02001797,E02001725,7
E02001797,E02001726,2
E02001797,E02001728,6
E02001797,E02001729,4
E02001797,E02001730,23
E02001797,E02001731,137
E02001797,E02001732,2
E02001797,E02001733,11
E02001797,E02001734,3
E02001797,E02001736,19
E02001797,E02001737,7
E02001797,E02001739,2
E02001797,E02001741,2
E02001797,E02001742,1
E02001797,E02001745,7
E02001797,E02001747,1
E02001797,E02001748,8
E02001797,E02001750,1
E02001797,E02001752,7
E02001797,E02001755,4
E02001797,E02001756,17
E02001797,E02001758,2
E02001797,E02001759,4
E02001797,E02001760,5
E02001797,E02001764,3
E02001797,E02001765,3
E02001797,E02001766,4
E02001797,E02001767,4
E02001797,E02001768,10
E02001797,E02001769,24
E02001797,E02001770,3
E02001797,E02001772,2
E02001797,E02001773,3
E02001797,E02001774,13
E02001797,E02001775,3
E02001797,E02001776,10
E02001797,E02001777,12
E02001797,E02001778,11
E02001797,E02001779,12
E02001797,E02001780,1
E02001797,E02001782,6
E02001797,E02001783,2
E02001797,E02001784,1
E02001797,E02001785,3
E02001797,E02001787,10
E02001797,E02001788,9
E02001797,E02001789,5
E02001797,E02001790,11
E02001797,E02001791,4
E02001797,E02001793,5
E02001797,E02001794,3
E02001797,E02001795,27
E02001797,E02001796,12
E02001797,E02001797,219
E02001797,E02001798,30
E02001797,E02001799,147
E02001797,E02001800,89
E02001797,E02001801,27
E02001797,E02001802,19
E02001797,E02001803,90
E02001797,E02001804,3
E02001797,E02001805,4
E02001797,E02001806,18
E02001797,E02001807,161
E02001797,E02001808,1
E02001797,E02001809,149
E02001797,E02001810,32
E02001797,E02001811,8
E02001797,E02001812,9
E02001797,E02001813,11
E02001797,E02001814,11
E02001797,E02001815,28
E02001797,E02001816,6
E02001797,E02001817,3
E02001797,E02001818,3
E02001797,E02001819,36
E02001797,E02001820,10
E02001797,E02001821,2
E02001797,E02001822,11
E02001797,E02001823,6
E02001797,E02001824,8
E02001797,E02001825,17
E02001797,E02001826,4
E02001797,E02006841,70
E02001797,E02006842,6
E02001798,E02001682,6
E02001798,E02001684,9
E02001798,E02001686,4
E02001798,E02001688,35
E02001798,E02001689,7
E02001798,E02001690,14
E02001798,E02001691,1
E02001798,E02001693,1
E02001798,E02001695,9
E02001798,E02001696,3
E02001798,E02001697,6
E02001798,E02001700,2
E02001798,E02001701,1
E02001798,E02001703,2
E02001798,E02001704,1
E02001798,E02001706,11
E02001798,E02001707,11
E02001798,E02001708,3
E02001798,E02001709,2
E02001798,E02001710,3
E02001798,E02001711,6
E02001798,E02001712,2
E02001798,E02001713,6
E02001798,E02001714,6
E02001798,E02001715,1
E02001798,E02001721,1
E02001798,E02001722,2
E02001798,E02001724,1
E02001798,E02001725,2
E02001798,E02001726,1
E02001798,E02001728,4
E02001798,E02001729,1
E02001798,E02001730,8
E02001798,E02001731,40
E02001798,E02001732,1
E02001798,E02001733,6
E02001798,E02001734,5
E02001798,E02001736,10
E02001798,E02001737,4
E02001798,E02001741,3
E02001798,E02001743,1
E02001798,E02001744,1
E02001798,E02001745,1
E02001798,E02001748,4
E02001798,E02001752,4
E02001798,E02001755,5
E02001798,E02001756,5
E02001798,E02001758,1
E02001798,E02001760,2
E02001798,E02001764,3
E02001798,E02001765,1
E02001798,E02001767,2
E02001798,E02001768,13
E02001798,E02001769,28
E02001798,E02001770,6
E02001798,E02001772,7
E02001798,E02001773,2
E02001798,E02001774,17
E02001798,E02001775,2
E02001798,E02001776,17
E02001798,E02001777,8
E02001798,E02001778,15
E02001798,E02001779,31
E02001798,E02001780,1
E02001798,E02001781,1
E02001798,E02001782,5
E02001798,E02001784,1
E02001798,E02001785,6
E02001798,E02001786,7
E02001798,E02001787,10
E02001798,E02001788,35
E02001798,E02001789,6
E02001798,E02001790,44
E02001798,E02001791,21
E02001798,E02001792,29
E02001798,E02001793,52
E02001798,E02001794,23
E02001798,E02001795,224
E02001798,E02001796,82
E02001798,E02001797,229
E02001798,E02001798,413
E02001798,E02001799,55
E02001798,E02001800,32
E02001798,E02001801,92
E02001798,E02001802,45
E02001798,E02001803,323
E02001798,E02001804,32
E02001798,E02001805,7
E02001798,E02001806,88
E02001798,E02001807,107
E02001798,E02001808,16
E02001798,E02001809,39
E02001798,E02001810,17
E02001798,E02001811,14
E02001798,E02001812,27
E02001798,E02001813,13
E02001798,E02001814,37
E02001798,E02001815,4
E02001798,E02001816,9
E02001798,E02001817,12
E02001798,E02001818,11
E02001798,E02001819,120
E02001798,E02001820,4
E02001798,E02001821,5
E02001798,E02001822,14
E02001798,E02001823,7
E02001798,E02001824,13
E02001798,E02001825,22
E02001798,E02001826,1
E02001798,E02006841,25
E02001798,E02006842,5
E02001798,E02006893,2
E02001799,E02001684,41
E02001799,E02001686,10
E02001799,E02001688,94
E02001799,E02001689,11
E02001799,E02001690,41
E02001799,E02001691,6
E02001799,E02001693,4
E02001799,E02001694,7
E02001799,E02001695,30
E02001799,E02001696,3
E02001799,E02001697,35
E02001799,E02001699,1
E02001799,E02001700,6
E02001799,E02001701,8
E02001799,E02001702,9
E02001799,E02001704,1
E02001799,E02001706,13
E02001799,E02001707,57
E02001799,E02001708,6
E02001799,E02001709,3
E02001799,E02001710,1
E02001799,E02001711,3
E02001799,E02001712,1
E02001799,E02001713,17
E02001799,E02001714,9
E02001799,E02001715,2
E02001799,E02001720,1
E02001799,E02001721,11
E02001799,E02001722,2
E02001799,E02001724,2
E02001799,E02001725,3
E02001799,E02001726,2
E02001799,E02001727,6
E02001799,E02001728,15
E02001799,E02001729,1
E02001799,E02001730,19
E02001799,E02001731,105
E02001799,E02001732,2
E02001799,E02001733,15
E02001799,E02001734,6
E02001799,E02001736,15
E02001799,E02001737,4
E02001799,E02001741,1
E02001799,E02001743,1
E02001799,E02001745,3
E02001799,E02001746,3
E02001799,E02001748,7
E02001799,E02001750,4
E02001799,E02001752,16
E02001799,E02001753,4
E02001799,E02001755,2
E02001799,E02001756,22
E02001799,E02001758,3
E02001799,E02001759,7
E02001799,E02001760,1
E02001799,E02001764,2
E02001799,E02001765,1
E02001799,E02001766,5
E02001799,E02001767,1
E02001799,E02001768,3
E02001799,E02001769,12
E02001799,E02001770,1
E02001799,E02001771,1
E02001799,E02001773,6
E02001799,E02001774,18
E02001799,E02001775,1
E02001799,E02001776,12
E02001799,E02001777,8
E02001799,E02001778,7
E02001799,E02001779,14
E02001799,E02001780,1
E02001799,E02001782,12
E02001799,E02001787,12
E02001799,E02001788,11
E02001799,E02001789,13
E02001799,E02001790,26
E02001799,E02001791,1
E02001799,E02001792,1
E02001799,E02001793,3
E02001799,E02001794,8
E02001799,E02001795,54
E02001799,E02001796,24
E02001799,E02001797,401
E02001799,E02001798,44
E02001799,E02001799,460
E02001799,E02001800,179
E02001799,E02001801,31
E02001799,E02001802,14
E02001799,E02001803,117
E02001799,E02001804,14
E02001799,E02001805,3
E02001799,E02001806,18
E02001799,E02001807,338
E02001799,E02001808,4
E02001799,E02001809,310
E02001799,E02001810,93
E02001799,E02001811,11
E02001799,E02001812,11
E02001799,E02001813,11
E02001799,E02001814,18
E02001799,E02001815,68
E02001799,E02001816,8
E02001799,E02001817,3
E02001799,E02001818,2
E02001799,E02001819,79
E02001799,E02001820,7
E02001799,E02001821,2
E02001799,E02001822,23
E02001799,E02001823,9
E02001799,E02001824,9
E02001799,E02001825,24
E02001799,E02006841,59
E02001799,E02006842,7
E02001800,E02001682,1
E02001800,E02001683,1
E02001800,E02001684,32
E02001800,E02001686,13
E02001800,E02001688,119
E02001800,E02001689,4
E02001800,E02001690,38
E02001800,E02001691,3
E02001800,E02001693,3
E02001800,E02001694,4
E02001800,E02001695,23
E02001800,E02001696,3
E02001800,E02001697,44
E02001800,E02001698,2
E02001800,E02001699,5
E02001800,E02001700,12
E02001800,E02001701,16
E02001800,E02001702,7
E02001800,E02001703,2
E02001800,E02001704,2
E02001800,E02001706,25
E02001800,E02001707,57
E02001800,E02001708,9
E02001800,E02001709,2
E02001800,E02001710,2
E02001800,E02001711,6
E02001800,E02001712,6
E02001800,E02001713,18
E02001800,E02001714,17
E02001800,E02001715,1
E02001800,E02001718,2
E02001800,E02001719,2
E02001800,E02001720,3
E02001800,E02001721,6
E02001800,E02001722,2
E02001800,E02001723,1
E02001800,E02001724,5
E02001800,E02001725,6
E02001800,E02001726,2
E02001800,E02001727,4
E02001800,E02001728,10
E02001800,E02001729,5
E02001800,E02001730,23
E02001800,E02001731,126
E02001800,E02001732,3
E02001800,E02001733,11
E02001800,E02001734,8
E02001800,E02001735,2
E02001800,E02001736,24
E02001800,E02001737,7
E02001800,E02001741,1
E02001800,E02001745,4
E02001800,E02001748,8
E02001800,E02001750,2
E02001800,E02001751,1
E02001800,E02001752,10
E02001800,E02001754,1
E02001800,E02001755,5
E02001800,E02001756,19
E02001800,E02001758,1
E02001800,E02001760,4
E02001800,E02001764,1
E02001800,E02001766,2
E02001800,E02001767,1
E02001800,E02001768,14
E02001800,E02001769,14
E02001800,E02001770,1
E02001800,E02001772,1
E02001800,E02001774,11
E02001800,E02001775,1
E02001800,E02001776,7
E02001800,E02001777,8
E02001800,E02001778,7
E02001800,E02001779,18
E02001800,E02001781,2
E02001800,E02001782,7
E02001800,E02001783,2
E02001800,E02001784,1
E02001800,E02001787,8
E02001800,E02001788,13
E02001800,E02001789,6
E02001800,E02001790,17
E02001800,E02001791,6
E02001800,E02001792,1
E02001800,E02001793,4
E02001800,E02001794,3
E02001800,E02001795,53
E02001800,E02001796,14
E02001800,E02001797,225
E02001800,E02001798,46
E02001800,E02001799,185
E02001800,E02001800,208
E02001800,E02001801,24
E02001800,E02001802,8
E02001800,E02001803,97
E02001800,E02001804,13
E02001800,E02001805,1
E02001800,E02001806,14
E02001800,E02001807,252
E02001800,E02001808,8
E02001800,E02001809,335
E02001800,E02001810,80
E02001800,E02001811,9
E02001800,E02001812,9
E02001800,E02001813,8
E02001800,E02001814,10
E02001800,E02001815,70
E02001800,E02001816,1
E02001800,E02001817,2
E02001800,E02001818,2
E02001800,E02001819,83
E02001800,E02001820,12
E02001800,E02001821,1
E02001800,E02001822,14
E02001800,E02001823,3
E02001800,E02001824,12
E02001800,E02001825,20
E02001800,E02001826,1
E02001800,E02006841,50
E02001800,E02006842,7
E02001801,E02001682,1
E02001801,E02001684,15
E02001801,E02001686,2
E02001801,E02001688,19
E02001801,E02001689,1
E02001801,E02001690,16
E02001801,E02001693,3
E02001801,E02001694,1
E02001801,E02001695,5
E02001801,E02001696,1
E02001801,E02001697,6
E02001801,E02001699,3
E02001801,E02001702,1
E02001801,E02001704,1
E02001801,E02001706,2
E02001801,E02001707,12
E02001801,E02001708,4
E02001801,E02001709,2
E02001801,E02001710,2
E02001801,E02001711,4
E02001801,E02001713,3
E02001801,E02001714,4
E02001801,E02001715,3
E02001801,E02001719,1
E02001801,E02001721,4
E02001801,E02001722,1
E02001801,E02001724,1
E02001801,E02001725,3
E02001801,E02001726,1
E02001801,E02001727,2
E02001801,E02001728,2
E02001801,E02001729,1
E02001801,E02001730,5
E02001801,E02001731,53
E02001801,E02001732,1
E02001801,E02001733,5
E02001801,E02001734,2
E02001801,E02001736,4
E02001801,E02001737,2
E02001801,E02001743,3
E02001801,E02001744,1
E02001801,E02001745,3
E02001801,E02001748,3
E02001801,E02001750,1
E02001801,E02001752,6
E02001801,E02001753,2
E02001801,E02001754,1
E02001801,E02001755,1
E02001801,E02001756,2
E02001801,E02001760,2
E02001801,E02001765,1
E02001801,E02001766,1
E02001801,E02001767,3
E02001801,E02001768,13
E02001801,E02001769,19
E02001801,E02001770,2
E02001801,E02001772,2
E02001801,E02001773,2
E02001801,E02001774,6
E02001801,E02001775,1
E02001801,E02001776,9
E02001801,E02001777,1
E02001801,E02001778,3
E02001801,E02001779,6
E02001801,E02001781,1
E02001801,E02001782,3
E02001801,E02001783,1
E02001801,E02001785,5
E02001801,E02001787,2
E02001801,E02001788,4
E02001801,E02001789,1
E02001801,E02001790,14
E02001801,E02001791,10
E02001801,E02001792,22
E02001801,E02001793,11
E02001801,E02001794,10
E02001801,E02001795,102
E02001801,E02001796,55
E02001801,E02001797,69
E02001801,E02001798,70
E02001801,E02001799,25
E02001801,E02001800,7
E02001801,E02001801,392
E02001801,E02001802,43
E02001801,E02001803,376
E02001801,E02001804,28
E02001801,E02001805,36
E02001801,E02001806,55
E02001801,E02001807,42
E02001801,E02001808,35
E02001801,E02001809,19
E02001801,E02001810,9
E02001801,E02001811,27
E02001801,E02001812,47
E02001801,E02001813,37
E02001801,E02001814,51
E02001801,E02001815,5
E02001801,E02001816,16
E02001801,E02001817,14
E02001801,E02001818,11
E02001801,E02001819,94
E02001801,E02001820,6
E02001801,E02001821,2
E02001801,E02001822,9
E02001801,E02001823,3
E02001801,E02001824,12
E02001801,E02001825,31
E02001801,E02001826,4
E02001801,E02006841,17
E02001801,E02006842,2
E02001801,E02006893,1
E02001802,E02001683,1
E02001802,E02001684,11
E02001802,E02001686,3
E02001802,E02001688,16
E02001802,E02001689,2
E02001802,E02001690,6
E02001802,E02001693,1
E02001802,E02001695,3
E02001802,E02001696,1
E02001802,E02001697,3
E02001802,E02001698,1
E02001802,E02001700,1
E02001802,E02001701,1
E02001802,E02001706,2
E02001802,E02001707,5
E02001802,E02001708,1
E02001802,E02001711,4
E02001802,E02001713,5
E02001802,E02001714,3
E02001802,E02001721,1
E02001802,E02001726,1
E02001802,E02001727,1
E02001802,E02001729,1
E02001802,E02001730,5
E02001802,E02001731,34
E02001802,E02001733,3
E02001802,E02001736,2
E02001802,E02001737,1
E02001802,E02001741,1
E02001802,E02001743,1
E02001802,E02001752,5
E02001802,E02001753,1
E02001802,E02001755,1
E02001802,E02001756,9
E02001802,E02001759,1
E02001802,E02001760,2
E02001802,E02001765,1
E02001802,E02001766,1
E02001802,E02001767,2
E02001802,E02001768,6
E02001802,E02001769,12
E02001802,E02001772,2
E02001802,E02001774,8
E02001802,E02001776,10
E02001802,E02001777,1
E02001802,E02001778,3
E02001802,E02001779,4
E02001802,E02001782,1
E02001802,E02001783,3
E02001802,E02001785,3
E02001802,E02001786,1
E02001802,E02001787,4
E02001802,E02001788,6
E02001802,E02001789,3
E02001802,E02001790,7
E02001802,E02001791,14
E02001802,E02001792,21
E02001802,E02001793,4
E02001802,E02001794,3
E02001802,E02001795,103
E02001802,E02001796,46
E02001802,E02001797,76
E02001802,E02001798,55
E02001802,E02001799,16
E02001802,E02001800,7
E02001802,E02001801,205
E02001802,E02001802,87
E02001802,E02001803,269
E02001802,E02001804,83
E02001802,E02001805,42
E02001802,E02001806,74
E02001802,E02001807,48
E02001802,E02001808,19
E02001802,E02001809,18
E02001802,E02001810,9
E02001802,E02001811,51
E02001802,E02001812,46
E02001802,E02001813,22
E02001802,E02001814,42
E02001802,E02001815,8
E02001802,E02001816,14
E02001802,E02001817,12
E02001802,E02001818,24
E02001802,E02001819,118
E02001802,E02001820,3
E02001802,E02001821,2
E02001802,E02001822,16
E02001802,E02001823,11
E02001802,E02001824,19
E02001802,E02001825,31
E02001802,E02001826,3
E02001802,E02006841,9
E02001803,E02001682,2
E02001803,E02001684,12
E02001803,E02001686,2
E02001803,E02001688,29
E02001803,E02001689,5
E02001803,E02001690,19
E02001803,E02001695,4
E02001803,E02001696,2
E02001803,E02001697,3
E02001803,E02001700,3
E02001803,E02001701,1
E02001803,E02001702,1
E02001803,E02001706,12
E02001803,E02001707,6
E02001803,E02001708,8
E02001803,E02001709,6
E02001803,E02001711,7
E02001803,E02001712,5
E02001803,E02001713,21
E02001803,E02001714,6
E02001803,E02001715,1
E02001803,E02001719,1
E02001803,E02001720,1
E02001803,E02001721,2
E02001803,E02001724,3
E02001803,E02001725,3
E02001803,E02001726,2
E02001803,E02001727,3
E02001803,E02001728,4
E02001803,E02001729,1
E02001803,E02001730,11
E02001803,E02001731,106
E02001803,E02001732,3
E02001803,E02001733,12
E02001803,E02001734,1
E02001803,E02001735,1
E02001803,E02001736,15
E02001803,E02001737,2
E02001803,E02001743,1
E02001803,E02001744,8
E02001803,E02001748,4
E02001803,E02001750,2
E02001803,E02001752,14
E02001803,E02001753,1
E02001803,E02001755,1
E02001803,E02001756,16
E02001803,E02001759,1
E02001803,E02001763,1
E02001803,E02001764,1
E02001803,E02001766,1
E02001803,E02001767,4
E02001803,E02001768,12
E02001803,E02001769,17
E02001803,E02001770,1
E02001803,E02001771,1
E02001803,E02001772,4
E02001803,E02001773,2
E02001803,E02001774,12
E02001803,E02001775,2
E02001803,E02001776,12
E02001803,E02001777,1
E02001803,E02001778,8
E02001803,E02001779,14
E02001803,E02001780,1
E02001803,E02001781,1
E02001803,E02001782,7
E02001803,E02001783,2
E02001803,E02001785,4
E02001803,E02001787,1
E02001803,E02001788,10
E02001803,E02001789,9
E02001803,E02001790,15
E02001803,E02001791,22
E02001803,E02001792,25
E02001803,E02001793,9
E02001803,E02001794,8
E02001803,E02001795,131
E02001803,E02001796,69
E02001803,E02001797,97
E02001803,E02001798,70
E02001803,E02001799,30
E02001803,E02001800,19
E02001803,E02001801,166
E02001803,E02001802,23
E02001803,E02001803,671
E02001803,E02001804,52
E02001803,E02001805,17
E02001803,E02001806,108
E02001803,E02001807,51
E02001803,E02001808,27
E02001803,E02001809,34
E02001803,E02001810,4
E02001803,E02001811,17
E02001803,E02001812,68
E02001803,E02001813,31
E02001803,E02001814,65
E02001803,E02001815,4
E02001803,E02001816,24
E02001803,E02001817,24
E02001803,E02001818,19
E02001803,E02001819,183
E02001803,E02001820,10
E02001803,E02001821,3
E02001803,E02001822,18
E02001803,E02001823,10
E02001803,E02001824,14
E02001803,E02001825,30
E02001803,E02006841,19
E02001803,E02006842,1
E02001804,E02001684,13
E02001804,E02001686,5
E02001804,E02001688,22
E02001804,E02001689,5
E02001804,E02001690,4
E02001804,E02001695,8
E02001804,E02001697,3
E02001804,E02001700,1
E02001804,E02001701,1
E02001804,E02001706,12
E02001804,E02001707,11
E02001804,E02001708,3
E02001804,E02001709,2
E02001804,E02001712,1
E02001804,E02001713,17
E02001804,E02001714,4
E02001804,E02001718,2
E02001804,E02001720,1
E02001804,E02001724,1
E02001804,E02001726,1
E02001804,E02001727,1
E02001804,E02001728,4
E02001804,E02001729,3
E02001804,E02001730,4
E02001804,E02001731,48
E02001804,E02001732,2
E02001804,E02001733,2
E02001804,E02001734,2
E02001804,E02001736,9
E02001804,E02001737,3
E02001804,E02001741,2
E02001804,E02001748,2
E02001804,E02001752,7
E02001804,E02001756,8
E02001804,E02001757,1
E02001804,E02001760,5
E02001804,E02001763,1
E02001804,E02001765,3
E02001804,E02001766,2
E02001804,E02001767,1
E02001804,E02001768,11
E02001804,E02001769,8
E02001804,E02001770,1
E02001804,E02001771,1
E02001804,E02001772,2
E02001804,E02001773,2
E02001804,E02001774,9
E02001804,E02001775,2
E02001804,E02001776,8
E02001804,E02001777,2
E02001804,E02001778,4
E02001804,E02001779,9
E02001804,E02001782,1
E02001804,E02001784,1
E02001804,E02001785,2
E02001804,E02001787,10
E02001804,E02001788,3
E02001804,E02001789,2
E02001804,E02001790,11
E02001804,E02001791,13
E02001804,E02001792,13
E02001804,E02001793,12
E02001804,E02001794,11
E02001804,E02001795,105
E02001804,E02001796,53
E02001804,E02001797,98
E02001804,E02001798,63
E02001804,E02001799,29
E02001804,E02001800,17
E02001804,E02001801,139
E02001804,E02001802,57
E02001804,E02001803,298
E02001804,E02001804,174
E02001804,E02001805,38
E02001804,E02001806,81
E02001804,E02001807,38
E02001804,E02001808,20
E02001804,E02001809,28
E02001804,E02001810,5
E02001804,E02001811,54
E02001804,E02001812,15
E02001804,E02001813,47
E02001804,E02001814,67
E02001804,E02001815,8
E02001804,E02001816,22
E02001804,E02001817,11
E02001804,E02001818,12
E02001804,E02001819,148
E02001804,E02001820,11
E02001804,E02001821,2
E02001804,E02001822,18
E02001804,E02001823,10
E02001804,E02001824,16
E02001804,E02001825,16
E02001804,E02001826,5
E02001804,E02006841,11
E02001804,E02006842,3
E02001805,E02001684,10
E02001805,E02001686,1
E02001805,E02001688,26
E02001805,E02001689,2
E02001805,E02001690,3
E02001805,E02001691,1
E02001805,E02001695,1
E02001805,E02001696,1
E02001805,E02001697,5
E02001805,E02001700,2
E02001805,E02001701,1
E02001805,E02001706,2
E02001805,E02001707,8
E02001805,E02001708,1
E02001805,E02001710,1
E02001805,E02001711,4
E02001805,E02001712,2
E02001805,E02001713,7
E02001805,E02001714,6
E02001805,E02001715,1
E02001805,E02001721,2
E02001805,E02001723,1
E02001805,E02001724,5
E02001805,E02001725,3
E02001805,E02001726,1
E02001805,E02001728,2
E02001805,E02001729,1
E02001805,E02001730,11
E02001805,E02001731,41
E02001805,E02001732,1
E02001805,E02001733,4
E02001805,E02001734,2
E02001805,E02001736,4
E02001805,E02001737,5
E02001805,E02001744,1
E02001805,E02001748,4
E02001805,E02001752,3
E02001805,E02001755,2
E02001805,E02001756,7
E02001805,E02001757,1
E02001805,E02001758,1
E02001805,E02001760,2
E02001805,E02001764,1
E02001805,E02001765,1
E02001805,E02001766,3
E02001805,E02001768,2
E02001805,E02001769,8
E02001805,E02001772,1
E02001805,E02001774,7
E02001805,E02001775,1
E02001805,E02001776,12
E02001805,E02001778,5
E02001805,E02001779,4
E02001805,E02001780,4
E02001805,E02001782,4
E02001805,E02001784,2
E02001805,E02001785,2
E02001805,E02001786,1
E02001805,E02001787,2
E02001805,E02001788,3
E02001805,E02001789,4
E02001805,E02001790,17
E02001805,E02001791,16
E02001805,E02001792,22
E02001805,E02001793,9
E02001805,E02001794,12
E02001805,E02001795,113
E02001805,E02001796,53
E02001805,E02001797,85
E02001805,E02001798,54
E02001805,E02001799,14
E02001805,E02001800,5
E02001805,E02001801,257
E02001805,E02001802,42
E02001805,E02001803,308
E02001805,E02001804,59
E02001805,E02001805,77
E02001805,E02001806,64
E02001805,E02001807,36
E02001805,E02001808,47
E02001805,E02001809,14
E02001805,E02001810,9
E02001805,E02001811,34
E02001805,E02001812,50
E02001805,E02001813,45
E02001805,E02001814,42
E02001805,E02001815,11
E02001805,E02001816,13
E02001805,E02001817,10
E02001805,E02001818,21
E02001805,E02001819,123
E02001805,E02001820,11
E02001805,E02001821,3
E02001805,E02001822,10
E02001805,E02001823,8
E02001805,E02001824,19
E02001805,E02001825,23
E02001805,E02001826,10
E02001805,E02006841,8
E02001806,E02001684,12
E02001806,E02001686,3
E02001806,E02001688,19
E02001806,E02001689,2
E02001806,E02001690,8
E02001806,E02001691,1
E02001806,E02001694,2
E02001806,E02001695,4
E02001806,E02001696,1
E02001806,E02001697,1
E02001806,E02001699,2
E02001806,E02001701,1
E02001806,E02001706,7
E02001806,E02001707,9
E02001806,E02001708,5
E02001806,E02001709,2
E02001806,E02001710,2
E02001806,E02001711,5
E02001806,E02001712,1
E02001806,E02001713,10
E02001806,E02001714,8
E02001806,E02001715,1
E02001806,E02001719,1
E02001806,E02001721,2
E02001806,E02001724,3
E02001806,E02001725,1
E02001806,E02001727,1
E02001806,E02001728,2
E02001806,E02001729,1
E02001806,E02001730,10
E02001806,E02001731,58
E02001806,E02001732,2
E02001806,E02001733,5
E02001806,E02001734,4
E02001806,E02001736,12
E02001806,E02001737,2
E02001806,E02001741,1
E02001806,E02001742,5
E02001806,E02001743,1
E02001806,E02001744,1
E02001806,E02001745,1
E02001806,E02001746,1
E02001806,E02001750,2
E02001806,E02001752,4
E02001806,E02001753,3
E02001806,E02001755,3
E02001806,E02001756,7
E02001806,E02001759,7
E02001806,E02001760,2
E02001806,E02001764,1
E02001806,E02001765,1
E02001806,E02001766,2
E02001806,E02001767,1
E02001806,E02001768,11
E02001806,E02001769,14
E02001806,E02001770,1
E02001806,E02001772,1
E02001806,E02001773,1
E02001806,E02001774,8
E02001806,E02001775,1
E02001806,E02001776,10
E02001806,E02001777,2
E02001806,E02001778,9
E02001806,E02001779,4
E02001806,E02001781,1
E02001806,E02001782,4
E02001806,E02001784,2
E02001806,E02001785,4
E02001806,E02001786,2
E02001806,E02001787,1
E02001806,E02001788,3
E02001806,E02001789,3
E02001806,E02001790,21
E02001806,E02001791,17
E02001806,E02001792,24
E02001806,E02001793,4
E02001806,E02001794,14
E02001806,E02001795,111
E02001806,E02001796,96
E02001806,E02001797,60
E02001806,E02001798,68
E02001806,E02001799,19
E02001806,E02001800,11
E02001806,E02001801,86
E02001806,E02001802,32
E02001806,E02001803,483
E02001806,E02001804,30
E02001806,E02001805,10
E02001806,E02001806,292
E02001806,E02001807,41
E02001806,E02001808,18
E02001806,E02001809,21
E02001806,E02001810,8
E02001806,E02001811,21
E02001806,E02001812,60
E02001806,E02001813,24
E02001806,E02001814,123
E02001806,E02001815,3
E02001806,E02001816,13
E02001806,E02001817,16
E02001806,E02001818,41
E02001806,E02001819,154
E02001806,E02001820,7
E02001806,E02001821,4
E02001806,E02001822,14
E02001806,E02001823,1
E02001806,E02001824,21
E02001806,E02001825,34
E02001806,E02001826,2
E02001806,E02006841,19
E02001806,E02006842,3
E02001807,E02001682,2
E02001807,E02001684,42
E02001807,E02001686,6
E02001807,E02001688,87
E02001807,E02001689,7
E02001807,E02001690,25
E02001807,E02001691,1
E02001807,E02001692,5
E02001807,E02001693,2
E02001807,E02001694,4
E02001807,E02001695,14
E02001807,E02001696,5
E02001807,E02001697,21
E02001807,E02001698,1
E02001807,E02001699,4
E02001807,E02001700,3
E02001807,E02001701,2
E02001807,E02001702,5
E02001807,E02001705,1
E02001807,E02001706,21
E02001807,E02001707,51
E02001807,E02001708,6
E02001807,E02001709,4
E02001807,E02001710,3
E02001807,E02001711,13
E02001807,E02001712,2
E02001807,E02001713,16
E02001807,E02001714,7
E02001807,E02001715,4
E02001807,E02001719,1
E02001807,E02001720,1
E02001807,E02001721,3
E02001807,E02001722,2
E02001807,E02001723,3
E02001807,E02001724,7
E02001807,E02001725,4
E02001807,E02001726,1
E02001807,E02001728,4
E02001807,E02001729,2
E02001807,E02001730,18
E02001807,E02001731,98
E02001807,E02001732,2
E02001807,E02001733,4
E02001807,E02001734,9
E02001807,E02001735,1
E02001807,E02001736,28
E02001807,E02001737,5
E02001807,E02001741,3
E02001807,E02001743,2
E02001807,E02001744,2
E02001807,E02001745,2
E02001807,E02001748,11
E02001807,E02001750,1
E02001807,E02001752,21
E02001807,E02001753,1
E02001807,E02001755,3
E02001807,E02001756,12
E02001807,E02001759,1
E02001807,E02001760,1
E02001807,E02001761,1
E02001807,E02001764,4
E02001807,E02001765,1
E02001807,E02001766,1
E02001807,E02001768,9
E02001807,E02001769,10
E02001807,E02001770,2
E02001807,E02001771,3
E02001807,E02001772,7
E02001807,E02001773,4
E02001807,E02001774,18
E02001807,E02001776,14
E02001807,E02001777,3
E02001807,E02001778,7
E02001807,E02001779,11
E02001807,E02001780,1
E02001807,E02001781,2
E02001807,E02001782,6
E02001807,E02001783,2
E02001807,E02001785,3
E02001807,E02001787,4
E02001807,E02001788,5
E02001807,E02001789,5
E02001807,E02001790,19
E02001807,E02001791,4
E02001807,E02001793,8
E02001807,E02001794,7
E02001807,E02001795,63
E02001807,E02001796,25
E02001807,E02001797,227
E02001807,E02001798,42
E02001807,E02001799,184
E02001807,E02001800,81
E02001807,E02001801,28
E02001807,E02001802,3
E02001807,E02001803,94
E02001807,E02001804,13
E02001807,E02001805,9
E02001807,E02001806,19
E02001807,E02001807,408
E02001807,E02001808,14
E02001807,E02001809,342
E02001807,E02001810,40
E02001807,E02001811,12
E02001807,E02001812,9
E02001807,E02001813,12
E02001807,E02001814,9
E02001807,E02001815,62
E02001807,E02001816,2
E02001807,E02001817,5
E02001807,E02001818,7
E02001807,E02001819,62
E02001807,E02001820,17
E02001807,E02001821,4
E02001807,E02001822,14
E02001807,E02001823,9
E02001807,E02001824,14
E02001807,E02001825,23
E02001807,E02001826,1
E02001807,E02006841,29
E02001807,E02006842,5
E02001807,E02006893,1
E02001808,E02001682,1
E02001808,E02001684,13
E02001808,E02001685,2
E02001808,E02001686,3
E02001808,E02001688,31
E02001808,E02001689,3
E02001808,E02001690,5
E02001808,E02001693,1
E02001808,E02001695,4
E02001808,E02001696,2
E02001808,E02001697,4
E02001808,E02001699,2
E02001808,E02001700,1
E02001808,E02001701,2
E02001808,E02001702,4
E02001808,E02001706,9
E02001808,E02001707,14
E02001808,E02001711,3
E02001808,E02001712,5
E02001808,E02001713,12
E02001808,E02001714,6
E02001808,E02001715,2
E02001808,E02001718,1
E02001808,E02001720,2
E02001808,E02001721,2
E02001808,E02001725,1
E02001808,E02001728,3
E02001808,E02001729,1
E02001808,E02001730,18
E02001808,E02001731,50
E02001808,E02001733,3
E02001808,E02001734,3
E02001808,E02001736,7
E02001808,E02001737,1
E02001808,E02001741,1
E02001808,E02001743,1
E02001808,E02001744,2
E02001808,E02001745,4
E02001808,E02001747,1
E02001808,E02001748,7
E02001808,E02001752,7
E02001808,E02001753,1
E02001808,E02001755,3
E02001808,E02001756,11
E02001808,E02001758,1
E02001808,E02001759,3
E02001808,E02001764,7
E02001808,E02001766,2
E02001808,E02001767,1
E02001808,E02001768,8
E02001808,E02001769,14
E02001808,E02001770,3
E02001808,E02001771,2
E02001808,E02001772,3
E02001808,E02001774,2
E02001808,E02001775,1
E02001808,E02001776,15
E02001808,E02001777,1
E02001808,E02001778,6
E02001808,E02001779,4
E02001808,E02001780,2
E02001808,E02001782,1
E02001808,E02001784,2
E02001808,E02001785,1
E02001808,E02001787,4
E02001808,E02001788,11
E02001808,E02001789,3
E02001808,E02001790,12
E02001808,E02001791,10
E02001808,E02001792,23
E02001808,E02001793,10
E02001808,E02001794,17
E02001808,E02001795,96
E02001808,E02001796,42
E02001808,E02001797,54
E02001808,E02001798,58
E02001808,E02001799,34
E02001808,E02001800,22
E02001808,E02001801,199
E02001808,E02001802,20
E02001808,E02001803,344
E02001808,E02001804,29
E02001808,E02001805,27
E02001808,E02001806,67
E02001808,E02001807,38
E02001808,E02001808,110
E02001808,E02001809,17
E02001808,E02001810,6
E02001808,E02001811,28
E02001808,E02001812,63
E02001808,E02001813,38
E02001808,E02001814,62
E02001808,E02001815,10
E02001808,E02001816,24
E02001808,E02001817,12
E02001808,E02001818,18
E02001808,E02001819,138
E02001808,E02001820,9
E02001808,E02001821,7
E02001808,E02001822,19
E02001808,E02001823,8
E02001808,E02001824,11
E02001808,E02001825,19
E02001808,E02001826,4
E02001808,E02006841,12
E02001809,E02001682,2
E02001809,E02001683,1
E02001809,E02001684,35
E02001809,E02001686,5
E02001809,E02001688,95
E02001809,E02001689,5
E02001809,E02001690,33
E02001809,E02001691,2
E02001809,E02001692,1
E02001809,E02001693,1
E02001809,E02001694,3
E02001809,E02001695,10
E02001809,E02001696,4
E02001809,E02001697,30
E02001809,E02001698,3
E02001809,E02001699,3
E02001809,E02001700,2
E02001809,E02001701,9
E02001809,E02001702,7
E02001809,E02001704,1
E02001809,E02001705,1
E02001809,E02001706,33
E02001809,E02001707,47
E02001809,E02001708,6
E02001809,E02001709,4
E02001809,E02001710,1
E02001809,E02001711,6
E02001809,E02001712,4
E02001809,E02001713,5
E02001809,E02001714,14
E02001809,E02001715,1
E02001809,E02001718,2
E02001809,E02001719,1
E02001809,E02001721,6
E02001809,E02001723,1
E02001809,E02001724,6
E02001809,E02001725,3
E02001809,E02001726,3
E02001809,E02001728,1
E02001809,E02001729,5
E02001809,E02001730,26
E02001809,E02001731,105
E02001809,E02001732,5
E02001809,E02001733,13
E02001809,E02001734,8
E02001809,E02001736,20
E02001809,E02001737,6
E02001809,E02001741,6
E02001809,E02001743,1
E02001809,E02001744,1
E02001809,E02001745,3
E02001809,E02001746,2
E02001809,E02001748,9
E02001809,E02001752,18
E02001809,E02001753,1
E02001809,E02001755,6
E02001809,E02001756,11
E02001809,E02001757,1
E02001809,E02001760,6
E02001809,E02001763,1
E02001809,E02001764,2
E02001809,E02001765,1
E02001809,E02001766,2
E02001809,E02001768,8
E02001809,E02001769,19
E02001809,E02001770,3
E02001809,E02001772,1
E02001809,E02001773,2
E02001809,E02001774,5
E02001809,E02001776,11
E02001809,E02001777,9
E02001809,E02001778,6
E02001809,E02001779,10
E02001809,E02001780,1
E02001809,E02001782,6
E02001809,E02001787,10
E02001809,E02001788,8
E02001809,E02001789,7
E02001809,E02001790,10
E02001809,E02001791,4
E02001809,E02001792,4
E02001809,E02001793,6
E02001809,E02001794,6
E02001809,E02001795,72
E02001809,E02001796,15
E02001809,E02001797,154
E02001809,E02001798,36
E02001809,E02001799,122
E02001809,E02001800,70
E02001809,E02001801,23
E02001809,E02001802,11
E02001809,E02001803,97
E02001809,E02001804,10
E02001809,E02001805,5
E02001809,E02001806,18
E02001809,E02001807,273
E02001809,E02001808,9
E02001809,E02001809,379
E02001809,E02001810,55
E02001809,E02001811,10
E02001809,E02001812,13
E02001809,E02001813,13
E02001809,E02001814,10
E02001809,E02001815,75
E02001809,E02001816,3
E02001809,E02001817,1
E02001809,E02001818,4
E02001809,E02001819,44
E02001809,E02001820,15
E02001809,E02001821,5
E02001809,E02001822,11
E02001809,E02001823,12
E02001809,E02001824,19
E02001809,E02001825,34
E02001809,E02006841,37
E02001809,E02006842,2
E02001810,E02001682,3
E02001810,E02001684,49
E02001810,E02001686,13
E02001810,E02001688,143
E02001810,E02001689,8
E02001810,E02001690,57
E02001810,E02001691,4
E02001810,E02001692,2
E02001810,E02001693,5
E02001810,E02001694,4
E02001810,E02001695,21
E02001810,E02001696,3
E02001810,E02001697,37
E02001810,E02001698,1
E02001810,E02001699,6
E02001810,E02001700,10
E02001810,E02001701,5
E02001810,E02001702,6
E02001810,E02001704,5
E02001810,E02001706,35
E02001810,E02001707,95
E02001810,E02001708,8
E02001810,E02001709,4
E02001810,E02001710,3
E02001810,E02001711,6
E02001810,E02001712,1
E02001810,E02001713,18
E02001810,E02001714,15
E02001810,E02001715,1
E02001810,E02001719,1
E02001810,E02001720,3
E02001810,E02001721,10
E02001810,E02001722,2
E02001810,E02001723,2
E02001810,E02001724,6
E02001810,E02001725,3
E02001810,E02001726,5
E02001810,E02001728,12
E02001810,E02001729,7
E02001810,E02001730,28
E02001810,E02001731,174
E02001810,E02001732,3
E02001810,E02001733,18
E02001810,E02001734,8
E02001810,E02001735,3
E02001810,E02001736,40
E02001810,E02001737,7
E02001810,E02001739,2
E02001810,E02001741,3
E02001810,E02001742,2
E02001810,E02001743,1
E02001810,E02001745,13
E02001810,E02001748,10
E02001810,E02001751,4
E02001810,E02001752,17
E02001810,E02001755,8
E02001810,E02001756,13
E02001810,E02001757,1
E02001810,E02001758,2
E02001810,E02001759,4
E02001810,E02001760,5
E02001810,E02001764,4
E02001810,E02001765,2
E02001810,E02001766,2
E02001810,E02001767,1
E02001810,E02001768,6
E02001810,E02001769,17
E02001810,E02001770,5
E02001810,E02001772,5
E02001810,E02001773,3
E02001810,E02001774,27
E02001810,E02001775,1
E02001810,E02001776,17
E02001810,E02001777,9
E02001810,E02001778,15
E02001810,E02001779,22
E02001810,E02001780,1
E02001810,E02001782,4
E02001810,E02001783,1
E02001810,E02001784,2
E02001810,E02001787,13
E02001810,E02001788,19
E02001810,E02001789,7
E02001810,E02001790,10
E02001810,E02001791,7
E02001810,E02001792,4
E02001810,E02001793,10
E02001810,E02001794,6
E02001810,E02001795,76
E02001810,E02001796,23
E02001810,E02001797,247
E02001810,E02001798,64
E02001810,E02001799,130
E02001810,E02001800,126
E02001810,E02001801,41
E02001810,E02001802,11
E02001810,E02001803,119
E02001810,E02001804,13
E02001810,E02001805,8
E02001810,E02001806,17
E02001810,E02001807,351
E02001810,E02001808,15
E02001810,E02001809,443
E02001810,E02001810,191
E02001810,E02001811,8
E02001810,E02001812,12
E02001810,E02001813,10
E02001810,E02001814,17
E02001810,E02001815,119
E02001810,E02001816,3
E02001810,E02001817,2
E02001810,E02001818,6
E02001810,E02001819,85
E02001810,E02001820,15
E02001810,E02001821,3
E02001810,E02001822,16
E02001810,E02001823,7
E02001810,E02001824,23
E02001810,E02001825,32
E02001810,E02001826,1
E02001810,E02006841,67
E02001810,E02006842,4
E02001811,E02001684,12
E02001811,E02001686,5
E02001811,E02001688,41
E02001811,E02001689,5
E02001811,E02001690,5
E02001811,E02001691,2
E02001811,E02001694,1
E02001811,E02001695,8
E02001811,E02001696,3
E02001811,E02001697,6
E02001811,E02001699,1
E02001811,E02001700,1
E02001811,E02001701,2
E02001811,E02001702,1
E02001811,E02001704,1
E02001811,E02001705,1
E02001811,E02001706,4
E02001811,E02001707,11
E02001811,E02001708,5
E02001811,E02001709,1
E02001811,E02001711,5
E02001811,E02001712,4
E02001811,E02001713,5
E02001811,E02001714,2
E02001811,E02001715,2
E02001811,E02001719,1
E02001811,E02001720,1
E02001811,E02001724,1
E02001811,E02001725,1
E02001811,E02001726,1
E02001811,E02001727,1
E02001811,E02001728,3
E02001811,E02001729,1
E02001811,E02001730,6
E02001811,E02001731,49
E02001811,E02001732,2
E02001811,E02001733,5
E02001811,E02001734,3
E02001811,E02001736,10
E02001811,E02001737,1
E02001811,E02001739,1
E02001811,E02001741,2
E02001811,E02001743,1
E02001811,E02001748,3
E02001811,E02001752,8
E02001811,E02001753,1
E02001811,E02001755,8
E02001811,E02001756,5
E02001811,E02001759,2
E02001811,E02001764,1
E02001811,E02001768,10
E02001811,E02001769,24
E02001811,E02001770,1
E02001811,E02001771,1
E02001811,E02001772,3
E02001811,E02001773,1
E02001811,E02001774,12
E02001811,E02001775,3
E02001811,E02001776,20
E02001811,E02001777,2
E02001811,E02001778,11
E02001811,E02001779,15
E02001811,E02001780,2
E02001811,E02001782,5
E02001811,E02001783,1
E02001811,E02001785,3
E02001811,E02001787,7
E02001811,E02001788,12
E02001811,E02001789,6
E02001811,E02001790,23
E02001811,E02001791,16
E02001811,E02001792,22
E02001811,E02001793,18
E02001811,E02001794,11
E02001811,E02001795,140
E02001811,E02001796,91
E02001811,E02001797,109
E02001811,E02001798,84
E02001811,E02001799,30
E02001811,E02001800,8
E02001811,E02001801,198
E02001811,E02001802,43
E02001811,E02001803,413
E02001811,E02001804,148
E02001811,E02001805,46
E02001811,E02001806,106
E02001811,E02001807,90
E02001811,E02001808,47
E02001811,E02001809,37
E02001811,E02001810,7
E02001811,E02001811,191
E02001811,E02001812,58
E02001811,E02001813,79
E02001811,E02001814,87
E02001811,E02001815,18
E02001811,E02001816,32
E02001811,E02001817,23
E02001811,E02001818,22
E02001811,E02001819,182
E02001811,E02001820,14
E02001811,E02001821,4
E02001811,E02001822,23
E02001811,E02001823,6
E02001811,E02001824,13
E02001811,E02001825,46
E02001811,E02001826,3
E02001811,E02006841,16
E02001811,E02006842,1
E02001812,E02001684,10
E02001812,E02001685,1
E02001812,E02001686,10
E02001812,E02001688,49
E02001812,E02001689,4
E02001812,E02001690,10
E02001812,E02001693,1
E02001812,E02001695,5
E02001812,E02001696,3
E02001812,E02001697,6
E02001812,E02001698,4
E02001812,E02001699,2
E02001812,E02001700,4
E02001812,E02001701,2
E02001812,E02001702,2
E02001812,E02001704,1
E02001812,E02001705,1
E02001812,E02001706,10
E02001812,E02001707,18
E02001812,E02001708,7
E02001812,E02001709,1
E02001812,E02001710,1
E02001812,E02001711,4
E02001812,E02001712,1
E02001812,E02001713,22
E02001812,E02001714,4
E02001812,E02001718,1
E02001812,E02001719,2
E02001812,E02001720,3
E02001812,E02001721,5
E02001812,E02001724,2
E02001812,E02001725,1
E02001812,E02001727,2
E02001812,E02001728,9
E02001812,E02001730,23
E02001812,E02001731,116
E02001812,E02001732,1
E02001812,E02001733,8
E02001812,E02001734,6
E02001812,E02001736,15
E02001812,E02001737,1
E02001812,E02001739,2
E02001812,E02001742,1
E02001812,E02001745,1
E02001812,E02001746,2
E02001812,E02001748,6
E02001812,E02001750,2
E02001812,E02001752,12
E02001812,E02001753,1
E02001812,E02001755,3
E02001812,E02001756,15
E02001812,E02001757,1
E02001812,E02001758,4
E02001812,E02001759,5
E02001812,E02001760,5
E02001812,E02001761,1
E02001812,E02001764,6
E02001812,E02001765,3
E02001812,E02001766,2
E02001812,E02001767,1
E02001812,E02001768,13
E02001812,E02001769,22
E02001812,E02001770,15
E02001812,E02001771,2
E02001812,E02001772,3
E02001812,E02001773,6
E02001812,E02001774,14
E02001812,E02001775,2
E02001812,E02001776,22
E02001812,E02001777,5
E02001812,E02001778,17
E02001812,E02001779,12
E02001812,E02001780,4
E02001812,E02001782,9
E02001812,E02001783,2
E02001812,E02001784,1
E02001812,E02001785,5
E02001812,E02001786,3
E02001812,E02001787,5
E02001812,E02001788,17
E02001812,E02001789,6
E02001812,E02001790,14
E02001812,E02001791,20
E02001812,E02001792,26
E02001812,E02001793,13
E02001812,E02001794,17
E02001812,E02001795,165
E02001812,E02001796,89
E02001812,E02001797,68
E02001812,E02001798,79
E02001812,E02001799,32
E02001812,E02001800,21
E02001812,E02001801,198
E02001812,E02001802,50
E02001812,E02001803,588
E02001812,E02001804,40
E02001812,E02001805,17
E02001812,E02001806,182
E02001812,E02001807,56
E02001812,E02001808,101
E02001812,E02001809,39
E02001812,E02001810,17
E02001812,E02001811,36
E02001812,E02001812,239
E02001812,E02001813,77
E02001812,E02001814,153
E02001812,E02001815,14
E02001812,E02001816,57
E02001812,E02001817,24
E02001812,E02001818,56
E02001812,E02001819,202
E02001812,E02001820,9
E02001812,E02001821,9
E02001812,E02001822,26
E02001812,E02001823,8
E02001812,E02001824,27
E02001812,E02001825,30
E02001812,E02001826,5
E02001812,E02006841,32
E02001812,E02006842,1
E02001813,E02001684,17
E02001813,E02001686,3
E02001813,E02001688,31
E02001813,E02001689,5
E02001813,E02001690,2
E02001813,E02001692,1
E02001813,E02001695,11
E02001813,E02001696,2
E02001813,E02001697,1
E02001813,E02001700,1
E02001813,E02001701,1
E02001813,E02001702,2
E02001813,E02001703,1
E02001813,E02001705,3
E02001813,E02001706,3
E02001813,E02001707,8
E02001813,E02001708,2
E02001813,E02001709,1
E02001813,E02001711,3
E02001813,E02001713,4
E02001813,E02001714,3
E02001813,E02001720,2
E02001813,E02001721,1
E02001813,E02001722,1
E02001813,E02001725,2
E02001813,E02001728,6
E02001813,E02001729,1
E02001813,E02001730,7
E02001813,E02001731,36
E02001813,E02001732,1
E02001813,E02001733,8
E02001813,E02001734,3
E02001813,E02001736,11
E02001813,E02001745,1
E02001813,E02001748,1
E02001813,E02001749,1
E02001813,E02001750,1
E02001813,E02001752,6
E02001813,E02001753,1
E02001813,E02001755,3
E02001813,E02001756,10
E02001813,E02001760,4
E02001813,E02001766,1
E02001813,E02001768,5
E02001813,E02001769,7
E02001813,E02001772,2
E02001813,E02001773,2
E02001813,E02001774,5
E02001813,E02001775,3
E02001813,E02001776,9
E02001813,E02001777,1
E02001813,E02001778,3
E02001813,E02001779,11
E02001813,E02001782,1
E02001813,E02001783,2
E02001813,E02001785,2
E02001813,E02001786,1
E02001813,E02001787,10
E02001813,E02001788,12
E02001813,E02001789,5
E02001813,E02001790,15
E02001813,E02001791,17
E02001813,E02001792,30
E02001813,E02001793,8
E02001813,E02001794,11
E02001813,E02001795,137
E02001813,E02001796,95
E02001813,E02001797,104
E02001813,E02001798,55
E02001813,E02001799,23
E02001813,E02001800,13
E02001813,E02001801,191
E02001813,E02001802,38
E02001813,E02001803,466
E02001813,E02001804,63
E02001813,E02001805,51
E02001813,E02001806,96
E02001813,E02001807,79
E02001813,E02001808,37
E02001813,E02001809,23
E02001813,E02001810,12
E02001813,E02001811,67
E02001813,E02001812,108
E02001813,E02001813,203
E02001813,E02001814,111
E02001813,E02001815,16
E02001813,E02001816,95
E02001813,E02001817,30
E02001813,E02001818,24
E02001813,E02001819,243
E02001813,E02001820,11
E02001813,E02001821,10
E02001813,E02001822,21
E02001813,E02001823,5
E02001813,E02001824,14
E02001813,E02001825,37
E02001813,E02001826,3
E02001813,E02006841,13
E02001814,E02001683,1
E02001814,E02001684,13
E02001814,E02001686,1
E02001814,E02001688,32
E02001814,E02001689,3
E02001814,E02001690,10
E02001814,E02001694,2
E02001814,E02001695,4
E02001814,E02001696,1
E02001814,E02001697,2
E02001814,E02001699,1
E02001814,E02001701,2
E02001814,E02001706,5
E02001814,E02001707,11
E02001814,E02001708,1
E02001814,E02001709,1
E02001814,E02001711,3
E02001814,E02001712,4
E02001814,E02001713,6
E02001814,E02001721,1
E02001814,E02001724,1
E02001814,E02001728,6
E02001814,E02001729,1
E02001814,E02001730,14
E02001814,E02001731,40
E02001814,E02001732,1
E02001814,E02001733,3
E02001814,E02001734,3
E02001814,E02001736,10
E02001814,E02001737,3
E02001814,E02001739,1
E02001814,E02001742,1
E02001814,E02001748,2
E02001814,E02001752,5
E02001814,E02001756,8
E02001814,E02001758,2
E02001814,E02001759,4
E02001814,E02001760,1
E02001814,E02001763,1
E02001814,E02001764,2
E02001814,E02001767,2
E02001814,E02001768,6
E02001814,E02001769,13
E02001814,E02001770,1
E02001814,E02001772,2
E02001814,E02001774,8
E02001814,E02001775,1
E02001814,E02001776,12
E02001814,E02001777,4
E02001814,E02001778,2
E02001814,E02001779,10
E02001814,E02001780,1
E02001814,E02001782,2
E02001814,E02001784,1
E02001814,E02001785,2
E02001814,E02001787,4
E02001814,E02001788,6
E02001814,E02001789,3
E02001814,E02001790,22
E02001814,E02001791,12
E02001814,E02001792,9
E02001814,E02001793,17
E02001814,E02001794,8
E02001814,E02001795,88
E02001814,E02001796,69
E02001814,E02001797,65
E02001814,E02001798,45
E02001814,E02001799,28
E02001814,E02001800,21
E02001814,E02001801,94
E02001814,E02001802,30
E02001814,E02001803,320
E02001814,E02001804,18
E02001814,E02001805,8
E02001814,E02001806,110
E02001814,E02001807,48
E02001814,E02001808,37
E02001814,E02001809,17
E02001814,E02001810,6
E02001814,E02001811,20
E02001814,E02001812,87
E02001814,E02001813,19
E02001814,E02001814,237
E02001814,E02001815,7
E02001814,E02001816,26
E02001814,E02001817,13
E02001814,E02001818,34
E02001814,E02001819,135
E02001814,E02001820,4
E02001814,E02001821,5
E02001814,E02001822,14
E02001814,E02001823,4
E02001814,E02001824,17
E02001814,E02001825,36
E02001814,E02001826,7
E02001814,E02006841,19
E02001814,E02006842,3
E02001815,E02001682,4
E02001815,E02001683,2
E02001815,E02001684,48
E02001815,E02001685,1
E02001815,E02001686,8
E02001815,E02001688,154
E02001815,E02001689,8
E02001815,E02001690,57
E02001815,E02001691,5
E02001815,E02001692,2
E02001815,E02001693,1
E02001815,E02001694,7
E02001815,E02001695,20
E02001815,E02001696,8
E02001815,E02001697,39
E02001815,E02001698,8
E02001815,E02001699,3
E02001815,E02001700,15
E02001815,E02001701,10
E02001815,E02001702,5
E02001815,E02001704,4
E02001815,E02001705,2
E02001815,E02001706,44
E02001815,E02001707,99
E02001815,E02001708,16
E02001815,E02001709,7
E02001815,E02001710,7
E02001815,E02001711,8
E02001815,E02001712,4
E02001815,E02001713,36
E02001815,E02001714,31
E02001815,E02001715,5
E02001815,E02001719,1
E02001815,E02001720,3
E02001815,E02001721,2
E02001815,E02001724,8
E02001815,E02001725,1
E02001815,E02001726,3
E02001815,E02001727,3
E02001815,E02001728,7
E02001815,E02001729,5
E02001815,E02001730,37
E02001815,E02001731,184
E02001815,E02001732,3
E02001815,E02001733,17
E02001815,E02001734,2
E02001815,E02001736,37
E02001815,E02001737,11
E02001815,E02001739,1
E02001815,E02001741,2
E02001815,E02001743,2
E02001815,E02001745,6
E02001815,E02001748,7
E02001815,E02001749,1
E02001815,E02001750,2
E02001815,E02001751,1
E02001815,E02001752,16
E02001815,E02001753,2
E02001815,E02001755,3
E02001815,E02001756,21
E02001815,E02001757,3
E02001815,E02001758,1
E02001815,E02001759,2
E02001815,E02001760,6
E02001815,E02001764,5
E02001815,E02001765,1
E02001815,E02001766,4
E02001815,E02001767,4
E02001815,E02001768,15
E02001815,E02001769,31
E02001815,E02001770,2
E02001815,E02001772,2
E02001815,E02001773,1
E02001815,E02001774,31
E02001815,E02001775,1
E02001815,E02001776,18
E02001815,E02001777,9
E02001815,E02001778,21
E02001815,E02001779,22
E02001815,E02001782,10
E02001815,E02001784,4
E02001815,E02001787,12
E02001815,E02001788,11
E02001815,E02001789,5
E02001815,E02001790,15
E02001815,E02001791,6
E02001815,E02001792,7
E02001815,E02001793,10
E02001815,E02001794,4
E02001815,E02001795,85
E02001815,E02001796,36
E02001815,E02001797,164
E02001815,E02001798,68
E02001815,E02001799,136
E02001815,E02001800,80
E02001815,E02001801,57
E02001815,E02001802,19
E02001815,E02001803,158
E02001815,E02001804,19
E02001815,E02001805,13
E02001815,E02001806,28
E02001815,E02001807,322
E02001815,E02001808,12
E02001815,E02001809,312
E02001815,E02001810,76
E02001815,E02001811,19
E02001815,E02001812,27
E02001815,E02001813,20
E02001815,E02001814,25
E02001815,E02001815,302
E02001815,E02001816,11
E02001815,E02001817,6
E02001815,E02001818,12
E02001815,E02001819,96
E02001815,E02001820,62
E02001815,E02001821,8
E02001815,E02001822,35
E02001815,E02001823,16
E02001815,E02001824,37
E02001815,E02001825,45
E02001815,E02001826,7
E02001815,E02006841,79
E02001815,E02006842,8
E02001815,E02006893,4
E02001816,E02001684,8
E02001816,E02001686,4
E02001816,E02001688,39
E02001816,E02001689,1
E02001816,E02001690,2
E02001816,E02001691,1
E02001816,E02001694,2
E02001816,E02001695,4
E02001816,E02001697,1
E02001816,E02001699,1
E02001816,E02001700,2
E02001816,E02001701,1
E02001816,E02001702,1
E02001816,E02001706,10
E02001816,E02001707,9
E02001816,E02001708,1
E02001816,E02001709,1
E02001816,E02001711,2
E02001816,E02001712,3
E02001816,E02001713,3
E02001816,E02001714,1
E02001816,E02001715,1
E02001816,E02001718,2
E02001816,E02001721,3
E02001816,E02001724,2
E02001816,E02001726,1
E02001816,E02001727,1
E02001816,E02001728,1
E02001816,E02001729,2
E02001816,E02001730,13
E02001816,E02001731,39
E02001816,E02001732,2
E02001816,E02001733,6
E02001816,E02001736,7
E02001816,E02001737,2
E02001816,E02001738,1
E02001816,E02001741,1
E02001816,E02001748,1
E02001816,E02001752,9
E02001816,E02001755,1
E02001816,E02001756,5
E02001816,E02001759,1
E02001816,E02001760,1
E02001816,E02001766,3
E02001816,E02001768,6
E02001816,E02001769,23
E02001816,E02001770,1
E02001816,E02001772,4
E02001816,E02001774,13
E02001816,E02001776,6
E02001816,E02001777,2
E02001816,E02001778,3
E02001816,E02001779,5
E02001816,E02001782,3
E02001816,E02001783,2
E02001816,E02001784,1
E02001816,E02001787,7
E02001816,E02001788,1
E02001816,E02001789,9
E02001816,E02001790,10
E02001816,E02001791,15
E02001816,E02001792,9
E02001816,E02001793,10
E02001816,E02001794,10
E02001816,E02001795,107
E02001816,E02001796,58
E02001816,E02001797,78
E02001816,E02001798,34
E02001816,E02001799,16
E02001816,E02001800,12
E02001816,E02001801,108
E02001816,E02001802,26
E02001816,E02001803,300
E02001816,E02001804,27
E02001816,E02001805,21
E02001816,E02001806,71
E02001816,E02001807,51
E02001816,E02001808,17
E02001816,E02001809,29
E02001816,E02001810,7
E02001816,E02001811,22
E02001816,E02001812,26
E02001816,E02001813,50
E02001816,E02001814,70
E02001816,E02001815,12
E02001816,E02001816,170
E02001816,E02001817,64
E02001816,E02001818,29
E02001816,E02001819,277
E02001816,E02001820,15
E02001816,E02001821,7
E02001816,E02001822,25
E02001816,E02001823,5
E02001816,E02001824,19
E02001816,E02001825,26
E02001816,E02001826,3
E02001816,E02006841,9
E02001816,E02006842,2
E02001817,E02001684,11
E02001817,E02001686,2
E02001817,E02001688,24
E02001817,E02001690,4
E02001817,E02001691,1
E02001817,E02001692,1
E02001817,E02001695,3
E02001817,E02001696,1
E02001817,E02001697,1
E02001817,E02001699,2
E02001817,E02001700,2
E02001817,E02001701,1
E02001817,E02001706,2
E02001817,E02001707,8
E02001817,E02001708,4
E02001817,E02001709,1
E02001817,E02001711,2
E02001817,E02001713,3
E02001817,E02001714,5
E02001817,E02001715,1
E02001817,E02001719,1
E02001817,E02001721,4
E02001817,E02001726,1
E02001817,E02001728,7
E02001817,E02001729,4
E02001817,E02001730,6
E02001817,E02001731,26
E02001817,E02001732,1
E02001817,E02001733,8
E02001817,E02001734,3
E02001817,E02001736,5
E02001817,E02001737,2
E02001817,E02001745,1
E02001817,E02001748,3
E02001817,E02001750,1
E02001817,E02001752,3
E02001817,E02001755,1
E02001817,E02001756,13
E02001817,E02001759,1
E02001817,E02001764,3
E02001817,E02001766,1
E02001817,E02001767,1
E02001817,E02001768,6
E02001817,E02001769,14
E02001817,E02001770,2
E02001817,E02001771,1
E02001817,E02001772,4
E02001817,E02001774,11
E02001817,E02001776,11
E02001817,E02001777,1
E02001817,E02001778,2
E02001817,E02001779,10
E02001817,E02001781,1
E02001817,E02001782,4
E02001817,E02001787,6
E02001817,E02001788,6
E02001817,E02001789,3
E02001817,E02001790,17
E02001817,E02001791,11
E02001817,E02001792,23
E02001817,E02001793,6
E02001817,E02001794,6
E02001817,E02001795,83
E02001817,E02001796,50
E02001817,E02001797,72
E02001817,E02001798,60
E02001817,E02001799,29
E02001817,E02001800,16
E02001817,E02001801,93
E02001817,E02001802,25
E02001817,E02001803,292
E02001817,E02001804,24
E02001817,E02001805,14
E02001817,E02001806,64
E02001817,E02001807,53
E02001817,E02001808,18
E02001817,E02001809,14
E02001817,E02001810,5
E02001817,E02001811,16
E02001817,E02001812,35
E02001817,E02001813,28
E02001817,E02001814,82
E02001817,E02001815,7
E02001817,E02001816,84
E02001817,E02001817,160
E02001817,E02001818,54
E02001817,E02001819,236
E02001817,E02001820,11
E02001817,E02001821,21
E02001817,E02001822,23
E02001817,E02001823,4
E02001817,E02001824,14
E02001817,E02001825,23
E02001817,E02001826,4
E02001817,E02006841,12
E02001817,E02006842,3
E02001818,E02001682,2
E02001818,E02001684,17
E02001818,E02001686,6
E02001818,E02001688,34
E02001818,E02001689,5
E02001818,E02001690,17
E02001818,E02001692,2
E02001818,E02001693,1
E02001818,E02001694,3
E02001818,E02001695,3
E02001818,E02001696,1
E02001818,E02001697,4
E02001818,E02001698,2
E02001818,E02001700,1
E02001818,E02001701,5
E02001818,E02001705,1
E02001818,E02001706,10
E02001818,E02001707,18
E02001818,E02001708,6
E02001818,E02001709,1
E02001818,E02001711,4
E02001818,E02001713,24
E02001818,E02001714,6
E02001818,E02001715,2
E02001818,E02001718,1
E02001818,E02001721,3
E02001818,E02001724,2
E02001818,E02001725,3
E02001818,E02001726,1
E02001818,E02001727,1
E02001818,E02001728,6
E02001818,E02001730,17
E02001818,E02001731,45
E02001818,E02001732,2
E02001818,E02001733,3
E02001818,E02001734,5
E02001818,E02001736,7
E02001818,E02001737,4
E02001818,E02001739,1
E02001818,E02001744,1
E02001818,E02001745,1
E02001818,E02001747,1
E02001818,E02001748,4
E02001818,E02001752,11
E02001818,E02001756,10
E02001818,E02001760,2
E02001818,E02001761,1
E02001818,E02001763,1
E02001818,E02001764,2
E02001818,E02001768,12
E02001818,E02001769,16
E02001818,E02001770,3
E02001818,E02001771,1
E02001818,E02001772,2
E02001818,E02001773,1
E02001818,E02001774,7
E02001818,E02001776,7
E02001818,E02001777,1
E02001818,E02001778,4
E02001818,E02001779,13
E02001818,E02001782,2
E02001818,E02001785,2
E02001818,E02001787,7
E02001818,E02001788,4
E02001818,E02001789,5
E02001818,E02001790,17
E02001818,E02001791,14
E02001818,E02001792,28
E02001818,E02001793,9
E02001818,E02001794,11
E02001818,E02001795,122
E02001818,E02001796,67
E02001818,E02001797,102
E02001818,E02001798,64
E02001818,E02001799,27
E02001818,E02001800,15
E02001818,E02001801,120
E02001818,E02001802,32
E02001818,E02001803,412
E02001818,E02001804,21
E02001818,E02001805,13
E02001818,E02001806,114
E02001818,E02001807,56
E02001818,E02001808,26
E02001818,E02001809,20
E02001818,E02001810,15
E02001818,E02001811,10
E02001818,E02001812,65
E02001818,E02001813,23
E02001818,E02001814,194
E02001818,E02001815,8
E02001818,E02001816,31
E02001818,E02001817,32
E02001818,E02001818,274
E02001818,E02001819,225
E02001818,E02001820,14
E02001818,E02001821,17
E02001818,E02001822,19
E02001818,E02001823,6
E02001818,E02001824,13
E02001818,E02001825,49
E02001818,E02001826,14
E02001818,E02006841,13
E02001818,E02006842,3
E02001819,E02001684,16
E02001819,E02001686,2
E02001819,E02001688,43
E02001819,E02001689,1
E02001819,E02001690,10
E02001819,E02001695,4
E02001819,E02001696,1
E02001819,E02001697,7
E02001819,E02001699,2
E02001819,E02001700,1
E02001819,E02001701,1
E02001819,E02001703,1
E02001819,E02001706,11
E02001819,E02001707,22
E02001819,E02001708,1
E02001819,E02001709,2
E02001819,E02001711,4
E02001819,E02001712,1
E02001819,E02001713,11
E02001819,E02001714,8
E02001819,E02001715,15
E02001819,E02001719,1
E02001819,E02001720,3
E02001819,E02001721,2
E02001819,E02001723,1
E02001819,E02001724,7
E02001819,E02001725,2
E02001819,E02001726,5
E02001819,E02001727,1
E02001819,E02001728,9
E02001819,E02001729,2
E02001819,E02001730,19
E02001819,E02001731,67
E02001819,E02001733,7
E02001819,E02001734,5
E02001819,E02001736,7
E02001819,E02001737,2
E02001819,E02001741,3
E02001819,E02001743,1
E02001819,E02001745,2
E02001819,E02001748,2
E02001819,E02001751,1
E02001819,E02001752,10
E02001819,E02001753,1
E02001819,E02001755,2
E02001819,E02001756,9
E02001819,E02001757,1
E02001819,E02001759,1
E02001819,E02001760,3
E02001819,E02001763,1
E02001819,E02001764,2
E02001819,E02001766,4
E02001819,E02001768,6
E02001819,E02001769,14
E02001819,E02001770,2
E02001819,E02001772,4
E02001819,E02001773,4
E02001819,E02001774,8
E02001819,E02001775,2
E02001819,E02001776,10
E02001819,E02001777,2
E02001819,E02001778,4
E02001819,E02001779,5
E02001819,E02001782,3
E02001819,E02001783,1
E02001819,E02001784,2
E02001819,E02001785,1
E02001819,E02001786,2
E02001819,E02001787,4
E02001819,E02001788,10
E02001819,E02001789,2
E02001819,E02001790,8
E02001819,E02001791,11
E02001819,E02001792,16
E02001819,E02001793,13
E02001819,E02001794,8
E02001819,E02001795,86
E02001819,E02001796,36
E02001819,E02001797,103
E02001819,E02001798,50
E02001819,E02001799,46
E02001819,E02001800,16
E02001819,E02001801,122
E02001819,E02001802,25
E02001819,E02001803,306
E02001819,E02001804,38
E02001819,E02001805,18
E02001819,E02001806,65
E02001819,E02001807,46
E02001819,E02001808,27
E02001819,E02001809,28
E02001819,E02001810,10
E02001819,E02001811,36
E02001819,E02001812,55
E02001819,E02001813,60
E02001819,E02001814,52
E02001819,E02001815,10
E02001819,E02001816,91
E02001819,E02001817,34
E02001819,E02001818,24
E02001819,E02001819,362
E02001819,E02001820,14
E02001819,E02001821,12
E02001819,E02001822,34
E02001819,E02001823,17
E02001819,E02001824,43
E02001819,E02001825,33
E02001819,E02001826,4
E02001819,E02006841,15
E02001819,E02006842,2
E02001820,E02001682,2
E02001820,E02001684,25
E02001820,E02001686,9
E02001820,E02001688,81
E02001820,E02001689,3
E02001820,E02001690,24
E02001820,E02001691,2
E02001820,E02001693,4
E02001820,E02001694,5
E02001820,E02001695,14
E02001820,E02001696,3
E02001820,E02001697,19
E02001820,E02001698,4
E02001820,E02001699,1
E02001820,E02001700,6
E02001820,E02001701,3
E02001820,E02001702,1
E02001820,E02001704,1
E02001820,E02001705,1
E02001820,E02001706,25
E02001820,E02001707,36
E02001820,E02001708,7
E02001820,E02001710,3
E02001820,E02001711,5
E02001820,E02001712,2
E02001820,E02001713,11
E02001820,E02001714,7
E02001820,E02001715,2
E02001820,E02001718,2
E02001820,E02001721,1
E02001820,E02001722,1
E02001820,E02001724,1
E02001820,E02001725,3
E02001820,E02001726,3
E02001820,E02001727,1
E02001820,E02001728,2
E02001820,E02001729,4
E02001820,E02001730,12
E02001820,E02001731,101
E02001820,E02001732,3
E02001820,E02001733,3
E02001820,E02001734,4
E02001820,E02001736,16
E02001820,E02001737,3
E02001820,E02001741,2
E02001820,E02001745,2
E02001820,E02001746,1
E02001820,E02001748,1
E02001820,E02001752,11
E02001820,E02001755,2
E02001820,E02001756,6
E02001820,E02001758,1
E02001820,E02001759,3
E02001820,E02001760,12
E02001820,E02001763,1
E02001820,E02001765,1
E02001820,E02001766,2
E02001820,E02001768,7
E02001820,E02001769,30
E02001820,E02001770,2
E02001820,E02001771,1
E02001820,E02001772,4
E02001820,E02001774,7
E02001820,E02001776,4
E02001820,E02001777,3
E02001820,E02001778,5
E02001820,E02001779,12
E02001820,E02001781,1
E02001820,E02001782,7
E02001820,E02001783,1
E02001820,E02001784,1
E02001820,E02001785,2
E02001820,E02001786,1
E02001820,E02001787,10
E02001820,E02001788,7
E02001820,E02001789,1
E02001820,E02001790,12
E02001820,E02001791,12
E02001820,E02001792,7
E02001820,E02001793,6
E02001820,E02001794,5
E02001820,E02001795,72
E02001820,E02001796,38
E02001820,E02001797,113
E02001820,E02001798,39
E02001820,E02001799,49
E02001820,E02001800,53
E02001820,E02001801,76
E02001820,E02001802,15
E02001820,E02001803,189
E02001820,E02001804,17
E02001820,E02001805,9
E02001820,E02001806,37
E02001820,E02001807,171
E02001820,E02001808,9
E02001820,E02001809,160
E02001820,E02001810,39
E02001820,E02001811,17
E02001820,E02001812,26
E02001820,E02001813,19
E02001820,E02001814,27
E02001820,E02001815,70
E02001820,E02001816,18
E02001820,E02001817,9
E02001820,E02001818,12
E02001820,E02001819,140
E02001820,E02001820,221
E02001820,E02001821,4
E02001820,E02001822,98
E02001820,E02001823,43
E02001820,E02001824,65
E02001820,E02001825,85
E02001820,E02001826,9
E02001820,E02006841,36
E02001820,E02006842,3
E02001821,E02001684,8
E02001821,E02001686,4
E02001821,E02001688,25
E02001821,E02001689,1
E02001821,E02001690,3
E02001821,E02001691,1
E02001821,E02001692,1
E02001821,E02001693,1
E02001821,E02001694,1
E02001821,E02001695,4
E02001821,E02001697,5
E02001821,E02001698,1
E02001821,E02001699,2
E02001821,E02001700,2
E02001821,E02001702,1
E02001821,E02001706,13
E02001821,E02001707,15
E02001821,E02001708,1
E02001821,E02001709,3
E02001821,E02001710,3
E02001821,E02001711,10
E02001821,E02001712,1
E02001821,E02001713,12
E02001821,E02001714,6
E02001821,E02001718,1
E02001821,E02001720,2
E02001821,E02001721,3
E02001821,E02001725,2
E02001821,E02001728,3
E02001821,E02001730,9
E02001821,E02001731,39
E02001821,E02001733,5
E02001821,E02001734,3
E02001821,E02001736,10
E02001821,E02001737,3
E02001821,E02001739,2
E02001821,E02001744,1
E02001821,E02001748,1
E02001821,E02001752,8
E02001821,E02001756,4
E02001821,E02001757,1
E02001821,E02001759,1
E02001821,E02001763,1
E02001821,E02001765,3
E02001821,E02001766,1
E02001821,E02001768,9
E02001821,E02001769,13
E02001821,E02001770,2
E02001821,E02001771,1
E02001821,E02001772,3
E02001821,E02001773,1
E02001821,E02001774,13
E02001821,E02001776,9
E02001821,E02001777,2
E02001821,E02001778,9
E02001821,E02001779,8
E02001821,E02001780,1
E02001821,E02001782,6
E02001821,E02001783,1
E02001821,E02001784,4
E02001821,E02001785,1
E02001821,E02001786,3
E02001821,E02001787,5
E02001821,E02001788,10
E02001821,E02001789,1
E02001821,E02001790,15
E02001821,E02001791,9
E02001821,E02001792,4
E02001821,E02001793,8
E02001821,E02001794,8
E02001821,E02001795,114
E02001821,E02001796,54
E02001821,E02001797,92
E02001821,E02001798,44
E02001821,E02001799,25
E02001821,E02001800,19
E02001821,E02001801,102
E02001821,E02001802,42
E02001821,E02001803,305
E02001821,E02001804,28
E02001821,E02001805,14
E02001821,E02001806,67
E02001821,E02001807,55
E02001821,E02001808,27
E02001821,E02001809,20
E02001821,E02001810,10
E02001821,E02001811,17
E02001821,E02001812,36
E02001821,E02001813,27
E02001821,E02001814,77
E02001821,E02001815,9
E02001821,E02001816,51
E02001821,E02001817,88
E02001821,E02001818,71
E02001821,E02001819,283
E02001821,E02001820,13
E02001821,E02001821,59
E02001821,E02001822,16
E02001821,E02001823,8
E02001821,E02001824,33
E02001821,E02001825,32
E02001821,E02001826,4
E02001821,E02006841,20
E02001821,E02006842,1
E02001822,E02001683,1
E02001822,E02001684,15
E02001822,E02001685,1
E02001822,E02001686,8
E02001822,E02001688,56
E02001822,E02001689,5
E02001822,E02001690,16
E02001822,E02001691,2
E02001822,E02001692,1
E02001822,E02001694,2
E02001822,E02001695,12
E02001822,E02001696,2
E02001822,E02001697,12
E02001822,E02001700,2
E02001822,E02001701,4
E02001822,E02001702,3
E02001822,E02001703,1
E02001822,E02001704,1
E02001822,E02001706,18
E02001822,E02001707,29
E02001822,E02001708,8
E02001822,E02001709,4
E02001822,E02001710,1
E02001822,E02001711,9
E02001822,E02001712,1
E02001822,E02001713,16
E02001822,E02001714,12
E02001822,E02001715,4
E02001822,E02001718,1
E02001822,E02001719,1
E02001822,E02001720,2
E02001822,E02001721,1
E02001822,E02001723,1
E02001822,E02001724,4
E02001822,E02001725,5
E02001822,E02001726,4
E02001822,E02001727,2
E02001822,E02001728,9
E02001822,E02001729,3
E02001822,E02001730,16
E02001822,E02001731,74
E02001822,E02001732,3
E02001822,E02001733,8
E02001822,E02001734,6
E02001822,E02001735,1
E02001822,E02001736,7
E02001822,E02001737,1
E02001822,E02001739,1
E02001822,E02001741,1
E02001822,E02001742,1
E02001822,E02001745,5
E02001822,E02001746,1
E02001822,E02001748,3
E02001822,E02001750,2
E02001822,E02001751,1
E02001822,E02001752,9
E02001822,E02001755,4
E02001822,E02001756,11
E02001822,E02001757,1
E02001822,E02001759,3
E02001822,E02001760,6
E02001822,E02001764,3
E02001822,E02001766,4
E02001822,E02001768,14
E02001822,E02001769,17
E02001822,E02001770,1
E02001822,E02001772,2
E02001822,E02001773,2
E02001822,E02001774,7
E02001822,E02001775,1
E02001822,E02001776,6
E02001822,E02001777,3
E02001822,E02001778,8
E02001822,E02001779,13
E02001822,E02001782,5
E02001822,E02001783,3
E02001822,E02001785,4
E02001822,E02001787,5
E02001822,E02001788,13
E02001822,E02001789,5
E02001822,E02001790,13
E02001822,E02001791,16
E02001822,E02001792,11
E02001822,E02001793,7
E02001822,E02001794,10
E02001822,E02001795,69
E02001822,E02001796,34
E02001822,E02001797,129
E02001822,E02001798,47
E02001822,E02001799,43
E02001822,E02001800,36
E02001822,E02001801,82
E02001822,E02001802,18
E02001822,E02001803,206
E02001822,E02001804,23
E02001822,E02001805,8
E02001822,E02001806,37
E02001822,E02001807,125
E02001822,E02001808,17
E02001822,E02001809,102
E02001822,E02001810,24
E02001822,E02001811,20
E02001822,E02001812,19
E02001822,E02001813,41
E02001822,E02001814,50
E02001822,E02001815,40
E02001822,E02001816,20
E02001822,E02001817,9
E02001822,E02001818,12
E02001822,E02001819,161
E02001822,E02001820,84
E02001822,E02001821,4
E02001822,E02001822,159
E02001822,E02001823,55
E02001822,E02001824,133
E02001822,E02001825,109
E02001822,E02001826,17
E02001822,E02006841,31
E02001822,E02006842,1
E02001823,E02001682,1
E02001823,E02001684,17
E02001823,E02001685,2
E02001823,E02001686,5
E02001823,E02001688,44
E02001823,E02001689,3
E02001823,E02001690,10
E02001823,E02001695,6
E02001823,E02001696,2
E02001823,E02001697,9
E02001823,E02001698,1
E02001823,E02001699,1
E02001823,E02001700,2
E02001823,E02001701,3
E02001823,E02001704,1
E02001823,E02001706,11
E02001823,E02001707,35
E02001823,E02001708,4
E02001823,E02001710,1
E02001823,E02001711,1
E02001823,E02001712,2
E02001823,E02001713,8
E02001823,E02001714,4
E02001823,E02001715,2
E02001823,E02001719,1
E02001823,E02001720,1
E02001823,E02001721,1
E02001823,E02001722,4
E02001823,E02001724,4
E02001823,E02001726,1
E02001823,E02001728,6
E02001823,E02001730,5
E02001823,E02001731,49
E02001823,E02001732,1
E02001823,E02001733,5
E02001823,E02001734,3
E02001823,E02001736,16
E02001823,E02001737,2
E02001823,E02001739,2
E02001823,E02001740,1
E02001823,E02001741,1
E02001823,E02001745,2
E02001823,E02001748,1
E02001823,E02001750,4
E02001823,E02001752,11
E02001823,E02001755,1
E02001823,E02001756,5
E02001823,E02001759,4
E02001823,E02001760,3
E02001823,E02001764,4
E02001823,E02001767,1
E02001823,E02001768,3
E02001823,E02001769,9
E02001823,E02001770,3
E02001823,E02001772,3
E02001823,E02001773,1
E02001823,E02001774,5
E02001823,E02001776,4
E02001823,E02001777,5
E02001823,E02001778,2
E02001823,E02001779,19
E02001823,E02001782,3
E02001823,E02001785,1
E02001823,E02001787,5
E02001823,E02001788,3
E02001823,E02001789,2
E02001823,E02001790,10
E02001823,E02001791,3
E02001823,E02001792,6
E02001823,E02001793,4
E02001823,E02001794,3
E02001823,E02001795,42
E02001823,E02001796,24
E02001823,E02001797,89
E02001823,E02001798,45
E02001823,E02001799,27
E02001823,E02001800,21
E02001823,E02001801,30
E02001823,E02001802,20
E02001823,E02001803,167
E02001823,E02001804,16
E02001823,E02001805,7
E02001823,E02001806,30
E02001823,E02001807,99
E02001823,E02001808,11
E02001823,E02001809,46
E02001823,E02001810,12
E02001823,E02001811,7
E02001823,E02001812,13
E02001823,E02001813,9
E02001823,E02001814,29
E02001823,E02001815,23
E02001823,E02001816,6
E02001823,E02001817,6
E02001823,E02001818,9
E02001823,E02001819,141
E02001823,E02001820,26
E02001823,E02001821,8
E02001823,E02001822,71
E02001823,E02001823,219
E02001823,E02001824,201
E02001823,E02001825,202
E02001823,E02001826,9
E02001823,E02006841,18
E02001823,E02006842,6
E02001824,E02001682,4
E02001824,E02001684,12
E02001824,E02001686,3
E02001824,E02001688,47
E02001824,E02001689,5
E02001824,E02001690,8
E02001824,E02001693,2
E02001824,E02001694,3
E02001824,E02001695,4
E02001824,E02001696,2
E02001824,E02001697,12
E02001824,E02001698,1
E02001824,E02001700,3
E02001824,E02001701,2
E02001824,E02001702,2
E02001824,E02001703,1
E02001824,E02001706,15
E02001824,E02001707,19
E02001824,E02001709,1
E02001824,E02001710,2
E02001824,E02001711,3
E02001824,E02001712,1
E02001824,E02001713,9
E02001824,E02001714,5
E02001824,E02001715,2
E02001824,E02001719,1
E02001824,E02001720,1
E02001824,E02001721,2
E02001824,E02001722,1
E02001824,E02001724,5
E02001824,E02001725,1
E02001824,E02001726,2
E02001824,E02001727,2
E02001824,E02001728,3
E02001824,E02001729,3
E02001824,E02001730,18
E02001824,E02001731,61
E02001824,E02001732,1
E02001824,E02001733,9
E02001824,E02001735,2
E02001824,E02001736,10
E02001824,E02001737,6
E02001824,E02001739,1
E02001824,E02001741,1
E02001824,E02001745,3
E02001824,E02001748,6
E02001824,E02001750,2
E02001824,E02001751,1
E02001824,E02001752,13
E02001824,E02001755,2
E02001824,E02001756,5
E02001824,E02001759,3
E02001824,E02001763,1
E02001824,E02001764,2
E02001824,E02001766,1
E02001824,E02001767,3
E02001824,E02001768,4
E02001824,E02001769,12
E02001824,E02001770,4
E02001824,E02001772,2
E02001824,E02001773,2
E02001824,E02001774,10
E02001824,E02001775,2
E02001824,E02001776,7
E02001824,E02001777,1
E02001824,E02001778,6
E02001824,E02001779,10
E02001824,E02001781,1
E02001824,E02001782,7
E02001824,E02001785,2
E02001824,E02001787,1
E02001824,E02001788,5
E02001824,E02001789,3
E02001824,E02001790,13
E02001824,E02001791,8
E02001824,E02001792,7
E02001824,E02001793,6
E02001824,E02001794,4
E02001824,E02001795,66
E02001824,E02001796,30
E02001824,E02001797,79
E02001824,E02001798,28
E02001824,E02001799,25
E02001824,E02001800,17
E02001824,E02001801,57
E02001824,E02001802,26
E02001824,E02001803,193
E02001824,E02001804,11
E02001824,E02001805,6
E02001824,E02001806,25
E02001824,E02001807,102
E02001824,E02001808,15
E02001824,E02001809,59
E02001824,E02001810,17
E02001824,E02001811,9
E02001824,E02001812,16
E02001824,E02001813,23
E02001824,E02001814,37
E02001824,E02001815,28
E02001824,E02001816,12
E02001824,E02001817,8
E02001824,E02001818,10
E02001824,E02001819,180
E02001824,E02001820,34
E02001824,E02001821,10
E02001824,E02001822,57
E02001824,E02001823,62
E02001824,E02001824,388
E02001824,E02001825,221
E02001824,E02001826,26
E02001824,E02006841,21
E02001824,E02006893,1
E02001825,E02001684,7
E02001825,E02001686,3
E02001825,E02001688,35
E02001825,E02001689,2
E02001825,E02001690,11
E02001825,E02001692,1
E02001825,E02001693,1
E02001825,E02001694,3
E02001825,E02001695,2
E02001825,E02001696,1
E02001825,E02001697,8
E02001825,E02001698,1
E02001825,E02001700,1
E02001825,E02001701,1
E02001825,E02001706,5
E02001825,E02001707,17
E02001825,E02001708,2
E02001825,E02001710,2
E02001825,E02001713,1
E02001825,E02001714,4
E02001825,E02001715,4
E02001825,E02001721,7
E02001825,E02001723,1
E02001825,E02001724,1
E02001825,E02001725,1
E02001825,E02001726,1
E02001825,E02001727,2
E02001825,E02001728,3
E02001825,E02001730,13
E02001825,E02001731,50
E02001825,E02001733,9
E02001825,E02001734,2
E02001825,E02001736,11
E02001825,E02001737,2
E02001825,E02001741,1
E02001825,E02001743,2
E02001825,E02001745,2
E02001825,E02001748,5
E02001825,E02001750,1
E02001825,E02001752,6
E02001825,E02001755,2
E02001825,E02001756,7
E02001825,E02001758,2
E02001825,E02001760,1
E02001825,E02001764,3
E02001825,E02001766,1
E02001825,E02001767,1
E02001825,E02001768,6
E02001825,E02001769,10
E02001825,E02001770,2
E02001825,E02001771,1
E02001825,E02001773,1
E02001825,E02001774,9
E02001825,E02001775,1
E02001825,E02001776,3
E02001825,E02001778,3
E02001825,E02001779,10
E02001825,E02001782,1
E02001825,E02001783,2
E02001825,E02001787,6
E02001825,E02001788,2
E02001825,E02001789,2
E02001825,E02001790,7
E02001825,E02001791,3
E02001825,E02001792,5
E02001825,E02001793,3
E02001825,E02001794,3
E02001825,E02001795,51
E02001825,E02001796,24
E02001825,E02001797,53
E02001825,E02001798,33
E02001825,E02001799,23
E02001825,E02001800,25
E02001825,E02001801,46
E02001825,E02001802,13
E02001825,E02001803,163
E02001825,E02001804,17
E02001825,E02001805,3
E02001825,E02001806,26
E02001825,E02001807,74
E02001825,E02001808,22
E02001825,E02001809,36
E02001825,E02001810,11
E02001825,E02001811,10
E02001825,E02001812,10
E02001825,E02001813,20
E02001825,E02001814,41
E02001825,E02001815,11
E02001825,E02001816,5
E02001825,E02001817,9
E02001825,E02001818,16
E02001825,E02001819,118
E02001825,E02001820,23
E02001825,E02001821,8
E02001825,E02001822,40
E02001825,E02001823,35
E02001825,E02001824,135
E02001825,E02001825,435
E02001825,E02001826,41
E02001825,E02006841,21
E02001825,E02006842,4
E02001826,E02001683,1
E02001826,E02001684,5
E02001826,E02001686,1
E02001826,E02001688,25
E02001826,E02001689,2
E02001826,E02001690,5
E02001826,E02001692,1
E02001826,E02001694,2
E02001826,E02001695,2
E02001826,E02001696,1
E02001826,E02001697,4
E02001826,E02001698,2
E02001826,E02001699,1
E02001826,E02001700,1
E02001826,E02001701,1
E02001826,E02001702,1
E02001826,E02001705,1
E02001826,E02001706,3
E02001826,E02001707,16
E02001826,E02001708,3
E02001826,E02001710,1
E02001826,E02001711,2
E02001826,E02001713,3
E02001826,E02001714,3
E02001826,E02001715,3
E02001826,E02001720,1
E02001826,E02001722,1
E02001826,E02001724,3
E02001826,E02001728,2
E02001826,E02001730,9
E02001826,E02001731,18
E02001826,E02001733,2
E02001826,E02001734,1
E02001826,E02001736,5
E02001826,E02001741,3
E02001826,E02001748,5
E02001826,E02001752,4
E02001826,E02001756,3
E02001826,E02001763,1
E02001826,E02001766,1
E02001826,E02001767,2
E02001826,E02001769,10
E02001826,E02001773,2
E02001826,E02001774,3
E02001826,E02001775,1
E02001826,E02001776,9
E02001826,E02001778,2
E02001826,E02001779,4
E02001826,E02001781,1
E02001826,E02001782,1
E02001826,E02001787,2
E02001826,E02001788,4
E02001826,E02001789,1
E02001826,E02001790,3
E02001826,E02001791,3
E02001826,E02001792,9
E02001826,E02001793,7
E02001826,E02001794,2
E02001826,E02001795,48
E02001826,E02001796,18
E02001826,E02001797,50
E02001826,E02001798,25
E02001826,E02001799,22
E02001826,E02001800,14
E02001826,E02001801,32
E02001826,E02001802,6
E02001826,E02001803,123
E02001826,E02001804,10
E02001826,E02001805,8
E02001826,E02001806,19
E02001826,E02001807,58
E02001826,E02001808,6
E02001826,E02001809,28
E02001826,E02001810,9
E02001826,E02001811,9
E02001826,E02001812,10
E02001826,E02001813,7
E02001826,E02001814,30
E02001826,E02001815,15
E02001826,E02001816,5
E02001826,E02001817,3
E02001826,E02001818,10
E02001826,E02001819,87
E02001826,E02001820,10
E02001826,E02001822,33
E02001826,E02001823,20
E02001826,E02001824,84
E02001826,E02001825,316
E02001826,E02001826,118
E02001826,E02006841,10
E02006841,E02001682,8
E02006841,E02001683,12
E02006841,E02001684,86
E02006841,E02001685,8
E02006841,E02001686,33
E02006841,E02001688,196
E02006841,E02001689,39
E02006841,E02001690,106
E02006841,E02001691,16
E02006841,E02001692,6
E02006841,E02001693,6
E02006841,E02001694,4
E02006841,E02001695,6
E02006841,E02001696,11
E02006841,E02001697,73
E02006841,E02001698,10
E02006841,E02001699,1
E02006841,E02001700,18
E02006841,E02001701,14
E02006841,E02001702,8
E02006841,E02001703,1
E02006841,E02001704,6
E02006841,E02001705,5
E02006841,E02001706,52
E02006841,E02001707,20
E02006841,E02001708,24
E02006841,E02001709,8
E02006841,E02001710,7
E02006841,E02001711,9
E02006841,E02001712,13
E02006841,E02001713,50
E02006841,E02001714,54
E02006841,E02001715,4
E02006841,E02001718,2
E02006841,E02001719,3
E02006841,E02001720,11
E02006841,E02001721,10
E02006841,E02001722,8
E02006841,E02001723,1
E02006841,E02001724,20
E02006841,E02001725,12
E02006841,E02001726,5
E02006841,E02001727,6
E02006841,E02001728,16
E02006841,E02001729,13
E02006841,E02001730,139
E02006841,E02001731,558
E02006841,E02001732,14
E02006841,E02001733,35
E02006841,E02001734,8
E02006841,E02001735,1
E02006841,E02001736,71
E02006841,E02001737,14
E02006841,E02001739,2
E02006841,E02001741,4
E02006841,E02001742,4
E02006841,E02001743,2
E02006841,E02001744,1
E02006841,E02001745,10
E02006841,E02001746,2
E02006841,E02001748,13
E02006841,E02001749,3
E02006841,E02001750,10
E02006841,E02001751,2
E02006841,E02001752,25
E02006841,E02001755,10
E02006841,E02001756,72
E02006841,E02001758,2
E02006841,E02001759,2
E02006841,E02001760,9
E02006841,E02001761,3
E02006841,E02001765,8
E02006841,E02001766,6
E02006841,E02001767,13
E02006841,E02001768,13
E02006841,E02001769,11
E02006841,E02001770,4
E02006841,E02001772,6
E02006841,E02001773,1
E02006841,E02001774,18
E02006841,E02001776,12
E02006841,E02001777,3
E02006841,E02001778,14
E02006841,E02001779,13
E02006841,E02001781,1
E02006841,E02001782,3
E02006841,E02001784,1
E02006841,E02001785,1
E02006841,E02001787,16
E02006841,E02001788,2
E02006841,E02001789,1
E02006841,E02001790,7
E02006841,E02001792,1
E02006841,E02001793,1
E02006841,E02001794,1
E02006841,E02001795,15
E02006841,E02001796,11
E02006841,E02001797,23
E02006841,E02001798,9
E02006841,E02001799,4
E02006841,E02001800,5
E02006841,E02001801,24
E02006841,E02001802,2
E02006841,E02001803,38
E02006841,E02001804,3
E02006841,E02001805,2
E02006841,E02001806,2
E02006841,E02001807,11
E02006841,E02001808,6
E02006841,E02001809,8
E02006841,E02001810,2
E02006841,E02001811,3
E02006841,E02001812,3
E02006841,E02001813,5
E02006841,E02001815,7
E02006841,E02001817,1
E02006841,E02001819,24
E02006841,E02001820,3
E02006841,E02001822,1
E02006841,E02001823,2
E02006841,E02001824,1
E02006841,E02001825,22
E02006841,E02001826,4
E02006841,E02006841,372
E02006841,E02006842,20
E02006842,E02001682,5
E02006842,E02001683,4
E02006842,E02001684,53
E02006842,E02001686,20
E02006842,E02001688,177
E02006842,E02001689,48
E02006842,E02001690,56
E02006842,E02001691,22
E02006842,E02001692,11
E02006842,E02001693,11
E02006842,E02001694,5
E02006842,E02001695,11
E02006842,E02001696,7
E02006842,E02001697,71
E02006842,E02001698,10
E02006842,E02001699,2
E02006842,E02001700,9
E02006842,E02001701,24
E02006842,E02001702,11
E02006842,E02001704,6
E02006842,E02001706,34
E02006842,E02001707,20
E02006842,E02001708,17
E02006842,E02001709,7
E02006842,E02001710,7
E02006842,E02001711,13
E02006842,E02001712,9
E02006842,E02001713,30
E02006842,E02001714,24
E02006842,E02001715,8
E02006842,E02001718,1
E02006842,E02001719,4
E02006842,E02001720,5
E02006842,E02001721,10
E02006842,E02001724,13
E02006842,E02001725,5
E02006842,E02001726,7
E02006842,E02001727,2
E02006842,E02001728,22
E02006842,E02001729,7
E02006842,E02001730,52
E02006842,E02001731,260
E02006842,E02001732,5
E02006842,E02001733,19
E02006842,E02001734,12
E02006842,E02001736,49
E02006842,E02001737,13
E02006842,E02001739,1
E02006842,E02001741,1
E02006842,E02001742,1
E02006842,E02001744,1
E02006842,E02001745,4
E02006842,E02001746,1
E02006842,E02001748,7
E02006842,E02001750,1
E02006842,E02001751,4
E02006842,E02001752,21
E02006842,E02001753,7
E02006842,E02001755,4
E02006842,E02001756,36
E02006842,E02001759,4
E02006842,E02001760,2
E02006842,E02001763,2
E02006842,E02001764,7
E02006842,E02001765,4
E02006842,E02001766,2
E02006842,E02001767,6
E02006842,E02001768,3
E02006842,E02001769,10
E02006842,E02001773,1
E02006842,E02001774,3
E02006842,E02001775,1
E02006842,E02001776,6
E02006842,E02001777,4
E02006842,E02001778,2
E02006842,E02001779,4
E02006842,E02001782,3
E02006842,E02001784,1
E02006842,E02001787,1
E02006842,E02001788,1
E02006842,E02001790,3
E02006842,E02001791,1
E02006842,E02001792,1
E02006842,E02001793,2
E02006842,E02001794,2
E02006842,E02001795,7
E02006842,E02001796,2
E02006842,E02001797,33
E02006842,E02001798,5
E02006842,E02001799,8
E02006842,E02001800,5
E02006842,E02001801,3
E02006842,E02001803,15
E02006842,E02001804,1
E02006842,E02001806,1
E02006842,E02001807,9
E02006842,E02001809,4
E02006842,E02001810,3
E02006842,E02001812,1
E02006842,E02001813,6
E02006842,E02001814,1
E02006842,E02001816,1
E02006842,E02001817,1
E02006842,E02001818,2
E02006842,E02001819,7
E02006842,E02001822,1
E02006842,E02001825,18
E02006842,E02001826,3
E02006842,E02006841,218
E02006842,E02006842,97
E02006842,E02006893,4
E02006893,E02001682,15
E02006893,E02001683,7
E02006893,E02001684,23
E02006893,E02001685,2
E02006893,E02001686,33
E02006893,E02001688,99
E02006893,E02001689,11
E02006893,E02001690,107
E02006893,E02001691,5
E02006893,E02001693,3
E02006893,E02001694,6
E02006893,E02001695,3
E02006893,E02001696,2
E02006893,E02001697,17
E02006893,E02001698,2
E02006893,E02001699,3
E02006893,E02001700,6
E02006893,E02001701,6
E02006893,E02001702,4
E02006893,E02001703,1
E02006893,E02001704,2
E02006893,E02001705,1
E02006893,E02001706,16
E02006893,E02001707,11
E02006893,E02001708,76
E02006893,E02001709,31
E02006893,E02001710,43
E02006893,E02001711,227
E02006893,E02001712,32
E02006893,E02001713,142
E02006893,E02001714,113
E02006893,E02001715,55
E02006893,E02001718,46
E02006893,E02001719,10
E02006893,E02001720,12
E02006893,E02001721,97
E02006893,E02001722,122
E02006893,E02001723,28
E02006893,E02001724,26
E02006893,E02001725,28
E02006893,E02001726,78
E02006893,E02001727,16
E02006893,E02001728,83
E02006893,E02001729,60
E02006893,E02001730,108
E02006893,E02001731,701
E02006893,E02001732,63
E02006893,E02001733,105
E02006893,E02001734,31
E02006893,E02001735,6
E02006893,E02001736,133
E02006893,E02001737,17
E02006893,E02001738,2
E02006893,E02001739,10
E02006893,E02001740,1
E02006893,E02001741,21
E02006893,E02001743,6
E02006893,E02001744,2
E02006893,E02001745,45
E02006893,E02001746,2
E02006893,E02001748,29
E02006893,E02001749,1
E02006893,E02001750,7
E02006893,E02001751,5
E02006893,E02001752,65
E02006893,E02001753,3
E02006893,E02001755,27
E02006893,E02001756,82
E02006893,E02001758,2
E02006893,E02001759,14
E02006893,E02001760,9
E02006893,E02001761,3
E02006893,E02001762,1
E02006893,E02001763,2
E02006893,E02001764,2
E02006893,E02001765,5
E02006893,E02001766,10
E02006893,E02001767,6
E02006893,E02001768,2
E02006893,E02001769,13
E02006893,E02001770,1
E02006893,E02001771,1
E02006893,E02001774,8
E02006893,E02001776,5
E02006893,E02001777,2
E02006893,E02001778,3
E02006893,E02001779,7
E02006893,E02001780,1
E02006893,E02001782,2
E02006893,E02001783,1
E02006893,E02001785,2
E02006893,E02001787,6
E02006893,E02001788,1
E02006893,E02001790,7
E02006893,E02001794,1
E02006893,E02001795,5
E02006893,E02001796,1
E02006893,E02001797,33
E02006893,E02001798,16
E02006893,E02001799,7
E02006893,E02001800,9
E02006893,E02001801,3
E02006893,E02001802,1
E02006893,E02001803,16
E02006893,E02001804,1
E02006893,E02001806,2
E02006893,E02001807,15
E02006893,E02001809,2
E02006893,E02001810,1
E02006893,E02001815,4
E02006893,E02001819,14
E02006893,E02001820,3
E02006893,E02001824,3
E02006893,E02001825,8
E02006893,E02006841,52
E02006893,E02006842,8
E02006893,E02006893,219
